algorithm,iteration,gap,record_gap,time_s
IRLS,0,3.4421674398585203,3.4421674398585203,0.0
IRLS,1,3.4421674397636477,3.4421674397636477,0.00011462500000014586
IRLS,2,3.4421674388546344,3.4421674388546344,0.0002325840000008128
IRLS,3,3.442167427714051,3.442167427714051,0.0003355840000001109
IRLS,4,3.4421672853388823,3.4421672853388823,0.0004457500000007997
IRLS,5,3.4421654258956162,3.4421654258956162,0.0005862920000003768
IRLS,6,3.4421407973296785,3.4421407973296785,0.0006986669999999862
IRLS,7,3.441811244685408,3.441811244685408,0.0008009170000002896
IRLS,8,3.437372418628257,3.437372418628257,0.0009040420000001603
IRLS,9,3.378373516581228,3.378373516581228,0.0010065840000006432
IRLS,10,2.7610962707187237,2.7610962707187237,0.0011045000000002858
IRLS,11,1.1695749566676406,1.1695749566676406,0.0012361670000000657
IRLS,12,0.5279937009785638,0.5279937009785638,0.0014611670000004295
IRLS,13,0.2214002614070789,0.2214002614070789,0.0015657920000000658
IRLS,14,0.16677205917423077,0.16677205917423077,0.001667500000000821
IRLS,15,0.15287263944767915,0.15287263944767915,0.0017680840000000586
IRLS,16,0.12573609246842632,0.12573609246842632,0.0018680840000007137
IRLS,17,0.10697553403582782,0.10697553403582782,0.0019711250000007396
IRLS,18,0.10293208621224936,0.10293208621224936,0.002070917000000172
IRLS,19,0.09912352676869407,0.09912352676869407,0.002157874999999976
IRLS,20,0.0854622342025988,0.0854622342025988,0.002245125000000847
IRLS,21,0.05569607343713989,0.05569607343713989,0.00233595900000072
IRLS,22,0.035821169205608516,0.035821169205608516,0.0024223750000000877
IRLS,23,0.032517769203850966,0.032517769203850966,0.00251262500000049
IRLS,24,0.03228346048372854,0.03228346048372854,0.002602917000000815
IRLS,25,0.03225798352992304,0.03225798352992304,0.0026890840000000082
IRLS,26,0.03221429480383042,0.03221429480383042,0.002775417000000502
IRLS,27,0.03207607344274788,0.03207607344274788,0.002861209000000642
IRLS,28,0.03163765674937746,0.03163765674937746,0.002976709000000355
IRLS,29,0.030297492116453162,0.030297492116453162,0.00314183400000001
IRLS,30,0.026639852762933902,0.026639852762933902,0.003244125000000153
IRLS,31,0.019268311016902295,0.019268311016902295,0.003341834000000432
IRLS,32,0.011302521157514622,0.011302521157514622,0.0034348750000008366
IRLS,33,0.007693382367763846,0.007693382367763846,0.003527459000000732
IRLS,34,0.006938653320579746,0.006938653320579746,0.0036194170000003467
IRLS,35,0.0068134261471166635,0.0068134261471166635,0.0037102090000002974
IRLS,36,0.006741172577176435,0.006741172577176435,0.003803250000000702
IRLS,37,0.006609192693232568,0.006609192693232568,0.003929417000000157
IRLS,38,0.006338846376116702,0.006338846376116702,0.004040792000000515
IRLS,39,0.005808771419171244,0.005808771419171244,0.004238750000000735
IRLS,40,0.004869126647611299,0.004869126647611299,0.004334084000000793
IRLS,41,0.0034851024603508307,0.0034851024603508307,0.004437584000000605
IRLS,42,0.001969283988306536,0.001969283988306536,0.004558250000000541
IRLS,43,0.0008467196891563944,0.0008467196891563944,0.0046546250000005784
IRLS,44,0.0002955037161895824,0.0002955037161895824,0.004754209000000564
IRLS,45,0.0001029197790654024,0.0001029197790654024,0.0048435840000005115
IRLS,46,4.935308266595939e-05,4.935308266595939e-05,0.004930792000000572
IRLS,47,3.627253513194262e-05,3.627253513194262e-05,0.005017959000000793
IRLS,48,3.3285470801613926e-05,3.3285470801613926e-05,0.005106000000000499
IRLS,49,3.262468443487876e-05,3.262468443487876e-05,0.005198084000000769
IRLS,50,3.2480073450802394e-05,3.2480073450802394e-05,0.00528762500000024
IRLS,51,3.244798347390443e-05,3.244798347390443e-05,0.005388125000000521
IRLS,52,3.244024219406505e-05,3.244024219406505e-05,0.005488875000000171
IRLS,53,3.243777214256838e-05,3.243777214256838e-05,0.005584250000000068
IRLS,54,3.243646163397784e-05,3.243646163397784e-05,0.005679917000000145
IRLS,55,3.2435424192511775e-05,3.2435424192511775e-05,0.005786792000000318
IRLS,56,3.243446702461128e-05,3.243446702461128e-05,0.005881917000000847
IRLS,57,3.243354661908171e-05,3.243354661908171e-05,0.005971459000000401
IRLS,58,3.2432651789982e-05,3.2432651789982e-05,0.006061417000000624
IRLS,59,3.2431778532515665e-05,3.2431778532515665e-05,0.006156375000000658
IRLS,60,3.24309245951504e-05,3.24309245951504e-05,0.006252708999999967
IRLS,61,3.243008828768268e-05,3.243008828768268e-05,0.006343625000000408
IRLS,62,3.242926819058134e-05,3.242926819058134e-05,0.006433000000000355
IRLS,63,3.24284630808247e-05,3.24284630808247e-05,0.006518291999999981
IRLS,64,3.24276718948191e-05,3.24276718948191e-05,0.006607417000000559
IRLS,65,3.242689370241969e-05,3.242689370241969e-05,0.006694792000000227
IRLS,66,3.242612768916686e-05,3.242612768916686e-05,0.006784084000000412
IRLS,67,3.242537314029903e-05,3.242537314029903e-05,0.006869667000000135
IRLS,68,3.2424629426097695e-05,3.2424629426097695e-05,0.006958500000000534
IRLS,69,3.242389599078521e-05,3.242389599078521e-05,0.00704387500000081
IRLS,70,3.242317234342096e-05,3.242317234342096e-05,0.007129792000000634
IRLS,71,3.2422458047687286e-05,3.2422458047687286e-05,0.007218292000000126
IRLS,72,3.242175271811476e-05,3.242175271811476e-05,0.007303292000000461
IRLS,73,3.242105600520517e-05,3.242105600520517e-05,0.007391625000000346
IRLS,74,3.242036759765199e-05,3.242036759765199e-05,0.007477000000000622
IRLS,75,3.241968721545696e-05,3.241968721545696e-05,0.007566625000000826
IRLS,76,3.241901460615537e-05,3.241901460615537e-05,0.007653667000000475
IRLS,77,3.24183495401531e-05,3.24183495401531e-05,0.0077531250000006935
IRLS,78,3.241769180872822e-05,3.241769180872822e-05,0.007842167000000622
IRLS,79,3.241704122070033e-05,3.241704122070033e-05,0.007933375000000353
IRLS,80,3.241639760132031e-05,3.241639760132031e-05,0.00802495900000011
IRLS,81,3.241576078893971e-05,3.241576078893971e-05,0.008111042000000346
IRLS,82,3.241513063079182e-05,3.241513063079182e-05,0.008198083999999994
IRLS,83,3.241450698610038e-05,3.241450698610038e-05,0.008283916999999974
IRLS,84,3.241388972385906e-05,3.241388972385906e-05,0.008370458999999997
IRLS,85,3.2413278720389016e-05,3.2413278720389016e-05,0.00845608400000053
IRLS,86,3.241267385867275e-05,3.241267385867275e-05,0.008541875000000587
IRLS,87,3.241207502813204e-05,3.241207502813204e-05,0.008627917000000096
IRLS,88,3.241148212351774e-05,3.241148212351774e-05,0.008713584000000552
IRLS,89,3.241089504291139e-05,3.241089504291139e-05,0.008799125000000352
IRLS,90,3.2410313690389714e-05,3.2410313690389714e-05,0.008884500000000628
IRLS,91,3.240973797202784e-05,3.240973797202784e-05,0.008970292000000768
IRLS,92,3.240916779789771e-05,3.240916779789771e-05,0.009056125000000748
IRLS,93,3.240860307984761e-05,3.240860307984761e-05,0.009142542000000198
IRLS,94,3.24080437330565e-05,3.24080437330565e-05,0.00922808400000008
IRLS,95,3.240748967403562e-05,3.240748967403562e-05,0.00931562500000016
IRLS,96,3.240694082151663e-05,3.240694082151663e-05,0.009405375000000049
IRLS,97,3.2406397096007566e-05,3.2406397096007566e-05,0.009490584000000801
IRLS,98,3.2405858418016464e-05,3.2405858418016464e-05,0.009576292000000208
IRLS,99,3.240532471093793e-05,3.240532471093793e-05,0.009661834000000091
IRLS,100,3.240479589816658e-05,3.240479589816658e-05,0.00974729200000013
IRLS,101,3.2404271903541115e-05,3.2404271903541115e-05,0.00983308400000027
IRLS,102,3.24037526522325e-05,3.24037526522325e-05,0.009920042000000073
IRLS,103,3.24032380694117e-05,3.24032380694117e-05,0.010004499999999972
IRLS,104,3.240272808069378e-05,3.240272808069378e-05,0.010083292000000021
IRLS,105,3.240222261191583e-05,3.240222261191583e-05,0.010161667000000207
IRLS,106,3.240172158847088e-05,3.240172158847088e-05,0.01024029200000065
IRLS,107,3.240122493641806e-05,3.240122493641806e-05,0.010331042000000679
IRLS,108,3.240073258092835e-05,3.240073258092835e-05,0.010418500000000108
IRLS,109,3.2400244446950666e-05,3.2400244446950666e-05,0.01049833400000022
IRLS,110,3.2399760459433935e-05,3.2399760459433935e-05,0.010577125000000187
IRLS,111,3.239928054199481e-05,3.239928054199481e-05,0.010655584000000218
IRLS,112,3.2398804617361776e-05,3.2398804617361776e-05,0.010738250000000171
IRLS,113,3.239833260804126e-05,3.239833260804126e-05,0.010816791999999964
IRLS,114,3.239786443498538e-05,3.239786443498538e-05,0.010895292000000723
IRLS,115,3.239740001825808e-05,3.239740001825808e-05,0.010973542000000336
IRLS,116,3.2396939276369e-05,3.2396939276369e-05,0.011051959000000444
IRLS,117,3.239648212627344e-05,3.239648212627344e-05,0.011130625000000727
IRLS,118,3.2396028483150374e-05,3.2396028483150374e-05,0.011208917000000262
IRLS,119,3.239557826173467e-05,3.239557826173467e-05,0.01128733400000037
IRLS,120,3.239513137254235e-05,3.239513137254235e-05,0.011366042000000576
IRLS,121,3.2394687723869e-05,3.2394687723869e-05,0.011444584000000368
IRLS,122,3.2394247222899963e-05,3.2394247222899963e-05,0.011526750000000696
IRLS,123,3.23938097728238e-05,3.23938097728238e-05,0.011605042000000232
IRLS,124,3.2393375274608616e-05,3.2393375274608616e-05,0.011684000000000694
IRLS,125,3.2392943626335935e-05,3.2392943626335935e-05,0.011762667000000171
IRLS,126,3.2392514722312526e-05,3.2392514722312526e-05,0.01184108400000028
IRLS,127,3.2392088453292445e-05,3.2392088453292445e-05,0.011920334000000032
IRLS,128,3.239166470514476e-05,3.239166470514476e-05,0.012003834000000602
IRLS,129,3.2391243360851973e-05,3.2391243360851973e-05,0.012083375000000451
IRLS,130,3.2390824297401366e-05,3.2390824297401366e-05,0.012161917000000244
IRLS,131,3.239040738733934e-05,3.239040738733934e-05,0.012249834000000348
IRLS,132,3.238999249788321e-05,3.238999249788321e-05,0.012328542000000553
IRLS,133,3.238957949003307e-05,3.238957949003307e-05,0.012407459000000287
IRLS,134,3.238916821901583e-05,3.238916821901583e-05,0.01248608400000073
IRLS,135,3.238875853273093e-05,3.238875853273093e-05,0.012564875000000697
IRLS,136,3.2388350272194444e-05,3.2388350272194444e-05,0.012643334000000728
IRLS,137,3.238794327087291e-05,3.238794327087291e-05,0.012725792000000347
IRLS,138,3.238753735423927e-05,3.238753735423927e-05,0.012804292000000217
IRLS,139,3.238713233821855e-05,3.238713233821855e-05,0.012882709000000325
IRLS,140,3.2386728028521716e-05,3.2386728028521716e-05,0.012961084000000511
IRLS,141,3.238632422175591e-05,3.238632422175591e-05,0.013039584000000382
IRLS,142,3.238592070298196e-05,3.238592070298196e-05,0.013118209000000824
IRLS,143,3.2385517246602546e-05,3.2385517246602546e-05,0.013196750000000534
IRLS,144,3.2385113613475625e-05,3.2385113613475625e-05,0.01327512500000072
IRLS,145,3.238470955113648e-05,3.238470955113648e-05,0.013353584000000751
IRLS,146,3.238430479357568e-05,3.238430479357568e-05,0.013432459000000563
IRLS,147,3.238389905879657e-05,3.238389905879657e-05,0.013514959000000104
IRLS,148,3.238349204925939e-05,3.238349204925939e-05,0.013593625000000387
IRLS,149,3.2383083448994654e-05,3.2383083448994654e-05,0.013672417000000436
IRLS,150,3.2382672924047284e-05,3.2382672924047284e-05,0.013750959000000229
IRLS,151,3.2382260119367956e-05,3.2382260119367956e-05,0.013829500000000827
IRLS,152,3.238184466081151e-05,3.238184466081151e-05,0.013912292000000548
IRLS,153,3.23814261489197e-05,3.23814261489197e-05,0.013990959000000025
IRLS,154,3.2381004161585736e-05,3.2381004161585736e-05,0.014069334000000211
IRLS,155,3.238057825050156e-05,3.238057825050156e-05,0.014147834000000081
IRLS,156,3.238014793849331e-05,3.238014793849331e-05,0.014226125000000422
IRLS,157,3.237971272018747e-05,3.237971272018747e-05,0.014304584000000453
IRLS,158,3.237927205756996e-05,3.237927205756996e-05,0.014389292000000609
IRLS,159,3.237882537932002e-05,3.237882537932002e-05,0.014468084000000658
IRLS,160,3.2378372077701556e-05,3.2378372077701556e-05,0.014547334000000411
IRLS,161,3.237791150634273e-05,3.237791150634273e-05,0.014625875000000121
IRLS,162,3.2377442978237525e-05,3.2377442978237525e-05,0.014708249999999978
IRLS,163,3.2376965762193066e-05,3.2376965762193066e-05,0.014786542000000402
IRLS,164,3.237647907949892e-05,3.237647907949892e-05,0.014865084000000195
IRLS,165,3.237598210259485e-05,3.237598210259485e-05,0.014943709000000638
IRLS,166,3.237547394929763e-05,3.237547394929763e-05,0.015022834000000707
IRLS,167,3.237495368146881e-05,3.237495368146881e-05,0.015101625000000674
IRLS,168,3.2374420299685625e-05,3.2374420299685625e-05,0.015180125000000544
IRLS,169,3.237387273857806e-05,3.237387273857806e-05,0.01525850000000073
IRLS,170,3.2373309864830446e-05,3.2373309864830446e-05,0.015336709000000504
IRLS,171,3.237273047052014e-05,3.237273047052014e-05,0.01541479200000051
IRLS,172,3.2372133268676606e-05,3.2372133268676606e-05,0.015497167000000367
IRLS,173,3.2371516888396457e-05,3.2371516888396457e-05,0.015576042000000179
IRLS,174,3.2370879868404145e-05,3.2370879868404145e-05,0.01565483400000023
IRLS,175,3.237022065194495e-05,3.237022065194495e-05,0.015733292000000176
IRLS,176,3.236953757923544e-05,3.236953757923544e-05,0.015812542000000818
IRLS,177,3.236882888169035e-05,3.236882888169035e-05,0.015886584000000425
IRLS,178,3.236809267459506e-05,3.236809267459506e-05,0.015961042000000703
IRLS,179,3.2367326947335684e-05,3.2367326947335684e-05,0.016036209000000134
IRLS,180,3.2366529558292e-05,3.2366529558292e-05,0.016111874999999998
IRLS,181,3.236569822306912e-05,3.236569822306912e-05,0.01618750000000002
IRLS,182,3.2364830506725895e-05,3.2364830506725895e-05,0.016262250000000478
IRLS,183,3.236392381333886e-05,3.236392381333886e-05,0.016337417000000798
IRLS,184,3.236297537378974e-05,3.236297537378974e-05,0.0164123750000007
IRLS,185,3.236198223732778e-05,3.236198223732778e-05,0.016488250000000093
IRLS,186,3.236094125647071e-05,3.236094125647071e-05,0.01656320900000008
IRLS,187,3.2359849075014324e-05,3.2359849075014324e-05,0.016637917000000613
IRLS,188,3.2358702114265725e-05,3.2358702114265725e-05,0.016712917000000438
IRLS,189,3.235749655816633e-05,3.235749655816633e-05,0.016787625000000084
IRLS,190,3.2356228337526716e-05,3.2356228337526716e-05,0.01686304200000066
IRLS,191,3.235489311181894e-05,3.235489311181894e-05,0.016938292000000743
IRLS,192,3.2353486254077524e-05,3.2353486254077524e-05,0.017012792000000054
IRLS,193,3.235200282847295e-05,3.235200282847295e-05,0.01708583400000041
IRLS,194,3.235043757232603e-05,3.235043757232603e-05,0.017159542000000805
IRLS,195,3.234878487301529e-05,3.234878487301529e-05,0.017233041999999976
IRLS,196,3.2347038745772494e-05,3.2347038745772494e-05,0.017306542000000036
IRLS,197,3.234519280725934e-05,3.234519280725934e-05,0.017380667000000294
IRLS,198,3.2343240251586636e-05,3.2343240251586636e-05,0.017454792000000552
IRLS,199,3.23411738203383e-05,3.23411738203383e-05,0.017528792000000237
IRLS,200,3.233898577370553e-05,3.233898577370553e-05,0.017603584000000616
IRLS,201,3.2336667858068324e-05,3.2336667858068324e-05,0.017679167000000717
IRLS,202,3.233421127313285e-05,3.233421127313285e-05,0.01775350000000042
IRLS,203,3.233160663396184e-05,3.233160663396184e-05,0.01782725000000074
IRLS,204,3.232884393500335e-05,3.232884393500335e-05,0.017900542000000463
IRLS,205,3.2325912506347976e-05,3.2325912506347976e-05,0.017976125000000565
IRLS,206,3.2322800973760835e-05,3.2322800973760835e-05,0.018050042000000488
IRLS,207,3.2319497208721515e-05,3.2319497208721515e-05,0.018124042000000173
IRLS,208,3.231598828135063e-05,3.231598828135063e-05,0.018198375000000766
IRLS,209,3.2312260408007276e-05,3.2312260408007276e-05,0.018271709000000413
IRLS,210,3.230829889444564e-05,3.230829889444564e-05,0.018345209000000473
IRLS,211,3.230408807763929e-05,3.230408807763929e-05,0.018418625000000688
IRLS,212,3.229961126183234e-05,3.229961126183234e-05,0.018492250000000432
IRLS,213,3.2294850652370144e-05,3.2294850652370144e-05,0.018565625000000807
IRLS,214,3.228978728531118e-05,3.228978728531118e-05,0.018639000000000294
IRLS,215,3.228440094948937e-05,3.228440094948937e-05,0.01871270900000077
IRLS,216,3.2278670109020524e-05,3.2278670109020524e-05,0.01878616700000002
IRLS,217,3.227257181737109e-05,3.227257181737109e-05,0.018859625000000158
IRLS,218,3.226608162587574e-05,3.226608162587574e-05,0.018934959000000084
IRLS,219,3.225917349025664e-05,3.225917349025664e-05,0.019008792000000163
IRLS,220,3.2251819668482895e-05,3.2251819668482895e-05,0.019083584000000542
IRLS,221,3.2243990611746653e-05,3.2243990611746653e-05,0.01915695900000003
IRLS,222,3.223565485344082e-05,3.223565485344082e-05,0.019231084000000287
IRLS,223,3.222677888703451e-05,3.222677888703451e-05,0.019304167000000483
IRLS,224,3.221732703906355e-05,3.221732703906355e-05,0.019377750000000304
IRLS,225,3.2207261335681636e-05,3.2207261335681636e-05,0.019450959000000267
IRLS,226,3.219654135877548e-05,3.219654135877548e-05,0.019524250000000798
IRLS,227,3.2185124098305096e-05,3.2185124098305096e-05,0.01959733400000019
IRLS,228,3.2172963792209686e-05,3.2172963792209686e-05,0.019670375000000462
IRLS,229,3.2160011760984375e-05,3.2160011760984375e-05,0.019743667000000187
IRLS,230,3.2146216232487035e-05,3.2146216232487035e-05,0.01981729200000082
IRLS,231,3.213152215675308e-05,3.213152215675308e-05,0.01989041700000005
IRLS,232,3.211587101414892e-05,3.211587101414892e-05,0.01996400000000076
IRLS,233,3.209920060975868e-05,3.209920060975868e-05,0.020038000000000444
IRLS,234,3.208144486399611e-05,3.208144486399611e-05,0.020111167000000485
IRLS,235,3.206253358745137e-05,3.206253358745137e-05,0.020184417000000288
IRLS,236,3.204239225063077e-05,3.204239225063077e-05,0.02025833400000021
IRLS,237,3.2020941739929754e-05,3.2020941739929754e-05,0.02033225000000005
IRLS,238,3.199809810849885e-05,3.199809810849885e-05,0.020405625000000427
IRLS,239,3.1973772312454685e-05,3.1973772312454685e-05,0.02047887500000023
IRLS,240,3.1947869941539864e-05,3.1947869941539864e-05,0.020552209000000765
IRLS,241,3.192029093912474e-05,3.192029093912474e-05,0.020625292000000073
IRLS,242,3.189092931554782e-05,3.189092931554782e-05,0.02069837500000027
IRLS,243,3.1859672850576004e-05,3.1859672850576004e-05,0.02077162500000007
IRLS,244,3.182640279431048e-05,3.182640279431048e-05,0.02084470900000035
IRLS,245,3.179099355721249e-05,3.179099355721249e-05,0.020917750000000623
IRLS,246,3.175331240123924e-05,3.175331240123924e-05,0.020990917000000664
IRLS,247,3.171321912476266e-05,3.171321912476266e-05,0.02106399999999997
IRLS,248,3.167056575059668e-05,3.167056575059668e-05,0.021136833999999993
IRLS,249,3.1625196212914375e-05,3.1625196212914375e-05,0.021210084000000684
IRLS,250,3.157694605349093e-05,3.157694605349093e-05,0.02128645900000059
IRLS,251,3.1525642122609554e-05,3.1525642122609554e-05,0.021360042000000412
IRLS,252,3.14711022948444e-05,3.14711022948444e-05,0.021433000000000035
IRLS,253,3.141313520194089e-05,3.141313520194089e-05,0.021506209
IRLS,254,3.135153998545803e-05,3.135153998545803e-05,0.02157916700000051
IRLS,255,3.1286106078942666e-05,3.1286106078942666e-05,0.021652250000000706
IRLS,256,3.121661302452061e-05,3.121661302452061e-05,0.021729125000000238
IRLS,257,3.114283032923382e-05,3.114283032923382e-05,0.02180004200000063
IRLS,258,3.1064517373557976e-05,3.1064517373557976e-05,0.02186945900000037
IRLS,259,3.098142337609744e-05,3.098142337609744e-05,0.021938542000000005
IRLS,260,3.089328742866826e-05,3.089328742866826e-05,0.02200783400000006
IRLS,261,3.0799838610207075e-05,3.0799838610207075e-05,0.02207704200000027
IRLS,262,3.0700796193272595e-05,3.0700796193272595e-05,0.0221462920000004
IRLS,263,3.0595869954241905e-05,3.0595869954241905e-05,0.022215542000000532
IRLS,264,3.0484760602966787e-05,3.0484760602966787e-05,0.02228462500000017
IRLS,265,3.0367160344546562e-05,3.0367160344546562e-05,0.02235345900000052
IRLS,266,3.0242753592535365e-05,3.0242753592535365e-05,0.022422542000000156
IRLS,267,3.011121784624038e-05,3.011121784624038e-05,0.022491916999999972
IRLS,268,2.9972224752095045e-05,2.9972224752095045e-05,0.02256137500000044
IRLS,269,2.9825441365316507e-05,2.9825441365316507e-05,0.02263058400000073
IRLS,270,2.9670531629610863e-05,2.9670531629610863e-05,0.022699833999999974
IRLS,271,2.95071580938e-05,2.95071580938e-05,0.022771167000000148
IRLS,272,2.9334983879358845e-05,2.9334983879358845e-05,0.022841167000000162
IRLS,273,2.9153674917736794e-05,2.9153674917736794e-05,0.022910541999999978
IRLS,274,2.89629024681215e-05,2.89629024681215e-05,0.02297941700000017
IRLS,275,2.8762345931632183e-05,2.8762345931632183e-05,0.02304895900000048
IRLS,276,2.8551695962830692e-05,2.8551695962830692e-05,0.02311808400000004
IRLS,277,2.8330657893427258e-05,2.8330657893427258e-05,0.02318795900000037
IRLS,278,2.8098955457078745e-05,2.8098955457078745e-05,0.0232578340000007
IRLS,279,2.7856334812170758e-05,2.7856334812170758e-05,0.02332708400000083
IRLS,280,2.7602568855034093e-05,2.7602568855034093e-05,0.02339825000000051
IRLS,281,2.7337461786736128e-05,2.7337461786736128e-05,0.023482250000000704
IRLS,282,2.7060853920346517e-05,2.7060853920346517e-05,0.023551875000000777
IRLS,283,2.6772626667392885e-05,2.6772626667392885e-05,0.023621584000000695
IRLS,284,2.6472707669755735e-05,2.6472707669755735e-05,0.023691250000000608
IRLS,285,2.6161075994846072e-05,2.6161075994846072e-05,0.023778542000000513
IRLS,286,2.58377673296728e-05,2.58377673296728e-05,0.023847750000000723
IRLS,287,2.5502879073879825e-05,2.5502879073879825e-05,0.023917292000000145
IRLS,288,2.5156575237827994e-05,2.5156575237827994e-05,0.023986250000000098
IRLS,289,2.4799091026039832e-05,2.4799091026039832e-05,0.024055334000000705
IRLS,290,2.4430736984548673e-05,2.4430736984548673e-05,0.024124500000000104
IRLS,291,2.4051902581145868e-05,2.4051902581145868e-05,0.02419379200000016
IRLS,292,2.366305907908206e-05,2.366305907908206e-05,0.024263209000000785
IRLS,293,2.3264761570551684e-05,2.3264761570551684e-05,0.02433245900000003
IRLS,294,2.2857650024965537e-05,2.2857650024965537e-05,0.024406875000000383
IRLS,295,2.2442449232773498e-05,2.2442449232773498e-05,0.024490042000000045
IRLS,296,2.2019967522046713e-05,2.2019967522046713e-05,0.024560917000000515
IRLS,297,2.1591094147677126e-05,2.1591094147677126e-05,0.024630792000000845
IRLS,298,2.1156795285470764e-05,2.1156795285470764e-05,0.024701917000000684
IRLS,299,2.0718108578510197e-05,2.0718108578510197e-05,0.024779375000000492
IRLS,300,2.0276136230235053e-05,2.0276136230235053e-05,0.024879167000000812
IRLS,301,1.983203666866551e-05,1.983203666866551e-05,0.02495291700000024
IRLS,302,1.9387014856375728e-05,1.9387014856375728e-05,0.025029292000000147
IRLS,303,1.8942311357461605e-05,1.8942311357461605e-05,0.02511491700000068
IRLS,304,1.849919032159697e-05,1.849919032159697e-05,0.025193917000000177
IRLS,305,1.805892658657271e-05,1.805892658657271e-05,0.02527020900000032
IRLS,306,1.762279213490814e-05,1.762279213490814e-05,0.02534712500000058
IRLS,307,1.7192042178315603e-05,1.7192042178315603e-05,0.025418375000000104
IRLS,308,1.6767901161784948e-05,1.6767901161784948e-05,0.025490459000000243
IRLS,309,1.6351549000370724e-05,1.6351549000370724e-05,0.025561875000000178
IRLS,310,1.5944107853105294e-05,1.5944107853105294e-05,0.025632209000000294
IRLS,311,1.554662974934118e-05,1.554662974934118e-05,0.025706084000000295
IRLS,312,1.5160085345966579e-05,1.5160085345966579e-05,0.025776292000000645
IRLS,313,1.4785354070623313e-05,1.4785354070623313e-05,0.02584733400000072
IRLS,314,1.4423215872305661e-05,1.4423215872305661e-05,0.02591845900000056
IRLS,315,1.4074344738990163e-05,1.4074344738990163e-05,0.025992750000000342
IRLS,316,1.3739304101978433e-05,1.3739304101978433e-05,0.026074834000000102
IRLS,317,1.3418544178911418e-05,1.3418544178911418e-05,0.026149875000000655
IRLS,318,1.3112401255455097e-05,1.3112401255455097e-05,0.026219625000000413
IRLS,319,1.2821098847926038e-05,1.2821098847926038e-05,0.026289417000000093
IRLS,320,1.2544750635168356e-05,1.2544750635168356e-05,0.026358959000000404
IRLS,321,1.2283365003806779e-05,1.2283365003806779e-05,0.02642875
IRLS,322,1.203685102124652e-05,1.203685102124652e-05,0.026510417000000785
IRLS,323,1.1805025605493569e-05,1.1805025605493569e-05,0.02658033400000015
IRLS,324,1.1587621660869019e-05,1.1587621660869019e-05,0.026650334000000164
IRLS,325,1.1384296932037685e-05,1.1384296932037685e-05,0.026720042
IRLS,326,1.119464332477449e-05,1.119464332477449e-05,0.026790125000000664
IRLS,327,1.1018196464762653e-05,1.1018196464762653e-05,0.026859667000000087
IRLS,328,1.0854445265717771e-05,1.0854445265717771e-05,0.02692958400000034
IRLS,329,1.0702841315213263e-05,1.0702841315213263e-05,0.026999250000000252
IRLS,330,1.0562807903902183e-05,1.0562807903902183e-05,0.027069084000000743
IRLS,331,1.043374855091983e-05,1.043374855091983e-05,0.027139000000000024
IRLS,332,1.031505491955187e-05,1.031505491955187e-05,0.027208792000000592
IRLS,333,1.0206114033461944e-05,1.0206114033461944e-05,0.02727983400000067
IRLS,334,1.0106314739521949e-05,1.0106314739521949e-05,0.027351084000000192
IRLS,335,1.0015053388379158e-05,1.0015053388379158e-05,0.027422417000000365
IRLS,336,9.931738726320916e-06,9.931738726320916e-06,0.027492375000000457
IRLS,337,9.85579600909503e-06,9.85579600909503e-06,0.027562459000000317
IRLS,338,9.786670374545281e-06,9.786670374545281e-06,0.027632584000000016
IRLS,339,9.723829507590764e-06,9.723829507590764e-06,0.027704334000000053
IRLS,340,9.66676565750113e-06,9.66676565750113e-06,0.02777387500000028
IRLS,341,9.614997063422948e-06,9.614997063422948e-06,0.02784362500000004
IRLS,342,9.56806885077377e-06,9.56806885077377e-06,0.027913334000000845
IRLS,343,9.525553463340941e-06,9.525553463340941e-06,0.027991917000000477
IRLS,344,9.487050696588284e-06,9.487050696588284e-06,0.028065334000000774
IRLS,345,9.4521873890141e-06,9.4521873890141e-06,0.028135459000000473
IRLS,346,9.420616835065232e-06,9.420616835065232e-06,0.02820525000000007
IRLS,347,9.392017969567235e-06,9.392017969567235e-06,0.02827495899999999
IRLS,348,9.366094374074763e-06,9.366094374074763e-06,0.02834458400000006
IRLS,349,9.342573151993605e-06,9.342573151993605e-06,0.028418875000000732
IRLS,350,9.321203705336956e-06,9.321203705336956e-06,0.028488542000000727
IRLS,351,9.30175645241782e-06,9.30175645241782e-06,0.02855783400000078
IRLS,352,9.284021512900864e-06,9.284021512900864e-06,0.028629042000000382
IRLS,353,9.26780738197408e-06,9.26780738197408e-06,0.028699042000000397
IRLS,354,9.252939621617884e-06,9.252939621617884e-06,0.02876875000000023
IRLS,355,9.239259572080272e-06,9.239259572080272e-06,0.028840125000000327
IRLS,356,9.226623109759302e-06,9.226623109759302e-06,0.02890937500000046
IRLS,357,9.214899451048808e-06,9.214899451048808e-06,0.02897891700000077
IRLS,358,9.203970014581841e-06,9.203970014581841e-06,0.02904841700000027
IRLS,359,9.193727342982072e-06,9.193727342982072e-06,0.02911854199999997
IRLS,360,9.18407409233879e-06,9.18407409233879e-06,0.02919170900000001
IRLS,361,9.174922080523729e-06,9.174922080523729e-06,0.02926091700000022
IRLS,362,9.166191409448743e-06,9.166191409448743e-06,0.02933045900000053
IRLS,363,9.15780964305668e-06,9.15780964305668e-06,0.029400250000000128
IRLS,364,9.149711054812215e-06,9.149711054812215e-06,0.029469625000000832
IRLS,365,9.141835930703834e-06,9.141835930703834e-06,0.029539250000000017
IRLS,366,9.13412993241991e-06,9.13412993241991e-06,0.029608917000000012
IRLS,367,9.12654351248321e-06,9.12654351248321e-06,0.029680584000000287
IRLS,368,9.119031382454068e-06,9.119031382454068e-06,0.029746750000000155
IRLS,369,9.11155202842906e-06,9.11155202842906e-06,0.02981279200000042
IRLS,370,9.104067268728144e-06,9.104067268728144e-06,0.029881875000000058
IRLS,371,9.096541854880513e-06,9.096541854880513e-06,0.02994845900000076
IRLS,372,9.08894310858166e-06,9.08894310858166e-06,0.03001466700000055
IRLS,373,9.081240595731899e-06,9.081240595731899e-06,0.030081374999999966
IRLS,374,9.073405827786374e-06,9.073405827786374e-06,0.03014775000000025
IRLS,375,9.065411997521977e-06,9.065411997521977e-06,0.030214084000000696
IRLS,376,9.057233734566239e-06,9.057233734566239e-06,0.03028033400000041
IRLS,377,9.048846891790419e-06,9.048846891790419e-06,0.030346792000000455
IRLS,378,9.040228345913448e-06,9.040228345913448e-06,0.030416375000000606
IRLS,379,9.031355823641007e-06,9.031355823641007e-06,0.0304822920000003
IRLS,380,9.022207742903632e-06,9.022207742903632e-06,0.030548375000000405
IRLS,381,9.01276306719545e-06,9.01276306719545e-06,0.030614250000000176
IRLS,382,9.003001179452852e-06,9.003001179452852e-06,0.0306799170000005
IRLS,383,8.992901764592887e-06,8.992901764592887e-06,0.030746834000000334
IRLS,384,8.982444704930259e-06,8.982444704930259e-06,0.030812875000000517
IRLS,385,8.971609986474505e-06,8.971609986474505e-06,0.03087950000000017
IRLS,386,8.960377611444414e-06,8.960377611444414e-06,0.03094537500000083
IRLS,387,8.948727524771272e-06,8.948727524771272e-06,0.03101108400000019
IRLS,388,8.936639541490266e-06,8.936639541490266e-06,0.031076875000000115
IRLS,389,8.924093286122314e-06,8.924093286122314e-06,0.03114825000000021
IRLS,390,8.911068134720423e-06,8.911068134720423e-06,0.031214292000000476
IRLS,391,8.897543163799426e-06,8.897543163799426e-06,0.031280125000000325
IRLS,392,8.883497105260929e-06,8.883497105260929e-06,0.031345959000000256
IRLS,393,8.868908302872569e-06,8.868908302872569e-06,0.031412125000000124
IRLS,394,8.85375467740701e-06,8.85375467740701e-06,0.03147800000000078
IRLS,395,8.838013690448676e-06,8.838013690448676e-06,0.031543917000000476
IRLS,396,8.821662316416123e-06,8.821662316416123e-06,0.03161000000000058
IRLS,397,8.804677015916695e-06,8.804677015916695e-06,0.03167950000000008
IRLS,398,8.78703371220979e-06,8.78703371220979e-06,0.031745709000000844
IRLS,399,8.76870777166694e-06,8.76870777166694e-06,0.03181237500000034
IRLS,400,8.749673986896411e-06,8.749673986896411e-06,0.031880792000000824
IRLS,401,8.729906563198497e-06,8.729906563198497e-06,0.03194679200000028
IRLS,402,8.709379107685322e-06,8.709379107685322e-06,0.03201270899999997
IRLS,403,8.688064621731328e-06,8.688064621731328e-06,0.032079042000000335
IRLS,404,8.665935496754429e-06,8.665935496754429e-06,0.03214541700000062
IRLS,405,8.642963511551471e-06,8.642963511551471e-06,0.032211459
IRLS,406,8.619119836517086e-06,8.619119836517086e-06,0.03227750000000018
IRLS,407,8.594375037418445e-06,8.594375037418445e-06,0.03235904200000039
IRLS,408,8.568699084499087e-06,8.568699084499087e-06,0.03242641700000082
IRLS,409,8.542061365801601e-06,8.542061365801601e-06,0.032492542000000846
IRLS,410,8.514430701822562e-06,8.514430701822562e-06,0.03257479200000013
IRLS,411,8.485775369937443e-06,8.485775369937443e-06,0.03264112500000049
IRLS,412,8.456063124828717e-06,8.456063124828717e-06,0.03270762500000046
IRLS,413,8.425261231348458e-06,8.425261231348458e-06,0.03277345900000039
IRLS,414,8.393336498269122e-06,8.393336498269122e-06,0.032839375000000004
IRLS,415,8.36025531558704e-06,8.36025531558704e-06,0.03290541700000027
IRLS,416,8.32598370337223e-06,8.32598370337223e-06,0.032971459000000536
IRLS,417,8.29048735750959e-06,8.29048735750959e-06,0.03304287500000047
IRLS,418,8.253731710095025e-06,8.253731710095025e-06,0.03310991699999999
IRLS,419,8.215681988943402e-06,8.215681988943402e-06,0.03317583400000057
IRLS,420,8.17630328775465e-06,8.17630328775465e-06,0.03324308400000042
IRLS,421,8.135560642941186e-06,8.135560642941186e-06,0.03331045900000085
IRLS,422,8.093419114230116e-06,8.093419114230116e-06,0.033376917000000006
IRLS,423,8.049843875479468e-06,8.049843875479468e-06,0.033444417000000115
IRLS,424,8.00480031171169e-06,8.00480031171169e-06,0.03351212500000056
IRLS,425,7.958254125695063e-06,7.958254125695063e-06,0.03358162500000006
IRLS,426,7.910171449410086e-06,7.910171449410086e-06,0.033648375000000286
IRLS,427,7.860518965951968e-06,7.860518965951968e-06,0.033714167000000295
IRLS,428,7.809264037650365e-06,7.809264037650365e-06,0.03377987500000046
IRLS,429,7.756374845513392e-06,7.756374845513392e-06,0.033846834000000214
IRLS,430,7.701820533778658e-06,7.701820533778658e-06,0.03391295900000024
IRLS,431,7.645571363568138e-06,7.645571363568138e-06,0.03397925000000068
IRLS,432,7.5875988767570846e-06,7.5875988767570846e-06,0.03404541700000063
IRLS,433,7.527876064949979e-06,7.527876064949979e-06,0.03411154200000066
IRLS,434,7.4663775466721205e-06,7.4663775466721205e-06,0.034177625000000766
IRLS,435,7.4030797549973215e-06,7.4030797549973215e-06,0.03424362500000022
IRLS,436,7.337961127618087e-06,7.337961127618087e-06,0.034310292000000686
IRLS,437,7.271002306463714e-06,7.271002306463714e-06,0.034376709000000005
IRLS,438,7.202186341759287e-06,7.202186341759287e-06,0.034443667000000566
IRLS,439,7.131498901413735e-06,7.131498901413735e-06,0.03450975000000067
IRLS,440,7.058928485292881e-06,7.058928485292881e-06,0.03457608400000023
IRLS,441,6.9844666406027045e-06,6.9844666406027045e-06,0.03464191700000008
IRLS,442,6.908108180825323e-06,6.908108180825323e-06,0.03470841700000005
IRLS,443,6.829851404210885e-06,6.829851404210885e-06,0.034774542000000075
IRLS,444,6.7496983129355925e-06,6.7496983129355925e-06,0.034840500000000496
IRLS,445,6.6676548282629255e-06,6.6676548282629255e-06,0.03490679200000013
IRLS,446,6.583731002596238e-06,6.583731002596238e-06,0.0349728340000004
IRLS,447,6.497941225092063e-06,6.497941225092063e-06,0.03504070900000045
IRLS,448,6.410304418835722e-06,6.410304418835722e-06,0.035106542000000296
IRLS,449,6.320844230467415e-06,6.320844230467415e-06,0.03517250000000072
IRLS,450,6.229589205597463e-06,6.229589205597463e-06,0.03523837500000049
IRLS,451,6.136572948456376e-06,6.136572948456376e-06,0.03530420900000042
IRLS,452,6.041834269110424e-06,6.041834269110424e-06,0.03537070900000039
IRLS,453,5.945417308250711e-06,5.945417308250711e-06,0.035436875000000256
IRLS,454,5.8473716419982225e-06,5.8473716419982225e-06,0.03550316700000078
IRLS,455,5.747752360951708e-06,5.747752360951708e-06,0.03556937500000057
IRLS,456,5.646620127031099e-06,5.646620127031099e-06,0.03563854200000005
IRLS,457,5.544041197236282e-06,5.544041197236282e-06,0.03570404200000077
IRLS,458,5.440087421426654e-06,5.440087421426654e-06,0.03576754200000032
IRLS,459,5.334836204129445e-06,5.334836204129445e-06,0.0358312500000002
IRLS,460,5.2283704325972735e-06,5.2283704325972735e-06,0.035894792000000564
IRLS,461,5.120778372447177e-06,5.120778372447177e-06,0.03595816700000043
IRLS,462,5.012153520667084e-06,5.012153520667084e-06,0.03602145900000053
IRLS,463,4.902594424649465e-06,4.902594424649465e-06,0.036084792000000476
IRLS,464,4.792204461256944e-06,4.792204461256944e-06,0.03614795900000001
IRLS,465,4.681091576586027e-06,4.681091576586027e-06,0.036211459000000445
IRLS,466,4.569367986206885e-06,4.569367986206885e-06,0.03627487500000015
IRLS,467,4.4571498394319065e-06,4.4571498394319065e-06,0.03633875000000053
IRLS,468,4.344556843394187e-06,4.344556843394187e-06,0.03640191700000006
IRLS,469,4.231711854485454e-06,4.231711854485454e-06,0.036464959000000796
IRLS,470,4.118740433156631e-06,4.118740433156631e-06,0.03652887500000013
IRLS,471,4.005770369852613e-06,4.005770369852613e-06,0.03659262500000082
IRLS,472,3.892931182747361e-06,3.892931182747361e-06,0.03665625000000006
IRLS,473,3.7803535888336626e-06,3.7803535888336626e-06,0.03671958400000008
IRLS,474,3.668168955694995e-06,3.668168955694995e-06,0.03678270900000058
IRLS,475,3.5565087370681425e-06,3.5565087370681425e-06,0.036846084000000445
IRLS,476,3.4455038941949567e-06,3.4455038941949567e-06,0.03690916700000013
IRLS,477,3.335284312733222e-06,3.335284312733222e-06,0.036973250000000846
IRLS,478,3.2259782156707217e-06,3.2259782156707217e-06,0.037038375000000734
IRLS,479,3.1177115802361044e-06,3.1177115802361044e-06,0.03710179200000052
IRLS,480,3.0106075625813133e-06,3.0106075625813133e-06,0.0371650420000007
IRLS,481,2.904785937118959e-06,2.904785937118959e-06,0.03722845900000049
IRLS,482,2.8003625545114375e-06,2.8003625545114375e-06,0.03729162500000083
IRLS,483,2.697448824084958e-06,2.697448824084958e-06,0.03735508400000054
IRLS,484,2.5961512251093666e-06,2.5961512251093666e-06,0.037418167000000224
IRLS,485,2.4965708513846607e-06,2.4965708513846607e-06,0.03748162500000074
IRLS,486,2.398802994019178e-06,2.398802994019178e-06,0.037544959000000766
IRLS,487,2.3029367657301236e-06,2.3029367657301236e-06,0.03760837500000047
IRLS,488,2.209054769775065e-06,2.209054769775065e-06,0.037671667000000575
IRLS,489,2.117232814846659e-06,2.117232814846659e-06,0.03773475000000026
IRLS,490,2.0275396823699054e-06,2.0275396823699054e-06,0.03779783400000003
IRLS,491,1.9400369422051256e-06,1.9400369422051256e-06,0.03786116699999997
IRLS,492,1.854778820531422e-06,1.854778820531422e-06,0.03792429200000047
IRLS,493,1.7718121188003977e-06,1.7718121188003977e-06,0.03799950000000063
IRLS,494,1.691176187534893e-06,1.691176187534893e-06,0.03806312500000075
IRLS,495,1.6129029454248212e-06,1.6129029454248212e-06,0.03812650000000062
IRLS,496,1.5370169510475762e-06,1.5370169510475762e-06,0.038194542000000276
IRLS,497,1.463535520107584e-06,1.463535520107584e-06,0.038257959000000064
IRLS,498,1.3924688864186407e-06,1.3924688864186407e-06,0.03832141700000058
IRLS,499,1.323820403964504e-06,1.323820403964504e-06,0.03838454200000019
IRLS,500,1.2575867858188872e-06,1.2575867858188872e-06,0.03844808400000055
IRLS,501,1.193758379702814e-06,1.193758379702814e-06,0.03851120900000016
IRLS,502,1.132319469743237e-06,1.132319469743237e-06,0.03857479200000036
IRLS,503,1.0732486066533653e-06,1.0732486066533653e-06,0.03863804200000054
IRLS,504,1.0165189592292734e-06,1.0165189592292734e-06,0.038701500000000166
IRLS,505,9.62098682943946e-07,9.62098682943946e-07,0.038764667000000586
IRLS,506,9.099513009758198e-07,9.099513009758198e-07,0.03882800000000053
IRLS,507,8.600360967836451e-07,8.600360967836451e-07,0.038891042000000375
IRLS,508,8.123085113442841e-07,8.123085113442841e-07,0.03895566700000064
IRLS,509,7.667205395023302e-07,7.667205395023302e-07,0.03901920900000011
IRLS,510,7.2322112831813e-07,7.2322112831813e-07,0.03909541700000041
IRLS,511,6.817565669781089e-07,6.817565669781089e-07,0.03915954200000016
IRLS,512,6.422708711539826e-07,6.422708711539826e-07,0.03923354200000073
IRLS,513,6.047061549274702e-07,6.047061549274702e-07,0.039299167000000246
IRLS,514,5.690029900584648e-07,5.690029900584648e-07,0.03936287500000013
IRLS,515,5.351007508203054e-07,5.351007508203054e-07,0.039426167000000234
IRLS,516,5.02937940849435e-07,5.02937940849435e-07,0.03948950000000018
IRLS,517,4.7245250356375834e-07,4.7245250356375834e-07,0.0395646670000005
IRLS,518,4.43582111042673e-07,4.43582111042673e-07,0.03962820899999997
IRLS,519,4.1626443492148724e-07,4.1626443492148724e-07,0.039691667000000486
IRLS,520,3.904373964136454e-07,3.904373964136454e-07,0.039755167000000036
IRLS,521,3.660393936844031e-07,3.660393936844031e-07,0.03982029200000081
IRLS,522,3.430095119050236e-07,3.430095119050236e-07,0.03988608400000082
IRLS,523,3.212877091041122e-07,3.212877091041122e-07,0.039953042000000494
IRLS,524,3.008149844774266e-07,3.008149844774266e-07,0.040016209000000025
IRLS,525,2.815335253814055e-07,2.815335253814055e-07,0.04009437500000068
IRLS,526,2.6338683634108406e-07,2.6338683634108406e-07,0.040157334000000766
IRLS,527,2.463198498503516e-07,2.463198498503516e-07,0.040220459000000375
IRLS,528,2.3027901874250745e-07,2.3027901874250745e-07,0.04028350000000014
IRLS,529,2.1521239368382794e-07,2.1521239368382794e-07,0.040346625000000635
IRLS,530,2.01069683569699e-07,2.01069683569699e-07,0.0404103340000006
IRLS,531,1.8780230526260766e-07,1.8780230526260766e-07,0.040473625000000624
IRLS,532,1.7536341445634207e-07,1.7536341445634207e-07,0.04053670900000039
IRLS,533,1.6370793076703194e-07,1.6370793076703194e-07,0.04059975000000016
IRLS,534,1.5279254483857585e-07,1.5279254483857585e-07,0.04066304200000026
IRLS,535,1.4257572344966718e-07,1.4257572344966718e-07,0.040726125000000835
IRLS,536,1.3301769818951925e-07,1.3301769818951925e-07,0.040789209000000604
IRLS,537,1.2408044991474299e-07,1.2408044991474299e-07,0.04085233400000021
IRLS,538,1.1572768654488641e-07,1.1572768654488641e-07,0.040915374999999976
IRLS,539,1.07924813086413e-07,1.07924813086413e-07,0.04097937500000004
IRLS,540,1.0063889632760947e-07,1.0063889632760947e-07,0.04104250000000054
IRLS,541,9.383862598077997e-08,9.383862598077997e-08,0.04110600000000009
IRLS,542,8.749427227172646e-08,8.749427227172646e-08,0.041170709000000194
IRLS,543,8.157763820015873e-08,8.157763820015873e-08,0.04123441700000008
IRLS,544,7.606201224419351e-08,7.606201224419351e-08,0.04129779200000083
IRLS,545,7.092211617987232e-08,7.092211617987232e-08,0.041361334000000305
IRLS,546,6.613405556521457e-08,6.613405556521457e-08,0.041438834000000035
IRLS,547,6.167526378497712e-08,6.167526378497712e-08,0.04150200000000037
IRLS,548,5.752445053630595e-08,5.752445053630595e-08,0.041575917000000295
IRLS,549,5.366154698371872e-08,5.366154698371872e-08,0.0416371670000002
IRLS,550,5.006765357862264e-08,5.006765357862264e-08,0.04169791700000047
IRLS,551,4.672498521429702e-08,4.672498521429702e-08,0.041758834000000356
IRLS,552,4.36168214879018e-08,4.36168214879018e-08,0.041819750000000155
IRLS,553,4.072745296568314e-08,4.072745296568314e-08,0.041880625000000116
IRLS,554,3.804213188907113e-08,3.804213188907113e-08,0.041941542
IRLS,555,3.5547023546911305e-08,3.5547023546911305e-08,0.04200254200000053
IRLS,556,3.322915786974079e-08,3.322915786974079e-08,0.0420635840000001
IRLS,557,3.107638457677808e-08,3.107638457677808e-08,0.04213608400000002
IRLS,558,2.9077326768600642e-08,2.9077326768600642e-08,0.04219812500000053
IRLS,559,2.7221340292982177e-08,2.7221340292982177e-08,0.0422742920000001
IRLS,560,2.5498470890283897e-08,2.5498470890283897e-08,0.04233516700000006
IRLS,561,2.3899414447470235e-08,2.3899414447470235e-08,0.0423960000000001
IRLS,562,2.241548080483824e-08,2.241548080483824e-08,0.04245687500000006
IRLS,563,2.1038555786390134e-08,2.1038555786390134e-08,0.042517834000000754
IRLS,564,1.976106700496416e-08,1.976106700496416e-08,0.0425836670000006
IRLS,565,1.857595233190068e-08,1.857595233190068e-08,0.04264479200000082
IRLS,566,1.747662659035143e-08,1.747662659035143e-08,0.04270566700000078
IRLS,567,1.6456954021748516e-08,1.6456954021748516e-08,0.0427666250000005
IRLS,568,1.5511217643648934e-08,1.5511217643648934e-08,0.04282762500000015
IRLS,569,1.4634095713006445e-08,1.4634095713006445e-08,0.042888417000000345
IRLS,570,1.3820633082417544e-08,1.3820633082417544e-08,0.04294941699999999
IRLS,571,1.3066220549973195e-08,1.3066220549973195e-08,0.04301062499999997
IRLS,572,1.2366570656396902e-08,1.2366570656396902e-08,0.043071375000000245
IRLS,573,1.1717696146718026e-08,1.1717696146718026e-08,0.04313237500000078
IRLS,574,1.1115892206703393e-08,1.1115892206703393e-08,0.04319337500000042
IRLS,575,1.055771514657522e-08,1.055771514657522e-08,0.04325437500000007
IRLS,576,1.0039966413799561e-08,1.0039966413799561e-08,0.04331520900000019
IRLS,577,9.559675717696337e-09,9.559675717696337e-09,0.04337620900000072
IRLS,578,9.11408548631698e-09,9.11408548631698e-09,0.04343712500000052
IRLS,579,8.700635989455918e-09,8.700635989455918e-09,0.04349837500000042
IRLS,580,8.316952238018871e-09,8.316952238018871e-09,0.04355941699999999
IRLS,581,7.960830661346563e-09,7.960830661346563e-09,0.04362012500000034
IRLS,582,7.630228004984474e-09,7.630228004984474e-09,0.0436810000000003
IRLS,583,7.323248896184964e-09,7.323248896184964e-09,0.04374204200000076
IRLS,584,7.038136740078471e-09,7.038136740078471e-09,0.043803125000000165
IRLS,585,6.77326372766629e-09,6.77326372766629e-09,0.04386916700000043
IRLS,586,6.527120177679535e-09,6.527120177679535e-09,0.04393012500000015
IRLS,587,6.298308319330204e-09,6.298308319330204e-09,0.043991084000000846
IRLS,588,6.085533188482373e-09,6.085533188482373e-09,0.04405216700000025
IRLS,589,5.887595078135632e-09,5.887595078135632e-09,0.044113124999999975
IRLS,590,5.7033833211761475e-09,5.7033833211761475e-09,0.044173959000000096
IRLS,591,5.5318696290385105e-09,5.5318696290385105e-09,0.04423466700000045
IRLS,592,5.372101652412198e-09,5.372101652412198e-09,0.04429962500000073
IRLS,593,5.223198096260262e-09,5.223198096260262e-09,0.04436108400000016
IRLS,594,5.084343834838023e-09,5.084343834838023e-09,0.04442220900000038
IRLS,595,4.9547836944441315e-09,4.9547836944441315e-09,0.0444831670000001
IRLS,596,4.8338195668407025e-09,4.8338195668407025e-09,0.044544209000000556
IRLS,597,4.720805524272009e-09,4.720805524272009e-09,0.04460516700000028
IRLS,598,4.615143822661594e-09,4.615143822661594e-09,0.044666292000000496
IRLS,599,4.516282459121612e-09,4.516282459121612e-09,0.044727167000000456
IRLS,600,4.4237093987931075e-09,4.4237093987931075e-09,0.044788042000000416
IRLS,601,4.336952574846009e-09,4.336952574846009e-09,0.044849167000000634
IRLS,602,4.25557478145322e-09,4.25557478145322e-09,0.04491025000000004
IRLS,603,4.17917211947838e-09,4.17917211947838e-09,0.044971292000000496
IRLS,604,4.107371553985217e-09,4.107371553985217e-09,0.04504262500000067
IRLS,605,4.039826917434652e-09,4.039826917434652e-09,0.04511204200000041
IRLS,606,3.976219797863223e-09,3.976219797863223e-09,0.04517462500000047
IRLS,607,3.916254875946379e-09,3.916254875946379e-09,0.04523616700000055
IRLS,608,3.859659924998482e-09,3.859659924998482e-09,0.04529745900000037
IRLS,609,3.806182924392942e-09,3.806182924392942e-09,0.04535862500000043
IRLS,610,3.755590949339194e-09,3.755590949339194e-09,0.04541987500000033
IRLS,611,3.7076692827042734e-09,3.7076692827042734e-09,0.04548470900000012
IRLS,612,3.6622191945667737e-09,3.6622191945667737e-09,0.045545709000000656
IRLS,613,3.6190570540384215e-09,3.6190570540384215e-09,0.04560675000000014
IRLS,614,3.578013219041054e-09,3.578013219041054e-09,0.04566766700000002
IRLS,615,3.5389309260835944e-09,3.5389309260835944e-09,0.045728584000000794
IRLS,616,3.501665846172841e-09,3.501665846172841e-09,0.04578958400000044
IRLS,617,3.4660840864120246e-09,3.4660840864120246e-09,0.04585083400000034
IRLS,618,3.4320621900008064e-09,3.4320621900008064e-09,0.04591204200000032
IRLS,619,3.399486026012255e-09,3.399486026012255e-09,0.045973125000000614
IRLS,620,3.368250567348241e-09,3.368250567348241e-09,0.046034000000000574
IRLS,621,3.3382583364272023e-09,3.3382583364272023e-09,0.04609500000000022
IRLS,622,3.309419405184144e-09,3.309419405184144e-09,0.04615587500000018
IRLS,623,3.2816509509814296e-09,3.2816509509814296e-09,0.0462204590000006
IRLS,624,3.2548761463857545e-09,3.2548761463857545e-09,0.04628125000000072
IRLS,625,3.229024381212753e-09,3.229024381212753e-09,0.04634220900000052
IRLS,626,3.2040301523039716e-09,3.2040301523039716e-09,0.04640337500000058
IRLS,627,3.179833285571476e-09,3.179833285571476e-09,0.04646429200000046
IRLS,628,3.1563778257748254e-09,3.1563778257748254e-09,0.04652537500000076
IRLS,629,3.1336124806102816e-09,3.1336124806102816e-09,0.0465863750000004
IRLS,630,3.111489732532391e-09,3.111489732532391e-09,0.046647292000000284
IRLS,631,3.0899651726201682e-09,3.0899651726201682e-09,0.04670791699999999
IRLS,632,3.068999054889332e-09,3.068999054889332e-09,0.04676891700000052
IRLS,633,3.048553187667835e-09,3.048553187667835e-09,0.0468298340000004
IRLS,634,3.0285929319973093e-09,3.0285929319973093e-09,0.04689058400000068
IRLS,635,3.00908697958846e-09,3.00908697958846e-09,0.04695516700000013
IRLS,636,2.9900053544196226e-09,2.9900053544196226e-09,0.047015834000000645
IRLS,637,2.971320967048996e-09,2.971320967048996e-09,0.04707666700000068
IRLS,638,2.953008282347014e-09,2.953008282347014e-09,0.04713770900000025
IRLS,639,2.935044429719369e-09,2.935044429719369e-09,0.04719866699999997
IRLS,640,2.9174076487947787e-09,2.9174076487947787e-09,0.04725945900000017
IRLS,641,2.9000779555587997e-09,2.9000779555587997e-09,0.04732029200000021
IRLS,642,2.883037364398433e-09,2.883037364398433e-09,0.047381084000000406
IRLS,643,2.8662687778790996e-09,2.8662687778790996e-09,0.04744212500000078
IRLS,644,2.8497562087892447e-09,2.8497562087892447e-09,0.04750337500000068
IRLS,645,2.8334852242295483e-09,2.8334852242295483e-09,0.04756225000000036
IRLS,646,2.8174427235683197e-09,2.8174427235683197e-09,0.04762112500000004
IRLS,647,2.8016160502630783e-09,2.8016160502630783e-09,0.0476798340000002
IRLS,648,2.785993657994368e-09,2.785993657994368e-09,0.04773870900000077
IRLS,649,2.770565332710362e-09,2.770565332710362e-09,0.0477975000000006
IRLS,650,2.755320860359234e-09,2.755320860359234e-09,0.0478565840000007
IRLS,651,2.7402513591567867e-09,2.7402513591567867e-09,0.0479153340000007
IRLS,652,2.7253483914080334e-09,2.7253483914080334e-09,0.04797404200000077
IRLS,653,2.7106037414625916e-09,2.7106037414625916e-09,0.04803291700000045
IRLS,654,2.6960109700269186e-09,2.6960109700269186e-09,0.048091917000000706
IRLS,655,2.6815629716736566e-09,2.6815629716736566e-09,0.048150750000000464
IRLS,656,2.667253751198473e-09,2.667253751198473e-09,0.048209584000000305
IRLS,657,2.6530773133970342e-09,2.6530773133970342e-09,0.048272084000000604
IRLS,658,2.6390285512434275e-09,2.6390285512434275e-09,0.04833079200000068
IRLS,659,2.6251023577117394e-09,2.6251023577117394e-09,0.048389625000000436
IRLS,660,2.6112942919098714e-09,2.6112942919098714e-09,0.04845645900000051
IRLS,661,2.59760013499033e-09,2.59760013499033e-09,0.048515292000000265
IRLS,662,2.5840158901502264e-09,2.5840158901502264e-09,0.04858254200000012
IRLS,663,2.570538004675882e-09,2.570538004675882e-09,0.04864125000000019
IRLS,664,2.5571629258536177e-09,2.5571629258536177e-09,0.04870337500000055
IRLS,665,2.54388732301436e-09,2.54388732301436e-09,0.048766084000000376
IRLS,666,2.5307089757120593e-09,2.5307089757120593e-09,0.04883837500000077
IRLS,667,2.517624331233037e-09,2.517624331233037e-09,0.04889762500000039
IRLS,668,2.504630947086639e-09,2.504630947086639e-09,0.048958334000000825
IRLS,669,2.491726824871421e-09,2.491726824871421e-09,0.04901837500000017
IRLS,670,2.4789097441413332e-09,2.4789097441413332e-09,0.04907745900000027
IRLS,671,2.466177040361117e-09,2.466177040361117e-09,0.04914012500000009
IRLS,672,2.453527603307748e-09,2.453527603307748e-09,0.049199167000000266
IRLS,673,2.4409589904905715e-09,2.4409589904905715e-09,0.049258374999999965
IRLS,674,2.4284698696419582e-09,2.4284698696419582e-09,0.049317209000000695
IRLS,675,2.4160584644050687e-09,2.4160584644050687e-09,0.04937616700000014
IRLS,676,2.4037234425122733e-09,2.4037234425122733e-09,0.049438584000000674
IRLS,677,2.3914632496513377e-09,2.3914632496513377e-09,0.0494972090000001
IRLS,678,2.3792767755992372e-09,2.3792767755992372e-09,0.049555959000000094
IRLS,679,2.3671624660437374e-09,2.3671624660437374e-09,0.049614584000000406
IRLS,680,2.3551194328064184e-09,2.3551194328064184e-09,0.04967337500000024
IRLS,681,2.343146565664256e-09,2.343146565664256e-09,0.049732000000000554
IRLS,682,2.33124253234962e-09,2.33124253234962e-09,0.04979058400000014
IRLS,683,2.319406666728696e-09,2.319406666728696e-09,0.04984954200000047
IRLS,684,2.3076380806230645e-09,2.3076380806230645e-09,0.04990816700000078
IRLS,685,2.2959356638097006e-09,2.2959356638097006e-09,0.049967084000000384
IRLS,686,2.2842989721993945e-09,2.2842989721993945e-09,0.050025959000000064
IRLS,687,2.2727268955691216e-09,2.2727268955691216e-09,0.05008450000000053
IRLS,688,2.261218323695857e-09,2.261218323695857e-09,0.05014329200000045
IRLS,689,2.2497734786242063e-09,2.2497734786242063e-09,0.05020579200000075
IRLS,690,2.2383910280865393e-09,2.2383910280865393e-09,0.05026458400000067
IRLS,691,2.2270705279936465e-09,2.2270705279936465e-09,0.050323084000000406
IRLS,692,2.215811090167108e-09,2.215811090167108e-09,0.050381624999999985
IRLS,693,2.204612714606924e-09,2.204612714606924e-09,0.05044033400000014
IRLS,694,2.1934742910900695e-09,2.1934742910900695e-09,0.050499042000000216
IRLS,695,2.18239515348273e-09,2.18239515348273e-09,0.050557625000000606
IRLS,696,2.1713753017849058e-09,2.1713753017849058e-09,0.05061629200000084
IRLS,697,2.1604140698627816e-09,2.1604140698627816e-09,0.050678000000000445
IRLS,698,2.149510791582543e-09,2.149510791582543e-09,0.05073691700000005
IRLS,699,2.1386652448995846e-09,2.1386652448995846e-09,0.050795667000000044
IRLS,700,2.1278765416354872e-09,2.1278765416354872e-09,0.050854292000000356
IRLS,701,2.1171446817902506e-09,2.1171446817902506e-09,0.05091291700000067
IRLS,702,2.106469221274665e-09,2.106469221274665e-09,0.050975334000000316
IRLS,703,2.0958497159995204e-09,2.0958497159995204e-09,0.05103429200000065
IRLS,704,2.0852852777863973e-09,2.0852852777863973e-09,0.05109287500000015
IRLS,705,2.0747761286799005e-09,2.0747761286799005e-09,0.05115150000000046
IRLS,706,2.0643216025462152e-09,2.0643216025462152e-09,0.05121025000000046
IRLS,707,2.0539210332515268e-09,2.0539210332515268e-09,0.051269042000000375
IRLS,708,2.043574864885045e-09,2.043574864885045e-09,0.05132779200000037
IRLS,709,2.03328220926835e-09,2.03328220926835e-09,0.0513867500000007
IRLS,710,2.023042622312232e-09,2.023042622312232e-09,0.05144541700000005
IRLS,711,2.0128558819720865e-09,2.0128558819720865e-09,0.0515044170000003
IRLS,712,2.002721988247913e-09,2.002721988247913e-09,0.051563417000000555
IRLS,713,1.992640052961292e-09,1.992640052961292e-09,0.05162212500000063
IRLS,714,1.9826102981568283e-09,1.9826102981568283e-09,0.051681084000000155
IRLS,715,1.9726316136114974e-09,1.9726316136114974e-09,0.05173979200000023
IRLS,716,1.962704665459114e-09,1.962704665459114e-09,0.05179837500000062
IRLS,717,1.9528285655212585e-09,1.9528285655212585e-09,0.05185716700000054
IRLS,718,1.943003091753326e-09,1.943003091753326e-09,0.05191575000000004
IRLS,719,1.9332278000661063e-09,1.9332278000661063e-09,0.05197441700000027
IRLS,720,1.9235031345488096e-09,1.9235031345488096e-09,0.052033042000000584
IRLS,721,1.9138277629338063e-09,1.9138277629338063e-09,0.0520918340000005
IRLS,722,1.904202129310306e-09,1.904202129310306e-09,0.05215416700000031
IRLS,723,1.8946257895890994e-09,1.8946257895890994e-09,0.052212584000000284
IRLS,724,1.885098299680976e-09,1.885098299680976e-09,0.05227141700000004
IRLS,725,1.8756194375413315e-09,1.8756194375413315e-09,0.052330042000000354
IRLS,726,1.8661889811255605e-09,1.8661889811255605e-09,0.05238879200000035
IRLS,727,1.8568067083890583e-09,1.8568067083890583e-09,0.052447500000000424
IRLS,728,1.8474723972872198e-09,1.8474723972872198e-09,0.05250625000000042
IRLS,729,1.8381856037308353e-09,1.8381856037308353e-09,0.05256479200000008
IRLS,730,1.8289461056752998e-09,1.8289461056752998e-09,0.05262345900000032
IRLS,731,1.8197539031206134e-09,1.8197539031206134e-09,0.05268208400000063
IRLS,732,1.8106083299329612e-09,1.8106083299329612e-09,0.052740834000000625
IRLS,733,1.8015096081569482e-09,1.8015096081569482e-09,0.0528071670000001
IRLS,734,1.7924570716587596e-09,1.7924570716587596e-09,0.05287095900000072
IRLS,735,1.7834502763491855e-09,1.7834502763491855e-09,0.052934084000000325
IRLS,736,1.7744896663174359e-09,1.7744896663174359e-09,0.05299316700000034
IRLS,737,1.7655745754296959e-09,1.7655745754296959e-09,0.05305208400000083
IRLS,738,1.7567047816413606e-09,1.7567047816413606e-09,0.05311125000000061
IRLS,739,1.747880062907825e-09,1.747880062907825e-09,0.05317087500000017
IRLS,740,1.7391004192290893e-09,1.7391004192290893e-09,0.053230416999999974
IRLS,741,1.7303651844713386e-09,1.7303651844713386e-09,0.05329041700000037
IRLS,742,1.7216743586345729e-09,1.7216743586345729e-09,0.05335062500000021
IRLS,743,1.7130279417187921e-09,1.7130279417187921e-09,0.05341554200000065
IRLS,744,1.7044252675901816e-09,1.7044252675901816e-09,0.053495542000000285
IRLS,745,1.6958663362487414e-09,1.6958663362487414e-09,0.05356687500000046
IRLS,746,1.6873507036052615e-09,1.6873507036052615e-09,0.05363508400000061
IRLS,747,1.678878369659742e-09,1.678878369659742e-09,0.05370266700000048
IRLS,748,1.670449334412183e-09,1.670449334412183e-09,0.053771292000000415
IRLS,749,1.6620624876395595e-09,1.6620624876395595e-09,0.053841542000000686
IRLS,750,1.6537189395648966e-09,1.6537189395648966e-09,0.053909042000000795
IRLS,751,1.6454171358759595e-09,1.6454171358759595e-09,0.053976834000000196
IRLS,752,1.6371575206619582e-09,1.6371575206619582e-09,0.054044125000000776
IRLS,753,1.6289400939228926e-09,1.6289400939228926e-09,0.0541167920000003
IRLS,754,1.620764189524948e-09,1.620764189524948e-09,0.05418416700000073
IRLS,755,1.6126300295127294e-09,1.6126300295127294e-09,0.05425350000000062
IRLS,756,1.604536503663212e-09,1.604536503663212e-09,0.05432129200000002
IRLS,757,1.5964845001548156e-09,1.5964845001548156e-09,0.05439016700000021
IRLS,758,1.5884733528537254e-09,1.5884733528537254e-09,0.054457792000000005
IRLS,759,1.5805023956261266e-09,1.5805023956261266e-09,0.05452587500000039
IRLS,760,1.572572294605834e-09,1.572572294605834e-09,0.054593834000000285
IRLS,761,1.564681939569823e-09,1.564681939569823e-09,0.054661375000000234
IRLS,762,1.5568317746073035e-09,1.5568317746073035e-09,0.054728834000000504
IRLS,763,1.5490215776736704e-09,1.5490215776736704e-09,0.0547981670000004
IRLS,764,1.5412506826351091e-09,1.5412506826351091e-09,0.05486804200000073
IRLS,765,1.5335193115362244e-09,1.5335193115362244e-09,0.05493858400000029
IRLS,766,1.5258267982432017e-09,1.5258267982432017e-09,0.05500979200000078
IRLS,767,1.5181735868452506e-09,1.5181735868452506e-09,0.05508129200000056
IRLS,768,1.5105590112085565e-09,1.5105590112085565e-09,0.055148750000000746
IRLS,769,1.5029830713331194e-09,1.5029830713331194e-09,0.05521708400000058
IRLS,770,1.4954455451743343e-09,1.4954455451743343e-09,0.05528495900000063
IRLS,771,1.4879457665983864e-09,1.4879457665983864e-09,0.05535379200000001
IRLS,772,1.4804841796944856e-09,1.4804841796944856e-09,0.0554215840000003
IRLS,773,1.473060562418027e-09,1.473060562418027e-09,0.05548937500000051
IRLS,774,1.465674248635196e-09,1.465674248635196e-09,0.05555816700000005
IRLS,775,1.458325460390597e-09,1.458325460390597e-09,0.055628000000000455
IRLS,776,1.4510139756396256e-09,1.4510139756396256e-09,0.05569537499999999
IRLS,777,1.4437393502930718e-09,1.4437393502930718e-09,0.0557628750000001
IRLS,778,1.4365015843509354e-09,1.4365015843509354e-09,0.05583037500000021
IRLS,779,1.4293002337240068e-09,1.4293002337240068e-09,0.05589787500000032
IRLS,780,1.422135298412286e-09,1.422135298412286e-09,0.05596575000000037
IRLS,781,1.4150072225049826e-09,1.4150072225049826e-09,0.0560332920000004
IRLS,782,1.4079144516898623e-09,1.4079144516898623e-09,0.05610937500000013
IRLS,783,1.4008578741453448e-09,1.4008578741453448e-09,0.05617983400000082
IRLS,784,1.3938368237376153e-09,1.3938368237376153e-09,0.05624779200000063
IRLS,785,1.3868515225112787e-09,1.3868515225112787e-09,0.05631629199999999
IRLS,786,1.3799015263771253e-09,1.3799015263771253e-09,0.05638416700000004
IRLS,787,1.37298616920134e-09,1.37298616920134e-09,0.05645362500000051
IRLS,788,1.366106339162343e-09,1.366106339162343e-09,0.05652279199999999
IRLS,789,1.359261148081714e-09,1.359261148081714e-09,0.05659037500000075
IRLS,790,1.3524503739148486e-09,1.3524503739148486e-09,0.05665766700000052
IRLS,791,1.3456742387063514e-09,1.3456742387063514e-09,0.05672654200000071
IRLS,792,1.3389322983670127e-09,1.3389322983670127e-09,0.056794084000000744
IRLS,793,1.3322243308522275e-09,1.3322243308522275e-09,0.05686141700000036
IRLS,794,1.3255503361619958e-09,1.3255503361619958e-09,0.05692891700000047
IRLS,795,1.3189100922517127e-09,1.3189100922517127e-09,0.05699908400000009
IRLS,796,1.3123031550321684e-09,1.3123031550321684e-09,0.057066834000000455
IRLS,797,1.3057299685925727e-09,1.3057299685925727e-09,0.05713425000000072
IRLS,798,1.299189644754506e-09,1.299189644754506e-09,0.057203625000000535
IRLS,799,1.2926826276071779e-09,1.2926826276071779e-09,0.057272459
IRLS,800,1.2862084730613788e-09,1.2862084730613788e-09,0.057343625000000564
IRLS,801,1.2797669590725036e-09,1.2797669590725036e-09,0.05741120900000052
IRLS,802,1.2733578635959475e-09,1.2733578635959475e-09,0.05747883400000031
IRLS,803,1.2669811866317104e-09,1.2669811866317104e-09,0.05754804200000052
IRLS,804,1.2606367061351875e-09,1.2606367061351875e-09,0.05761545899999998
IRLS,805,1.2543244221063787e-09,1.2543244221063787e-09,0.057683917000000307
IRLS,806,1.2480438904560742e-09,1.2480438904560742e-09,0.05775129200000073
IRLS,807,1.241794889139669e-09,1.241794889139669e-09,0.05782404200000002
IRLS,808,1.2355774181571633e-09,1.2355774181571633e-09,0.05793345900000002
IRLS,809,1.2293916995531617e-09,1.2293916995531617e-09,0.05801829200000075
IRLS,810,1.2232368451492448e-09,1.2232368451492448e-09,0.058095624999999984
IRLS,811,1.2171130769900174e-09,1.2171130769900174e-09,0.058167459000000754
IRLS,812,1.2110203950754794e-09,1.2110203950754794e-09,0.05823908400000022
IRLS,813,1.2049583553164211e-09,1.2049583553164211e-09,0.05830958400000075
IRLS,814,1.1989269577128425e-09,1.1989269577128425e-09,0.0583802500000008
IRLS,815,1.1929259802201386e-09,1.1929259802201386e-09,0.05845033400000066
IRLS,816,1.1869549787490996e-09,1.1869549787490996e-09,0.05851916700000004
IRLS,817,1.1810146194335402e-09,1.1810146194335402e-09,0.05858804200000023
IRLS,818,1.1751040140950408e-09,1.1751040140950408e-09,0.05865866700000044
IRLS,819,1.1692231627336014e-09,1.1692231627336014e-09,0.058727667000000316
IRLS,820,1.163371843304617e-09,1.163371843304617e-09,0.05879704200000013
IRLS,821,1.1575502778526925e-09,1.1575502778526925e-09,0.05886641700000084
IRLS,822,1.1517580222886181e-09,1.1517580222886181e-09,0.058935709
IRLS,823,1.145994854567789e-09,1.145994854567789e-09,0.05900408400000057
IRLS,824,1.140260774690205e-09,1.140260774690205e-09,0.05907266700000058
IRLS,825,1.1345555606112612e-09,1.1345555606112612e-09,0.05914400000000075
IRLS,826,1.1288792123309577e-09,1.1288792123309577e-09,0.05921308400000047
IRLS,827,1.1232315078046895e-09,1.1232315078046895e-09,0.0592823340000006
IRLS,828,1.1176124470324567e-09,1.1176124470324567e-09,0.05935383400000038
IRLS,829,1.1120211418358394e-09,1.1120211418358394e-09,0.05942229200000071
IRLS,830,1.1064584803932576e-09,1.1064584803932576e-09,0.05949158400000076
IRLS,831,1.1009237965708962e-09,1.1009237965708962e-09,0.05956095900000058
IRLS,832,1.0954170903687555e-09,1.0954170903687555e-09,0.05962912500000073
IRLS,833,1.0899379176976254e-09,1.0899379176976254e-09,0.05969995900000047
IRLS,834,1.084486278557506e-09,1.084486278557506e-09,0.059768667000000164
IRLS,835,1.0790623949930023e-09,1.0790623949930023e-09,0.059837250000000175
IRLS,836,1.0736656008702994e-09,1.0736656008702994e-09,0.05990562500000074
IRLS,837,1.0682963402786072e-09,1.0682963402786072e-09,0.0599744590000002
IRLS,838,1.062953725039506e-09,1.062953725039506e-09,0.060042875000000606
IRLS,839,1.0576384212868106e-09,1.0576384212868106e-09,0.060116917000000214
IRLS,840,1.0523495408421013e-09,1.0523495408421013e-09,0.06018570900000064
IRLS,841,1.047087305749983e-09,1.047087305749983e-09,0.06025508400000046
IRLS,842,1.0418517160104557e-09,1.0418517160104557e-09,0.06032462500000069
IRLS,843,1.0366423275343095e-09,1.0366423275343095e-09,0.06039279200000003
IRLS,844,1.0314595844107544e-09,1.0314595844107544e-09,0.060460917000000336
IRLS,845,1.0263025984613705e-09,1.0263025984613705e-09,0.06053062500000017
IRLS,846,1.0211718137753678e-09,1.0211718137753678e-09,0.060599209000000265
IRLS,847,1.0160665642189315e-09,1.0160665642189315e-09,0.06066733400000057
IRLS,848,1.0109872938812714e-09,1.0109872938812714e-09,0.06074679200000066
IRLS,849,1.0059333366285728e-09,1.0059333366285728e-09,0.06081575000000061
IRLS,850,1.0009049145054405e-09,1.0009049145054405e-09,0.060884959000000016
IRLS,851,9.959020275118746e-10,9.959020275118746e-10,0.06095666700000013
IRLS,852,9.909240095140603e-10,9.909240095140603e-10,0.0610252090000003
IRLS,853,9.859710825566026e-10,9.859710825566026e-10,0.06110370900000017
IRLS,854,9.810432466395014e-10,9.810432466395014e-10,0.06117191700000024
IRLS,855,9.761400576735468e-10,9.761400576735468e-10,0.06124112500000045
IRLS,856,9.71261737703344e-10,9.71261737703344e-10,0.06131100000000078
IRLS,857,9.664080646842876e-10,9.664080646842876e-10,0.061375625000000156
IRLS,858,9.615783724825633e-10,9.615783724825633e-10,0.061440875000000617
IRLS,859,9.567733272319856e-10,9.567733272319856e-10,0.061508959000000196
IRLS,860,9.519922627987398e-10,9.519922627987398e-10,0.0615756670000005
IRLS,861,9.472354012274309e-10,9.472354012274309e-10,0.06163979200000025
IRLS,862,9.425025204734538e-10,9.425025204734538e-10,0.06170437500000059
IRLS,863,9.377931764475989e-10,9.377931764475989e-10,0.06176945900000064
IRLS,864,9.331078132390758e-10,9.331078132390758e-10,0.0618362500000007
IRLS,865,9.284457647140698e-10,9.284457647140698e-10,0.06190037500000045
IRLS,866,9.238074749617908e-10,9.238074749617908e-10,0.06196579200000052
IRLS,867,9.191922778484241e-10,9.191922778484241e-10,0.062030834000000645
IRLS,868,9.146003954185744e-10,9.146003954185744e-10,0.062095959000000533
IRLS,869,9.10031605627637e-10,9.10031605627637e-10,0.062160584000000796
IRLS,870,9.054859084756117e-10,9.054859084756117e-10,0.06222545900000043
IRLS,871,9.009628598732888e-10,9.009628598732888e-10,0.06229075000000073
IRLS,872,8.964624598206683e-10,8.964624598206683e-10,0.06235512500000073
IRLS,873,8.91984930362355e-10,8.91984930362355e-10,0.062420042000000286
IRLS,874,8.875298274091392e-10,8.875298274091392e-10,0.0624852090000001
IRLS,875,8.830971509610208e-10,8.830971509610208e-10,0.0625498750000002
IRLS,876,8.786869010179998e-10,8.786869010179998e-10,0.06261504200000001
IRLS,877,8.742984114462615e-10,8.742984114462615e-10,0.0626797090000002
IRLS,878,8.699323483796206e-10,8.699323483796206e-10,0.06274620900000016
IRLS,879,8.655880456842624e-10,8.655880456842624e-10,0.06281120900000037
IRLS,880,8.612657254047917e-10,8.612657254047917e-10,0.06287770900000034
IRLS,881,8.569651654966037e-10,8.569651654966037e-10,0.06294237500000044
IRLS,882,8.526859218704885e-10,8.526859218704885e-10,0.06300712500000039
IRLS,883,8.48428438615656e-10,8.48428438615656e-10,0.06307787500000028
IRLS,884,8.441922716428962e-10,8.441922716428962e-10,0.06314208400000076
IRLS,885,8.399774209522093e-10,8.399774209522093e-10,0.06320687500000055
IRLS,886,8.357836644989902e-10,8.357836644989902e-10,0.0632722500000007
IRLS,887,8.31611224327844e-10,8.31611224327844e-10,0.06333820900000031
IRLS,888,8.274594343049557e-10,8.274594343049557e-10,0.06340275000000073
IRLS,889,8.233289605641403e-10,8.233289605641403e-10,0.06346758400000052
IRLS,890,8.19218914926978e-10,8.19218914926978e-10,0.06353216699999997
IRLS,891,8.151292973934687e-10,8.151292973934687e-10,0.06359870900000075
IRLS,892,8.110605520528225e-10,8.110605520528225e-10,0.06366387500000048
IRLS,893,8.070122348158293e-10,8.070122348158293e-10,0.06372912500000005
IRLS,894,8.029841236378843e-10,8.029841236378843e-10,0.06379366700000055
IRLS,895,7.989762185189875e-10,7.989762185189875e-10,0.06385970900000082
IRLS,896,7.949885194591388e-10,7.949885194591388e-10,0.0639243340000002
IRLS,897,7.910208044137335e-10,7.910208044137335e-10,0.0639897920000001
IRLS,898,7.870730733827713e-10,7.870730733827713e-10,0.06405483400000023
IRLS,899,7.831451043216475e-10,7.831451043216475e-10,0.06411941700000057
IRLS,900,7.79237119274967e-10,7.79237119274967e-10,0.06418412500000059
IRLS,901,7.753486741535198e-10,7.753486741535198e-10,0.06424925000000048
IRLS,902,7.714795469127012e-10,7.714795469127012e-10,0.0643152090000001
IRLS,903,7.676299595971159e-10,7.676299595971159e-10,0.06438175000000079
IRLS,904,7.637996901621591e-10,7.637996901621591e-10,0.06444654200000066
IRLS,905,7.599885165632259e-10,7.599885165632259e-10,0.06451116700000004
IRLS,906,7.56196882889526e-10,7.56196882889526e-10,0.06457733399999999
IRLS,907,7.52423678918035e-10,7.52423678918035e-10,0.0646422090000005
IRLS,908,7.486700148717773e-10,7.486700148717773e-10,0.06470700000000029
IRLS,909,7.449347805277284e-10,7.449347805277284e-10,0.06477166700000048
IRLS,910,7.412186420197031e-10,7.412186420197031e-10,0.06484004200000015
IRLS,911,7.375207111692816e-10,7.375207111692816e-10,0.0649043340000004
IRLS,912,7.338416541102788e-10,7.338416541102788e-10,0.06496958399999997
IRLS,913,7.301810267534847e-10,7.301810267534847e-10,0.06503420900000023
IRLS,914,7.265388290988994e-10,7.265388290988994e-10,0.06509870900000081
IRLS,915,7.229150611465229e-10,7.229150611465229e-10,0.06516362500000028
IRLS,916,7.193090567625404e-10,7.193090567625404e-10,0.06523154200000025
IRLS,917,7.157212600361618e-10,7.157212600361618e-10,0.06529741700000002
IRLS,918,7.12151448922782e-10,7.12151448922782e-10,0.06536358399999997
IRLS,919,7.085998454670062e-10,7.085998454670062e-10,0.06542837500000065
IRLS,920,7.050657835350194e-10,7.050657835350194e-10,0.06549650000000007
IRLS,921,7.015494851714266e-10,7.015494851714266e-10,0.06556408400000002
IRLS,922,6.980507283316228e-10,6.980507283316228e-10,0.0656320000000008
IRLS,923,6.945697350602131e-10,6.945697350602131e-10,0.06569762500000031
IRLS,924,6.911062833125925e-10,6.911062833125925e-10,0.06576545900000053
IRLS,925,6.87660151044156e-10,6.87660151044156e-10,0.06582979200000061
IRLS,926,6.842311162102988e-10,6.842311162102988e-10,0.06589462500000032
IRLS,927,6.808194008556256e-10,6.808194008556256e-10,0.06595908400000017
IRLS,928,6.774247829355318e-10,6.774247829355318e-10,0.06602362500000059
IRLS,929,6.740472624500171e-10,6.740472624500171e-10,0.06608808400000044
IRLS,930,6.706866173544768e-10,6.706866173544768e-10,0.06615454200000048
IRLS,931,6.673428476489107e-10,6.673428476489107e-10,0.06622416700000056
IRLS,932,6.64015731288714e-10,6.64015731288714e-10,0.06628966700000039
IRLS,933,6.607054903184917e-10,6.607054903184917e-10,0.06635495900000077
IRLS,934,6.574119026936387e-10,6.574119026936387e-10,0.06641954200000022
IRLS,935,6.541345243249452e-10,6.541345243249452e-10,0.06648508399999997
IRLS,936,6.508737993016211e-10,6.508737993016211e-10,0.06655050000000085
IRLS,937,6.476295055790615e-10,6.476295055790615e-10,0.06661466700000052
IRLS,938,6.444014211126614e-10,6.444014211126614e-10,0.06667924999999997
IRLS,939,6.411893238578159e-10,6.411893238578159e-10,0.06674379200000047
IRLS,940,6.379934358591299e-10,6.379934358591299e-10,0.06680833400000008
IRLS,941,6.348137571166035e-10,6.348137571166035e-10,0.06687354200000062
IRLS,942,6.316496214964218e-10,6.316496214964218e-10,0.06693808400000023
IRLS,943,6.285016951323996e-10,6.285016951323996e-10,0.06700720900000068
IRLS,944,6.253695339353271e-10,6.253695339353271e-10,0.06707254200000001
IRLS,945,6.222529158605994e-10,6.222529158605994e-10,0.06713725000000004
IRLS,946,6.191520629528213e-10,6.191520629528213e-10,0.0672026670000001
IRLS,947,6.160665311227831e-10,6.160665311227831e-10,0.06727308399999998
IRLS,948,6.129967644596945e-10,6.129967644596945e-10,0.06733820900000076
IRLS,949,6.099423188743458e-10,6.099423188743458e-10,0.0674029590000007
IRLS,950,6.06902972322132e-10,6.06902972322132e-10,0.06746804200000067
IRLS,951,6.038791688922629e-10,6.038791688922629e-10,0.06753258400000028
IRLS,952,6.008702424509238e-10,6.008702424509238e-10,0.0675974590000008
IRLS,953,5.978764150427196e-10,5.978764150427196e-10,0.06766216700000083
IRLS,954,5.948976866676503e-10,5.948976866676503e-10,0.06772875000000056
IRLS,955,5.919340573257159e-10,5.919340573257159e-10,0.06779341700000074
IRLS,956,5.889850829277066e-10,5.889850829277066e-10,0.06785995900000064
IRLS,957,5.860507634736223e-10,5.860507634736223e-10,0.0679244170000004
IRLS,958,5.83131321008068e-10,5.83131321008068e-10,0.0679945420000001
IRLS,959,5.802265334864387e-10,5.802265334864387e-10,0.06806037500000084
IRLS,960,5.773361788641296e-10,5.773361788641296e-10,0.06812508400000006
IRLS,961,5.744604791857455e-10,5.744604791857455e-10,0.06819004200000034
IRLS,962,5.715989903620766e-10,5.715989903620766e-10,0.0682551250000003
IRLS,963,5.687519344377279e-10,5.687519344377279e-10,0.06832195900000038
IRLS,964,5.659193114126992e-10,5.659193114126992e-10,0.06838670900000032
IRLS,965,5.631006771977809e-10,5.631006771977809e-10,0.06845129200000066
IRLS,966,5.602960317929728e-10,5.602960317929728e-10,0.06851608400000053
IRLS,967,5.5750559724288e-10,5.5750559724288e-10,0.06858062500000006
IRLS,968,5.547291515028974e-10,5.547291515028974e-10,0.06864541700000082
IRLS,969,5.519664725284201e-10,5.519664725284201e-10,0.06871008400000012
IRLS,970,5.492180044086581e-10,5.492180044086581e-10,0.06877470900000038
IRLS,971,5.464828589651916e-10,5.464828589651916e-10,0.06883933400000064
IRLS,972,5.437619243764402e-10,5.437619243764402e-10,0.06890966700000067
IRLS,973,5.410538683747745e-10,5.410538683747745e-10,0.06897637500000009
IRLS,974,5.383600232278241e-10,5.383600232278241e-10,0.06904258399999996
IRLS,975,5.356795007571691e-10,5.356795007571691e-10,0.06910862500000015
IRLS,976,5.330123009628096e-10,5.330123009628096e-10,0.06917537500000037
IRLS,977,5.303584238447456e-10,5.303584238447456e-10,0.06923945900000028
IRLS,978,5.277180914475821e-10,5.277180914475821e-10,0.06930529200000013
IRLS,979,5.250906376375042e-10,5.250906376375042e-10,0.06936933400000012
IRLS,980,5.224767285483267e-10,5.224767285483267e-10,0.06943416700000071
IRLS,981,5.198756980462349e-10,5.198756980462349e-10,0.06949887500000074
IRLS,982,5.172875461312287e-10,5.172875461312287e-10,0.0695636670000006
IRLS,983,5.147127168925181e-10,5.147127168925181e-10,0.06962845900000048
IRLS,984,5.121503221516832e-10,5.121503221516832e-10,0.06969654199999997
IRLS,985,5.096012500871439e-10,5.096012500871439e-10,0.06976062500000069
IRLS,986,5.070646125204803e-10,5.070646125204803e-10,0.06982529199999998
IRLS,987,5.045408535409024e-10,5.045408535409024e-10,0.06989000000000001
IRLS,988,5.020295290592003e-10,5.020295290592003e-10,0.06996008400000076
IRLS,989,4.995310831645838e-10,4.995310831645838e-10,0.07002525000000048
IRLS,990,4.970446276786333e-10,4.970446276786333e-10,0.07009037500000037
IRLS,991,4.945710507797685e-10,4.945710507797685e-10,0.07015537500000057
IRLS,992,4.921099083787794e-10,4.921099083787794e-10,0.07022187500000054
IRLS,993,4.896607563864563e-10,4.896607563864563e-10,0.07028675000000018
IRLS,994,4.87224038892009e-10,4.87224038892009e-10,0.07035150000000012
IRLS,995,4.847993118062277e-10,4.847993118062277e-10,0.0704163340000008
IRLS,996,4.823870192183222e-10,4.823870192183222e-10,0.07048108400000075
IRLS,997,4.799867170390826e-10,4.799867170390826e-10,0.07054595900000038
IRLS,998,4.775984052685089e-10,4.775984052685089e-10,0.07061087500000074
IRLS,999,4.752220839066013e-10,4.752220839066013e-10,0.07067770900000081
IRLS,1000,4.728577529533595e-10,4.728577529533595e-10,0.07074783400000051
IRLS,1001,4.705049683195739e-10,4.705049683195739e-10,0.0708129590000004
IRLS,1002,4.681641740944542e-10,4.681641740944542e-10,0.07087804200000036
IRLS,1003,4.658349261887906e-10,4.658349261887906e-10,0.07094308400000049
IRLS,1004,4.63517668691793e-10,4.63517668691793e-10,0.07100775000000059
IRLS,1005,4.6121173546964656e-10,4.6121173546964656e-10,0.07107504200000037
IRLS,1006,4.589171265223513e-10,4.589171265223513e-10,0.07114070900000069
IRLS,1007,4.5663428593911704e-10,4.5663428593911704e-10,0.07120550000000048
IRLS,1008,4.543629916753389e-10,4.543629916753389e-10,0.07127016700000066
IRLS,1009,4.52102799641807e-10,4.52102799641807e-10,0.0713364590000003
IRLS,1010,4.498541539277312e-10,4.498541539277312e-10,0.07140108400000056
IRLS,1011,4.4761661044390166e-10,4.4761661044390166e-10,0.07146691700000041
IRLS,1012,4.453903912349233e-10,4.453903912349233e-10,0.07153179200000004
IRLS,1013,4.4317505221158626e-10,4.4317505221158626e-10,0.07159654199999999
IRLS,1014,4.409710374631004e-10,4.409710374631004e-10,0.07166120900000017
IRLS,1015,4.3877790290025587e-10,4.3877790290025587e-10,0.07172687500000041
IRLS,1016,4.365960926122625e-10,4.365960926122625e-10,0.07179395900000074
IRLS,1017,4.344244963760957e-10,4.344244963760957e-10,0.07185854200000019
IRLS,1018,4.32264446459385e-10,4.32264446459385e-10,0.07192866700000078
IRLS,1019,4.3011483263910577e-10,4.3011483263910577e-10,0.07199383400000059
IRLS,1020,4.2797587695986294e-10,4.2797587695986294e-10,0.072059125
IRLS,1021,4.2584780146626144e-10,4.2584780146626144e-10,0.07212454200000007
IRLS,1022,4.2373060615830127e-10,4.2373060615830127e-10,0.07218979200000053
IRLS,1023,4.2162362490216765e-10,4.2162362490216765e-10,0.07225608400000016
IRLS,1024,4.1952752383167535e-10,4.1952752383167535e-10,0.07232104200000045
IRLS,1025,4.174416368130096e-10,4.174416368130096e-10,0.07238604200000065
IRLS,1026,4.1536618589077534e-10,4.1536618589077534e-10,0.07245029200000008
IRLS,1027,4.1330117106497255e-10,4.1330117106497255e-10,0.07251479200000066
IRLS,1028,4.1124659233560124e-10,4.1124659233560124e-10,0.07257925000000043
IRLS,1029,4.0920200561345155e-10,4.0920200561345155e-10,0.07264962500000038
IRLS,1030,4.0716807703233826e-10,4.0716807703233826e-10,0.07271470900000043
IRLS,1031,4.051439184138417e-10,4.051439184138417e-10,0.07277970900000064
IRLS,1032,4.0313019589177657e-10,4.0313019589177657e-10,0.07284562500000025
IRLS,1033,4.0112624333232816e-10,4.0112624333232816e-10,0.07291045900000004
IRLS,1034,3.9913272686931123e-10,3.9913272686931123e-10,0.07297516700000006
IRLS,1035,3.9714875832430607e-10,3.9714875832430607e-10,0.0730397500000004
IRLS,1036,3.9517500383112747e-10,3.9517500383112747e-10,0.07310695900000042
IRLS,1037,3.9321079725596064e-10,3.9321079725596064e-10,0.07317495900000015
IRLS,1038,3.9125680473262037e-10,3.9125680473262037e-10,0.07324029200000037
IRLS,1039,3.8931213808268694e-10,3.8931213808268694e-10,0.0733053340000005
IRLS,1040,3.8737768548458007e-10,3.8737768548458007e-10,0.07337020900000013
IRLS,1041,3.8545255875988005e-10,3.8545255875988005e-10,0.07343495900000008
IRLS,1042,3.835369799531918e-10,3.835369799531918e-10,0.07349995900000028
IRLS,1043,3.8163117110912026e-10,3.8163117110912026e-10,0.07356445899999997
IRLS,1044,3.797349101830605e-10,3.797349101830605e-10,0.07362904200000031
IRLS,1045,3.778479751304076e-10,3.778479751304076e-10,0.07369537500000067
IRLS,1046,3.7597081004037136e-10,3.7597081004037136e-10,0.07376366700000059
IRLS,1047,3.7410274877913707e-10,3.7410274877913707e-10,0.07382854200000022
IRLS,1048,3.7224401339130964e-10,3.7224401339130964e-10,0.07389295900000015
IRLS,1049,3.70394825921494e-10,3.70394825921494e-10,0.07395720900000047
IRLS,1050,3.685545202358753e-10,3.685545202358753e-10,0.07402187500000057
IRLS,1051,3.667235404236635e-10,3.667235404236635e-10,0.07408745900000024
IRLS,1052,3.6490188648485855e-10,3.6490188648485855e-10,0.07415204200000058
IRLS,1053,3.630891143302506e-10,3.630891143302506e-10,0.07421850000000063
IRLS,1054,3.6128544600444457e-10,3.6128544600444457e-10,0.07428295900000048
IRLS,1055,3.5949088150744046e-10,3.5949088150744046e-10,0.07434745900000017
IRLS,1056,3.577054208392383e-10,3.577054208392383e-10,0.07441191700000083
IRLS,1057,3.559286199106282e-10,3.559286199106282e-10,0.07449466700000063
IRLS,1058,3.541607007662151e-10,3.541607007662151e-10,0.0745725420000003
IRLS,1059,3.52401663405999e-10,3.52401663405999e-10,0.07463945900000013
IRLS,1060,3.506515078299799e-10,3.506515078299799e-10,0.07470483400000028
IRLS,1061,3.489102340381578e-10,3.489102340381578e-10,0.07477004200000081
IRLS,1062,3.4717739794132285e-10,3.4717739794132285e-10,0.07483666700000047
IRLS,1063,3.454534436286849e-10,3.454534436286849e-10,0.07490616699999997
IRLS,1064,3.437377049664292e-10,3.437377049664292e-10,0.07497145900000035
IRLS,1065,3.420308480883705e-10,3.420308480883705e-10,0.0750362090000003
IRLS,1066,3.4033265094990384e-10,3.4033265094990384e-10,0.07510125000000034
IRLS,1067,3.386426694618194e-10,3.386426694618194e-10,0.07516562500000035
IRLS,1068,3.369613477133271e-10,3.369613477133271e-10,0.07523183400000022
IRLS,1069,3.35288241615217e-10,3.35288241615217e-10,0.07529779200000064
IRLS,1070,3.336233511674891e-10,3.336233511674891e-10,0.07536258400000051
IRLS,1071,3.319673425039582e-10,3.319673425039582e-10,0.07542850000000012
IRLS,1072,3.303191054015997e-10,3.303191054015997e-10,0.0754930000000007
IRLS,1073,3.2867930599422834e-10,3.2867930599422834e-10,0.07555862500000021
IRLS,1074,3.270477222372392e-10,3.270477222372392e-10,0.07562275000000085
IRLS,1075,3.254241320860274e-10,3.254241320860274e-10,0.0756870420000002
IRLS,1076,3.238087575851978e-10,3.238087575851978e-10,0.07575141700000021
IRLS,1077,3.222013766901455e-10,3.222013766901455e-10,0.0758171670000003
IRLS,1078,3.206022114454754e-10,3.206022114454754e-10,0.07588641700000043
IRLS,1079,3.1901103980658263e-10,3.1901103980658263e-10,0.07595141700000063
IRLS,1080,3.1742763972886223e-10,3.1742763972886223e-10,0.0760155840000003
IRLS,1081,3.1585223325691913e-10,3.1585223325691913e-10,0.07608187500000074
IRLS,1082,3.142845983461484e-10,3.142845983461484e-10,0.07614620900000002
IRLS,1083,3.1272473499655007e-10,3.1272473499655007e-10,0.07621158400000017
IRLS,1084,3.11172865252729e-10,3.11172865252729e-10,0.07627550000000038
IRLS,1085,3.0962876707008036e-10,3.0962876707008036e-10,0.07634012500000065
IRLS,1086,3.0809221840399914e-10,3.0809221840399914e-10,0.07640454200000057
IRLS,1087,3.065634412990903e-10,3.065634412990903e-10,0.07647450000000067
IRLS,1088,3.050422137107489e-10,3.050422137107489e-10,0.07653841700000008
IRLS,1089,3.035287576835799e-10,3.035287576835799e-10,0.07660795900000039
IRLS,1090,3.020226291283734e-10,3.020226291283734e-10,0.07667595900000013
IRLS,1091,3.0052405008973437e-10,3.0052405008973437e-10,0.07674079200000072
IRLS,1092,2.990332426122677e-10,2.990332426122677e-10,0.07680508400000008
IRLS,1093,2.9754954056215865e-10,2.9754954056215865e-10,0.07687091700000082
IRLS,1094,2.9607361007322197e-10,2.9607361007322197e-10,0.07693487500000007
IRLS,1095,2.946047850116429e-10,2.946047850116429e-10,0.07699908400000055
IRLS,1096,2.9314328742202633e-10,2.9314328742202633e-10,0.07706450000000054
IRLS,1097,2.916891173043723e-10,2.916891173043723e-10,0.07712870900000013
IRLS,1098,2.902424967032857e-10,2.902424967032857e-10,0.07719312499999997
IRLS,1099,2.888027594849518e-10,2.888027594849518e-10,0.07725762500000055
IRLS,1100,2.8737034973858044e-10,2.8737034973858044e-10,0.077323625
IRLS,1101,2.8594504541956667e-10,2.8594504541956667e-10,0.07738875000000078
IRLS,1102,2.845270685725154e-10,2.845270685725154e-10,0.07745300000000022
IRLS,1103,2.831157530636119e-10,2.831157530636119e-10,0.0775176670000004
IRLS,1104,2.81711542982066e-10,2.81711542982066e-10,0.07758191700000072
IRLS,1105,2.8031466037248265e-10,2.8031466037248265e-10,0.07764604200000047
IRLS,1106,2.7892466114565195e-10,2.7892466114565195e-10,0.07771166699999998
IRLS,1107,2.7754154530157393e-10,2.7754154530157393e-10,0.0777757500000007
IRLS,1108,2.761653128402486e-10,2.761653128402486e-10,0.07784520900000036
IRLS,1109,2.747959637616759e-10,2.747959637616759e-10,0.07790966700000013
IRLS,1110,2.7343349806585593e-10,2.7343349806585593e-10,0.07797362500000027
IRLS,1111,2.720776937081837e-10,2.720776937081837e-10,0.07803795900000043
IRLS,1112,2.7072899477786905e-10,2.7072899477786905e-10,0.0781019590000005
IRLS,1113,2.6938673514109723e-10,2.6938673514109723e-10,0.07816720900000007
IRLS,1114,2.680513588870781e-10,2.680513588870781e-10,0.07823137500000055
IRLS,1115,2.667224219266018e-10,2.667224219266018e-10,0.07829562499999998
IRLS,1116,2.654001463042732e-10,2.654001463042732e-10,0.07835975000000062
IRLS,1117,2.6408475406469734e-10,2.6408475406469734e-10,0.07842391700000029
IRLS,1118,2.6277557907405935e-10,2.6277557907405935e-10,0.07848795900000027
IRLS,1119,2.614730654215691e-10,2.614730654215691e-10,0.07855433400000056
IRLS,1120,2.6017721310722663e-10,2.6017721310722663e-10,0.07862350000000085
IRLS,1121,2.5888757804182205e-10,2.5888757804182205e-10,0.07868816700000014
IRLS,1122,2.576046043145652e-10,2.576046043145652e-10,0.07875250000000023
IRLS,1123,2.563278478362463e-10,2.563278478362463e-10,0.07881666700000078
IRLS,1124,2.550577526960751e-10,2.550577526960751e-10,0.07888079200000053
IRLS,1125,2.5379387480484183e-10,2.5379387480484183e-10,0.0789455840000004
IRLS,1126,2.5253621416254646e-10,2.5253621416254646e-10,0.07901008400000009
IRLS,1127,2.51284770769189e-10,2.51284770769189e-10,0.0790778750000003
IRLS,1128,2.500395446247694e-10,2.500395446247694e-10,0.07914829200000018
IRLS,1129,2.4880053572928773e-10,2.4880053572928773e-10,0.07921400000000034
IRLS,1130,2.475681881719538e-10,2.475681881719538e-10,0.07927787500000072
IRLS,1131,2.4634161377434793e-10,2.4634161377434793e-10,0.07934216700000007
IRLS,1132,2.4512125662567996e-10,2.4512125662567996e-10,0.07940650000000016
IRLS,1133,2.4390667263674004e-10,2.4390667263674004e-10,0.0794706250000008
IRLS,1134,2.42698305896738e-10,2.42698305896738e-10,0.07953466700000078
IRLS,1135,2.414961564056739e-10,2.414961564056739e-10,0.07959891700000021
IRLS,1136,2.4030000211894276e-10,2.4030000211894276e-10,0.07966345900000071
IRLS,1137,2.3910962099193966e-10,2.3910962099193966e-10,0.07972912500000007
IRLS,1138,2.3792523506926955e-10,2.3792523506926955e-10,0.07979295900000061
IRLS,1139,2.3674706639553733e-10,2.3674706639553733e-10,0.07986220900000074
IRLS,1140,2.3557444883692824e-10,2.3557444883692824e-10,0.07992695900000069
IRLS,1141,2.3440782648265213e-10,2.3440782648265213e-10,0.07999083400000018
IRLS,1142,2.3324675524349914e-10,2.3324675524349914e-10,0.0800569590000002
IRLS,1143,2.3209190125328405e-10,2.3209190125328405e-10,0.08012100000000011
IRLS,1144,2.3094237633358716e-10,2.3094237633358716e-10,0.08018716700000006
IRLS,1145,2.2979884661822325e-10,2.2979884661822325e-10,0.08025291700000015
IRLS,1146,2.286610900625874e-10,2.286610900625874e-10,0.08031837500000005
IRLS,1147,2.2752888462207466e-10,2.2752888462207466e-10,0.08038433400000056
IRLS,1148,2.2640245234128997e-10,2.2640245234128997e-10,0.0804501670000004
IRLS,1149,2.2528157117562841e-10,2.2528157117562841e-10,0.08051604200000018
IRLS,1150,2.2416624112508998e-10,2.2416624112508998e-10,0.08058520900000055
IRLS,1151,2.2305624014506975e-10,2.2305624014506975e-10,0.0806495000000007
IRLS,1152,2.219522343693825e-10,2.219522343693825e-10,0.08071529200000072
IRLS,1153,2.2085355766421344e-10,2.2085355766421344e-10,0.08078112500000056
IRLS,1154,2.1976021002956259e-10,2.1976021002956259e-10,0.08084687500000065
IRLS,1155,2.1867263555463978e-10,2.1867263555463978e-10,0.08091075000000014
IRLS,1156,2.1759039015023518e-10,2.1759039015023518e-10,0.08097487500000078
IRLS,1157,2.1651347381634878e-10,2.1651347381634878e-10,0.08103879200000019
IRLS,1158,2.1544166450837565e-10,2.1544166450837565e-10,0.08110287500000002
IRLS,1159,2.1437562836013058e-10,2.1437562836013058e-10,0.08116841700000066
IRLS,1160,2.1331469923779878e-10,2.1331469923779878e-10,0.08123400000000025
IRLS,1161,2.1225909918598518e-10,2.1225909918598518e-10,0.0813000000000006
IRLS,1162,2.1120882820468978e-10,2.1120882820468978e-10,0.08136441700000052
IRLS,1163,2.1016366424930766e-10,2.1016366424930766e-10,0.08142850000000035
IRLS,1164,2.0912382936444374e-10,2.0912382936444374e-10,0.08149270900000083
IRLS,1165,2.080891015054931e-10,2.080891015054931e-10,0.08155645900000064
IRLS,1166,2.0705970271706065e-10,2.0705970271706065e-10,0.08162033400000013
IRLS,1167,2.0603518890993655e-10,2.0603518890993655e-10,0.08168454200000053
IRLS,1168,2.0501600417333066e-10,2.0501600417333066e-10,0.08174841700000002
IRLS,1169,2.0400170441803311e-10,2.0400170441803311e-10,0.08181820900000059
IRLS,1170,2.0299273373325377e-10,2.0299273373325377e-10,0.08188266700000035
IRLS,1171,2.0198864802978278e-10,2.0198864802978278e-10,0.08194729200000062
IRLS,1172,2.0098944730762014e-10,2.0098944730762014e-10,0.08201120900000003
IRLS,1173,1.999955756559757e-10,1.999955756559757e-10,0.08207558400000003
IRLS,1174,1.9900614489642976e-10,1.9900614489642976e-10,0.08214070900000081
IRLS,1175,1.9802204320740202e-10,1.9802204320740202e-10,0.08220637500000016
IRLS,1176,1.9704282649968263e-10,1.9704282649968263e-10,0.08227033400000039
IRLS,1177,1.960684947732716e-10,1.960684947732716e-10,0.08233445900000014
IRLS,1178,1.950990480281689e-10,1.950990480281689e-10,0.08239866700000054
IRLS,1179,1.9413404217516472e-10,1.9413404217516472e-10,0.08246275000000036
IRLS,1180,1.9317436539267874e-10,1.9317436539267874e-10,0.08252700000000068
IRLS,1181,1.9221912950229125e-10,1.9221912950229125e-10,0.08259125000000012
IRLS,1182,1.9126877859321212e-10,1.9126877859321212e-10,0.08265533400000002
IRLS,1183,1.9032331266544134e-10,1.9032331266544134e-10,0.0827195000000005
IRLS,1184,1.8938250967437398e-10,1.8938250967437398e-10,0.08278345900000073
IRLS,1185,1.8844636962001005e-10,1.8844636962001005e-10,0.08285279200000062
IRLS,1186,1.8751467045774461e-10,1.8751467045774461e-10,0.08291720900000055
IRLS,1187,1.8658785627678753e-10,1.8658785627678753e-10,0.08298191700000057
IRLS,1188,1.8566570503253388e-10,1.8566570503253388e-10,0.0830494590000006
IRLS,1189,1.8474799468037872e-10,1.8474799468037872e-10,0.08311429200000031
IRLS,1190,1.83834947264927e-10,1.83834947264927e-10,0.08317904200000026
IRLS,1191,1.829265627861787e-10,1.829265627861787e-10,0.08324658400000029
IRLS,1192,1.820226191995289e-10,1.820226191995289e-10,0.08331133400000024
IRLS,1193,1.811231165049776e-10,1.811231165049776e-10,0.08337575000000008
IRLS,1194,1.8022805470252479e-10,1.8022805470252479e-10,0.0834414170000004
IRLS,1195,1.7933743379217049e-10,1.7933743379217049e-10,0.08350737500000083
IRLS,1196,1.784514758185196e-10,1.784514758185196e-10,0.08357158400000042
IRLS,1197,1.7756995873696724e-10,1.7756995873696724e-10,0.08363920900000021
IRLS,1198,1.7669243845830351e-10,1.7669243845830351e-10,0.083704
IRLS,1199,1.7581980316094814e-10,1.7581980316094814e-10,0.08376779200000062
IRLS,1200,1.7495116466648142e-10,1.7495116466648142e-10,0.0838335420000007
IRLS,1201,1.740869670641132e-10,1.740869670641132e-10,0.08389733400000043
IRLS,1202,1.7322721035384347e-10,1.7322721035384347e-10,0.08396129200000058
IRLS,1203,1.723714504464624e-10,1.723714504464624e-10,0.08402533400000056
IRLS,1204,1.7152013143117983e-10,1.7152013143117983e-10,0.0840892920000007
IRLS,1205,1.7067303126339084e-10,1.7067303126339084e-10,0.08415329200000077
IRLS,1206,1.6983037198770035e-10,1.6983037198770035e-10,0.08421775000000054
IRLS,1207,1.6899148747029358e-10,1.6899148747029358e-10,0.0842819170000002
IRLS,1208,1.681570438449853e-10,1.681570438449853e-10,0.08434570900000082
IRLS,1209,1.6732681906717062e-10,1.6732681906717062e-10,0.08441504200000072
IRLS,1210,1.665008131368495e-10,1.665008131368495e-10,0.08447929200000015
IRLS,1211,1.656785819648121e-10,1.656785819648121e-10,0.08454729200000077
IRLS,1212,1.648605696402683e-10,1.648605696402683e-10,0.08461141700000052
IRLS,1213,1.6404677616321806e-10,1.6404677616321806e-10,0.08467562500000003
IRLS,1214,1.6323697948905647e-10,1.6323697948905647e-10,0.08473958400000026
IRLS,1215,1.6243117961778353e-10,1.6243117961778353e-10,0.0848040000000001
IRLS,1216,1.6162937654939924e-10,1.6162937654939924e-10,0.0848679170000004
IRLS,1217,1.6083179232850853e-10,1.6083179232850853e-10,0.0849321250000008
IRLS,1218,1.6003798286590154e-10,1.6003798286590154e-10,0.08499562500000035
IRLS,1219,1.592481702061832e-10,1.592481702061832e-10,0.08506279200000044
IRLS,1220,1.5846257639395844e-10,1.5846257639395844e-10,0.08512750000000047
IRLS,1221,1.5768031325080756e-10,1.5768031325080756e-10,0.08519133400000012
IRLS,1222,1.5690226895515025e-10,1.5690226895515025e-10,0.08525541700000083
IRLS,1223,1.561282214623816e-10,1.561282214623816e-10,0.08531950000000066
IRLS,1224,1.5535794872789666e-10,1.5535794872789666e-10,0.08538379200000001
IRLS,1225,1.5459145075169545e-10,1.5459145075169545e-10,0.085447834
IRLS,1226,1.5382872753377796e-10,1.5382872753377796e-10,0.08551175000000022
IRLS,1227,1.5307000111874913e-10,1.5307000111874913e-10,0.08557583400000013
IRLS,1228,1.523148274173991e-10,1.523148274173991e-10,0.08563970900000051
IRLS,1229,1.515634284743328e-10,1.515634284743328e-10,0.085703584
IRLS,1230,1.5081602633415514e-10,1.5081602633415514e-10,0.08577275000000029
IRLS,1231,1.5007217690765629e-10,1.5007217690765629e-10,0.08583720900000014
IRLS,1232,1.4933210223944116e-10,1.4933210223944116e-10,0.08590100000000067
IRLS,1233,1.4859558028490483e-10,1.4859558028490483e-10,0.08596470900000064
IRLS,1234,1.4786283308865222e-10,1.4786283308865222e-10,0.08602975000000068
IRLS,1235,1.4713386065068335e-10,1.4713386065068335e-10,0.0860936670000001
IRLS,1236,1.4640844092639327e-10,1.4640844092639327e-10,0.08615791700000042
IRLS,1237,1.45686573915782e-10,1.45686573915782e-10,0.08622200000000024
IRLS,1238,1.4496825961884952e-10,1.4496825961884952e-10,0.08628637500000025
IRLS,1239,1.4425349803559584e-10,1.4425349803559584e-10,0.08635025000000063
IRLS,1240,1.435425112106259e-10,1.435425112106259e-10,0.08641429200000061
IRLS,1241,1.4283507709933474e-10,1.4283507709933474e-10,0.08647820900000003
IRLS,1242,1.4213075161251254e-10,1.4213075161251254e-10,0.08654741700000024
IRLS,1243,1.41430422928579e-10,1.41430422928579e-10,0.08661200000000058
IRLS,1244,1.4073364695832424e-10,1.4073364695832424e-10,0.08667616700000025
IRLS,1245,1.4003997961253845e-10,1.4003997961253845e-10,0.08674012500000039
IRLS,1246,1.3934986498043145e-10,1.3934986498043145e-10,0.0868038750000002
IRLS,1247,1.3866308101739833e-10,1.3866308101739833e-10,0.08686787500000026
IRLS,1248,1.37979849768044e-10,1.37979849768044e-10,0.086933084
IRLS,1249,1.3729994918776356e-10,1.3729994918776356e-10,0.08699762500000041
IRLS,1250,1.3662382336576684e-10,1.3662382336576684e-10,0.08706237500000036
IRLS,1251,1.3595080616823907e-10,1.3595080616823907e-10,0.08712629200000066
IRLS,1252,1.3528111963978517e-10,1.3528111963978517e-10,0.08719045900000033
IRLS,1253,1.3461454173580023e-10,1.3461454173580023e-10,0.08725470900000065
IRLS,1254,1.3395151654549409e-10,1.3395151654549409e-10,0.0873186670000008
IRLS,1255,1.332915999796569e-10,1.332915999796569e-10,0.08738470900000017
IRLS,1256,1.3263545817210343e-10,1.3263545817210343e-10,0.08744904200000025
IRLS,1257,1.3198220294441398e-10,1.3198220294441398e-10,0.08751308400000024
IRLS,1258,1.3133227838579842e-10,1.3133227838579842e-10,0.08757716700000007
IRLS,1259,1.3068568449625673e-10,1.3068568449625673e-10,0.08764125000000078
IRLS,1260,1.3004219923118399e-10,1.3004219923118399e-10,0.08770508400000043
IRLS,1261,1.294018225905802e-10,1.294018225905802e-10,0.08776916700000026
IRLS,1262,1.2876477661905028e-10,1.2876477661905028e-10,0.08783845900000031
IRLS,1263,1.2813128336119917e-10,1.2813128336119917e-10,0.08790287500000016
IRLS,1264,1.2750023259400223e-10,1.2750023259400223e-10,0.0879670000000008
IRLS,1265,1.268727345404841e-10,1.268727345404841e-10,0.08803079200000052
IRLS,1266,1.262483451114349e-10,1.262483451114349e-10,0.08809470900000083
IRLS,1267,1.2562706430685466e-10,1.2562706430685466e-10,0.08815866700000008
IRLS,1268,1.2500867008213845e-10,1.2500867008213845e-10,0.08822262500000022
IRLS,1269,1.2439360652649611e-10,1.2439360652649611e-10,0.08828645900000076
IRLS,1270,1.237814295507178e-10,1.237814295507178e-10,0.08835054200000059
IRLS,1271,1.2317258324401337e-10,1.2317258324401337e-10,0.08841458400000057
IRLS,1272,1.2256640147256803e-10,1.2256640147256803e-10,0.08847825000000054
IRLS,1273,1.2196355037019657e-10,1.2196355037019657e-10,0.08854204200000027
IRLS,1274,1.2136358584768914e-10,1.2136358584768914e-10,0.08861154200000065
IRLS,1275,1.2076650790504573e-10,1.2076650790504573e-10,0.08867595900000058
IRLS,1276,1.2017253858687127e-10,1.2017253858687127e-10,0.08873995900000065
IRLS,1277,1.1958167789316576e-10,1.1958167789316576e-10,0.08880554200000024
IRLS,1278,1.1899348173471935e-10,1.1899348173471935e-10,0.08886950000000038
IRLS,1279,1.184083942007419e-10,1.184083942007419e-10,0.08893649999999997
IRLS,1280,1.1782619324662846e-10,1.1782619324662846e-10,0.08900033400000051
IRLS,1281,1.1724665682777413e-10,1.1724665682777413e-10,0.08906429200000066
IRLS,1282,1.1667022903338875e-10,1.1667022903338875e-10,0.08913633399999998
IRLS,1283,1.160966878188674e-10,1.160966878188674e-10,0.08920004200000076
IRLS,1284,1.1552603318421006e-10,1.1552603318421006e-10,0.08926366699999999
IRLS,1285,1.1495826512941676e-10,1.1495826512941676e-10,0.089328042
IRLS,1286,1.1439316160988255e-10,1.1439316160988255e-10,0.08939166700000012
IRLS,1287,1.1383072262560745e-10,1.1383072262560745e-10,0.08945566700000018
IRLS,1288,1.132713922658013e-10,1.132713922658013e-10,0.08951995900000043
IRLS,1289,1.1271472644125424e-10,1.1271472644125424e-10,0.08958512500000015
IRLS,1290,1.1216094719657121e-10,1.1216094719657121e-10,0.08964887500000085
IRLS,1291,1.1160983248714729e-10,1.1160983248714729e-10,0.08972162500000014
IRLS,1292,1.1106160435758738e-10,1.1106160435758738e-10,0.08978570900000005
IRLS,1293,1.1051581871868166e-10,1.1051581871868166e-10,0.08984966700000019
IRLS,1294,1.0997291965963996e-10,1.0997291965963996e-10,0.08991383400000075
IRLS,1295,1.0943268513585735e-10,1.0943268513585735e-10,0.08997775000000008
IRLS,1296,1.0889533719193878e-10,1.0889533719193878e-10,0.09004166700000038
IRLS,1297,1.0836043173867438e-10,1.0836043173867438e-10,0.09010570900000037
IRLS,1298,1.07828412865274e-10,1.07828412865274e-10,0.09016962500000059
IRLS,1299,1.072988364825278e-10,1.072988364825278e-10,0.09023575000000061
IRLS,1300,1.067719246350407e-10,1.067719246350407e-10,0.09029954200000034
IRLS,1301,1.062476773228127e-10,1.062476773228127e-10,0.09036408400000084
IRLS,1302,1.0572609454584381e-10,1.0572609454584381e-10,0.09043166700000072
IRLS,1303,1.0520695425952908e-10,1.0520695425952908e-10,0.09050850000000032
IRLS,1304,1.0469047850847346e-10,1.0469047850847346e-10,0.09057341700000077
IRLS,1305,1.0417666729267694e-10,1.0417666729267694e-10,0.09063800000000022
IRLS,1306,1.0366552061213952e-10,1.0366552061213952e-10,0.09070212499999997
IRLS,1307,1.0315659437765134e-10,1.0315659437765134e-10,0.09076587500000066
IRLS,1308,1.0265033267842227e-10,1.0265033267842227e-10,0.09083125000000081
IRLS,1309,1.021467355144523e-10,1.021467355144523e-10,0.0908960840000006
IRLS,1310,1.0164558084113651e-10,1.0164558084113651e-10,0.09096404200000041
IRLS,1311,1.0114686865847489e-10,1.0114686865847489e-10,0.09102841700000042
IRLS,1312,1.0065059896646744e-10,1.0065059896646744e-10,0.09109250000000024
IRLS,1313,1.0015677176511417e-10,1.0015677176511417e-10,0.09116999999999997
IRLS,1314,9.966560909902e-11,9.966560909902e-11,0.09123350000000041
IRLS,1315,9.917688892358001e-11,9.917688892358001e-11,0.09130016699999999
IRLS,1316,9.869038919418927e-11,9.869038919418927e-11,0.091365959
IRLS,1317,9.82063319554527e-11,9.82063319554527e-11,0.091430334
IRLS,1318,9.772493925197523e-11,9.772493925197523e-11,0.09150020900000033
IRLS,1319,9.724576699454701e-11,9.724576699454701e-11,0.09156495900000028
IRLS,1320,9.676903722777297e-11,9.676903722777297e-11,0.0916313750000004
IRLS,1321,9.629452790704818e-11,9.629452790704818e-11,0.09169600000000067
IRLS,1322,9.582246107697756e-11,9.582246107697756e-11,0.09176037500000067
IRLS,1323,9.535305878216604e-11,9.535305878216604e-11,0.0918262090000006
IRLS,1324,9.488543284419393e-11,9.488543284419393e-11,0.09189237500000047
IRLS,1325,9.442069348608584e-11,9.442069348608584e-11,0.09195662500000079
IRLS,1326,9.395795252942207e-11,9.395795252942207e-11,0.09202104200000072
IRLS,1327,9.349743201880756e-11,9.349743201880756e-11,0.0920853750000008
IRLS,1328,9.303935399884722e-11,9.303935399884722e-11,0.09214950000000055
IRLS,1329,9.258371846954105e-11,9.258371846954105e-11,0.09221370900000014
IRLS,1330,9.213030338628414e-11,9.213030338628414e-11,0.09228337500000006
IRLS,1331,9.167888670447155e-11,9.167888670447155e-11,0.09234816700000081
IRLS,1332,9.122991251331314e-11,9.122991251331314e-11,0.09241291700000076
IRLS,1333,9.078293672359905e-11,9.078293672359905e-11,0.09247850000000035
IRLS,1334,9.033840342453914e-11,9.033840342453914e-11,0.09254275000000067
IRLS,1335,8.989609057152848e-11,8.989609057152848e-11,0.09260683400000058
IRLS,1336,8.945599816456706e-11,8.945599816456706e-11,0.09267091700000041
IRLS,1337,8.90181262036549e-11,8.90181262036549e-11,0.09273491700000047
IRLS,1338,8.858247468879199e-11,8.858247468879199e-11,0.09279908400000014
IRLS,1339,8.81488215753734e-11,8.81488215753734e-11,0.09286408400000035
IRLS,1340,8.771738890800407e-11,8.771738890800407e-11,0.0929319590000004
IRLS,1341,8.728795464207906e-11,8.728795464207906e-11,0.09299687500000076
IRLS,1342,8.68607408222033e-11,8.68607408222033e-11,0.09306287500000021
IRLS,1343,8.643574744837679e-11,8.643574744837679e-11,0.09312891700000048
IRLS,1344,8.601319656520445e-11,8.601319656520445e-11,0.09319320900000072
IRLS,1345,8.559242203887152e-11,8.559242203887152e-11,0.09325737500000031
IRLS,1346,8.517342386937798e-11,8.517342386937798e-11,0.09332133400000053
IRLS,1347,8.475709023514355e-11,8.475709023514355e-11,0.09338550000000012
IRLS,1348,8.434231091314359e-11,8.434231091314359e-11,0.09344991700000005
IRLS,1349,8.392997408179781e-11,8.392997408179781e-11,0.09351391700000011
IRLS,1350,8.351941360729143e-11,8.351941360729143e-11,0.09357804200000075
IRLS,1351,8.311129562343922e-11,8.311129562343922e-11,0.09364229200000018
IRLS,1352,8.270495399642641e-11,8.270495399642641e-11,0.09371179200000057
IRLS,1353,8.230061077085793e-11,8.230061077085793e-11,0.09377662500000028
IRLS,1354,8.18984879913387e-11,8.18984879913387e-11,0.09384125000000054
IRLS,1355,8.149814156865887e-11,8.149814156865887e-11,0.09390541700000021
IRLS,1356,8.109979354742336e-11,8.109979354742336e-11,0.09396966700000053
IRLS,1357,8.070344392763218e-11,8.070344392763218e-11,0.09403533399999997
IRLS,1358,8.030909270928532e-11,8.030909270928532e-11,0.09409950000000045
IRLS,1359,7.991673989238279e-11,7.991673989238279e-11,0.09416366700000012
IRLS,1360,7.952638547692459e-11,7.952638547692459e-11,0.09422758400000042
IRLS,1361,7.913780741830578e-11,7.913780741830578e-11,0.09429183400000074
IRLS,1362,7.87512277611313e-11,7.87512277611313e-11,0.09435604200000025
IRLS,1363,7.836686855000607e-11,7.836686855000607e-11,0.09441995900000055
IRLS,1364,7.798406365111532e-11,7.798406365111532e-11,0.0944895420000007
IRLS,1365,7.760325715366889e-11,7.760325715366889e-11,0.09455416700000008
IRLS,1366,7.722444905766679e-11,7.722444905766679e-11,0.09461866700000066
IRLS,1367,7.684741731850409e-11,7.684741731850409e-11,0.09468287500000017
IRLS,1368,7.647238398078571e-11,7.647238398078571e-11,0.09474691700000015
IRLS,1369,7.609912699990673e-11,7.609912699990673e-11,0.09481104200000079
IRLS,1370,7.572742433126223e-11,7.572742433126223e-11,0.09487554200000048
IRLS,1371,7.53581641532719e-11,7.53581641532719e-11,0.0949397920000008
IRLS,1372,7.499045828751605e-11,7.499045828751605e-11,0.09500429200000049
IRLS,1373,7.462475082320452e-11,7.462475082320452e-11,0.09506900000000051
IRLS,1374,7.426059767112747e-11,7.426059767112747e-11,0.09513308400000042
IRLS,1375,7.389822087588982e-11,7.389822087588982e-11,0.09519725000000001
IRLS,1376,7.35378424820965e-11,7.35378424820965e-11,0.09526195900000012
IRLS,1377,7.317924044514257e-11,7.317924044514257e-11,0.0953261250000006
IRLS,1378,7.282241476502804e-11,7.282241476502804e-11,0.09539012500000066
IRLS,1379,7.246736544175292e-11,7.246736544175292e-11,0.09545416700000064
IRLS,1380,7.211387043071227e-11,7.211387043071227e-11,0.09551820900000063
IRLS,1381,7.176259586572087e-11,7.176259586572087e-11,0.09558395900000072
IRLS,1382,7.141265356835902e-11,7.141265356835902e-11,0.09565354199999998
IRLS,1383,7.106493171704642e-11,7.106493171704642e-11,0.09571850000000026
IRLS,1384,7.071832008875845e-11,7.071832008875845e-11,0.09578283400000043
IRLS,1385,7.037392890651972e-11,7.037392890651972e-11,0.09584812500000073
IRLS,1386,7.003109203651547e-11,7.003109203651547e-11,0.0959122920000004
IRLS,1387,6.96898094787457e-11,6.96898094787457e-11,0.09597641700000015
IRLS,1388,6.935030327781533e-11,6.935030327781533e-11,0.0960405840000007
IRLS,1389,6.901257343372436e-11,6.901257343372436e-11,0.09610483400000014
IRLS,1390,6.867661994647278e-11,6.867661994647278e-11,0.09616900000000062
IRLS,1391,6.834222077145569e-11,6.834222077145569e-11,0.09623295900000084
IRLS,1392,6.800959795327799e-11,6.800959795327799e-11,0.09629725000000011
IRLS,1393,6.767830740272984e-11,6.767830740272984e-11,0.09636116700000041
IRLS,1394,6.73487932090211e-11,6.73487932090211e-11,0.09643062499999999
IRLS,1395,6.702127741675667e-11,6.702127741675667e-11,0.09649545900000067
IRLS,1396,6.66950938921218e-11,6.66950938921218e-11,0.09656149999999997
IRLS,1397,6.637046467972141e-11,6.637046467972141e-11,0.09662695900000084
IRLS,1398,6.604761182416041e-11,6.604761182416041e-11,0.09669079200000041
IRLS,1399,6.572609123622897e-11,6.572609123622897e-11,0.0967548340000004
IRLS,1400,6.540656904974185e-11,6.540656904974185e-11,0.09682062500000033
IRLS,1401,6.508837913088428e-11,6.508837913088428e-11,0.09688512500000002
IRLS,1402,6.477174352426118e-11,6.477174352426118e-11,0.09694937500000034
IRLS,1403,6.445688427447749e-11,6.445688427447749e-11,0.09701345900000025
IRLS,1404,6.414335729232334e-11,6.414335729232334e-11,0.09708404200000054
IRLS,1405,6.38316066670086e-11,6.38316066670086e-11,0.09714750000000016
IRLS,1406,6.352141035392833e-11,6.352141035392833e-11,0.09721158400000007
IRLS,1407,6.321254630847761e-11,6.321254630847761e-11,0.09727716700000055
IRLS,1408,6.290568066447122e-11,6.290568066447122e-11,0.09734133400000022
IRLS,1409,6.259992524348945e-11,6.259992524348945e-11,0.09740570900000023
IRLS,1410,6.229572413474216e-11,6.229572413474216e-11,0.09746962500000045
IRLS,1411,6.199307733822934e-11,6.199307733822934e-11,0.09753387500000077
IRLS,1412,6.1691984853951e-11,6.1691984853951e-11,0.09759779200000018
IRLS,1413,6.139244668190713e-11,6.139244668190713e-11,0.09766712500000008
IRLS,1414,6.109424077749281e-11,6.109424077749281e-11,0.09773195900000076
IRLS,1415,6.079758918531297e-11,6.079758918531297e-11,0.0977963750000006
IRLS,1416,6.05024919053676e-11,6.05024919053676e-11,0.09786033400000083
IRLS,1417,6.020872689305179e-11,6.020872689305179e-11,0.0979266670000003
IRLS,1418,5.991651619297045e-11,5.991651619297045e-11,0.09799066700000036
IRLS,1419,5.962585980512358e-11,5.962585980512358e-11,0.09805466700000043
IRLS,1420,5.933653568490627e-11,5.933653568490627e-11,0.09811870900000041
IRLS,1421,5.904876587692343e-11,5.904876587692343e-11,0.098182875
IRLS,1422,5.876210629196521e-11,5.876210629196521e-11,0.09824700000000064
IRLS,1423,5.84772230638464e-11,5.84772230638464e-11,0.09832925000000081
IRLS,1424,5.819367210335713e-11,5.819367210335713e-11,0.09838958400000042
IRLS,1425,5.7911453410497415e-11,5.7911453410497415e-11,0.09845895900000023
IRLS,1426,5.7630789029872176e-11,5.7630789029872176e-11,0.09852362500000034
IRLS,1427,5.735123487227156e-11,5.735123487227156e-11,0.09858791700000058
IRLS,1428,5.707323502690542e-11,5.707323502690542e-11,0.09865195900000057
IRLS,1429,5.679678949377376e-11,5.679678949377376e-11,0.09871670900000051
IRLS,1430,5.652145418366672e-11,5.652145418366672e-11,0.09878075000000042
IRLS,1431,5.624745114118923e-11,5.624745114118923e-11,0.0988446250000008
IRLS,1432,5.597522445555114e-11,5.597522445555114e-11,0.09890875000000054
IRLS,1433,5.5703885948332754e-11,5.5703885948332754e-11,0.09897483400000073
IRLS,1434,5.5434323797953766e-11,5.5434323797953766e-11,0.09903895900000048
IRLS,1435,5.516564982599448e-11,5.516564982599448e-11,0.09910491700000001
IRLS,1436,5.489875221087459e-11,5.489875221087459e-11,0.09917029200000016
IRLS,1437,5.46327427741744e-11,5.46327427741744e-11,0.0992339590000002
IRLS,1438,5.4368509694313616e-11,5.4368509694313616e-11,0.09930270900000071
IRLS,1439,5.410516479287253e-11,5.410516479287253e-11,0.09936762500000018
IRLS,1440,5.384359624827084e-11,5.384359624827084e-11,0.0994574590000008
IRLS,1441,5.3582915882088855e-11,5.3582915882088855e-11,0.09952154200000063
IRLS,1442,5.332401187274627e-11,5.332401187274627e-11,0.09958554200000069
IRLS,1443,5.306577399721846e-11,5.306577399721846e-11,0.09965562500000047
IRLS,1444,5.2809312478530046e-11,5.2809312478530046e-11,0.09972008400000032
IRLS,1445,5.255396118286626e-11,5.255396118286626e-11,0.09978437500000048
IRLS,1446,5.22997201102271e-11,5.22997201102271e-11,0.09986325000000029
IRLS,1447,5.204681130521749e-11,5.204681130521749e-11,0.0999505420000002
IRLS,1448,5.179523476783743e-11,5.179523476783743e-11,0.10001845900000017
IRLS,1449,5.154499049808692e-11,5.154499049808692e-11,0.10008333400000069
IRLS,1450,5.129585645136103e-11,5.129585645136103e-11,0.10014950000000056
IRLS,1451,5.10480546722647e-11,5.10480546722647e-11,0.10021737500000061
IRLS,1452,5.080158516079791e-11,5.080158516079791e-11,0.10030179200000067
IRLS,1453,5.055600382775083e-11,5.055600382775083e-11,0.1003696250000008
IRLS,1454,5.0312198851543144e-11,5.0312198851543144e-11,0.10045029200000055
IRLS,1455,5.006928205375516e-11,5.006928205375516e-11,0.10051812500000068
IRLS,1456,4.98274754789918e-11,4.98274754789918e-11,0.10058287500000063
IRLS,1457,4.958700117185799e-11,4.958700117185799e-11,0.10064737500000032
IRLS,1458,4.934763708774881e-11,4.934763708774881e-11,0.10071162500000064
IRLS,1459,4.9109605271269174e-11,4.9109605271269174e-11,0.10077600000000064
IRLS,1460,4.887246163320924e-11,4.887246163320924e-11,0.1008438750000007
IRLS,1461,4.863687230738378e-11,4.863687230738378e-11,0.10090829200000062
IRLS,1462,4.840239320458295e-11,4.840239320458295e-11,0.1009726250000007
IRLS,1463,4.816902432480674e-11,4.816902432480674e-11,0.10103775000000059
IRLS,1464,4.793676566805516e-11,4.793676566805516e-11,0.1011040000000003
IRLS,1465,4.7705395189723276e-11,4.7705395189723276e-11,0.10117645900000038
IRLS,1466,4.747557902362587e-11,4.747557902362587e-11,0.10124279200000075
IRLS,1467,4.724709512515801e-11,4.724709512515801e-11,0.1013075420000007
IRLS,1468,4.701927736050493e-11,4.701927736050493e-11,0.10137337500000054
IRLS,1469,4.679256981887647e-11,4.679256981887647e-11,0.10143775000000055
IRLS,1470,4.656741658948249e-11,4.656741658948249e-11,0.10150195900000014
IRLS,1471,4.6342929493903284e-11,4.6342929493903284e-11,0.10157154200000029
IRLS,1472,4.611999671055855e-11,4.611999671055855e-11,0.10163625000000032
IRLS,1473,4.589795210563352e-11,4.589795210563352e-11,0.10170204200000033
IRLS,1474,4.5677017723733115e-11,4.5677017723733115e-11,0.10176737500000055
IRLS,1475,4.545697152025241e-11,4.545697152025241e-11,0.1018315000000003
IRLS,1476,4.523847962900618e-11,4.523847962900618e-11,0.1018968340000006
IRLS,1477,4.502065387157472e-11,4.502065387157472e-11,0.10196083400000067
IRLS,1478,4.480416038177282e-11,4.480416038177282e-11,0.10202495900000041
IRLS,1479,4.458877711499554e-11,4.458877711499554e-11,0.10208887500000063
IRLS,1480,4.4374282026637957e-11,4.4374282026637957e-11,0.10215316699999999
IRLS,1481,4.4160897161305e-11,4.4160897161305e-11,0.10221933400000083
IRLS,1482,4.3948400474391747e-11,4.3948400474391747e-11,0.10228350000000042
IRLS,1483,4.373745809971297e-11,4.373745809971297e-11,0.10235304200000073
IRLS,1484,4.352718185884896e-11,4.352718185884896e-11,0.10241758400000034
IRLS,1485,4.331823788561451e-11,4.331823788561451e-11,0.10248320900000074
IRLS,1486,4.310996004619483e-11,4.310996004619483e-11,0.10254733400000049
IRLS,1487,4.29030144744047e-11,4.29030144744047e-11,0.10261187500000002
IRLS,1488,4.269695708103427e-11,4.269695708103427e-11,0.1026776250000001
IRLS,1489,4.249178786608354e-11,4.249178786608354e-11,0.10274175000000074
IRLS,1490,4.228795091876236e-11,4.228795091876236e-11,0.10280608400000002
IRLS,1491,4.2085002149860884e-11,4.2085002149860884e-11,0.10287116699999999
IRLS,1492,4.1882941559379105e-11,4.1882941559379105e-11,0.10293520899999997
IRLS,1493,4.168199119192195e-11,4.168199119192195e-11,0.10299945900000029
IRLS,1494,4.148237309209435e-11,4.148237309209435e-11,0.10306483400000044
IRLS,1495,4.128342112608152e-11,4.128342112608152e-11,0.10312895900000019
IRLS,1496,4.108535733848839e-11,4.108535733848839e-11,0.10319370900000013
IRLS,1497,4.0888181729314965e-11,4.0888181729314965e-11,0.10325787500000061
IRLS,1498,4.069233838777109e-11,4.069233838777109e-11,0.1033217500000001
IRLS,1499,4.049738322464691e-11,4.049738322464691e-11,0.10338562500000048
IRLS,1500,4.030331623994243e-11,4.030331623994243e-11,0.10344962500000054
SGPTL,1,0.4231707836780201,0.4231707836780201,0.0
SGPTL,2,0.29577287055044255,0.29577287055044255,6.366700000004499e-05
SGPTL,3,0.21506468304830673,0.21506468304830673,0.00012933400000036954
SGPTL,4,0.16536655862826688,0.16536655862826688,0.0001757089999996353
SGPTL,5,0.13802084297037887,0.13802084297037887,0.00021824999999964234
SGPTL,6,0.11793999992720128,0.11793999992720128,0.00025941699999965095
SGPTL,7,0.09784897893866251,0.09784897893866251,0.00030233399999968213
SGPTL,8,0.08312340498456439,0.08312340498456439,0.00034333400000008396
SGPTL,9,0.07173085764808707,0.07173085764808707,0.0003860839999996202
SGPTL,10,0.05977803503408552,0.05977803503408552,0.0004267090000000806
SGPTL,11,0.051215720345357596,0.051215720345357596,0.00046695899999971147
SGPTL,12,0.045575766749853086,0.045575766749853086,0.0005071670000003081
SGPTL,13,0.04061814935825714,0.04061814935825714,0.0005478749999996424
SGPTL,14,0.03840535214161167,0.03840535214161167,0.0005875419999998854
SGPTL,15,0.04368198696917314,0.03840535214161167,0.0006276669999998319
SGPTL,16,0.0772264602481274,0.03840535214161167,0.0006676250000001716
SGPTL,17,0.13736284715951474,0.03840535214161167,0.000708000000000375
SGPTL,18,0.18359950327188512,0.03840535214161167,0.0007489170000001266
SGPTL,19,0.22398230000715236,0.03840535214161167,0.0007888339999997385
SGPTL,20,0.27659886760947217,0.03840535214161167,0.0008290420000003351
SGPTL,21,0.31932681976614985,0.03840535214161167,0.0008757089999997802
SGPTL,22,0.40932608612401267,0.03840535214161167,0.0009153340000001009
SGPTL,23,0.4998031354847341,0.03840535214161167,0.0009557920000000664
SGPTL,24,0.6231419067766679,0.03840535214161167,0.0009974589999997008
SGPTL,25,0.4457538101044656,0.03840535214161167,0.001037625000000375
SGPTL,26,0.34548627674993493,0.03840535214161167,0.0010771250000001231
SGPTL,27,0.27292685754434953,0.03840535214161167,0.001116958999999973
SGPTL,28,0.2265585774469392,0.03840535214161167,0.00115679199999974
SGPTL,29,0.19554121878114095,0.03840535214161167,0.0011966250000003953
SGPTL,30,0.1710011490455039,0.03840535214161167,0.0012362499999998278
SGPTL,31,0.1515960843330837,0.03840535214161167,0.0012765840000001916
SGPTL,32,0.14533749785355843,0.03840535214161167,0.0013162500000003519
SGPTL,33,0.13276050906195613,0.03840535214161167,0.0013567500000002397
SGPTL,34,0.12286425959008929,0.03840535214161167,0.0013984169999998741
SGPTL,35,0.11278949177916253,0.03840535214161167,0.0014393750000003536
SGPTL,36,0.10518768835860115,0.03840535214161167,0.0014800419999998482
SGPTL,37,0.09845827775085203,0.03840535214161167,0.0015203750000001293
SGPTL,38,0.09511849625636581,0.03840535214161167,0.0015615000000002155
SGPTL,39,0.09439753643558535,0.03840535214161167,0.0016011670000004585
SGPTL,40,0.08866142756678252,0.03840535214161167,0.001640959000000386
SGPTL,41,0.081723039142513,0.03840535214161167,0.001680624999999658
SGPTL,42,0.073212350715123,0.03840535214161167,0.0017203749999996631
SGPTL,43,0.06604062655367393,0.03840535214161167,0.0017603340000000856
SGPTL,44,0.06056696843820841,0.03840535214161167,0.0018001249999999303
SGPTL,45,0.058448020120267286,0.03840535214161167,0.0018402499999998767
SGPTL,46,0.05827186585512356,0.03840535214161167,0.0018798340000003577
SGPTL,47,0.0576245554604462,0.03840535214161167,0.0019187919999996694
SGPTL,48,0.05704510453314948,0.03840535214161167,0.001958833999999854
SGPTL,49,0.055605846733170594,0.03840535214161167,0.0020005000000002937
SGPTL,50,0.05559728152444077,0.03840535214161167,0.0020396670000000228
SGPTL,51,0.05771574301285298,0.03840535214161167,0.00207945899999995
SGPTL,52,0.05715936206572403,0.03840535214161167,0.0021209999999998175
SGPTL,53,0.05847497363864251,0.03840535214161167,0.0021608339999996673
SGPTL,54,0.0583041132922264,0.03840535214161167,0.0022007500000000846
SGPTL,55,0.06025369455247587,0.03840535214161167,0.0022402499999998327
SGPTL,56,0.06132846117915758,0.03840535214161167,0.0022807499999997205
SGPTL,57,0.06187843860302711,0.03840535214161167,0.002321124999999924
SGPTL,58,0.06668135180568391,0.03840535214161167,0.0023606669999995944
SGPTL,59,0.06916461536982355,0.03840535214161167,0.0023999999999997357
SGPTL,60,0.06769638976363224,0.03840535214161167,0.0024393339999999597
SGPTL,61,0.06673757462189966,0.03840535214161167,0.0024803340000003615
SGPTL,62,0.070277461746167,0.03840535214161167,0.002520459000000308
SGPTL,63,0.0763370591742305,0.03840535214161167,0.0025607499999997785
SGPTL,64,0.08206600988718282,0.03840535214161167,0.002602167000000044
SGPTL,65,0.08555592861947847,0.03840535214161167,0.0026422090000002285
SGPTL,66,0.08322067691710044,0.03840535214161167,0.0026820419999999956
SGPTL,67,0.08756180483664089,0.03840535214161167,0.0027246669999998474
SGPTL,68,0.08413853934055737,0.03840535214161167,0.0027661249999999526
SGPTL,69,0.07718178086466021,0.03840535214161167,0.0028072919999999613
SGPTL,70,0.0721273374589333,0.03840535214161167,0.002848709000000227
SGPTL,71,0.06326603678969378,0.03840535214161167,0.0028887500000003286
SGPTL,72,0.057866820088578574,0.03840535214161167,0.0029301249999997836
SGPTL,73,0.05351445876982752,0.03840535214161167,0.0029692499999995903
SGPTL,74,0.046704749266123224,0.03840535214161167,0.003011500000000389
SGPTL,75,0.04257159287378309,0.03840535214161167,0.003051791999999942
SGPTL,76,0.03935639087821641,0.03840535214161167,0.0030916669999996316
SGPTL,77,0.03602803105734531,0.03602803105734531,0.003134750000000075
SGPTL,78,0.03297391700074659,0.03297391700074659,0.003175167000000201
SGPTL,79,0.02959592959506918,0.02959592959506918,0.003214999999999968
SGPTL,80,0.027965625373915337,0.027965625373915337,0.0032555839999997005
SGPTL,81,0.025445847067210092,0.025445847067210092,0.003297333999999985
SGPTL,82,0.023271555426901624,0.023271555426901624,0.003337375000000087
SGPTL,83,0.022074063081074957,0.022074063081074957,0.003377999999999659
SGPTL,84,0.020579539727522356,0.020579539727522356,0.003419000000000061
SGPTL,85,0.0190521054334003,0.0190521054334003,0.0034578749999996106
SGPTL,86,0.019021581844512747,0.019021581844512747,0.0034985419999999934
SGPTL,87,0.020998310115738716,0.019021581844512747,0.003538250000000076
SGPTL,88,0.02437309389650899,0.019021581844512747,0.0035804170000002244
SGPTL,89,0.029047848585009417,0.019021581844512747,0.0036297090000001475
SGPTL,90,0.0366402218576285,0.019021581844512747,0.0036702919999997974
SGPTL,91,0.05111669962936327,0.019021581844512747,0.003710333999999982
SGPTL,92,0.05894048228996751,0.019021581844512747,0.0037502920000003215
SGPTL,93,0.05967677414837791,0.019021581844512747,0.0037905419999999523
SGPTL,94,0.06677625221170524,0.019021581844512747,0.0038308750000002334
SGPTL,95,0.07071816103210993,0.019021581844512747,0.003870667000000161
SGPTL,96,0.07907139794189133,0.019021581844512747,0.003911249999999811
SGPTL,97,0.10397942831849583,0.019021581844512747,0.003951291999999995
SGPTL,98,0.11904455113364998,0.019021581844512747,0.003992000000000218
SGPTL,99,0.11634524760330756,0.019021581844512747,0.004031667000000461
SGPTL,100,0.10486254516247784,0.019021581844512747,0.00407154200000015
SGPTL,101,0.10775830834512412,0.019021581844512747,0.0041110839999998205
SGPTL,102,0.10901425909226159,0.019021581844512747,0.0041501249999997825
SGPTL,103,0.10117195014680336,0.019021581844512747,0.004189958999999632
SGPTL,104,0.09330258418205606,0.019021581844512747,0.004229417000000346
SGPTL,105,0.08825512781947809,0.019021581844512747,0.004268959000000017
SGPTL,106,0.08324736816087674,0.019021581844512747,0.004316166999999815
SGPTL,107,0.07583645770814185,0.019021581844512747,0.004377834000000469
SGPTL,108,0.0661426693179874,0.019021581844512747,0.004424583999999676
SGPTL,109,0.06317068821922489,0.019021581844512747,0.0044657920000004125
SGPTL,110,0.062369943208345546,0.019021581844512747,0.004509834000000268
SGPTL,111,0.05652413617487251,0.019021581844512747,0.004551166999999801
SGPTL,112,0.05454783645457173,0.019021581844512747,0.004590084000000161
SGPTL,113,0.04793949113384022,0.019021581844512747,0.004630917000000068
SGPTL,114,0.04279927238015624,0.019021581844512747,0.004669625000000011
SGPTL,115,0.04234115983549813,0.019021581844512747,0.004709292000000254
SGPTL,116,0.04431204923557086,0.019021581844512747,0.0047495419999998845
SGPTL,117,0.04752119281865097,0.019021581844512747,0.00478995900000001
SGPTL,118,0.0451418159212742,0.019021581844512747,0.004829334000000074
SGPTL,119,0.041735994301101975,0.019021581844512747,0.004868166999999701
SGPTL,120,0.04190092413045532,0.019021581844512747,0.004908583999999827
SGPTL,121,0.04042638233471596,0.019021581844512747,0.0049470840000003236
SGPTL,122,0.038270262795160326,0.019021581844512747,0.004985583999999932
SGPTL,123,0.03698454093500958,0.019021581844512747,0.005024584000000054
SGPTL,124,0.03671154244261343,0.019021581844512747,0.005062459000000352
SGPTL,125,0.038943872516499445,0.019021581844512747,0.005100875000000116
SGPTL,126,0.040652860691226866,0.019021581844512747,0.005138750000000414
SGPTL,127,0.045477094091987746,0.019021581844512747,0.005177999999999905
SGPTL,128,0.04067573983682404,0.019021581844512747,0.005217917000000405
SGPTL,129,0.03965428955085759,0.019021581844512747,0.005259500000000195
SGPTL,130,0.03738588549333666,0.019021581844512747,0.005306292000000212
SGPTL,131,0.03449836572044562,0.019021581844512747,0.0053452920000003346
SGPTL,132,0.0336257161671365,0.019021581844512747,0.005384874999999845
SGPTL,133,0.030993276214381194,0.019021581844512747,0.005424374999999593
SGPTL,134,0.028172595460978833,0.019021581844512747,0.005461958999999794
SGPTL,135,0.026351508197050677,0.019021581844512747,0.00550145900000043
SGPTL,136,0.02496369055113501,0.019021581844512747,0.0055409590000001785
SGPTL,137,0.0236633832533244,0.019021581844512747,0.00557829200000004
SGPTL,138,0.021240012240091977,0.019021581844512747,0.005618000000000123
SGPTL,139,0.01940856089736709,0.019021581844512747,0.005656375000000047
SGPTL,140,0.017994530505570427,0.017994530505570427,0.0056954999999998535
SGPTL,141,0.017745457172464896,0.017745457172464896,0.005736167000000236
SGPTL,142,0.017216893838123193,0.017216893838123193,0.005774500000000238
SGPTL,143,0.016060475298705912,0.016060475298705912,0.0058127920000004
SGPTL,144,0.015160448281074101,0.015160448281074101,0.0058527919999997735
SGPTL,145,0.014204773531451442,0.014204773531451442,0.005891959000000391
SGPTL,146,0.01290601590944318,0.01290601590944318,0.005931624999999663
SGPTL,147,0.011912891832036587,0.011912891832036587,0.005971291999999906
SGPTL,148,0.011421942205985136,0.011421942205985136,0.0060109170000002266
SGPTL,149,0.010862707879187194,0.010862707879187194,0.006048959000000131
SGPTL,150,0.010463629990937084,0.010463629990937084,0.006088334000000195
SGPTL,151,0.010193323284003464,0.010193323284003464,0.006126334000000178
SGPTL,152,0.009776913749605765,0.009776913749605765,0.006163833999999646
SGPTL,153,0.009693260471920873,0.009693260471920873,0.006203709000000224
SGPTL,154,0.011097952398448907,0.009693260471920873,0.006243000000000443
SGPTL,155,0.012375851078269662,0.009693260471920873,0.00628012499999997
SGPTL,156,0.013961957916946321,0.009693260471920873,0.006319999999999659
SGPTL,157,0.018713526853760154,0.009693260471920873,0.006360209000000339
SGPTL,158,0.02391931690650595,0.009693260471920873,0.006401541999999871
SGPTL,159,0.02872230520779051,0.009693260471920873,0.006494209000000417
SGPTL,160,0.03305774654362548,0.009693260471920873,0.006547709000000346
SGPTL,161,0.03672368660407965,0.009693260471920873,0.006621875000000443
SGPTL,162,0.04018128143570365,0.009693260471920873,0.006667709000000244
SGPTL,163,0.0432051812126959,0.009693260471920873,0.006710833999999721
SGPTL,164,0.05409263209119919,0.009693260471920873,0.006752666999999768
SGPTL,165,0.06259165478819018,0.009693260471920873,0.006794000000000189
SGPTL,166,0.07118305353251264,0.009693260471920873,0.0068484590000004175
SGPTL,167,0.06979314039093243,0.009693260471920873,0.006891750000000307
SGPTL,168,0.06975867867043517,0.009693260471920873,0.00694133400000041
SGPTL,169,0.06720967173625825,0.009693260471920873,0.006992667000000452
SGPTL,170,0.0697322905863349,0.009693260471920873,0.007038084000000389
SGPTL,171,0.07191245285513981,0.009693260471920873,0.0070770419999997
SGPTL,172,0.0814096435394851,0.009693260471920873,0.0071169590000002
SGPTL,173,0.07723864827944293,0.009693260471920873,0.00716287499999968
SGPTL,174,0.06334964717092495,0.009693260471920873,0.007208208999999854
SGPTL,175,0.06077219921586252,0.009693260471920873,0.007249333999999941
SGPTL,176,0.0590500083443839,0.009693260471920873,0.007289124999999785
SGPTL,177,0.05545916772934634,0.009693260471920873,0.007329624999999673
SGPTL,178,0.051398386874229374,0.009693260471920873,0.007370083999999721
SGPTL,179,0.04745774757737253,0.009693260471920873,0.00740966700000012
SGPTL,180,0.04199813599615121,0.009693260471920873,0.00744762500000018
SGPTL,181,0.038558450335203,0.009693260471920873,0.007491749999999797
SGPTL,182,0.036765819426520574,0.009693260471920873,0.007539167000000013
SGPTL,183,0.03687359263804968,0.009693260471920873,0.007579917000000158
SGPTL,184,0.03824967773590915,0.009693260471920873,0.007620334000000284
SGPTL,185,0.03511269167154696,0.009693260471920873,0.007660666999999677
SGPTL,186,0.034053180470672295,0.009693260471920873,0.007700959000000118
SGPTL,187,0.03225966085084098,0.009693260471920873,0.0077344999999997555
SGPTL,188,0.030183761643896023,0.009693260471920873,0.007783584000000232
SGPTL,189,0.03101999498958774,0.009693260471920873,0.007830625000000424
SGPTL,190,0.03181674602980822,0.009693260471920873,0.0078699999999996
SGPTL,191,0.03043589253793666,0.009693260471920873,0.00791658400000017
SGPTL,192,0.028956298999740282,0.009693260471920873,0.007962041999999947
SGPTL,193,0.027555931441669346,0.009693260471920873,0.008002166999999893
SGPTL,194,0.02584041131793402,0.009693260471920873,0.00804295899999996
SGPTL,195,0.024403140477182728,0.009693260471920873,0.0081547500000001
SGPTL,196,0.0243945724173531,0.009693260471920873,0.008248292000000212
SGPTL,197,0.0253591058778877,0.009693260471920873,0.008339208999999848
SGPTL,198,0.024774644311944982,0.009693260471920873,0.008385999999999783
SGPTL,199,0.02468688154101084,0.009693260471920873,0.00846112500000018
SGPTL,200,0.025664344451567178,0.009693260471920873,0.008509208999999629
SGPTL,201,0.026827025494390533,0.009693260471920873,0.008555042000000235
SGPTL,202,0.025932879086293603,0.009693260471920873,0.008602542000000213
SGPTL,203,0.026876908023858004,0.009693260471920873,0.008640250000000016
SGPTL,204,0.027882762379996873,0.009693260471920873,0.00868120899999969
SGPTL,205,0.028574146168982573,0.009693260471920873,0.008726583999999704
SGPTL,206,0.0275829914155592,0.009693260471920873,0.008764792000000021
SGPTL,207,0.02658637010029863,0.009693260471920873,0.008807124999999694
SGPTL,208,0.028207726969657898,0.009693260471920873,0.00885025000000006
SGPTL,209,0.03077266413699009,0.009693260471920873,0.008899417000000298
SGPTL,210,0.031400155517390616,0.009693260471920873,0.008940124999999632
SGPTL,211,0.03353099984287833,0.009693260471920873,0.008977791999999596
SGPTL,212,0.0339175287826643,0.009693260471920873,0.009016500000000427
SGPTL,213,0.03322773490808584,0.009693260471920873,0.009054833999999623
SGPTL,214,0.03306182607748975,0.009693260471920873,0.00909237499999982
SGPTL,215,0.032090971679209046,0.009693260471920873,0.009130625000000059
SGPTL,216,0.02984183240396976,0.009693260471920873,0.009169334000000084
SGPTL,217,0.02827023091162495,0.009693260471920873,0.009207959000000265
SGPTL,218,0.027306123806852156,0.009693260471920873,0.009245791999999753
SGPTL,219,0.02562115516830543,0.009693260471920873,0.009289374999999822
SGPTL,220,0.02295897971259242,0.009693260471920873,0.009327167000000358
SGPTL,221,0.02177107115776744,0.009693260471920873,0.009365458999999632
SGPTL,222,0.020422136268595015,0.009693260471920873,0.009403542000000265
SGPTL,223,0.018783036574359535,0.009693260471920873,0.009447959000000061
SGPTL,224,0.01758780393188597,0.009693260471920873,0.00948583400000036
SGPTL,225,0.016728777586416888,0.009693260471920873,0.009524584000000225
SGPTL,226,0.015467415602327339,0.009693260471920873,0.009562959000000149
SGPTL,227,0.013997714437448128,0.009693260471920873,0.009600250000000088
SGPTL,228,0.013049257694829342,0.009693260471920873,0.009638917000000191
SGPTL,229,0.01231361211502735,0.009693260471920873,0.009676791999999601
SGPTL,230,0.011304430486895223,0.009693260471920873,0.009714542000000215
SGPTL,231,0.010181034957652324,0.009693260471920873,0.009756375000000261
SGPTL,232,0.009333694648483437,0.009333694648483437,0.009797167000000329
SGPTL,233,0.008677860179643782,0.008677860179643782,0.009835917000000194
SGPTL,234,0.007783315945620206,0.007783315945620206,0.009874833999999666
SGPTL,235,0.007044774351845806,0.007044774351845806,0.009914124999999885
SGPTL,236,0.00647430530575499,0.00647430530575499,0.009954624999999773
SGPTL,237,0.006143636779097683,0.006143636779097683,0.0099927089999996
SGPTL,238,0.005787711882811353,0.005787711882811353,0.01003075000000031
SGPTL,239,0.005535301874309173,0.005535301874309173,0.010067750000000153
SGPTL,240,0.0052005945141369025,0.0052005945141369025,0.01010583399999998
SGPTL,241,0.004797914717988183,0.004797914717988183,0.010143459000000021
SGPTL,242,0.004855762334374569,0.004797914717988183,0.010181292000000397
SGPTL,243,0.0052240851338569705,0.004797914717988183,0.01021820899999959
SGPTL,244,0.0059433132284434365,0.004797914717988183,0.010256541999999591
SGPTL,245,0.007442514603225314,0.004797914717988183,0.010294874999999593
SGPTL,246,0.009934310702384597,0.004797914717988183,0.010332625000000206
SGPTL,247,0.011720848446889587,0.004797914717988183,0.010373042000000332
SGPTL,248,0.01391564253335531,0.004797914717988183,0.010411459000000178
SGPTL,249,0.01634570970724636,0.004797914717988183,0.01044908400000022
SGPTL,250,0.016162049459617966,0.004797914717988183,0.010487999999999609
SGPTL,251,0.018583494128360023,0.004797914717988183,0.010526417000000343
SGPTL,252,0.022967215257819085,0.004797914717988183,0.010564916999999951
SGPTL,253,0.025950891105540386,0.004797914717988183,0.010602333999999658
SGPTL,254,0.02791278206563086,0.004797914717988183,0.010641624999999877
SGPTL,255,0.03325268813137017,0.004797914717988183,0.010681833999999668
SGPTL,256,0.03725803923866944,0.004797914717988183,0.010720375000000004
SGPTL,257,0.043441669260460225,0.004797914717988183,0.010759625000000383
SGPTL,258,0.03837450361160588,0.004797914717988183,0.01079870900000035
SGPTL,259,0.03915959531167701,0.004797914717988183,0.010835874999999717
SGPTL,260,0.039338037751644794,0.004797914717988183,0.010875084000000257
SGPTL,261,0.03722365344822576,0.004797914717988183,0.01091249999999988
SGPTL,262,0.04045831046354653,0.004797914717988183,0.010950916999999727
SGPTL,263,0.04231050180135165,0.004797914717988183,0.010989125000000044
SGPTL,264,0.040886206303369255,0.004797914717988183,0.011029041999999656
SGPTL,265,0.04140668941184056,0.004797914717988183,0.011066916999999954
SGPTL,266,0.04659382882427954,0.004797914717988183,0.011104875000000014
SGPTL,267,0.04480771677836626,0.004797914717988183,0.011142500000000055
SGPTL,268,0.04223579544840517,0.004797914717988183,0.011181167000000158
SGPTL,269,0.03880971141532852,0.004797914717988183,0.011219249999999903
SGPTL,270,0.03765861228677281,0.004797914717988183,0.011258666999999889
SGPTL,271,0.03623365787064081,0.004797914717988183,0.011293166999999826
SGPTL,272,0.03041068220686305,0.004797914717988183,0.011330083999999907
SGPTL,273,0.029612551243830998,0.004797914717988183,0.011368334000000146
SGPTL,274,0.030507184495913275,0.004797914717988183,0.011405667000000008
SGPTL,275,0.031260123084776215,0.004797914717988183,0.011444791999999815
SGPTL,276,0.033922014317718796,0.004797914717988183,0.011484792000000077
SGPTL,277,0.03521943170683306,0.004797914717988183,0.01152345900000018
SGPTL,278,0.03748596505361057,0.004797914717988183,0.011561291999999668
SGPTL,279,0.03749655519123429,0.004797914717988183,0.011599417000000223
SGPTL,280,0.0324997956552755,0.004797914717988183,0.011637084000000186
SGPTL,281,0.03206496107496082,0.004797914717988183,0.011676084000000309
SGPTL,282,0.028596410202345712,0.004797914717988183,0.011713334000000408
SGPTL,283,0.026631244627643547,0.004797914717988183,0.011751874999999856
SGPTL,284,0.026675358836224294,0.004797914717988183,0.011789042000000194
SGPTL,285,0.025621634500188062,0.004797914717988183,0.011828333999999607
SGPTL,286,0.025953334974963438,0.004797914717988183,0.011874542000000154
SGPTL,287,0.024497150818211466,0.004797914717988183,0.011912792000000394
SGPTL,288,0.024313212831652553,0.004797914717988183,0.011951416999999687
SGPTL,289,0.02365127827729241,0.004797914717988183,0.011988291999999845
SGPTL,290,0.02233786950600747,0.004797914717988183,0.012026834000000264
SGPTL,291,0.021749350395119604,0.004797914717988183,0.012064042000000441
SGPTL,292,0.020887216493356675,0.004797914717988183,0.01211554200000009
SGPTL,293,0.020107598639981017,0.004797914717988183,0.012157334000000297
SGPTL,294,0.019523161617911455,0.004797914717988183,0.012202583999999739
SGPTL,295,0.01741474338523097,0.004797914717988183,0.012250041999999794
SGPTL,296,0.016083595606957157,0.004797914717988183,0.01231008400000011
SGPTL,297,0.015097087224120509,0.004797914717988183,0.012356209000000007
SGPTL,298,0.014076704069825308,0.004797914717988183,0.01239462499999977
SGPTL,299,0.014591763109289335,0.004797914717988183,0.012433917000000072
SGPTL,300,0.01404699235582263,0.004797914717988183,0.012472791999999622
SGPTL,301,0.014043586010781706,0.004797914717988183,0.012513417000000082
SGPTL,302,0.013228636829070384,0.004797914717988183,0.012552042000000263
SGPTL,303,0.01285724241094477,0.004797914717988183,0.012596375000000215
SGPTL,304,0.013135172848287135,0.004797914717988183,0.012636374999999589
SGPTL,305,0.012948919162048655,0.004797914717988183,0.012673834000000106
SGPTL,306,0.012623817555315497,0.004797914717988183,0.012712375000000442
SGPTL,307,0.01269446981767075,0.004797914717988183,0.012749834000000071
SGPTL,308,0.013189300150926231,0.004797914717988183,0.012788916999999955
SGPTL,309,0.012900186425647497,0.004797914717988183,0.012832208999999928
SGPTL,310,0.012577503446692617,0.004797914717988183,0.012873083999999757
SGPTL,311,0.012815571548943527,0.004797914717988183,0.012911292000000074
SGPTL,312,0.013119717507453998,0.004797914717988183,0.012949959000000177
SGPTL,313,0.012871042348363115,0.004797914717988183,0.012987500000000374
SGPTL,314,0.012030113028793199,0.004797914717988183,0.013025416999999706
SGPTL,315,0.012092120592678057,0.004797914717988183,0.013064542000000401
SGPTL,316,0.012408861497940071,0.004797914717988183,0.013101791999999612
SGPTL,317,0.013897268587812928,0.004797914717988183,0.013141250000000326
SGPTL,318,0.015970909413426604,0.004797914717988183,0.013181334000000433
SGPTL,319,0.014983973444854914,0.004797914717988183,0.013219084000000159
SGPTL,320,0.014307764447565097,0.004797914717988183,0.013258541999999984
SGPTL,321,0.013936419375537135,0.004797914717988183,0.013300584000000448
SGPTL,322,0.013660341853726665,0.004797914717988183,0.01333887499999964
SGPTL,323,0.013901025410680834,0.004797914717988183,0.013377709000000237
SGPTL,324,0.014459982772204505,0.004797914717988183,0.01341570900000022
SGPTL,325,0.014985054603377401,0.004797914717988183,0.013455459000000225
SGPTL,326,0.015154967634793737,0.004797914717988183,0.013493375000000363
SGPTL,327,0.016473375941710167,0.004797914717988183,0.013529959000000424
SGPTL,328,0.0168751483451679,0.004797914717988183,0.01356875000000013
SGPTL,329,0.01684482580976754,0.004797914717988183,0.013606042000000151
SGPTL,330,0.01828673196994446,0.004797914717988183,0.013642667000000053
SGPTL,331,0.018955893673218815,0.004797914717988183,0.013681000000000054
SGPTL,332,0.016433207358283797,0.004797914717988183,0.013718333999999999
SGPTL,333,0.016144286894778315,0.004797914717988183,0.013755084000000473
SGPTL,334,0.01605048136180076,0.004797914717988183,0.013793459000000396
SGPTL,335,0.016239129995144985,0.004797914717988183,0.013830958999999865
SGPTL,336,0.015939894246643327,0.004797914717988183,0.013870167000000322
SGPTL,337,0.01529865758162896,0.004797914717988183,0.013909875000000405
SGPTL,338,0.015873165683564894,0.004797914717988183,0.013948334000000173
SGPTL,339,0.016299174249488235,0.004797914717988183,0.013987667000000314
SGPTL,340,0.016504578725319963,0.004797914717988183,0.014026958999999728
SGPTL,341,0.016188638325739024,0.004797914717988183,0.014065125000000123
SGPTL,342,0.01541660906661102,0.004797914717988183,0.01410462499999987
SGPTL,343,0.01490212377202349,0.004797914717988183,0.014142333999999757
SGPTL,344,0.013708895448465874,0.004797914717988183,0.014181333999999879
SGPTL,345,0.01357067461104311,0.004797914717988183,0.014218542000000056
SGPTL,346,0.015054878769964475,0.004797914717988183,0.014256834000000218
SGPTL,347,0.016870745099550444,0.004797914717988183,0.014293583999999804
SGPTL,348,0.018309213041315386,0.004797914717988183,0.014330625000000374
SGPTL,349,0.01712132725151294,0.004797914717988183,0.014369208999999827
SGPTL,350,0.015511151550608115,0.004797914717988183,0.01440691699999963
SGPTL,351,0.015188915771759293,0.004797914717988183,0.014444791999999929
SGPTL,352,0.014618433014939258,0.004797914717988183,0.014481625000000165
SGPTL,353,0.01310782825263579,0.004797914717988183,0.014520584000000447
SGPTL,354,0.011093267114406835,0.004797914717988183,0.014561249999999859
SGPTL,355,0.009933418261866,0.004797914717988183,0.014599209000000002
SGPTL,356,0.009475671682602105,0.004797914717988183,0.014637167000000062
SGPTL,357,0.008640571897275073,0.004797914717988183,0.014675167000000044
SGPTL,358,0.007666214877293243,0.004797914717988183,0.014712042000000203
SGPTL,359,0.00696869178118531,0.004797914717988183,0.014750292000000442
SGPTL,360,0.00638763489917249,0.004797914717988183,0.014788166999999852
SGPTL,361,0.0058749038883545435,0.004797914717988183,0.01482775000000025
SGPTL,362,0.005536228028956369,0.004797914717988183,0.014864667000000331
SGPTL,363,0.005118997421501792,0.004797914717988183,0.014906083999999709
SGPTL,364,0.004850233629332568,0.004797914717988183,0.014963416999999701
SGPTL,365,0.00456585343016469,0.00456585343016469,0.01500458399999971
SGPTL,366,0.004285770415279444,0.004285770415279444,0.015044792000000307
SGPTL,367,0.004056207023210856,0.004056207023210856,0.015098499999999682
SGPTL,368,0.003890175860238987,0.003890175860238987,0.015136791999999843
SGPTL,369,0.003704130456640309,0.003704130456640309,0.015174374999999962
SGPTL,370,0.0035001388767663677,0.0035001388767663677,0.015213541999999691
SGPTL,371,0.0032823063874156677,0.0032823063874156677,0.01525179199999993
SGPTL,372,0.0030816061677683138,0.0030816061677683138,0.015290084000000093
SGPTL,373,0.002905918442642319,0.002905918442642319,0.015327083999999935
SGPTL,374,0.002708114294131647,0.002708114294131647,0.015365667000000194
SGPTL,375,0.002647482422396319,0.002647482422396319,0.015403499999999681
SGPTL,376,0.002708428164531984,0.002647482422396319,0.015460458999999815
SGPTL,377,0.0027871886972701265,0.002647482422396319,0.015498166999999619
SGPTL,378,0.0030509267826857034,0.002647482422396319,0.015536959000000294
SGPTL,379,0.003357958398538141,0.002647482422396319,0.015573959000000137
SGPTL,380,0.003761087000465624,0.002647482422396319,0.01561195900000012
SGPTL,381,0.004454653198464831,0.002647482422396319,0.01565120899999961
SGPTL,382,0.004999816731653173,0.002647482422396319,0.015689375000000005
SGPTL,383,0.0051537461106234694,0.002647482422396319,0.01572779199999985
SGPTL,384,0.00608700522771688,0.002647482422396319,0.015766458999999955
SGPTL,385,0.0074047529379055455,0.002647482422396319,0.015804166999999758
SGPTL,386,0.00843913323498291,0.002647482422396319,0.015842042000000056
SGPTL,387,0.008720195367838857,0.002647482422396319,0.015879209000000394
SGPTL,388,0.009023575437468345,0.002647482422396319,0.015917625000000157
SGPTL,389,0.010582756222369039,0.002647482422396319,0.015956749999999964
SGPTL,390,0.01200892348350191,0.002647482422396319,0.015994000000000064
SGPTL,391,0.012752337208095987,0.002647482422396319,0.016045791999999892
SGPTL,392,0.014852066639799766,0.002647482422396319,0.0160859999999996
SGPTL,393,0.015570387052274315,0.002647482422396319,0.01612491699999996
SGPTL,394,0.015374936439789488,0.002647482422396319,0.01616483400000046
SGPTL,395,0.017521689398615647,0.002647482422396319,0.016200875000000003
SGPTL,396,0.017056891467143842,0.002647482422396319,0.01623804200000034
SGPTL,397,0.018097905247374424,0.002647482422396319,0.016276333999999615
SGPTL,398,0.019716176218233183,0.002647482422396319,0.016313958999999656
SGPTL,399,0.02224045143471365,0.002647482422396319,0.01635179200000003
SGPTL,400,0.021214454528327487,0.002647482422396319,0.016389541999999757
SGPTL,401,0.020382825107860825,0.002647482422396319,0.016448500000000088
SGPTL,402,0.02011979251521523,0.002647482422396319,0.01648912499999966
SGPTL,403,0.018735143864883508,0.002647482422396319,0.01652966700000036
SGPTL,404,0.01826032438111369,0.002647482422396319,0.01656758399999969
SGPTL,405,0.020429950384493356,0.002647482422396319,0.016606624999999653
SGPTL,406,0.021725846251383407,0.002647482422396319,0.016668959000000427
SGPTL,407,0.022423930832733197,0.002647482422396319,0.016706416999999973
SGPTL,408,0.021017355865216247,0.002647482422396319,0.01674362500000015
SGPTL,409,0.02069131170626104,0.002647482422396319,0.016781917000000313
SGPTL,410,0.02214471074874691,0.002647482422396319,0.016819833999999645
SGPTL,411,0.022530752183122615,0.002647482422396319,0.01685833400000014
SGPTL,412,0.020343689525856634,0.002647482422396319,0.016901708999999876
SGPTL,413,0.01846187659004661,0.002647482422396319,0.016940584000000314
SGPTL,414,0.018094996304664157,0.002647482422396319,0.016980499999999843
SGPTL,415,0.019249308363743056,0.002647482422396319,0.01701829200000038
SGPTL,416,0.01948348820816248,0.002647482422396319,0.017056583999999653
SGPTL,417,0.018176730771578775,0.002647482422396319,0.017095208999999834
SGPTL,418,0.01749801966844533,0.002647482422396319,0.017135542000000115
SGPTL,419,0.017526478274149104,0.002647482422396319,0.017173500000000175
SGPTL,420,0.018175736381255803,0.002647482422396319,0.01721254200000022
SGPTL,421,0.0186633397225624,0.002647482422396319,0.017251334000000007
SGPTL,422,0.019319695870187115,0.002647482422396319,0.017289833999999615
SGPTL,423,0.019847912867621442,0.002647482422396319,0.017328124999999694
SGPTL,424,0.01988288905347746,0.002647482422396319,0.01736558400000021
SGPTL,425,0.01983489688957918,0.002647482422396319,0.01740479199999978
SGPTL,426,0.01976497721723325,0.002647482422396319,0.017444583999999708
SGPTL,427,0.02043363546071708,0.002647482422396319,0.01748458399999997
SGPTL,428,0.020470642616701618,0.002647482422396319,0.017524333999999975
SGPTL,429,0.021604083043913036,0.002647482422396319,0.017562333999999957
SGPTL,430,0.021325927931433064,0.002647482422396319,0.017600834000000454
SGPTL,431,0.020476684356350194,0.002647482422396319,0.017638416999999684
SGPTL,432,0.021692938495461167,0.002647482422396319,0.017676416999999667
SGPTL,433,0.02253672131791351,0.002647482422396319,0.017713958999999946
SGPTL,434,0.021510775401146542,0.002647482422396319,0.017752209000000185
SGPTL,435,0.020201909275757934,0.002647482422396319,0.017790125000000323
SGPTL,436,0.01977733595083353,0.002647482422396319,0.0178298339999996
SGPTL,437,0.02053205044727724,0.002647482422396319,0.01786808399999984
SGPTL,438,0.020419942092746446,0.002647482422396319,0.017906667000000098
SGPTL,439,0.02098293082356606,0.002647482422396319,0.01794399999999996
SGPTL,440,0.022226233216738667,0.002647482422396319,0.017981041999999725
SGPTL,441,0.022951381684087835,0.002647482422396319,0.018019041999999708
SGPTL,442,0.021314206811462677,0.002647482422396319,0.018056459000000302
SGPTL,443,0.02003619737779805,0.002647482422396319,0.018093709000000402
SGPTL,444,0.01966530431170832,0.002647482422396319,0.018132333999999695
SGPTL,445,0.019574119114798894,0.002647482422396319,0.018169417000000188
SGPTL,446,0.019134349957809826,0.002647482422396319,0.01820741700000017
SGPTL,447,0.017561724647626065,0.002647482422396319,0.018245792000000094
SGPTL,448,0.015593622231760529,0.002647482422396319,0.018283834
SGPTL,449,0.015223404166090138,0.002647482422396319,0.018321709000000297
SGPTL,450,0.014489861638639301,0.002647482422396319,0.018361459000000302
SGPTL,451,0.013840988345964478,0.002647482422396319,0.018399167000000105
SGPTL,452,0.013414502321767774,0.002647482422396319,0.01843587499999977
SGPTL,453,0.012442794176297234,0.002647482422396319,0.01847445900000011
SGPTL,454,0.011978156796609962,0.002647482422396319,0.018512375000000247
SGPTL,455,0.012208306365952382,0.002647482422396319,0.01854995900000045
SGPTL,456,0.01125326191261089,0.002647482422396319,0.018587416999999995
SGPTL,457,0.010905302899213876,0.002647482422396319,0.018631625000000263
SGPTL,458,0.01005975736769038,0.002647482422396319,0.018670166999999793
SGPTL,459,0.009387914416376875,0.002647482422396319,0.018709874999999876
SGPTL,460,0.009285271585139254,0.002647482422396319,0.018748125000000115
SGPTL,461,0.008763041259369775,0.002647482422396319,0.018787291999999844
SGPTL,462,0.008203054800590692,0.002647482422396319,0.018831459000000272
SGPTL,463,0.00774728642624356,0.002647482422396319,0.01886862499999964
SGPTL,464,0.007402702165303809,0.002647482422396319,0.01890724999999982
SGPTL,465,0.007420763989663737,0.002647482422396319,0.018944417000000158
SGPTL,466,0.0077424449825960195,0.002647482422396319,0.018981166999999743
SGPTL,467,0.007642605847466566,0.002647482422396319,0.019019541999999667
SGPTL,468,0.007399801959335761,0.002647482422396319,0.019057416999999965
SGPTL,469,0.007017743309993829,0.002647482422396319,0.01909649999999985
SGPTL,470,0.006837007042969523,0.002647482422396319,0.01913475000000009
SGPTL,471,0.006765212316316216,0.002647482422396319,0.019174167000000075
SGPTL,472,0.0063418245910285,0.002647482422396319,0.019213125000000275
SGPTL,473,0.005866635144534671,0.002647482422396319,0.019251041999999607
SGPTL,474,0.005724572408610129,0.002647482422396319,0.019291083999999792
SGPTL,475,0.005674204501382674,0.002647482422396319,0.019329124999999614
SGPTL,476,0.005568838497965967,0.002647482422396319,0.01936720900000033
SGPTL,477,0.005716547200691036,0.002647482422396319,0.019405209000000312
SGPTL,478,0.005442608897336054,0.002647482422396319,0.019441999999999737
SGPTL,479,0.005036717497384879,0.002647482422396319,0.019480624999999918
SGPTL,480,0.004943515463598613,0.002647482422396319,0.01951791699999994
SGPTL,481,0.0046246727166252555,0.002647482422396319,0.01955708399999967
SGPTL,482,0.004556459334181584,0.002647482422396319,0.019594209000000085
SGPTL,483,0.004590950747400679,0.002647482422396319,0.019632708999999693
SGPTL,484,0.0044037960599587755,0.002647482422396319,0.019670042000000443
SGPTL,485,0.004318476339156385,0.002647482422396319,0.019709374999999696
SGPTL,486,0.003932438201203148,0.002647482422396319,0.019749166999999623
SGPTL,487,0.0036211349747086174,0.002647482422396319,0.019788874999999706
SGPTL,488,0.003274798928512901,0.002647482422396319,0.019827334000000363
SGPTL,489,0.0031141032525836554,0.002647482422396319,0.01986549999999987
SGPTL,490,0.003138643783947792,0.002647482422396319,0.019903625000000424
SGPTL,491,0.0031726497051534075,0.002647482422396319,0.01994200000000035
SGPTL,492,0.003301256741599534,0.002647482422396319,0.019980084000000176
SGPTL,493,0.003580175920609996,0.002647482422396319,0.020018249999999682
SGPTL,494,0.00367538143397228,0.002647482422396319,0.020058167000000182
SGPTL,495,0.003715986917632863,0.002647482422396319,0.020096041999999592
SGPTL,496,0.0038350099223998235,0.002647482422396319,0.02013529199999997
SGPTL,497,0.003930899809427846,0.002647482422396319,0.020172750000000406
SGPTL,498,0.0037814896805388187,0.002647482422396319,0.020211542000000193
SGPTL,499,0.003712028072461182,0.002647482422396319,0.02025291699999965
SGPTL,500,0.0033575790823405782,0.002647482422396319,0.02029224999999979
SGPTL,501,0.0034112303062303617,0.002647482422396319,0.020332333999999896
SGPTL,502,0.003321530388360028,0.002647482422396319,0.020372000000000057
SGPTL,503,0.0031929120049269955,0.002647482422396319,0.02041037499999998
SGPTL,504,0.0031919834463414176,0.002647482422396319,0.02044954199999971
SGPTL,505,0.003376592222980257,0.002647482422396319,0.02048887499999985
SGPTL,506,0.0036314503984502533,0.002647482422396319,0.020526292000000446
SGPTL,507,0.003731201503555548,0.002647482422396319,0.02056570900000043
SGPTL,508,0.004067776196571948,0.002647482422396319,0.020605459000000437
SGPTL,509,0.004232226044926346,0.002647482422396319,0.020642750000000376
SGPTL,510,0.003924699444135316,0.002647482422396319,0.020679874999999903
SGPTL,511,0.0038651315776627726,0.002647482422396319,0.020718249999999827
SGPTL,512,0.003735174691115173,0.002647482422396319,0.020755667000000422
SGPTL,513,0.0036438344468168182,0.002647482422396319,0.020793667000000404
SGPTL,514,0.0034832239921211983,0.002647482422396319,0.02083041699999999
SGPTL,515,0.003234319385209794,0.002647482422396319,0.020868625000000307
SGPTL,516,0.0032373581179183653,0.002647482422396319,0.020905875000000407
SGPTL,517,0.0034332135839418854,0.002647482422396319,0.020945084000000058
SGPTL,518,0.003762869341069397,0.002647482422396319,0.020981959000000217
SGPTL,519,0.004077830979888564,0.002647482422396319,0.021031041999999722
SGPTL,520,0.004282860573470826,0.002647482422396319,0.02108262500000002
SGPTL,521,0.0042606428853739775,0.002647482422396319,0.021132917000000084
SGPTL,522,0.004102091894899296,0.002647482422396319,0.021175166999999995
SGPTL,523,0.0037976709082925275,0.002647482422396319,0.021213709000000414
SGPTL,524,0.0034873828210917335,0.002647482422396319,0.021260333999999936
SGPTL,525,0.0034323156793798493,0.002647482422396319,0.021330625000000047
SGPTL,526,0.0036302489222632683,0.002647482422396319,0.02137683399999979
SGPTL,527,0.0037008547353234444,0.002647482422396319,0.021437999999999846
SGPTL,528,0.0039814371241613244,0.002647482422396319,0.021480500000000013
SGPTL,529,0.004448931924427857,0.002647482422396319,0.021523334000000283
SGPTL,530,0.004687760002653807,0.002647482422396319,0.021582208999999963
SGPTL,531,0.004815347995536179,0.002647482422396319,0.021625124999999912
SGPTL,532,0.004851402079064204,0.002647482422396319,0.02166266700000019
SGPTL,533,0.005050710679858739,0.002647482422396319,0.021703459000000258
SGPTL,534,0.00454712670702051,0.002647482422396319,0.021751584000000435
SGPTL,535,0.0042948946695471335,0.002647482422396319,0.021793125000000302
SGPTL,536,0.004007352625810423,0.002647482422396319,0.021834416999999995
SGPTL,537,0.0038253783729373936,0.002647482422396319,0.021885292000000334
SGPTL,538,0.00374826661533878,0.002647482422396319,0.021927291999999987
SGPTL,539,0.003711142774354581,0.002647482422396319,0.021967917000000448
SGPTL,540,0.0038623837417619544,0.002647482422396319,0.022008333999999685
SGPTL,541,0.00424882197031673,0.002647482422396319,0.0220477920000004
SGPTL,542,0.004507228143142639,0.002647482422396319,0.02209112500000021
SGPTL,543,0.0050779202804149826,0.002647482422396319,0.022130083999999606
SGPTL,544,0.005373735893629661,0.002647482422396319,0.02217025000000028
SGPTL,545,0.004997155005679099,0.002647482422396319,0.022211375000000366
SGPTL,546,0.004967626351488619,0.002647482422396319,0.022252167000000433
SGPTL,547,0.004501720041798274,0.002647482422396319,0.022294167000000087
SGPTL,548,0.0045137192469741905,0.002647482422396319,0.022335041999999916
SGPTL,549,0.004394122795174482,0.002647482422396319,0.02237512499999994
SGPTL,550,0.004198702728342996,0.002647482422396319,0.022416792000000463
SGPTL,551,0.004060317760910648,0.002647482422396319,0.02245629200000021
SGPTL,552,0.003930042309352011,0.002647482422396319,0.022495334000000256
SGPTL,553,0.004150606369270671,0.002647482422396319,0.0225360840000004
SGPTL,554,0.004517453307381292,0.002647482422396319,0.02257599999999993
SGPTL,555,0.004572594596820689,0.002647482422396319,0.022616667000000312
SGPTL,556,0.004859918600662594,0.002647482422396319,0.022654959000000474
SGPTL,557,0.005176390600603931,0.002647482422396319,0.022694999999999688
SGPTL,558,0.004984003272095361,0.002647482422396319,0.022762166999999778
SGPTL,559,0.0046978707165850064,0.002647482422396319,0.02280345900000036
SGPTL,560,0.0043092206635466646,0.002647482422396319,0.022843250000000204
SGPTL,561,0.004142018974248707,0.002647482422396319,0.022883458999999995
SGPTL,562,0.0037344629855409206,0.002647482422396319,0.022922958999999743
SGPTL,563,0.0037574597924381337,0.002647482422396319,0.02296250000000022
SGPTL,564,0.003820263805351498,0.002647482422396319,0.02300141699999969
SGPTL,565,0.003864553677838778,0.002647482422396319,0.023042541999999777
SGPTL,566,0.0038482227548852777,0.002647482422396319,0.023083875000000198
SGPTL,567,0.003872756900347163,0.002647482422396319,0.023123334000000106
SGPTL,568,0.0040066255982402765,0.002647482422396319,0.023162874999999694
SGPTL,569,0.004275973646844511,0.002647482422396319,0.023203249999999898
SGPTL,570,0.004342235265363481,0.002647482422396319,0.023242749999999646
SGPTL,571,0.004546602453989079,0.002647482422396319,0.02328170899999993
SGPTL,572,0.0044460945744719815,0.002647482422396319,0.023321625000000346
SGPTL,573,0.004038403709917038,0.002647482422396319,0.023363250000000058
SGPTL,574,0.0037675181618337383,0.002647482422396319,0.02340258400000028
SGPTL,575,0.003847060943420244,0.002647482422396319,0.02344208400000003
SGPTL,576,0.0039461446478119555,0.002647482422396319,0.02348295899999986
SGPTL,577,0.0040697826056579345,0.002647482422396319,0.023523041999999883
SGPTL,578,0.004034291913479038,0.002647482422396319,0.023562667000000204
SGPTL,579,0.0037702080628281287,0.002647482422396319,0.02360179200000001
SGPTL,580,0.0036266314210540163,0.002647482422396319,0.023643083999999703
SGPTL,581,0.0034651547260939886,0.002647482422396319,0.023682374999999922
SGPTL,582,0.0036014512059696635,0.002647482422396319,0.02372183399999983
SGPTL,583,0.0036812448266101416,0.002647482422396319,0.023761999999999617
SGPTL,584,0.003985472296476722,0.002647482422396319,0.023802833999999606
SGPTL,585,0.004091878929044501,0.002647482422396319,0.02384391699999977
SGPTL,586,0.004072526681273558,0.002647482422396319,0.023883417000000406
SGPTL,587,0.004226838432029423,0.002647482422396319,0.02392479199999986
SGPTL,588,0.0044902818246508325,0.002647482422396319,0.023963874999999746
SGPTL,589,0.004753081253232594,0.002647482422396319,0.024004041999999615
SGPTL,590,0.004431810627989918,0.002647482422396319,0.024043625000000013
SGPTL,591,0.004613944719956908,0.002647482422396319,0.024083292000000256
SGPTL,592,0.00435884598386016,0.002647482422396319,0.02412275000000008
SGPTL,593,0.004464533576908236,0.002647482422396319,0.02416358400000007
SGPTL,594,0.004967953780005585,0.002647482422396319,0.024203334000000076
SGPTL,595,0.005419181822354124,0.002647482422396319,0.02424312499999992
SGPTL,596,0.005227817774128285,0.002647482422396319,0.02428275000000024
SGPTL,597,0.005272152822826559,0.002647482422396319,0.024322333999999834
SGPTL,598,0.004776683747154564,0.002647482422396319,0.024362041999999917
SGPTL,599,0.004435900855141561,0.002647482422396319,0.024401541999999665
SGPTL,600,0.004275322432954143,0.002647482422396319,0.024441084000000224
SGPTL,601,0.004149820289490291,0.002647482422396319,0.024481959000000053
SGPTL,602,0.004003768143020947,0.002647482422396319,0.024521749999999898
SGPTL,603,0.0037941081930896736,0.002647482422396319,0.02456133400000038
SGPTL,604,0.003730123614182679,0.002647482422396319,0.02460191700000003
SGPTL,605,0.003934491312817201,0.002647482422396319,0.024641749999999796
SGPTL,606,0.0040698743296383455,0.002647482422396319,0.024682291999999606
SGPTL,607,0.004125973106714476,0.002647482422396319,0.024721167000000044
SGPTL,608,0.004319180518462362,0.002647482422396319,0.024760666999999792
SGPTL,609,0.004273928208753608,0.002647482422396319,0.024802042000000135
SGPTL,610,0.004071202098115512,0.002647482422396319,0.024841334000000437
SGPTL,611,0.0038983291372849393,0.002647482422396319,0.024880875000000024
SGPTL,612,0.004127752251512629,0.002647482422396319,0.024920458999999617
SGPTL,613,0.004013079344185044,0.002647482422396319,0.02495987500000041
SGPTL,614,0.004116102705271629,0.002647482422396319,0.02499908400000006
SGPTL,615,0.004128321913092536,0.002647482422396319,0.0250390420000004
SGPTL,616,0.003982094598859565,0.002647482422396319,0.025079791999999657
SGPTL,617,0.004068216020580939,0.002647482422396319,0.02511854200000041
SGPTL,618,0.004281214479717299,0.002647482422396319,0.025158334000000337
SGPTL,619,0.004270747561464283,0.002647482422396319,0.02519933399999985
SGPTL,620,0.004111586467034911,0.002647482422396319,0.02523862500000007
SGPTL,621,0.004086581688190094,0.002647482422396319,0.025277959000000294
SGPTL,622,0.004239779850408576,0.002647482422396319,0.025317375000000197
SGPTL,623,0.004422340173084072,0.002647482422396319,0.025356417000000242
SGPTL,624,0.004476957021319228,0.002647482422396319,0.025395875000000068
SGPTL,625,0.004452753423725531,0.002647482422396319,0.025435666999999995
SGPTL,626,0.004809717799655111,0.002647482422396319,0.025475000000000136
SGPTL,627,0.0045405551798576305,0.002647482422396319,0.02551458399999973
SGPTL,628,0.004216745443245795,0.002647482422396319,0.02555383400000011
SGPTL,629,0.0040916793680616514,0.002647482422396319,0.025593624999999953
SGPTL,630,0.004138906566312883,0.002647482422396319,0.025634667000000277
SGPTL,631,0.004164646202581279,0.002647482422396319,0.02567333400000038
SGPTL,632,0.003991179311962911,0.002647482422396319,0.025712167000000008
SGPTL,633,0.003982818540470223,0.002647482422396319,0.02575254200000021
SGPTL,634,0.0040832645978796656,0.002647482422396319,0.02579375000000006
SGPTL,635,0.004299520793980882,0.002647482422396319,0.025832417000000163
SGPTL,636,0.004287914862755038,0.002647482422396319,0.025871958999999833
SGPTL,637,0.0043573226179631774,0.002647482422396319,0.025913541999999623
SGPTL,638,0.004242692906431866,0.002647482422396319,0.025952916999999687
SGPTL,639,0.00423164880918514,0.002647482422396319,0.025992792000000264
SGPTL,640,0.0045951198115463665,0.002647482422396319,0.026031958999999993
SGPTL,641,0.004537133962916329,0.002647482422396319,0.02607116700000045
SGPTL,642,0.004573669156251459,0.002647482422396319,0.0261106670000002
SGPTL,643,0.004495345226703806,0.002647482422396319,0.02615024999999971
SGPTL,644,0.004474919594909199,0.002647482422396319,0.026189792000000267
SGPTL,645,0.004191984462694753,0.002647482422396319,0.026233000000000395
SGPTL,646,0.004152576499478533,0.002647482422396319,0.02627337499999971
SGPTL,647,0.0038501896373164257,0.002647482422396319,0.02631458399999964
SGPTL,648,0.0036605835339678094,0.002647482422396319,0.0263552090000001
SGPTL,649,0.0039403252155176816,0.002647482422396319,0.02639508399999979
SGPTL,650,0.003942536039794886,0.002647482422396319,0.026436417000000212
SGPTL,651,0.003969617764833622,0.002647482422396319,0.02647654200000016
SGPTL,652,0.004083102816033524,0.002647482422396319,0.02651745899999991
SGPTL,653,0.004648168422688448,0.002647482422396319,0.02655833399999974
SGPTL,654,0.005303448755737072,0.002647482422396319,0.026597917000000137
SGPTL,655,0.005339907809166933,0.002647482422396319,0.026637791999999827
SGPTL,656,0.005052834073549617,0.002647482422396319,0.026677208999999813
SGPTL,657,0.004892971391919909,0.002647482422396319,0.026718584000000156
SGPTL,658,0.003765569307517369,0.002647482422396319,0.026758124999999744
SGPTL,659,0.0038171979873098394,0.002647482422396319,0.02679716699999979
SGPTL,660,0.0038888979078182118,0.002647482422396319,0.026837541999999992
SGPTL,661,0.003948652631207583,0.002647482422396319,0.026877625000000016
SGPTL,662,0.004029912443956674,0.002647482422396319,0.026917416999999944
SGPTL,663,0.004191331800739828,0.002647482422396319,0.026961000000000013
SGPTL,664,0.004141268139071341,0.002647482422396319,0.027001667000000396
SGPTL,665,0.0038491238939599715,0.002647482422396319,0.02704041700000026
SGPTL,666,0.004057901166975242,0.002647482422396319,0.02707962499999983
SGPTL,667,0.003893628135876792,0.002647482422396319,0.02711945899999968
SGPTL,668,0.004044197426593232,0.002647482422396319,0.027160834000000023
SGPTL,669,0.0039975361901871675,0.002647482422396319,0.027200500000000183
SGPTL,670,0.003852068122261354,0.002647482422396319,0.027239875000000247
SGPTL,671,0.003983275391463703,0.002647482422396319,0.02727949999999968
SGPTL,672,0.003976277992137955,0.002647482422396319,0.027319291999999606
SGPTL,673,0.0043942329544452985,0.002647482422396319,0.02736037499999977
SGPTL,674,0.00486726693384032,0.002647482422396319,0.02739958400000031
SGPTL,675,0.004406530066818126,0.002647482422396319,0.027440624999999663
SGPTL,676,0.004439901218711073,0.002647482422396319,0.027481959000000167
SGPTL,677,0.004428893799584888,0.002647482422396319,0.027521292000000308
SGPTL,678,0.004605531788903328,0.002647482422396319,0.027560958999999663
SGPTL,679,0.00463057252688337,0.002647482422396319,0.0276004590000003
SGPTL,680,0.004358330995466231,0.002647482422396319,0.027639917000000125
SGPTL,681,0.0044207912302911545,0.002647482422396319,0.027679458999999795
SGPTL,682,0.004439656486661114,0.002647482422396319,0.0277192089999998
SGPTL,683,0.004346053339618905,0.002647482422396319,0.027769833999999882
SGPTL,684,0.004445827456733609,0.002647482422396319,0.027807791999999942
SGPTL,685,0.004420793565547143,0.002647482422396319,0.02784558399999959
SGPTL,686,0.0040632198219983096,0.002647482422396319,0.02788416699999985
SGPTL,687,0.0037452112446787478,0.002647482422396319,0.027922334000000326
SGPTL,688,0.003624568949539775,0.002647482422396319,0.027959874999999634
SGPTL,689,0.0034208635569576984,0.002647482422396319,0.027998458999999976
SGPTL,690,0.0030347351463961836,0.002647482422396319,0.028036084000000017
SGPTL,691,0.002699635862445815,0.002647482422396319,0.02807412499999984
SGPTL,692,0.002447607311385269,0.002447607311385269,0.028114249999999785
SGPTL,693,0.0022231786408897225,0.0022231786408897225,0.028154333999999892
SGPTL,694,0.0020377885202855772,0.0020377885202855772,0.0281934589999997
SGPTL,695,0.0018782593303376949,0.0018782593303376949,0.028232584000000394
SGPTL,696,0.0017851421318235694,0.0017851421318235694,0.028272792000000102
SGPTL,697,0.0017254862285083217,0.0017254862285083217,0.028311125000000104
SGPTL,698,0.0017490579409473739,0.0017254862285083217,0.02834916700000001
SGPTL,699,0.0018123507135778816,0.0017254862285083217,0.028388583999999994
SGPTL,700,0.001874469782642052,0.0017254862285083217,0.028428292000000077
SGPTL,701,0.0019577086466142646,0.0017254862285083217,0.028468833999999887
SGPTL,702,0.0020423539873002383,0.0017254862285083217,0.028507624999999592
SGPTL,703,0.0021706029100170277,0.0017254862285083217,0.02854612500000009
SGPTL,704,0.002387873865002055,0.0017254862285083217,0.028588458999999844
SGPTL,705,0.0024387374429248876,0.0017254862285083217,0.02864458400000025
SGPTL,706,0.002423036665259559,0.0017254862285083217,0.028684208999999683
SGPTL,707,0.0022802687220560003,0.0017254862285083217,0.028724000000000416
SGPTL,708,0.002253196201886132,0.0017254862285083217,0.0287613750000002
SGPTL,709,0.0022522115925600605,0.0017254862285083217,0.02879820899999963
SGPTL,710,0.0020600003102286824,0.0017254862285083217,0.028856042000000137
SGPTL,711,0.0019353604539373848,0.0017254862285083217,0.02889570900000038
SGPTL,712,0.001995207291549228,0.0017254862285083217,0.028934084000000304
SGPTL,713,0.002043613670900335,0.0017254862285083217,0.028973999999999833
SGPTL,714,0.0023174084304793396,0.0017254862285083217,0.029012333999999917
SGPTL,715,0.0026984122897431018,0.0017254862285083217,0.029070625000000128
SGPTL,716,0.0030334068789530377,0.0017254862285083217,0.029108542000000348
SGPTL,717,0.003146524228609948,0.0017254862285083217,0.02914754200000047
SGPTL,718,0.003418700764294069,0.0017254862285083217,0.029185374999999958
SGPTL,719,0.003879430127392558,0.0017254862285083217,0.029225541999999827
SGPTL,720,0.0039004135223852376,0.0017254862285083217,0.029263874999999828
SGPTL,721,0.004353897780188909,0.0017254862285083217,0.029301042000000166
SGPTL,722,0.004723262600200506,0.0017254862285083217,0.029339249999999595
SGPTL,723,0.00448827481269376,0.0017254862285083217,0.02937858399999982
SGPTL,724,0.0044682132289091125,0.0017254862285083217,0.0294182919999999
SGPTL,725,0.005176757913372576,0.0017254862285083217,0.02945808399999983
SGPTL,726,0.0056705111957546794,0.0017254862285083217,0.029498583999999717
SGPTL,727,0.006262203239204123,0.0017254862285083217,0.029538500000000134
SGPTL,728,0.007168471119953779,0.0017254862285083217,0.029576792000000296
SGPTL,729,0.00770369320641251,0.0017254862285083217,0.029615999999999865
SGPTL,730,0.007722145851657647,0.0017254862285083217,0.02965504199999991
SGPTL,731,0.007319218502852998,0.0017254862285083217,0.029692917000000207
SGPTL,732,0.0068497383372636556,0.0017254862285083217,0.029732667000000212
SGPTL,733,0.006575106315919177,0.0017254862285083217,0.029770416999999938
SGPTL,734,0.006768915070891834,0.0017254862285083217,0.02980708399999976
SGPTL,735,0.0068773825047525605,0.0017254862285083217,0.029845625000000098
SGPTL,736,0.007381547802458144,0.0017254862285083217,0.029882834000000358
SGPTL,737,0.007753722985121669,0.0017254862285083217,0.02992220900000042
SGPTL,738,0.008418319297705867,0.0017254862285083217,0.029961916999999616
SGPTL,739,0.007865606311003859,0.0017254862285083217,0.030002125000000213
SGPTL,740,0.007517243086156089,0.0017254862285083217,0.030040417000000375
SGPTL,741,0.007564603187364405,0.0017254862285083217,0.030079374999999686
SGPTL,742,0.00731019027369606,0.0017254862285083217,0.030118791999999672
SGPTL,743,0.007032320193631314,0.0017254862285083217,0.030156875000000305
SGPTL,744,0.0074192842140679005,0.0017254862285083217,0.03019683399999984
SGPTL,745,0.008210701287846955,0.0017254862285083217,0.030234375000000036
SGPTL,746,0.007874705905187795,0.0017254862285083217,0.030273499999999842
SGPTL,747,0.007161677607955941,0.0017254862285083217,0.030313333999999692
SGPTL,748,0.0067709967020956885,0.0017254862285083217,0.03035320900000027
SGPTL,749,0.007440543864874805,0.0017254862285083217,0.030390417000000447
SGPTL,750,0.008690204737217488,0.0017254862285083217,0.03042879200000037
SGPTL,751,0.008831598628056492,0.0017254862285083217,0.03046599999999966
SGPTL,752,0.00821100132801078,0.0017254862285083217,0.0305052090000002
SGPTL,753,0.008223514720425484,0.0017254862285083217,0.030543333999999867
SGPTL,754,0.008183223566008868,0.0017254862285083217,0.030583209000000444
SGPTL,755,0.0083855603107994,0.0017254862285083217,0.03062337500000023
SGPTL,756,0.00833063358122077,0.0017254862285083217,0.030662750000000294
SGPTL,757,0.008306503170925073,0.0017254862285083217,0.030702125000000358
SGPTL,758,0.008127823538804924,0.0017254862285083217,0.03074041699999963
SGPTL,759,0.008505343604610083,0.0017254862285083217,0.03078029200000021
SGPTL,760,0.00909654145448302,0.0017254862285083217,0.03081816699999962
SGPTL,761,0.008687099444834034,0.0017254862285083217,0.030857959000000434
SGPTL,762,0.008387953099904477,0.0017254862285083217,0.030898209000000065
SGPTL,763,0.008562041984490953,0.0017254862285083217,0.030937250000000027
SGPTL,764,0.008292036723116736,0.0017254862285083217,0.030976083999999737
SGPTL,765,0.008296100513126348,0.0017254862285083217,0.031013374999999677
SGPTL,766,0.007941505485201006,0.0017254862285083217,0.031050000000000466
SGPTL,767,0.008153285433055713,0.0017254862285083217,0.031088333999999662
SGPTL,768,0.007926358033073733,0.0017254862285083217,0.0311256249999996
SGPTL,769,0.0076490109775919635,0.0017254862285083217,0.03116216699999974
SGPTL,770,0.007821616126146846,0.0017254862285083217,0.0312001249999998
SGPTL,771,0.007774671177076531,0.0017254862285083217,0.031237500000000473
SGPTL,772,0.007445203954482782,0.0017254862285083217,0.03127658400000044
SGPTL,773,0.007573493669248199,0.0017254862285083217,0.03131383399999965
SGPTL,774,0.008032517991765076,0.0017254862285083217,0.03135216699999965
SGPTL,775,0.00884419685145188,0.0017254862285083217,0.031390209000000446
SGPTL,776,0.008828609729718107,0.0017254862285083217,0.03143024999999966
SGPTL,777,0.00824842885562127,0.0017254862285083217,0.03146845900000006
SGPTL,778,0.008822492704262608,0.0017254862285083217,0.03150658399999973
SGPTL,779,0.008858123486576108,0.0017254862285083217,0.031543833999999826
SGPTL,780,0.008312620376233593,0.0017254862285083217,0.0315822920000004
SGPTL,781,0.007823934142305866,0.0017254862285083217,0.03161945899999985
SGPTL,782,0.007325504914769798,0.0017254862285083217,0.03165770900000009
SGPTL,783,0.006981031467223842,0.0017254862285083217,0.03169608400000001
SGPTL,784,0.007146265597330448,0.0017254862285083217,0.03173724999999994
SGPTL,785,0.007577726143072061,0.0017254862285083217,0.03177712499999963
SGPTL,786,0.007858073378510966,0.0017254862285083217,0.031815584000000285
SGPTL,787,0.008058315876826816,0.0017254862285083217,0.031853875000000365
SGPTL,788,0.008493375282068838,0.0017254862285083217,0.031894750000000194
SGPTL,789,0.007971846533975757,0.0017254862285083217,0.031936334000000066
SGPTL,790,0.008033939997819317,0.0017254862285083217,0.03197433400000005
SGPTL,791,0.008129628691376789,0.0017254862285083217,0.03201220900000035
SGPTL,792,0.008706056931643058,0.0017254862285083217,0.03205162500000025
SGPTL,793,0.007994831191187046,0.0017254862285083217,0.03209183400000004
SGPTL,794,0.007537529107946472,0.0017254862285083217,0.03213079200000024
SGPTL,795,0.008114893745088558,0.0017254862285083217,0.03216937499999961
SGPTL,796,0.008337536256519451,0.0017254862285083217,0.032208041999999715
SGPTL,797,0.008095368571226835,0.0017254862285083217,0.03224591700000001
SGPTL,798,0.008030648008525265,0.0017254862285083217,0.032285625000000095
SGPTL,799,0.008192500168732852,0.0017254862285083217,0.03232466700000014
SGPTL,800,0.00837352827839366,0.0017254862285083217,0.03236616700000017
SGPTL,801,0.008939070793741788,0.0017254862285083217,0.03240587500000025
SGPTL,802,0.00885960878039227,0.0017254862285083217,0.03244374999999966
SGPTL,803,0.008364812956753287,0.0017254862285083217,0.03248166699999988
SGPTL,804,0.007619851077443451,0.0017254862285083217,0.03251824999999986
SGPTL,805,0.008314297283931182,0.0017254862285083217,0.0325565000000001
SGPTL,806,0.008203871265552554,0.0017254862285083217,0.032593916999999806
SGPTL,807,0.007542165788744226,0.0017254862285083217,0.03263162499999961
SGPTL,808,0.007752029771102675,0.0017254862285083217,0.03266837500000008
SGPTL,809,0.007809174104191019,0.0017254862285083217,0.03270679199999993
SGPTL,810,0.007552464564362982,0.0017254862285083217,0.03274404200000003
SGPTL,811,0.007902219833128221,0.0017254862285083217,0.03278458399999984
SGPTL,812,0.008452570377849078,0.0017254862285083217,0.03282287499999992
SGPTL,813,0.008246931898492793,0.0017254862285083217,0.032861958999999885
SGPTL,814,0.008632525110700895,0.0017254862285083217,0.03290108399999969
SGPTL,815,0.008103099784714018,0.0017254862285083217,0.032939791999999635
SGPTL,816,0.008201936265074261,0.0017254862285083217,0.03297958400000045
SGPTL,817,0.008725681079031933,0.0017254862285083217,0.033016959000000234
SGPTL,818,0.008145142375751258,0.0017254862285083217,0.03305404199999984
SGPTL,819,0.0079655586060432,0.0017254862285083217,0.03309366700000016
SGPTL,820,0.007973364424314955,0.0017254862285083217,0.033131124999999706
SGPTL,821,0.007956502123354081,0.0017254862285083217,0.03316774999999961
SGPTL,822,0.00800213108860115,0.0017254862285083217,0.03320608399999969
SGPTL,823,0.007617606527268839,0.0017254862285083217,0.033243542000000126
SGPTL,824,0.007383883386400392,0.0017254862285083217,0.03328537500000017
SGPTL,825,0.007660986439580908,0.0017254862285083217,0.0333251670000001
SGPTL,826,0.007813428586431304,0.0017254862285083217,0.03336687500000046
SGPTL,827,0.007977356635624488,0.0017254862285083217,0.033408875000000116
SGPTL,828,0.008366997035455626,0.0017254862285083217,0.033447708999999826
SGPTL,829,0.008001594768587639,0.0017254862285083217,0.03348691700000028
SGPTL,830,0.007708008550183942,0.0017254862285083217,0.0335272919999996
SGPTL,831,0.008324137351285232,0.0017254862285083217,0.033566459000000215
SGPTL,832,0.008345210741652398,0.0017254862285083217,0.033619125000000416
SGPTL,833,0.008226029732943285,0.0017254862285083217,0.03365512500000012
SGPTL,834,0.007541915181379144,0.0017254862285083217,0.03369208400000012
SGPTL,835,0.00739471716833906,0.0017254862285083217,0.03373020899999979
SGPTL,836,0.007441051152630607,0.0017254862285083217,0.03376820899999977
SGPTL,837,0.007652496889370752,0.0017254862285083217,0.03380687499999979
SGPTL,838,0.007570355112320959,0.0017254862285083217,0.03384429200000039
SGPTL,839,0.007538775708468837,0.0017254862285083217,0.03388137499999999
SGPTL,840,0.007583899399033811,0.0017254862285083217,0.033919749999999915
SGPTL,841,0.0073405812760301,0.0017254862285083217,0.0339577499999999
SGPTL,842,0.007251043818648162,0.0017254862285083217,0.03401299999999985
SGPTL,843,0.008122415957253049,0.0017254862285083217,0.03405237499999991
SGPTL,844,0.00803969605221777,0.0017254862285083217,0.03409091700000033
SGPTL,845,0.0076759817878535586,0.0017254862285083217,0.03412945899999986
SGPTL,846,0.007428467863844768,0.0017254862285083217,0.034167375
SGPTL,847,0.0073962356809658125,0.0017254862285083217,0.034207125000000005
SGPTL,848,0.008272221627009024,0.0017254862285083217,0.034244709000000206
SGPTL,849,0.008702345077379103,0.0017254862285083217,0.03428179199999981
SGPTL,850,0.009146598329050626,0.0017254862285083217,0.03432020899999966
SGPTL,851,0.009144720932938277,0.0017254862285083217,0.03435800000000011
SGPTL,852,0.008328910151756741,0.0017254862285083217,0.03439625000000035
SGPTL,853,0.008029157188180314,0.0017254862285083217,0.03443345899999972
SGPTL,854,0.0076737040647545385,0.0017254862285083217,0.03447200000000006
SGPTL,855,0.007379685240581413,0.0017254862285083217,0.0345085420000002
SGPTL,856,0.007502586866226846,0.0017254862285083217,0.034547041999999806
SGPTL,857,0.007644226331103621,0.0017254862285083217,0.03459895900000021
SGPTL,858,0.007917911804466327,0.0017254862285083217,0.034639166999999915
SGPTL,859,0.007445819529045661,0.0017254862285083217,0.03467845900000022
SGPTL,860,0.007506241457887919,0.0017254862285083217,0.034715375000000215
SGPTL,861,0.007946096214836995,0.0017254862285083217,0.03475437500000034
SGPTL,862,0.008187644443355513,0.0017254862285083217,0.03479237500000032
SGPTL,863,0.007837235861454461,0.0017254862285083217,0.03483016699999997
SGPTL,864,0.007159729175338692,0.0017254862285083217,0.034868667000000464
SGPTL,865,0.007040636339376016,0.0017254862285083217,0.034906541999999874
SGPTL,866,0.006567676765745656,0.0017254862285083217,0.034944459000000094
SGPTL,867,0.005958874399252911,0.0017254862285083217,0.03498254199999984
SGPTL,868,0.00575974745964114,0.0017254862285083217,0.03502120899999994
SGPTL,869,0.00580732306128362,0.0017254862285083217,0.035058625000000454
SGPTL,870,0.005033392028914285,0.0017254862285083217,0.03509600000000024
SGPTL,871,0.004597652577748246,0.0017254862285083217,0.03513404200000014
SGPTL,872,0.004424979257748429,0.0017254862285083217,0.03517141699999993
SGPTL,873,0.0042969422584056005,0.0017254862285083217,0.03520912499999973
SGPTL,874,0.004190724950390745,0.0017254862285083217,0.03524695900000019
SGPTL,875,0.003789533782669663,0.0017254862285083217,0.03528516699999962
SGPTL,876,0.0033417608775223595,0.0017254862285083217,0.03532250000000037
SGPTL,877,0.0030216721253208956,0.0017254862285083217,0.03536154200000041
SGPTL,878,0.0027768434591062263,0.0017254862285083217,0.035399917000000336
SGPTL,879,0.0025571119887457527,0.0017254862285083217,0.03543800000000008
SGPTL,880,0.0023729312474563002,0.0017254862285083217,0.03547920900000001
SGPTL,881,0.002239079885037576,0.0017254862285083217,0.03551837499999966
SGPTL,882,0.002127042461506523,0.0017254862285083217,0.03555645900000037
SGPTL,883,0.0019838634767044283,0.0017254862285083217,0.03559537499999976
SGPTL,884,0.0018422285651773507,0.0017254862285083217,0.03563470899999999
SGPTL,885,0.001783471681656934,0.0017254862285083217,0.035672292000000105
SGPTL,886,0.0017022037759284459,0.0017022037759284459,0.035710833999999636
SGPTL,887,0.0016097126606424705,0.0016097126606424705,0.03575095900000047
SGPTL,888,0.001478450770853179,0.001478450770853179,0.035788709000000196
SGPTL,889,0.0013398180600465714,0.0013398180600465714,0.035825584000000354
SGPTL,890,0.0012652178223511168,0.0012652178223511168,0.035863917000000356
SGPTL,891,0.0012160650034414022,0.0012160650034414022,0.03590145899999975
SGPTL,892,0.0011826218352259943,0.0011826218352259943,0.03594079199999989
SGPTL,893,0.0011462226963494526,0.0011462226963494526,0.035979583999999676
SGPTL,894,0.0011072758005128414,0.0011072758005128414,0.03601804200000025
SGPTL,895,0.0010552478190697379,0.0010552478190697379,0.03605575000000005
SGPTL,896,0.001009192089690858,0.001009192089690858,0.03609412499999998
SGPTL,897,0.0009420837196134624,0.0009420837196134624,0.0361318749999997
SGPTL,898,0.0009457061034425784,0.0009420837196134624,0.03616991699999961
SGPTL,899,0.0010292135671807756,0.0009420837196134624,0.036207124999999785
SGPTL,900,0.0011516960217889949,0.0009420837196134624,0.036245375000000024
SGPTL,901,0.0012139832291246933,0.0009420837196134624,0.036282292000000105
SGPTL,902,0.0013461480197860531,0.0009420837196134624,0.03631974999999965
SGPTL,903,0.0014350209841895722,0.0009420837196134624,0.03635795900000005
SGPTL,904,0.0016275343800740139,0.0009420837196134624,0.036395749999999616
SGPTL,905,0.001808822283743794,0.0009420837196134624,0.036448000000000036
SGPTL,906,0.0018961636076459953,0.0009420837196134624,0.03648775000000004
SGPTL,907,0.002040481029515373,0.0009420837196134624,0.03652729199999971
SGPTL,908,0.0023074554982924766,0.0009420837196134624,0.03658591700000002
SGPTL,909,0.0024332098031889515,0.0009420837196134624,0.036626584000000406
SGPTL,910,0.0027450460856766057,0.0009420837196134624,0.03666458400000039
SGPTL,911,0.0029448593764780373,0.0009420837196134624,0.03670366700000027
SGPTL,912,0.003202468531864344,0.0009420837196134624,0.036742958999999686
SGPTL,913,0.003369351277288768,0.0009420837196134624,0.036777625000000036
SGPTL,914,0.003886549987504262,0.0009420837196134624,0.036817458999999886
SGPTL,915,0.004282260775925417,0.0009420837196134624,0.036858042000000424
SGPTL,916,0.004788952714013028,0.0009420837196134624,0.03689837499999982
SGPTL,917,0.005423192791244036,0.0009420837196134624,0.036935917000000096
SGPTL,918,0.0058898295261200495,0.0009420837196134624,0.036974083999999685
SGPTL,919,0.006479574550535272,0.0009420837196134624,0.03701116700000018
SGPTL,920,0.007510449292412291,0.0009420837196134624,0.037048666999999647
SGPTL,921,0.008795069539532241,0.0009420837196134624,0.037086834000000124
SGPTL,922,0.008944549137559044,0.0009420837196134624,0.037139749999999694
SGPTL,923,0.009533888137924995,0.0009420837196134624,0.037181999999999604
SGPTL,924,0.009306471851155518,0.0009420837196134624,0.037221624999999925
SGPTL,925,0.009196962798629249,0.0009420837196134624,0.03726004199999977
SGPTL,926,0.00812551095861136,0.0009420837196134624,0.03731599999999968
SGPTL,927,0.007989617738398902,0.0009420837196134624,0.037354750000000436
SGPTL,928,0.007973757706070339,0.0009420837196134624,0.03739229199999983
SGPTL,929,0.008125319423248456,0.0009420837196134624,0.037430459000000305
SGPTL,930,0.008592078866993091,0.0009420837196134624,0.037468792000000306
SGPTL,931,0.009028085768459926,0.0009420837196134624,0.03750587499999991
SGPTL,932,0.008723399080331262,0.0009420837196134624,0.037542625000000385
SGPTL,933,0.008362991834046873,0.0009420837196134624,0.03758091699999966
SGPTL,934,0.008896245470047637,0.0009420837196134624,0.037618042000000074
SGPTL,935,0.008964257447967139,0.0009420837196134624,0.03765508399999984
SGPTL,936,0.009377778182537266,0.0009420837196134624,0.037693209000000394
SGPTL,937,0.009125176981666705,0.0009420837196134624,0.037730167000000314
SGPTL,938,0.009234035012764874,0.0009420837196134624,0.037788041999999855
SGPTL,939,0.009789145007977229,0.0009420837196134624,0.037846541999999594
SGPTL,940,0.010267457830570592,0.0009420837196134624,0.03788662499999962
SGPTL,941,0.01107868041053961,0.0009420837196134624,0.037925333999999644
SGPTL,942,0.011082137609749632,0.0009420837196134624,0.03796479200000036
SGPTL,943,0.010999513736977606,0.0009420837196134624,0.03800408399999977
SGPTL,944,0.010019498579532993,0.0009420837196134624,0.03804229200000009
SGPTL,945,0.009782537924923673,0.0009420837196134624,0.0380824999999998
SGPTL,946,0.008445301197458122,0.0009420837196134624,0.0381207090000002
SGPTL,947,0.008219528569150425,0.0009420837196134624,0.0381601250000001
SGPTL,948,0.009298575209017113,0.0009420837196134624,0.03819862499999971
SGPTL,949,0.009939281259470967,0.0009420837196134624,0.038237708999999676
SGPTL,950,0.010566306009465176,0.0009420837196134624,0.03827691700000013
SGPTL,951,0.010527445926794332,0.0009420837196134624,0.03831483400000035
SGPTL,952,0.010668434365995072,0.0009420837196134624,0.03835458400000036
SGPTL,953,0.010072389694697481,0.0009420837196134624,0.03839233400000008
SGPTL,954,0.009884552726391105,0.0009420837196134624,0.038430292000000144
SGPTL,955,0.009570063982510923,0.0009420837196134624,0.03846750000000032
SGPTL,956,0.01008387389561305,0.0009420837196134624,0.038506083999999774
SGPTL,957,0.009743408372277162,0.0009420837196134624,0.03854325000000003
SGPTL,958,0.008973067401877088,0.0009420837196134624,0.03858120900000017
SGPTL,959,0.008960496225275394,0.0009420837196134624,0.038618209000000014
SGPTL,960,0.008987922441432428,0.0009420837196134624,0.038656542000000016
SGPTL,961,0.009179734491828295,0.0009420837196134624,0.038693709000000354
SGPTL,962,0.009512197764582897,0.0009420837196134624,0.038736375000000045
SGPTL,963,0.009568507515684388,0.0009420837196134624,0.03877341699999981
SGPTL,964,0.010080348926010174,0.0009420837196134624,0.038812166999999675
SGPTL,965,0.010849283690670841,0.0009420837196134624,0.03885062500000025
SGPTL,966,0.0112434467837641,0.0009420837196134624,0.03888908400000002
SGPTL,967,0.010164507966305969,0.0009420837196134624,0.038925917000000254
SGPTL,968,0.009753867015285245,0.0009420837196134624,0.03896437499999994
SGPTL,969,0.010142369797483397,0.0009420837196134624,0.03900225000000024
SGPTL,970,0.008884805046798228,0.0009420837196134624,0.039039666999999945
SGPTL,971,0.009189331579753768,0.0009420837196134624,0.03907850000000046
SGPTL,972,0.009077166780161905,0.0009420837196134624,0.039116833999999656
SGPTL,973,0.008391172707624017,0.0009420837196134624,0.0391561669999998
SGPTL,974,0.008697267770504835,0.0009420837196134624,0.03919587499999988
SGPTL,975,0.008958424136474408,0.0009420837196134624,0.03923504199999961
SGPTL,976,0.009007616149173225,0.0009420837196134624,0.03927441699999967
SGPTL,977,0.009778052980895069,0.0009420837196134624,0.03931258400000015
SGPTL,978,0.01043782541478011,0.0009420837196134624,0.03935054200000021
SGPTL,979,0.011420616926574922,0.0009420837196134624,0.03938866699999988
SGPTL,980,0.011474672771549344,0.0009420837196134624,0.039425459000000274
SGPTL,981,0.011531234315385053,0.0009420837196134624,0.039463792000000275
SGPTL,982,0.011508430999762176,0.0009420837196134624,0.039501042000000375
SGPTL,983,0.010376634985956201,0.0009420837196134624,0.039539000000000435
SGPTL,984,0.01000201200424744,0.0009420837196134624,0.039577249999999786
SGPTL,985,0.00945137898912396,0.0009420837196134624,0.039617459000000466
SGPTL,986,0.009262856879809211,0.0009420837196134624,0.03965574999999966
SGPTL,987,0.009421686450297173,0.0009420837196134624,0.03969508399999988
SGPTL,988,0.009656383532645307,0.0009420837196134624,0.0397331249999997
SGPTL,989,0.009767829347955281,0.0009420837196134624,0.03977258399999961
SGPTL,990,0.009870282866528246,0.0009420837196134624,0.03980987500000044
SGPTL,991,0.009689896272209175,0.0009420837196134624,0.03984808399999995
SGPTL,992,0.009741143420305631,0.0009420837196134624,0.039885250000000205
SGPTL,993,0.008833239072684629,0.0009420837196134624,0.03992429200000025
SGPTL,994,0.008866675662173362,0.0009420837196134624,0.03996225000000031
SGPTL,995,0.008945416180244692,0.0009420837196134624,0.04000049999999966
SGPTL,996,0.009314143762087612,0.0009420837196134624,0.040037542000000315
SGPTL,997,0.009086087553028754,0.0009420837196134624,0.04007558400000022
SGPTL,998,0.009208757751997254,0.0009420837196134624,0.0401138750000003
SGPTL,999,0.009464660361229171,0.0009420837196134624,0.04015183400000044
SGPTL,1000,0.009862381481437366,0.0009420837196134624,0.04018974999999969
SGPTL,1001,0.010479650449069622,0.0009420837196134624,0.04022962500000027
SGPTL,1002,0.011446543351763871,0.0009420837196134624,0.040267374999999994
SGPTL,1003,0.010203087213277895,0.0009420837196134624,0.040304292000000075
SGPTL,1004,0.009541124385047617,0.0009420837196134624,0.040341917000000116
SGPTL,1005,0.009573818294215997,0.0009420837196134624,0.04037954200000016
SGPTL,1006,0.009465644708122278,0.0009420837196134624,0.040416750000000334
SGPTL,1007,0.009749088974436937,0.0009420837196134624,0.04045508400000042
SGPTL,1008,0.009791545609025842,0.0009420837196134624,0.040492916999999906
SGPTL,1009,0.009881926484792913,0.0009420837196134624,0.040531167000000146
SGPTL,1010,0.009392995192738063,0.0009420837196134624,0.040569125000000206
SGPTL,1011,0.010042313875267439,0.0009420837196134624,0.04060850000000027
SGPTL,1012,0.009912153242257471,0.0009420837196134624,0.04064558399999996
SGPTL,1013,0.009569688253271869,0.0009420837196134624,0.04068404199999964
SGPTL,1014,0.009267614531362156,0.0009420837196134624,0.04072120899999998
SGPTL,1015,0.009326694251373668,0.0009420837196134624,0.04075920899999996
SGPTL,1016,0.008978709276564967,0.0009420837196134624,0.04079787499999998
SGPTL,1017,0.009198592808084882,0.0009420837196134624,0.04083570900000044
SGPTL,1018,0.009148572001042243,0.0009420837196134624,0.040873666999999614
SGPTL,1019,0.009227701424083357,0.0009420837196134624,0.04091179200000017
SGPTL,1020,0.010241563666056441,0.0009420837196134624,0.04095070899999964
SGPTL,1021,0.01112773875954609,0.0009420837196134624,0.040988834000000196
SGPTL,1022,0.011190736856421246,0.0009420837196134624,0.041028416999999706
SGPTL,1023,0.01119784824167347,0.0009420837196134624,0.04106791700000034
SGPTL,1024,0.0109218669185136,0.0009420837196134624,0.041106833999999814
SGPTL,1025,0.01014131303183019,0.0009420837196134624,0.04114820900000016
SGPTL,1026,0.01012780739298913,0.0009420837196134624,0.04118683400000034
SGPTL,1027,0.009039793281793385,0.0009420837196134624,0.041223750000000337
SGPTL,1028,0.008766739881758356,0.0009420837196134624,0.04126208400000042
SGPTL,1029,0.008345409055144914,0.0009420837196134624,0.04129929199999971
SGPTL,1030,0.008396322716277549,0.0009420837196134624,0.04133549999999975
SGPTL,1031,0.008738043895224479,0.0009420837196134624,0.041373667000000225
SGPTL,1032,0.009211894295234835,0.0009420837196134624,0.04141100000000009
SGPTL,1033,0.009445595651159433,0.0009420837196134624,0.04144770899999983
SGPTL,1034,0.010356558772390834,0.0009420837196134624,0.041485792000000465
SGPTL,1035,0.009223546199587318,0.0009420837196134624,0.04152262499999981
SGPTL,1036,0.008254391037797015,0.0009420837196134624,0.04155929199999964
SGPTL,1037,0.007820584710839462,0.0009420837196134624,0.0415972499999997
SGPTL,1038,0.007684309779207865,0.0009420837196134624,0.0416352919999996
SGPTL,1039,0.007133101808420861,0.0009420837196134624,0.041672375000000095
SGPTL,1040,0.0071278896064266295,0.0009420837196134624,0.04171749999999985
SGPTL,1041,0.007014272633715235,0.0009420837196134624,0.04175558399999968
SGPTL,1042,0.006726167652634452,0.0009420837196134624,0.04179358399999966
SGPTL,1043,0.006531848914587801,0.0009420837196134624,0.041830374999999975
SGPTL,1044,0.0060868031385512555,0.0009420837196134624,0.04186687500000019
SGPTL,1045,0.005853153693330837,0.0009420837196134624,0.04190499999999986
SGPTL,1046,0.005979766082036431,0.0009420837196134624,0.04194158399999992
SGPTL,1047,0.006238686599919552,0.0009420837196134624,0.04197970899999959
SGPTL,1048,0.0058271912198533116,0.0009420837196134624,0.042016916999999765
SGPTL,1049,0.005494807620163522,0.0009420837196134624,0.0420532920000003
SGPTL,1050,0.0054634277878022885,0.0009420837196134624,0.04209137500000004
SGPTL,1051,0.005400036987829759,0.0009420837196134624,0.04212820900000036
SGPTL,1052,0.005429333347876764,0.0009420837196134624,0.04216470899999969
SGPTL,1053,0.004996649553970389,0.0009420837196134624,0.04220279200000032
SGPTL,1054,0.0046495111841098336,0.0009420837196134624,0.04223991699999985
SGPTL,1055,0.004641587168899619,0.0009420837196134624,0.042276958999999614
SGPTL,1056,0.004685900681301591,0.0009420837196134624,0.04231508400000017
SGPTL,1057,0.004725497261989009,0.0009420837196134624,0.04235233400000027
SGPTL,1058,0.0044721195377110945,0.0009420837196134624,0.042390083999999995
SGPTL,1059,0.004287994788704674,0.0009420837196134624,0.042428375000000074
SGPTL,1060,0.0042722327692747974,0.0009420837196134624,0.04246570900000002
SGPTL,1061,0.004024219442153587,0.0009420837196134624,0.04250404200000002
SGPTL,1062,0.003607570532722537,0.0009420837196134624,0.04254200000000008
SGPTL,1063,0.0032715933849971623,0.0009420837196134624,0.04257987500000038
SGPTL,1064,0.0031370796487921737,0.0009420837196134624,0.04261637499999971
SGPTL,1065,0.003030692054813322,0.0009420837196134624,0.04265445900000042
SGPTL,1066,0.0030065057601638134,0.0009420837196134624,0.04269137500000042
SGPTL,1067,0.002866872741337456,0.0009420837196134624,0.04272791699999967
SGPTL,1068,0.002895118576512923,0.0009420837196134624,0.042766000000000304
SGPTL,1069,0.002856341776614091,0.0009420837196134624,0.042804541999999834
SGPTL,1070,0.0027821272016121945,0.0009420837196134624,0.04284491700000004
SGPTL,1071,0.0027634322045413384,0.0009420837196134624,0.042882333999999744
SGPTL,1072,0.0027678041120786645,0.0009420837196134624,0.04291954199999992
SGPTL,1073,0.0027426305516433658,0.0009420837196134624,0.04295779200000016
SGPTL,1074,0.002672667419316266,0.0009420837196134624,0.042994874999999766
SGPTL,1075,0.002610163475257332,0.0009420837196134624,0.04303120900000046
SGPTL,1076,0.0024554786097716885,0.0009420837196134624,0.04306945899999981
SGPTL,1077,0.002395046045348792,0.0009420837196134624,0.04310641699999973
SGPTL,1078,0.0023594502191308653,0.0009420837196134624,0.04314295899999987
SGPTL,1079,0.002365051060559953,0.0009420837196134624,0.043180792000000245
SGPTL,1080,0.0024283817564261234,0.0009420837196134624,0.04321779200000009
SGPTL,1081,0.0023375342223213025,0.0009420837196134624,0.043254208999999655
SGPTL,1082,0.002126314557302056,0.0009420837196134624,0.04329195900000027
SGPTL,1083,0.0019372546830553894,0.0009420837196134624,0.04332945899999974
SGPTL,1084,0.0018401952897897367,0.0009420837196134624,0.04336854199999962
SGPTL,1085,0.0018837954221055941,0.0009420837196134624,0.043406000000000056
SGPTL,1086,0.001915792204302491,0.0009420837196134624,0.04344558399999965
SGPTL,1087,0.0019303207552838764,0.0009420837196134624,0.0434829170000004
SGPTL,1088,0.0018315756562048424,0.0009420837196134624,0.04351941699999973
SGPTL,1089,0.0017615501710739334,0.0009420837196134624,0.04355925000000038
SGPTL,1090,0.0017021307394018415,0.0009420837196134624,0.04359837500000019
SGPTL,1091,0.0016948868294681674,0.0009420837196134624,0.043635791999999896
SGPTL,1092,0.0016539712873038237,0.0009420837196134624,0.04367387499999964
SGPTL,1093,0.0015198656312553904,0.0009420837196134624,0.043710625000000114
SGPTL,1094,0.0014884149498497479,0.0009420837196134624,0.043747250000000015
SGPTL,1095,0.0015681335792074869,0.0009420837196134624,0.04378554200000018
SGPTL,1096,0.0015754619053121033,0.0009420837196134624,0.04382262499999978
SGPTL,1097,0.0014870608676562647,0.0009420837196134624,0.04386041700000032
SGPTL,1098,0.0014329006062001604,0.0009420837196134624,0.04389850000000006
SGPTL,1099,0.0014465048935088376,0.0009420837196134624,0.04393524999999965
SGPTL,1100,0.0015259549025306018,0.0009420837196134624,0.04397191700000036
SGPTL,1101,0.0015853934252547663,0.0009420837196134624,0.04401025000000036
SGPTL,1102,0.0015437159046776117,0.0009420837196134624,0.044047625000000146
SGPTL,1103,0.0014097719343373338,0.0009420837196134624,0.04408583399999966
SGPTL,1104,0.0014251607359732077,0.0009420837196134624,0.044122500000000286
SGPTL,1105,0.0015554774751040945,0.0009420837196134624,0.04416054200000019
SGPTL,1106,0.001638112498124178,0.0009420837196134624,0.044197624999999796
SGPTL,1107,0.0017229473936506423,0.0009420837196134624,0.044234166999999935
SGPTL,1108,0.0016121258835251062,0.0009420837196134624,0.0442724590000001
SGPTL,1109,0.0014666472077926596,0.0009420837196134624,0.04431054199999984
SGPTL,1110,0.0013387580387482778,0.0009420837196134624,0.044347959000000436
SGPTL,1111,0.001260294765642378,0.0009420837196134624,0.044384458999999765
SGPTL,1112,0.0011994129168426682,0.0009420837196134624,0.04442262500000016
SGPTL,1113,0.0012755536486066532,0.0009420837196134624,0.04446054200000038
SGPTL,1114,0.0013463419630910245,0.0009420837196134624,0.044498584000000285
SGPTL,1115,0.0014630018273624756,0.0009420837196134624,0.04453533399999987
SGPTL,1116,0.0015121048316824037,0.0009420837196134624,0.04457183400000009
SGPTL,1117,0.0016407322753282383,0.0009420837196134624,0.044609709000000386
SGPTL,1118,0.0016132104967274685,0.0009420837196134624,0.04464649999999981
SGPTL,1119,0.0015151255068823755,0.0009420837196134624,0.04468358400000039
SGPTL,1120,0.0014407205032449522,0.0009420837196134624,0.04472158400000037
SGPTL,1121,0.0013510017723834533,0.0009420837196134624,0.04475820900000027
SGPTL,1122,0.0013018301918903408,0.0009420837196134624,0.04479570899999974
SGPTL,1123,0.0012899721351171678,0.0009420837196134624,0.04483345900000035
SGPTL,1124,0.0013226885856378878,0.0009420837196134624,0.04487054199999996
SGPTL,1125,0.00139898086503365,0.0009420837196134624,0.04490808400000024
SGPTL,1126,0.0015147450967785137,0.0009420837196134624,0.044946208999999904
SGPTL,1127,0.0016897628558043554,0.0009420837196134624,0.04498300000000022
SGPTL,1128,0.0016697002240972925,0.0009420837196134624,0.04502020899999959
SGPTL,1129,0.001543610097089143,0.0009420837196134624,0.04505816699999965
SGPTL,1130,0.0014925259439830807,0.0009420837196134624,0.04509516700000038
SGPTL,1131,0.0013687295853248571,0.0009420837196134624,0.045131834000000204
SGPTL,1132,0.0013436286977310807,0.0009420837196134624,0.04517033399999981
SGPTL,1133,0.001428219997027469,0.0009420837196134624,0.045207792000000246
SGPTL,1134,0.0014803509373193524,0.0009420837196134624,0.04524791700000019
SGPTL,1135,0.0015698933072778587,0.0009420837196134624,0.04528512500000037
SGPTL,1136,0.0016667021330070142,0.0009420837196134624,0.04532299999999978
SGPTL,1137,0.001772798987345503,0.0009420837196134624,0.04536099999999976
SGPTL,1138,0.001817255337236201,0.0009420837196134624,0.04541104200000046
SGPTL,1139,0.0017490969706486226,0.0009420837196134624,0.04545274999999993
SGPTL,1140,0.001616455635593761,0.0009420837196134624,0.04548966700000001
SGPTL,1141,0.0014119798558955843,0.0009420837196134624,0.0455281249999997
SGPTL,1142,0.0013868999310386876,0.0009420837196134624,0.0455680420000002
SGPTL,1143,0.0014173898794860307,0.0009420837196134624,0.045604833999999705
SGPTL,1144,0.0012840316329409962,0.0009420837196134624,0.04564291700000034
SGPTL,1145,0.0012763745956605455,0.0009420837196134624,0.04568016700000044
SGPTL,1146,0.001323732353012863,0.0009420837196134624,0.04571816700000042
SGPTL,1147,0.0013295163678925803,0.0009420837196134624,0.04575550000000028
SGPTL,1148,0.0013016737385240784,0.0009420837196134624,0.04579520900000045
SGPTL,1149,0.001320834055437814,0.0009420837196134624,0.04583162499999993
SGPTL,1150,0.0013611246623366213,0.0009420837196134624,0.04586979200000041
SGPTL,1151,0.001445666850712568,0.0009420837196134624,0.045907249999999955
SGPTL,1152,0.0014152689850286393,0.0009420837196134624,0.04594470900000047
SGPTL,1153,0.0013000805396006232,0.0009420837196134624,0.0459841670000003
SGPTL,1154,0.00130723227940166,0.0009420837196134624,0.04602154200000008
SGPTL,1155,0.0012756612559654545,0.0009420837196134624,0.04605829199999967
SGPTL,1156,0.0013252631953022398,0.0009420837196134624,0.04609633400000046
SGPTL,1157,0.0013576888299557943,0.0009420837196134624,0.04613325000000046
SGPTL,1158,0.0014387828726944996,0.0009420837196134624,0.04617049999999967
SGPTL,1159,0.0015918759083861644,0.0009420837196134624,0.04620845899999981
SGPTL,1160,0.0015430069945820968,0.0009420837196134624,0.046246083999999854
SGPTL,1161,0.0015218144308457582,0.0009420837196134624,0.046285750000000014
SGPTL,1162,0.0015272416182359194,0.0009420837196134624,0.04632274999999986
SGPTL,1163,0.0014612774895017555,0.0009420837196134624,0.04635954200000025
SGPTL,1164,0.0015230675620530043,0.0009420837196134624,0.04639770899999984
SGPTL,1165,0.001328133057774572,0.0009420837196134624,0.04643475000000041
SGPTL,1166,0.0011965482707592123,0.0009420837196134624,0.04648454199999996
SGPTL,1167,0.001197750209517956,0.0009420837196134624,0.04652416700000028
SGPTL,1168,0.0011812106362660835,0.0009420837196134624,0.04656195899999993
SGPTL,1169,0.0011660380981699525,0.0009420837196134624,0.04659920900000003
SGPTL,1170,0.0011318474170094461,0.0009420837196134624,0.04663770899999964
SGPTL,1171,0.001283627424656153,0.0009420837196134624,0.0466756669999997
SGPTL,1172,0.0012853918703665812,0.0009420837196134624,0.04671470899999974
SGPTL,1173,0.0014150544603732662,0.0009420837196134624,0.04675362500000002
SGPTL,1174,0.0014692000388942805,0.0009420837196134624,0.04679087500000012
SGPTL,1175,0.0013991365274919065,0.0009420837196134624,0.04682879200000034
SGPTL,1176,0.0013759391505441254,0.0009420837196134624,0.04686558399999985
SGPTL,1177,0.0012779371707498655,0.0009420837196134624,0.046902084000000066
SGPTL,1178,0.001231320665016522,0.0009420837196134624,0.04694025000000046
SGPTL,1179,0.0012011180753592754,0.0009420837196134624,0.04697774999999993
SGPTL,1180,0.0011486656384485094,0.0009420837196134624,0.047015791999999834
SGPTL,1181,0.0011295374605997388,0.0009420837196134624,0.04705333400000011
SGPTL,1182,0.0012538238568762239,0.0009420837196134624,0.047091041999999916
SGPTL,1183,0.0013770248529125784,0.0009420837196134624,0.04713041699999998
SGPTL,1184,0.0014298853240033438,0.0009420837196134624,0.04716741699999982
SGPTL,1185,0.0015060434850862059,0.0009420837196134624,0.047205500000000455
SGPTL,1186,0.001496730065709162,0.0009420837196134624,0.0472425000000003
SGPTL,1187,0.0015123396222156416,0.0009420837196134624,0.047281209000000324
SGPTL,1188,0.0014025014253897794,0.0009420837196134624,0.04732058400000039
SGPTL,1189,0.0013911761616571816,0.0009420837196134624,0.047359750000000034
SGPTL,1190,0.0015452800690549662,0.0009420837196134624,0.04739924999999978
SGPTL,1191,0.0016029477533687775,0.0009420837196134624,0.04743712500000008
SGPTL,1192,0.0015380176137400614,0.0009420837196134624,0.04747595899999979
SGPTL,1193,0.0014331560432556678,0.0009420837196134624,0.0475133750000003
SGPTL,1194,0.0014208748069641786,0.0009420837196134624,0.04755149999999997
SGPTL,1195,0.001394602380052401,0.0009420837196134624,0.047588583999999656
SGPTL,1196,0.001392980842132463,0.0009420837196134624,0.047624833999999616
SGPTL,1197,0.0013649395453196878,0.0009420837196134624,0.04766066699999971
SGPTL,1198,0.0014064824331587733,0.0009420837196134624,0.047697709000000366
SGPTL,1199,0.0014347078032026506,0.0009420837196134624,0.04773604200000037
SGPTL,1200,0.0013961200474743585,0.0009420837196134624,0.04777291699999964
SGPTL,1201,0.0013936264376630536,0.0009420837196134624,0.04781745900000001
SGPTL,1202,0.001479967073644728,0.0009420837196134624,0.04785512499999989
SGPTL,1203,0.0015736144040139344,0.0009420837196134624,0.04789308400000003
SGPTL,1204,0.0015823650467716721,0.0009420837196134624,0.047929917000000266
SGPTL,1205,0.0016696326667737793,0.0009420837196134624,0.04796620900000015
SGPTL,1206,0.0016825077713567005,0.0009420837196134624,0.048004374999999655
SGPTL,1207,0.001789166901398298,0.0009420837196134624,0.04804179200000025
SGPTL,1208,0.0019313637558737717,0.0009420837196134624,0.048079249999999796
SGPTL,1209,0.0018698477815983772,0.0009420837196134624,0.048116459000000056
SGPTL,1210,0.0016996052215239033,0.0009420837196134624,0.048155167
SGPTL,1211,0.0015716101873883837,0.0009420837196134624,0.048193000000000374
SGPTL,1212,0.00156576033675071,0.0009420837196134624,0.04823199999999961
SGPTL,1213,0.001530176905181202,0.0009420837196134624,0.048266124999999604
SGPTL,1214,0.0015162572738156577,0.0009420837196134624,0.048303041999999685
SGPTL,1215,0.0014512587117105902,0.0009420837196134624,0.04834112500000032
SGPTL,1216,0.0014314875791419102,0.0009420837196134624,0.04837795899999975
SGPTL,1217,0.0014053597274041874,0.0009420837196134624,0.04841558399999979
SGPTL,1218,0.001331202133778575,0.0009420837196134624,0.04845362499999961
SGPTL,1219,0.0014117894734879677,0.0009420837196134624,0.04849020899999967
SGPTL,1220,0.0014459393293821954,0.0009420837196134624,0.048527250000000244
SGPTL,1221,0.001552447001069046,0.0009420837196134624,0.048565250000000226
SGPTL,1222,0.0015458418527627416,0.0009420837196134624,0.04860237499999975
SGPTL,1223,0.0015520646976279195,0.0009420837196134624,0.04863891699999989
SGPTL,1224,0.0015250806609710121,0.0009420837196134624,0.04867670900000043
SGPTL,1225,0.0014315851275825686,0.0009420837196134624,0.048713874999999796
SGPTL,1226,0.0014804871010916099,0.0009420837196134624,0.048753500000000116
SGPTL,1227,0.001546523632424135,0.0009420837196134624,0.048791209
SGPTL,1228,0.0015104921527990811,0.0009420837196134624,0.04883008400000044
SGPTL,1229,0.0014230183521539708,0.0009420837196134624,0.04886662499999961
SGPTL,1230,0.001586911426673776,0.0009420837196134624,0.048902791999999806
SGPTL,1231,0.0016618635315654995,0.0009420837196134624,0.04894062500000018
SGPTL,1232,0.0017238111985999893,0.0009420837196134624,0.04897925000000036
SGPTL,1233,0.0017851285956660412,0.0009420837196134624,0.04901879200000003
SGPTL,1234,0.001854659967996053,0.0009420837196134624,0.04905620899999974
SGPTL,1235,0.001822255707224274,0.0009420837196134624,0.04909279199999972
SGPTL,1236,0.0016882213279281189,0.0009420837196134624,0.049130959000000196
SGPTL,1237,0.001451440015061145,0.0009420837196134624,0.04916766699999986
SGPTL,1238,0.0013260815030433637,0.0009420837196134624,0.049204708999999625
SGPTL,1239,0.0013579521718491971,0.0009420837196134624,0.049242666999999685
SGPTL,1240,0.0012756758561693893,0.0009420837196134624,0.04927945900000008
SGPTL,1241,0.0013773597934849668,0.0009420837196134624,0.04931649999999976
SGPTL,1242,0.001393747187331762,0.0009420837196134624,0.049354499999999746
SGPTL,1243,0.0013665665725373088,0.0009420837196134624,0.049391749999999845
SGPTL,1244,0.0014530920406785608,0.0009420837196134624,0.04942908399999979
SGPTL,1245,0.0014071719956785245,0.0009420837196134624,0.04947104200000041
SGPTL,1246,0.001371890512646079,0.0009420837196134624,0.0495140420000002
SGPTL,1247,0.0014067361066376627,0.0009420837196134624,0.049552042000000185
SGPTL,1248,0.00139548795877098,0.0009420837196134624,0.049591208999999914
SGPTL,1249,0.0013907963479458108,0.0009420837196134624,0.04962962499999968
SGPTL,1250,0.001336663256011228,0.0009420837196134624,0.049666124999999894
SGPTL,1251,0.0013384987814311078,0.0009420837196134624,0.04970516699999994
SGPTL,1252,0.0013106244460798777,0.0009420837196134624,0.04974270900000022
SGPTL,1253,0.0013425905655104486,0.0009420837196134624,0.04978158399999977
SGPTL,1254,0.0013591575440394799,0.0009420837196134624,0.04981829200000032
SGPTL,1255,0.0015032540171215913,0.0009420837196134624,0.049856375000000064
SGPTL,1256,0.0014519782841173612,0.0009420837196134624,0.04989341699999983
SGPTL,1257,0.001472584753775985,0.0009420837196134624,0.04993070899999985
SGPTL,1258,0.0014531499604852893,0.0009420837196134624,0.0499780000000003
SGPTL,1259,0.0014575447761697724,0.0009420837196134624,0.05001820900000009
SGPTL,1260,0.0014797248691618137,0.0009420837196134624,0.05005587499999997
SGPTL,1261,0.001492238347575281,0.0009420837196134624,0.05009375000000027
SGPTL,1262,0.0014320225199584424,0.0009420837196134624,0.05013187499999994
SGPTL,1263,0.00146129057926081,0.0009420837196134624,0.05016983400000008
SGPTL,1264,0.0013719318945948356,0.0009420837196134624,0.05020941699999959
SGPTL,1265,0.0013632049928316015,0.0009420837196134624,0.05024708400000044
SGPTL,1266,0.0013604509245557228,0.0009420837196134624,0.05028395899999971
SGPTL,1267,0.0013738009960966302,0.0009420837196134624,0.05032183400000001
SGPTL,1268,0.001426441401784606,0.0009420837196134624,0.05035908400000011
SGPTL,1269,0.0013439400968668913,0.0009420837196134624,0.05039633400000021
SGPTL,1270,0.001371115331146422,0.0009420837196134624,0.050433875000000405
SGPTL,1271,0.0014165322553807425,0.0009420837196134624,0.05047187500000039
SGPTL,1272,0.0014432493331890672,0.0009420837196134624,0.05050879200000047
SGPTL,1273,0.0015499385787141051,0.0009420837196134624,0.05054541700000037
SGPTL,1274,0.001452712707257886,0.0009420837196134624,0.05058354200000004
SGPTL,1275,0.0014295485393316376,0.0009420837196134624,0.05062037500000027
SGPTL,1276,0.00139748554910879,0.0009420837196134624,0.05065725000000043
SGPTL,1277,0.0014120168631457375,0.0009420837196134624,0.05069533400000026
SGPTL,1278,0.0014504353712163631,0.0009420837196134624,0.05073270900000004
SGPTL,1279,0.0013388518460528687,0.0009420837196134624,0.05077120899999965
SGPTL,1280,0.0013224645311431527,0.0009420837196134624,0.05080862500000016
SGPTL,1281,0.0014727911154794882,0.0009420837196134624,0.05084650000000046
SGPTL,1282,0.0015741812707765757,0.0009420837196134624,0.050884124999999614
SGPTL,1283,0.0015406147874617027,0.0009420837196134624,0.05092291700000029
SGPTL,1284,0.0015453563228478018,0.0009420837196134624,0.050959666999999875
SGPTL,1285,0.0015649738876934993,0.0009420837196134624,0.05099754200000017
SGPTL,1286,0.0015331195572532152,0.0009420837196134624,0.05103458399999994
SGPTL,1287,0.0014415937511271792,0.0009420837196134624,0.05107154199999986
SGPTL,1288,0.0013932747503515586,0.0009420837196134624,0.05110954199999984
SGPTL,1289,0.0014019819539787814,0.0009420837196134624,0.05114841700000028
SGPTL,1290,0.0013812726208879411,0.0009420837196134624,0.051189458999999715
SGPTL,1291,0.0014320452478862045,0.0009420837196134624,0.05122862500000025
SGPTL,1292,0.0014441037629342457,0.0009420837196134624,0.05126945900000024
SGPTL,1293,0.0013953742251788803,0.0009420837196134624,0.05130941699999969
SGPTL,1294,0.001367571905600773,0.0009420837196134624,0.05135191699999986
SGPTL,1295,0.001372214411704542,0.0009420837196134624,0.0513889169999997
SGPTL,1296,0.001451709116812916,0.0009420837196134624,0.051426667000000315
SGPTL,1297,0.001483961575790449,0.0009420837196134624,0.05146487499999974
SGPTL,1298,0.0015699305236798189,0.0009420837196134624,0.05150158400000038
SGPTL,1299,0.0016288094488663418,0.0009420837196134624,0.0515385420000003
SGPTL,1300,0.0015933576191198284,0.0009420837196134624,0.051576374999999786
SGPTL,1301,0.0016137662307584844,0.0009420837196134624,0.05161387500000014
SGPTL,1302,0.0017075931257213295,0.0009420837196134624,0.051652875000000265
SGPTL,1303,0.0015198370220552704,0.0009420837196134624,0.05169054200000023
SGPTL,1304,0.0016727356230150647,0.0009420837196134624,0.05172787500000009
SGPTL,1305,0.00167217309780332,0.0009420837196134624,0.051765209000000034
SGPTL,1306,0.0016506946482732765,0.0009420837196134624,0.0518019169999997
SGPTL,1307,0.0015246333101894827,0.0009420837196134624,0.0518402499999997
SGPTL,1308,0.001485631014639166,0.0009420837196134624,0.05187741700000004
SGPTL,1309,0.0015233717110747502,0.0009420837196134624,0.05191587499999972
SGPTL,1310,0.001561168813812186,0.0009420837196134624,0.051953874999999705
SGPTL,1311,0.0015040365138485612,0.0009420837196134624,0.051993417000000264
SGPTL,1312,0.0015283041596700908,0.0009420837196134624,0.052031958999999794
SGPTL,1313,0.0015560938277081604,0.0009420837196134624,0.05207066699999974
SGPTL,1314,0.0014647491314319083,0.0009420837196134624,0.05210466700000005
SGPTL,1315,0.0014325446971161782,0.0009420837196134624,0.05214345899999984
SGPTL,1316,0.0014587555335672242,0.0009420837196134624,0.052181749999999916
SGPTL,1317,0.0014191012955016014,0.0009420837196134624,0.052220916999999645
SGPTL,1318,0.0013346707143040426,0.0009420837196134624,0.05225962499999959
SGPTL,1319,0.0015087077015851769,0.0009420837196134624,0.05229670900000016
SGPTL,1320,0.001479059085976564,0.0009420837196134624,0.05233458400000046
SGPTL,1321,0.0013714521351848585,0.0009420837196134624,0.052371959000000246
SGPTL,1322,0.0013218002393975414,0.0009420837196134624,0.052411166999999814
SGPTL,1323,0.0014183227645716556,0.0009420837196134624,0.05244754200000035
SGPTL,1324,0.0013589090382430946,0.0009420837196134624,0.05248558400000025
SGPTL,1325,0.0013499201595610355,0.0009420837196134624,0.05252237499999968
SGPTL,1326,0.0014013759375304247,0.0009420837196134624,0.05255950000000009
SGPTL,1327,0.0014824541843396766,0.0009420837196134624,0.052597500000000075
SGPTL,1328,0.0015375971387223686,0.0009420837196134624,0.05263458399999976
SGPTL,1329,0.001668240766639073,0.0009420837196134624,0.05267324999999978
SGPTL,1330,0.0016961806147299807,0.0009420837196134624,0.05271162499999971
SGPTL,1331,0.0016267381327061958,0.0009420837196134624,0.052749834000000106
SGPTL,1332,0.001696931225959597,0.0009420837196134624,0.052787125000000046
SGPTL,1333,0.0016667705673070188,0.0009420837196134624,0.052823667000000185
SGPTL,1334,0.0015528238326352195,0.0009420837196134624,0.05286212499999987
SGPTL,1335,0.0016852870960655242,0.0009420837196134624,0.052899124999999714
SGPTL,1336,0.0016856426394276092,0.0009420837196134624,0.052936041999999794
SGPTL,1337,0.001474388473215571,0.0009420837196134624,0.05297383400000033
SGPTL,1338,0.0013613752913712585,0.0009420837196134624,0.05301270899999988
SGPTL,1339,0.0012544519263955056,0.0009420837196134624,0.05304912500000025
SGPTL,1340,0.0012876113794662025,0.0009420837196134624,0.053086792000000216
SGPTL,1341,0.0013151870379159991,0.0009420837196134624,0.053124167
SGPTL,1342,0.0013164602595194808,0.0009420837196134624,0.053161916999999725
SGPTL,1343,0.0013617454868009027,0.0009420837196134624,0.05320112500000018
SGPTL,1344,0.0014268568641624402,0.0009420837196134624,0.05323745899999999
SGPTL,1345,0.0015244657187849509,0.0009420837196134624,0.05327554199999973
SGPTL,1346,0.0016589854478346044,0.0009420837196134624,0.05331254200000046
SGPTL,1347,0.0016569378492798936,0.0009420837196134624,0.053348875000000184
SGPTL,1348,0.0015943230848476375,0.0009420837196134624,0.053387083999999696
SGPTL,1349,0.001549555612833986,0.0009420837196134624,0.053424374999999635
SGPTL,1350,0.0014000287016799895,0.0009420837196134624,0.05346241700000043
SGPTL,1351,0.0012212086541543155,0.0009420837196134624,0.05350141699999966
SGPTL,1352,0.0011917231002598339,0.0009420837196134624,0.053534875000000426
SGPTL,1353,0.0012634037826932953,0.0009420837196134624,0.05357449999999986
SGPTL,1354,0.0014444864628928578,0.0009420837196134624,0.05361145899999986
SGPTL,1355,0.0015280353204056851,0.0009420837196134624,0.053649917000000436
SGPTL,1356,0.0015163154670965184,0.0009420837196134624,0.05368729200000022
SGPTL,1357,0.0015614432294916991,0.0009420837196134624,0.05372458400000024
SGPTL,1358,0.0017021029017514344,0.0009420837196134624,0.05376183400000034
SGPTL,1359,0.0016431073194165258,0.0009420837196134624,0.05380366700000039
SGPTL,1360,0.0015193407511921997,0.0009420837196134624,0.05383854200000027
SGPTL,1361,0.0014753702775172073,0.0009420837196134624,0.05387550000000019
SGPTL,1362,0.001442510416514109,0.0009420837196134624,0.053913624999999854
SGPTL,1363,0.0013862741915493526,0.0009420837196134624,0.0539503339999996
SGPTL,1364,0.0013674674159112055,0.0009420837196134624,0.05398674999999997
SGPTL,1365,0.0013995369180022088,0.0009420837196134624,0.05402458400000043
SGPTL,1366,0.0013349379166585074,0.0009420837196134624,0.05406191700000029
SGPTL,1367,0.0013689472470646002,0.0009420837196134624,0.05410037499999998
SGPTL,1368,0.0014120611027872432,0.0009420837196134624,0.054138499999999645
SGPTL,1369,0.0014128889956803725,0.0009420837196134624,0.05417649999999963
SGPTL,1370,0.0013796458399411016,0.0009420837196134624,0.05421383400000046
SGPTL,1371,0.0014689561175142973,0.0009420837196134624,0.05425066699999981
SGPTL,1372,0.0014294591677093127,0.0009420837196134624,0.05428920900000023
SGPTL,1373,0.0013520760386789288,0.0009420837196134624,0.054327374999999734
SGPTL,1374,0.001279806643995407,0.0009420837196134624,0.05436591700000015
SGPTL,1375,0.001301571697965187,0.0009420837196134624,0.05442675000000019
SGPTL,1376,0.0013452343516613396,0.0009420837196134624,0.05447224999999989
SGPTL,1377,0.0014906748223220134,0.0009420837196134624,0.054518999999999984
SGPTL,1378,0.001589925424461791,0.0009420837196134624,0.05455687500000028
SGPTL,1379,0.001721897259993943,0.0009420837196134624,0.054594542000000246
SGPTL,1380,0.001695964844723452,0.0009420837196134624,0.05463358400000029
SGPTL,1381,0.001564649505660487,0.0009420837196134624,0.05467258400000041
SGPTL,1382,0.001544032483257407,0.0009420837196134624,0.05471045899999982
SGPTL,1383,0.001550651369262246,0.0009420837196134624,0.05474966700000028
SGPTL,1384,0.0014251172588917171,0.0009420837196134624,0.05478700000000014
SGPTL,1385,0.0013011701380643004,0.0009420837196134624,0.05482549999999975
SGPTL,1386,0.001222177366694055,0.0009420837196134624,0.05486345899999989
SGPTL,1387,0.0012018833270122098,0.0009420837196134624,0.05490220899999976
SGPTL,1388,0.0011921937754073575,0.0009420837196134624,0.05494100000000035
SGPTL,1389,0.0011390149355312573,0.0009420837196134624,0.054979375000000275
SGPTL,1390,0.001117803977576104,0.0009420837196134624,0.0550130839999996
SGPTL,1391,0.0011084645237389168,0.0009420837196134624,0.05505008400000033
SGPTL,1392,0.0011883303652329147,0.0009420837196134624,0.05508791699999982
SGPTL,1393,0.0012213081166785322,0.0009420837196134624,0.05512554199999986
SGPTL,1394,0.0012870429847318121,0.0009420837196134624,0.05516308400000014
SGPTL,1395,0.001281328298576856,0.0009420837196134624,0.055200166999999745
SGPTL,1396,0.001390456077262403,0.0009420837196134624,0.05523895900000042
SGPTL,1397,0.0013550304648419775,0.0009420837196134624,0.05527687499999967
SGPTL,1398,0.0013706598838594264,0.0009420837196134624,0.05531612500000005
SGPTL,1399,0.0013805812782368143,0.0009420837196134624,0.05535495899999976
SGPTL,1400,0.0013440884124191754,0.0009420837196134624,0.055393792000000275
SGPTL,1401,0.0013392660397699707,0.0009420837196134624,0.05543220900000012
SGPTL,1402,0.0014173889283313201,0.0009420837196134624,0.05547108399999967
SGPTL,1403,0.0014698202109331149,0.0009420837196134624,0.05550762499999973
SGPTL,1404,0.0016042171609524924,0.0009420837196134624,0.05554637499999959
SGPTL,1405,0.0016787996472591438,0.0009420837196134624,0.055586667000000034
SGPTL,1406,0.0016229009701913544,0.0009420837196134624,0.055623999999999896
SGPTL,1407,0.001614609673039169,0.0009420837196134624,0.05566270899999992
SGPTL,1408,0.0015191874025275443,0.0009420837196134624,0.05570200000000014
SGPTL,1409,0.001683077476607675,0.0009420837196134624,0.055739334000000085
SGPTL,1410,0.0015973671731071004,0.0009420837196134624,0.05577637499999977
SGPTL,1411,0.0014713733563580522,0.0009420837196134624,0.05581508399999979
SGPTL,1412,0.0015044418484508881,0.0009420837196134624,0.05585220900000021
SGPTL,1413,0.0014364518823608563,0.0009420837196134624,0.05589045900000045
SGPTL,1414,0.0013838725608468216,0.0009420837196134624,0.05592741700000037
SGPTL,1415,0.0014056967470050807,0.0009420837196134624,0.05596629199999992
SGPTL,1416,0.001492322190479456,0.0009420837196134624,0.05600304200000039
SGPTL,1417,0.001537658151432142,0.0009420837196134624,0.056041084000000296
SGPTL,1418,0.0015108823726259768,0.0009420837196134624,0.056084208999999774
SGPTL,1419,0.001481702256016515,0.0009420837196134624,0.056121625000000286
SGPTL,1420,0.0014384107251697031,0.0009420837196134624,0.05615916699999968
SGPTL,1421,0.001428577719363222,0.0009420837196134624,0.05619629200000009
SGPTL,1422,0.0014046522911432824,0.0009420837196134624,0.056235374999999976
SGPTL,1423,0.0014275540356758487,0.0009420837196134624,0.0562720419999998
SGPTL,1424,0.0014845748024152616,0.0009420837196134624,0.05630995900000002
SGPTL,1425,0.0015591390815632433,0.0009420837196134624,0.05634687500000002
SGPTL,1426,0.0016009591084147345,0.0009420837196134624,0.056383916999999784
SGPTL,1427,0.001661953016789175,0.0009420837196134624,0.056421874999999844
SGPTL,1428,0.0016345574439617927,0.0009420837196134624,0.05645895900000042
SGPTL,1429,0.00158892909163999,0.0009420837196134624,0.056495416999999826
SGPTL,1430,0.0015928434502796573,0.0009420837196134624,0.05653341699999981
SGPTL,1431,0.0016131283828366705,0.0009420837196134624,0.05657041699999965
SGPTL,1432,0.0015988336027259464,0.0009420837196134624,0.05660804199999969
SGPTL,1433,0.0016957243729596172,0.0009420837196134624,0.05664620900000017
SGPTL,1434,0.0016964178910110483,0.0009420837196134624,0.05668474999999962
SGPTL,1435,0.0017664355983177948,0.0009420837196134624,0.05672245900000039
SGPTL,1436,0.0018476168156313921,0.0009420837196134624,0.0567597089999996
SGPTL,1437,0.0018619867370983645,0.0009420837196134624,0.0567966249999996
SGPTL,1438,0.0016550197398976785,0.0009420837196134624,0.056834583999999744
SGPTL,1439,0.001660252796702899,0.0009420837196134624,0.056871584000000475
SGPTL,1440,0.001606487443602811,0.0009420837196134624,0.05690795900000012
SGPTL,1441,0.001515361663315229,0.0009420837196134624,0.056946167000000436
SGPTL,1442,0.0015314319541548382,0.0009420837196134624,0.05698283400000026
SGPTL,1443,0.001571966547781134,0.0009420837196134624,0.05701941700000024
SGPTL,1444,0.0015323533788778043,0.0009420837196134624,0.05705749999999998
SGPTL,1445,0.0015193455545219336,0.0009420837196134624,0.05709454199999975
SGPTL,1446,0.0015221239647136287,0.0009420837196134624,0.05713091700000028
SGPTL,1447,0.0014987298811299787,0.0009420837196134624,0.05716887500000034
SGPTL,1448,0.001429279067992617,0.0009420837196134624,0.05720579200000042
SGPTL,1449,0.0013382312549414799,0.0009420837196134624,0.05724241700000032
SGPTL,1450,0.0013775283882890843,0.0009420837196134624,0.05728037500000038
SGPTL,1451,0.0014766127731125067,0.0009420837196134624,0.057317624999999595
SGPTL,1452,0.001536614197890307,0.0009420837196134624,0.05735400000000013
SGPTL,1453,0.0015085369888721,0.0009420837196134624,0.057393166999999856
SGPTL,1454,0.001500592869127626,0.0009420837196134624,0.05743000000000009
SGPTL,1455,0.001503695529025073,0.0009420837196134624,0.05746654200000023
SGPTL,1456,0.0015828062392779785,0.0009420837196134624,0.05750441699999964
SGPTL,1457,0.0015783320906741505,0.0009420837196134624,0.05754120900000004
SGPTL,1458,0.001602408863361049,0.0009420837196134624,0.057577417000000075
SGPTL,1459,0.0015871315050877133,0.0009420837196134624,0.05761541700000006
SGPTL,1460,0.0015320568283789804,0.0009420837196134624,0.057652209000000454
SGPTL,1461,0.001495249081997052,0.0009420837196134624,0.057689167000000374
SGPTL,1462,0.0014305998887664817,0.0009420837196134624,0.057727083999999707
SGPTL,1463,0.0014470716541041817,0.0009420837196134624,0.0577724169999998
SGPTL,1464,0.0013369396550932944,0.0009420837196134624,0.05781487500000004
SGPTL,1465,0.0012002784103664066,0.0009420837196134624,0.057872084000000434
SGPTL,1466,0.001124212513865519,0.0009420837196134624,0.05793616700000026
SGPTL,1467,0.0011155796922677208,0.0009420837196134624,0.05800283399999984
SGPTL,1468,0.001116155981980782,0.0009420837196134624,0.05805183400000047
SGPTL,1469,0.00113039009475413,0.0009420837196134624,0.058090374999999916
SGPTL,1470,0.0012150076953276745,0.0009420837196134624,0.0581293340000002
SGPTL,1471,0.0012668720515682796,0.0009420837196134624,0.05816554200000024
SGPTL,1472,0.0013913072506712698,0.0009420837196134624,0.058203749999999665
SGPTL,1473,0.0013063246569302578,0.0009420837196134624,0.05824183400000038
SGPTL,1474,0.0012477625685169969,0.0009420837196134624,0.05827899999999975
SGPTL,1475,0.0012376089717767158,0.0009420837196134624,0.058315459000000125
SGPTL,1476,0.0012403490957213492,0.0009420837196134624,0.05835362499999963
SGPTL,1477,0.001281701782287037,0.0009420837196134624,0.058390334000000266
SGPTL,1478,0.0011970404047167982,0.0009420837196134624,0.058427209000000424
SGPTL,1479,0.0012316689470703857,0.0009420837196134624,0.058465542000000426
SGPTL,1480,0.0012907394320675891,0.0009420837196134624,0.058502333999999934
SGPTL,1481,0.001299690691501043,0.0009420837196134624,0.05853950000000019
SGPTL,1482,0.001325400564866852,0.0009420837196134624,0.05857750000000017
SGPTL,1483,0.0014281946559151493,0.0009420837196134624,0.05861475000000027
SGPTL,1484,0.0013575076863048263,0.0009420837196134624,0.058653917
SGPTL,1485,0.0013777832533019563,0.0009420837196134624,0.05869187500000006
SGPTL,1486,0.0014858925404721557,0.0009420837196134624,0.05873037499999967
SGPTL,1487,0.0014515925318132616,0.0009420837196134624,0.05876912500000042
SGPTL,1488,0.0015487707204260293,0.0009420837196134624,0.05880799999999997
SGPTL,1489,0.0015055609854497387,0.0009420837196134624,0.05884562500000001
SGPTL,1490,0.0013551896866637048,0.0009420837196134624,0.05888474999999982
SGPTL,1491,0.0013063254882499375,0.0009420837196134624,0.05892199999999992
SGPTL,1492,0.0013412950017448466,0.0009420837196134624,0.058958417000000374
SGPTL,1493,0.0013479921312271603,0.0009420837196134624,0.058996375000000434
SGPTL,1494,0.001297418421354557,0.0009420837196134624,0.059033208999999864
SGPTL,1495,0.001350820613403414,0.0009420837196134624,0.05906979199999984
SGPTL,1496,0.001357366625954981,0.0009420837196134624,0.059107709000000064
SGPTL,1497,0.0013992279396926044,0.0009420837196134624,0.05914458400000022
SGPTL,1498,0.0014558379140741096,0.0009420837196134624,0.05918304199999991
SGPTL,1499,0.0015746187527210243,0.0009420837196134624,0.05922095900000013
SGPTL,1500,0.0016752497429926017,0.0009420837196134624,0.05925895900000011
SGPTL,1501,0.0016748560067423313,0.0009420837196134624,0.05929629199999997
SGPTL,1502,0.001678829475395549,0.0009420837196134624,0.05933316700000013
SGPTL,1503,0.0017192972693322872,0.0009420837196134624,0.05937162499999982
SGPTL,1504,0.0017271684505291152,0.0009420837196134624,0.059408499999999975
SGPTL,1505,0.0015277839198948318,0.0009420837196134624,0.059445375000000134
SGPTL,1506,0.0015119880601979219,0.0009420837196134624,0.059483375000000116
SGPTL,1507,0.0015042259303492678,0.0009420837196134624,0.0595201249999997
SGPTL,1508,0.001594355841046502,0.0009420837196134624,0.059556500000000234
SGPTL,1509,0.0015371747755703602,0.0009420837196134624,0.059594750000000474
SGPTL,1510,0.0014882694295939025,0.0009420837196134624,0.059631624999999744
SGPTL,1511,0.0014244768467743807,0.0009420837196134624,0.05966845900000006
SGPTL,1512,0.0015224040129502292,0.0009420837196134624,0.0597063750000002
SGPTL,1513,0.0016849408928478748,0.0009420837196134624,0.05974337500000004
SGPTL,1514,0.001636257866307389,0.0009420837196134624,0.05978149999999971
SGPTL,1515,0.001628029999365399,0.0009420837196134624,0.05981841699999979
SGPTL,1516,0.0017020073869069563,0.0009420837196134624,0.05985512500000034
SGPTL,1517,0.001804702451403628,0.0009420837196134624,0.05989316700000025
SGPTL,1518,0.001775230651795745,0.0009420837196134624,0.05992983400000007
SGPTL,1519,0.0015773196974779857,0.0009420837196134624,0.059966625000000384
SGPTL,1520,0.0015353160450983783,0.0009420837196134624,0.06000441700000003
SGPTL,1521,0.0016495881119893419,0.0009420837196134624,0.060041124999999695
SGPTL,1522,0.0015838831007175536,0.0009420837196134624,0.06007770899999976
SGPTL,1523,0.0016734970600424948,0.0009420837196134624,0.06011487500000001
SGPTL,1524,0.0015527934225794127,0.0009420837196134624,0.06015237500000037
SGPTL,1525,0.0014749276026402303,0.0009420837196134624,0.06019070900000045
SGPTL,1526,0.001459491935180468,0.0009420837196134624,0.060229125000000217
SGPTL,1527,0.0015336708439943614,0.0009420837196134624,0.06026804199999969
SGPTL,1528,0.0014317423131067208,0.0009420837196134624,0.060305209000000026
SGPTL,1529,0.001415732858545793,0.0009420837196134624,0.060344500000000245
SGPTL,1530,0.0013813505140696236,0.0009420837196134624,0.060381666999999695
SGPTL,1531,0.0014108828488277325,0.0009420837196134624,0.06041979200000025
SGPTL,1532,0.0014127956363481076,0.0009420837196134624,0.06045750000000005
SGPTL,1533,0.001404147135834588,0.0009420837196134624,0.060494084000000115
SGPTL,1534,0.0013704780352150614,0.0009420837196134624,0.06053058400000033
SGPTL,1535,0.001361856970959252,0.0009420837196134624,0.06056874999999984
SGPTL,1536,0.0013266829582676554,0.0009420837196134624,0.060606458999999724
SGPTL,1537,0.001348297980328761,0.0009420837196134624,0.06064516699999967
SGPTL,1538,0.0013719197804369365,0.0009420837196134624,0.0606826250000001
SGPTL,1539,0.0014309521123712088,0.0009420837196134624,0.060718624999999804
SGPTL,1540,0.001583527589297029,0.0009420837196134624,0.06075595899999975
SGPTL,1541,0.0015546863950159917,0.0009420837196134624,0.06079520900000013
SGPTL,1542,0.0014678747542060666,0.0009420837196134624,0.06083258399999991
SGPTL,1543,0.0013755689966072904,0.0009420837196134624,0.06086954199999983
SGPTL,1544,0.0013054603508506624,0.0009420837196134624,0.060909834000000274
SGPTL,1545,0.0012906835667283456,0.0009420837196134624,0.06094737500000047
SGPTL,1546,0.0012385626733681931,0.0009420837196134624,0.06098454199999992
SGPTL,1547,0.0012445144570476518,0.0009420837196134624,0.0610225419999999
SGPTL,1548,0.0013667909644068388,0.0009420837196134624,0.06105925000000045
SGPTL,1549,0.0014590552220428155,0.0009420837196134624,0.061097250000000436
SGPTL,1550,0.0014666198253499019,0.0009420837196134624,0.061135124999999846
SGPTL,1551,0.0015527901373473263,0.0009420837196134624,0.06117174999999975
SGPTL,1552,0.001653666473502291,0.0009420837196134624,0.06120804199999963
SGPTL,1553,0.001597322841169646,0.0009420837196134624,0.061245875000000005
SGPTL,1554,0.0015274345335054562,0.0009420837196134624,0.061291041999999685
SGPTL,1555,0.0014666869584545328,0.0009420837196134624,0.06132854200000004
SGPTL,1556,0.0014374203130314012,0.0009420837196134624,0.061366583999999946
SGPTL,1557,0.001422232757595454,0.0009420837196134624,0.06140329199999961
SGPTL,1558,0.0015135861240667126,0.0009420837196134624,0.061439709000000065
SGPTL,1559,0.0015769518001644833,0.0009420837196134624,0.06147754200000044
SGPTL,1560,0.0017360285577985302,0.0009420837196134624,0.06151437499999979
SGPTL,1561,0.0017400055777596624,0.0009420837196134624,0.061550834000000165
SGPTL,1562,0.001714946108884785,0.0009420837196134624,0.06158866699999965
SGPTL,1563,0.001637397766512727,0.0009420837196134624,0.06162545900000005
SGPTL,1564,0.001584035086979796,0.0009420837196134624,0.061661959000000266
SGPTL,1565,0.0014922286628040737,0.0009420837196134624,0.061699917000000326
SGPTL,1566,0.0014551903668120758,0.0009420837196134624,0.06173658400000015
SGPTL,1567,0.001435280615450285,0.0009420837196134624,0.061772958999999794
SGPTL,1568,0.0012839395737505033,0.0009420837196134624,0.061810624999999675
SGPTL,1569,0.001259503201041401,0.0009420837196134624,0.06184737500000015
SGPTL,1570,0.0013150290601595671,0.0009420837196134624,0.061885084000000035
SGPTL,1571,0.0013787839412615632,0.0009420837196134624,0.0619242919999996
SGPTL,1572,0.001445902420785794,0.0009420837196134624,0.06196162500000035
SGPTL,1573,0.0014824274352944755,0.0009420837196134624,0.061999625000000336
SGPTL,1574,0.0013111645472396738,0.0009420837196134624,0.0620383750000002
SGPTL,1575,0.0013718032346488052,0.0009420837196134624,0.062075042000000025
SGPTL,1576,0.0014284249641369762,0.0009420837196134624,0.062117584000000114
SGPTL,1577,0.0014810506793767608,0.0009420837196134624,0.062156833999999606
SGPTL,1578,0.0014171452052851308,0.0009420837196134624,0.062193875000000176
SGPTL,1579,0.0013395841853010015,0.0009420837196134624,0.062230542
SGPTL,1580,0.0012802102446203278,0.0009420837196134624,0.062268291999999725
SGPTL,1581,0.0012530583540806273,0.0009420837196134624,0.06230500000000028
SGPTL,1582,0.0013496175641884989,0.0009420837196134624,0.06234170900000002
SGPTL,1583,0.001347164272184287,0.0009420837196134624,0.06237979199999977
SGPTL,1584,0.0013053189034049062,0.0009420837196134624,0.06241641699999967
SGPTL,1585,0.0013402094842693835,0.0009420837196134624,0.06246270900000006
SGPTL,1586,0.0013936534629346298,0.0009420837196134624,0.06250354199999997
SGPTL,1587,0.0014727096139133256,0.0009420837196134624,0.0625423749999996
SGPTL,1588,0.0014219108945086045,0.0009420837196134624,0.06257954199999993
SGPTL,1589,0.0014420015573362033,0.0009420837196134624,0.06261583399999981
SGPTL,1590,0.00149554873003388,0.0009420837196134624,0.06265391700000045
SGPTL,1591,0.0014882870354862021,0.0009420837196134624,0.06269166700000017
SGPTL,1592,0.0014999168383778017,0.0009420837196134624,0.06273016699999978
SGPTL,1593,0.001535777088472301,0.0009420837196134624,0.06276879199999996
SGPTL,1594,0.0015645726816240213,0.0009420837196134624,0.06280733400000038
SGPTL,1595,0.0016303836951032658,0.0009420837196134624,0.06284558399999973
SGPTL,1596,0.0016627421551458355,0.0009420837196134624,0.06288408400000023
SGPTL,1597,0.0015991652278359858,0.0009420837196134624,0.06292291699999986
SGPTL,1598,0.0015019386166248427,0.0009420837196134624,0.06296225
SGPTL,1599,0.0015264521148570243,0.0009420837196134624,0.06299979200000028
SGPTL,1600,0.0015265658631875567,0.0009420837196134624,0.06303770899999961
SGPTL,1601,0.0015595918645709972,0.0009420837196134624,0.0630747920000001
SGPTL,1602,0.0015071911632449364,0.0009420837196134624,0.06311104200000006
SGPTL,1603,0.0014186242179414776,0.0009420837196134624,0.06314925000000038
SGPTL,1604,0.0013061525911006733,0.0009420837196134624,0.06318604199999989
SGPTL,1605,0.001188611228974068,0.0009420837196134624,0.0632225420000001
SGPTL,1606,0.0012608026846836484,0.0009420837196134624,0.06326075000000042
SGPTL,1607,0.0013384399800968616,0.0009420837196134624,0.06329770900000042
SGPTL,1608,0.0012517455083220774,0.0009420837196134624,0.06333599999999961
SGPTL,1609,0.001334502179609176,0.0009420837196134624,0.06337387499999991
SGPTL,1610,0.0013844206243684987,0.0009420837196134624,0.06341041700000005
SGPTL,1611,0.0013788305937949552,0.0009420837196134624,0.06344700000000003
SGPTL,1612,0.0013465537623216228,0.0009420837196134624,0.06348495900000017
SGPTL,1613,0.0012408329374800076,0.0009420837196134624,0.06352183400000033
SGPTL,1614,0.0012563775813767553,0.0009420837196134624,0.06355841700000031
SGPTL,1615,0.0012861893514612976,0.0009420837196134624,0.0635964170000003
SGPTL,1616,0.0012866350750861955,0.0009420837196134624,0.063633834
SGPTL,1617,0.0013097103879777805,0.0009420837196134624,0.06367104200000018
SGPTL,1618,0.0014444925016903198,0.0009420837196134624,0.06370741699999982
SGPTL,1619,0.0015346505324389526,0.0009420837196134624,0.06374550000000045
SGPTL,1620,0.0013996795429926934,0.0009420837196134624,0.0637822090000002
SGPTL,1621,0.001431382777162593,0.0009420837196134624,0.06381887499999994
SGPTL,1622,0.0016367128023015987,0.0009420837196134624,0.06385704200000042
SGPTL,1623,0.0016306528866580905,0.0009420837196134624,0.06389404200000026
SGPTL,1624,0.001446386324564175,0.0009420837196134624,0.06393033400000014
SGPTL,1625,0.0013749390010571183,0.0009420837196134624,0.06396808399999987
SGPTL,1626,0.0013005843388527172,0.0009420837196134624,0.06400495900000003
SGPTL,1627,0.0012905137763481456,0.0009420837196134624,0.06404233399999981
SGPTL,1628,0.0013485553042109633,0.0009420837196134624,0.06408041700000044
SGPTL,1629,0.0015333021742178765,0.0009420837196134624,0.06411720899999995
SGPTL,1630,0.0017879028245655348,0.0009420837196134624,0.06415391699999962
SGPTL,1631,0.0018080809101133077,0.0009420837196134624,0.0641919169999996
SGPTL,1632,0.0019421152955607646,0.0009420837196134624,0.06422904200000001
SGPTL,1633,0.0018991300051975912,0.0009420837196134624,0.06426554200000023
SGPTL,1634,0.001863916855693315,0.0009420837196134624,0.06430341699999964
SGPTL,1635,0.0016661993555704413,0.0009420837196134624,0.06433999999999962
SGPTL,1636,0.0014850189796524749,0.0009420837196134624,0.06437808400000034
SGPTL,1637,0.0013953639343906588,0.0009420837196134624,0.0644149589999996
SGPTL,1638,0.0014418567985232666,0.0009420837196134624,0.0644515840000004
SGPTL,1639,0.0014810338135087253,0.0009420837196134624,0.06448962500000022
SGPTL,1640,0.0016206996862520029,0.0009420837196134624,0.06452650000000038
SGPTL,1641,0.0018030401054618395,0.0009420837196134624,0.0645645840000002
SGPTL,1642,0.001726375130609803,0.0009420837196134624,0.06460237499999977
SGPTL,1643,0.0017525759912260241,0.0009420837196134624,0.06463991700000005
SGPTL,1644,0.0016332692746336974,0.0009420837196134624,0.06467858400000015
SGPTL,1645,0.001627627002216414,0.0009420837196134624,0.06471266700000022
SGPTL,1646,0.0015780568221874791,0.0009420837196134624,0.06474945899999973
SGPTL,1647,0.001581678967428557,0.0009420837196134624,0.06478733400000003
SGPTL,1648,0.0014375726079014495,0.0009420837196134624,0.06482433399999987
SGPTL,1649,0.0014153860319994216,0.0009420837196134624,0.06486083400000009
SGPTL,1650,0.0014108282310083542,0.0009420837196134624,0.06489845900000013
SGPTL,1651,0.0013984306150010006,0.0009420837196134624,0.06493533400000029
SGPTL,1652,0.0014279703610644567,0.0009420837196134624,0.06497212499999971
SGPTL,1653,0.0015048904387855444,0.0009420837196134624,0.06500991700000025
SGPTL,1654,0.0015497512444697659,0.0009420837196134624,0.06504662499999991
SGPTL,1655,0.0015843175244762975,0.0009420837196134624,0.06508304200000037
SGPTL,1656,0.0015557465485200872,0.0009420837196134624,0.06512112500000011
SGPTL,1657,0.0014698108986213043,0.0009420837196134624,0.0651578749999997
SGPTL,1658,0.0014121016821320165,0.0009420837196134624,0.06519624999999962
SGPTL,1659,0.0013417742073176253,0.0009420837196134624,0.06523404200000016
SGPTL,1660,0.001387874192217975,0.0009420837196134624,0.0652727500000001
SGPTL,1661,0.0013922969173170152,0.0009420837196134624,0.06531220900000001
SGPTL,1662,0.0014465792325835114,0.0009420837196134624,0.06535075000000035
SGPTL,1663,0.0014392450139035784,0.0009420837196134624,0.06538983400000031
SGPTL,1664,0.0015072736662875563,0.0009420837196134624,0.06542524999999966
SGPTL,1665,0.0016335574789319018,0.0009420837196134624,0.06546237500000007
SGPTL,1666,0.0016467194810554364,0.0009420837196134624,0.06549925000000023
SGPTL,1667,0.0014806004842249365,0.0009420837196134624,0.06553733400000006
SGPTL,1668,0.0013422487148391227,0.0009420837196134624,0.0655739999999998
SGPTL,1669,0.0012999830397029122,0.0009420837196134624,0.06561170899999968
SGPTL,1670,0.001239580685046704,0.0009420837196134624,0.06565375000000007
SGPTL,1671,0.0012132913434022008,0.0009420837196134624,0.06569279200000011
SGPTL,1672,0.001285693938003707,0.0009420837196134624,0.06573179200000023
SGPTL,1673,0.0013381934467673329,0.0009420837196134624,0.06576958399999988
SGPTL,1674,0.0012727384849628987,0.0009420837196134624,0.0658082499999999
SGPTL,1675,0.0013354903849553956,0.0009420837196134624,0.06584533399999959
SGPTL,1676,0.0013134131544525474,0.0009420837196134624,0.06588187499999965
SGPTL,1677,0.0013695174245738073,0.0009420837196134624,0.06591995900000036
SGPTL,1678,0.0013969959297834844,0.0009420837196134624,0.06595650000000042
SGPTL,1679,0.0013847029539437727,0.0009420837196134624,0.06599304199999967
SGPTL,1680,0.0012540974126331594,0.0009420837196134624,0.06603116700000022
SGPTL,1681,0.0011666091817832402,0.0009420837196134624,0.0660677500000002
SGPTL,1682,0.001092906362078816,0.0009420837196134624,0.06610554199999985
SGPTL,1683,0.0010613950394464666,0.0009420837196134624,0.06614275000000003
SGPTL,1684,0.0009840725000687112,0.0009420837196134624,0.06617954200000042
SGPTL,1685,0.0009312517773256701,0.0009312517773256701,0.0662178339999997
SGPTL,1686,0.0009307673351059975,0.0009307673351059975,0.06625499999999995
SGPTL,1687,0.0010184111920867878,0.0009307673351059975,0.06629150000000017
SGPTL,1688,0.0011192437741440742,0.0009307673351059975,0.06632937500000047
SGPTL,1689,0.0011614413178202554,0.0009307673351059975,0.06636633400000047
SGPTL,1690,0.0011492797708578806,0.0009307673351059975,0.06640274999999995
SGPTL,1691,0.0010954800637970052,0.0009307673351059975,0.06644083399999978
SGPTL,1692,0.0012328223295123841,0.0009307673351059975,0.06647750000000041
SGPTL,1693,0.0013740868497729153,0.0009307673351059975,0.06651491700000012
SGPTL,1694,0.0014545808068076038,0.0009307673351059975,0.06655312500000043
SGPTL,1695,0.0014832621803761992,0.0009307673351059975,0.06659024999999996
SGPTL,1696,0.0013428925719827234,0.0009307673351059975,0.06662870899999973
SGPTL,1697,0.0013773156133309872,0.0009307673351059975,0.06666349999999976
SGPTL,1698,0.0013290621905595046,0.0009307673351059975,0.06670033400000008
SGPTL,1699,0.0013318705258822394,0.0009307673351059975,0.06673804199999989
SGPTL,1700,0.0013772037713291052,0.0009307673351059975,0.06677483400000028
SGPTL,1701,0.0014989171438191118,0.0009307673351059975,0.06681141700000026
SGPTL,1702,0.0015026147877506002,0.0009307673351059975,0.06684954199999993
SGPTL,1703,0.0014943076180713444,0.0009307673351059975,0.06688641700000009
SGPTL,1704,0.0014357644702058803,0.0009307673351059975,0.06692279199999973
SGPTL,1705,0.001306986773490948,0.0009307673351059975,0.06696066700000003
SGPTL,1706,0.0013580093746934363,0.0009307673351059975,0.06699754200000019
SGPTL,1707,0.0012510190234000795,0.0009307673351059975,0.06703387499999991
SGPTL,1708,0.0013510715678948237,0.0009307673351059975,0.06707175000000021
SGPTL,1709,0.001418530186805711,0.0009307673351059975,0.06710875000000005
SGPTL,1710,0.0014417947937923614,0.0009307673351059975,0.06714508399999985
SGPTL,1711,0.0015851575497241033,0.0009307673351059975,0.06718312499999968
SGPTL,1712,0.0015875208786186867,0.0009307673351059975,0.06721979200000039
SGPTL,1713,0.0016189971217792642,0.0009307673351059975,0.06725637500000037
SGPTL,1714,0.0016576131072363331,0.0009307673351059975,0.06729433399999962
SGPTL,1715,0.0015696886797447185,0.0009307673351059975,0.06733212500000008
SGPTL,1716,0.0015161455508094779,0.0009307673351059975,0.06736979200000004
SGPTL,1717,0.0014818688287028259,0.0009307673351059975,0.06740833400000046
SGPTL,1718,0.0014472609411066983,0.0009307673351059975,0.06744670900000038
SGPTL,1719,0.0015057497100245953,0.0009307673351059975,0.06748495899999973
SGPTL,1720,0.0016747806639845209,0.0009307673351059975,0.06752354199999999
SGPTL,1721,0.0017835468574356472,0.0009307673351059975,0.0675620419999996
SGPTL,1722,0.0016560189013257176,0.0009307673351059975,0.06760045900000033
SGPTL,1723,0.0016717325839019637,0.0009307673351059975,0.06763883400000026
SGPTL,1724,0.0017156781336842286,0.0009307673351059975,0.06767733399999987
SGPTL,1725,0.0017199787568080716,0.0009307673351059975,0.06771579200000044
SGPTL,1726,0.0016062768515576753,0.0009307673351059975,0.06775508399999985
SGPTL,1727,0.0014906857859267042,0.0009307673351059975,0.06779104199999963
SGPTL,1728,0.0014549555935485792,0.0009307673351059975,0.06782883400000017
SGPTL,1729,0.0014163007646361692,0.0009307673351059975,0.06786545900000007
SGPTL,1730,0.0014454949983464527,0.0009307673351059975,0.0679059999999998
SGPTL,1731,0.0015696363122386092,0.0009307673351059975,0.06794124999999962
SGPTL,1732,0.0017310224917663763,0.0009307673351059975,0.0679780000000001
SGPTL,1733,0.0017657986880912357,0.0009307673351059975,0.06801616699999968
SGPTL,1734,0.001810332486185784,0.0009307673351059975,0.06805425000000032
SGPTL,1735,0.0017743795081730518,0.0009307673351059975,0.06809183399999963
SGPTL,1736,0.0016558708370542075,0.0009307673351059975,0.06813033400000013
SGPTL,1737,0.0015565520989633264,0.0009307673351059975,0.06816791700000024
SGPTL,1738,0.001428156973131589,0.0009307673351059975,0.06820716699999974
SGPTL,1739,0.0012957441891192634,0.0009307673351059975,0.06824416700000047
SGPTL,1740,0.0011777817710751926,0.0009307673351059975,0.06828062499999987
SGPTL,1741,0.0010948865088056259,0.0009307673351059975,0.06831850000000017
SGPTL,1742,0.0010106441617527828,0.0009307673351059975,0.06835520899999992
SGPTL,1743,0.0009381332524887043,0.0009307673351059975,0.06839174999999997
SGPTL,1744,0.000879810201996456,0.000879810201996456,0.0684301249999999
SGPTL,1745,0.0008291568964640117,0.0008291568964640117,0.06846725000000031
SGPTL,1746,0.0007695323027845369,0.0007695323027845369,0.06850783400000005
SGPTL,1747,0.000724160433851484,0.000724160433851484,0.06854779200000038
SGPTL,1748,0.000673766981711621,0.000673766981711621,0.06858595899999997
SGPTL,1749,0.0006378973785494679,0.0006378973785494679,0.06862458400000016
SGPTL,1750,0.0005809634320892432,0.0005809634320892432,0.0686618750000001
SGPTL,1751,0.0005192649942065142,0.0005192649942065142,0.06869870900000041
SGPTL,1752,0.0005024136790159339,0.0005024136790159339,0.06873687499999992
SGPTL,1753,0.0004874253811573137,0.0004874253811573137,0.06877412500000002
SGPTL,1754,0.0004611202689521754,0.0004611202689521754,0.06881137500000012
SGPTL,1755,0.0004456991104326846,0.0004456991104326846,0.06884954199999971
SGPTL,1756,0.0004393449878361544,0.0004393449878361544,0.06888674999999989
SGPTL,1757,0.00043177121729165435,0.00043177121729165435,0.06892474999999987
SGPTL,1758,0.0004320728436446597,0.00043177121729165435,0.06896225000000022
SGPTL,1759,0.00043894617747475273,0.00043177121729165435,0.06899937499999975
SGPTL,1760,0.0004252816996297426,0.0004252816996297426,0.06903820900000035
SGPTL,1761,0.0003990048353186282,0.0003990048353186282,0.06907625000000017
SGPTL,1762,0.00039839808979147406,0.00039839808979147406,0.06911537499999998
SGPTL,1763,0.0004239664399401377,0.00039839808979147406,0.06915183400000036
SGPTL,1764,0.00043922458571210576,0.00039839808979147406,0.06919004199999979
SGPTL,1765,0.0004864028864595138,0.00039839808979147406,0.0692277920000004
SGPTL,1766,0.0005112487924014975,0.00039839808979147406,0.06926570899999973
SGPTL,1767,0.0005203210118009949,0.00039839808979147406,0.06930229199999971
SGPTL,1768,0.000534928777916388,0.00039839808979147406,0.06934041700000027
SGPTL,1769,0.0005336678673144579,0.00039839808979147406,0.06937924999999989
SGPTL,1770,0.0005281982773122085,0.00039839808979147406,0.06941733399999972
SGPTL,1771,0.0005474260406490572,0.00039839808979147406,0.06945554200000004
SGPTL,1772,0.0005688604568252487,0.00039839808979147406,0.06949262499999964
SGPTL,1773,0.000653533588405697,0.00039839808979147406,0.0695310840000003
SGPTL,1774,0.0007884680855831938,0.00039839808979147406,0.06956883400000002
SGPTL,1775,0.0008355054972237763,0.00039839808979147406,0.06960816700000017
SGPTL,1776,0.0008890812063353515,0.00039839808979147406,0.06964687500000011
SGPTL,1777,0.0011411154268723411,0.00039839808979147406,0.06968591700000015
SGPTL,1778,0.00130681675191191,0.00039839808979147406,0.06972287500000007
SGPTL,1779,0.0013950514426981364,0.00039839808979147406,0.0697590840000002
SGPTL,1780,0.0015293749130200762,0.00039839808979147406,0.06979691699999968
SGPTL,1781,0.0016322998731288507,0.00039839808979147406,0.06983379199999984
SGPTL,1782,0.0018500669668162217,0.00039839808979147406,0.06987033399999998
SGPTL,1783,0.0019961448815957183,0.00039839808979147406,0.06990783400000034
SGPTL,1784,0.002095162880298762,0.00039839808979147406,0.06994524999999996
SGPTL,1785,0.002273866635578825,0.00039839808979147406,0.06998237500000037
SGPTL,1786,0.0021992937464774265,0.00039839808979147406,0.07001937500000022
SGPTL,1787,0.002123227313570508,0.00039839808979147406,0.07005850000000002
SGPTL,1788,0.0020724540137311287,0.00039839808979147406,0.07009695899999979
SGPTL,1789,0.002080430482023665,0.00039839808979147406,0.07014183400000018
SGPTL,1790,0.0020025932765235233,0.00039839808979147406,0.07017999999999969
SGPTL,1791,0.002146809968765817,0.00039839808979147406,0.07021937499999975
SGPTL,1792,0.0022174747044600984,0.00039839808979147406,0.07025912499999976
SGPTL,1793,0.002380322841133431,0.00039839808979147406,0.0702967499999998
SGPTL,1794,0.0022975435361427543,0.00039839808979147406,0.07033466700000002
SGPTL,1795,0.0021960997526735415,0.00039839808979147406,0.07037162499999994
SGPTL,1796,0.0022537448383364023,0.00039839808979147406,0.07041612500000038
SGPTL,1797,0.0021801543649950794,0.00039839808979147406,0.07045395899999995
SGPTL,1798,0.0021225307923473657,0.00039839808979147406,0.07049250000000029
SGPTL,1799,0.00208205047304455,0.00039839808979147406,0.07053150000000041
SGPTL,1800,0.002070442901923375,0.00039839808979147406,0.07056833399999984
SGPTL,1801,0.002289801347738596,0.00039839808979147406,0.07060529199999976
SGPTL,1802,0.002446162602563806,0.00039839808979147406,0.07064329199999975
SGPTL,1803,0.0024804882215847535,0.00039839808979147406,0.07067991699999965
SGPTL,1804,0.002319998184339589,0.00039839808979147406,0.0707166250000002
SGPTL,1805,0.0022769391213692813,0.00039839808979147406,0.07075454200000042
SGPTL,1806,0.0023728369663178484,0.00039839808979147406,0.07079158400000019
SGPTL,1807,0.0023290564360234356,0.00039839808979147406,0.07082995900000011
SGPTL,1808,0.0022600797376983728,0.00039839808979147406,0.07086770899999983
SGPTL,1809,0.0023416510191252016,0.00039839808979147406,0.07090620900000033
SGPTL,1810,0.002488882563835615,0.00039839808979147406,0.07094454200000033
SGPTL,1811,0.002869594145083587,0.00039839808979147406,0.0709831249999997
SGPTL,1812,0.0029377880258236733,0.00039839808979147406,0.07101954200000016
SGPTL,1813,0.0029237126329029195,0.00039839808979147406,0.07105616700000006
SGPTL,1814,0.0026090016280599926,0.00039839808979147406,0.07111258399999976
SGPTL,1815,0.002564700491564764,0.00039839808979147406,0.07116112499999971
SGPTL,1816,0.0025750385508391815,0.00039839808979147406,0.07120062500000035
SGPTL,1817,0.0026454404031435175,0.00039839808979147406,0.07124037500000036
SGPTL,1818,0.0026212695103704498,0.00039839808979147406,0.0712792499999999
SGPTL,1819,0.002689390343615372,0.00039839808979147406,0.07131925000000017
SGPTL,1820,0.0027784111815867263,0.00039839808979147406,0.07135825000000029
SGPTL,1821,0.0025850152982132,0.00039839808979147406,0.07139679199999982
SGPTL,1822,0.00266826120650987,0.00039839808979147406,0.0714364999999999
SGPTL,1823,0.0028718620102794468,0.00039839808979147406,0.07147733399999989
SGPTL,1824,0.0028013704338658574,0.00039839808979147406,0.07151683399999964
SGPTL,1825,0.002893510168274105,0.00039839808979147406,0.0715560420000001
SGPTL,1826,0.002977190371924676,0.00039839808979147406,0.07159520899999983
SGPTL,1827,0.003143180797400058,0.00039839808979147406,0.07163420899999995
SGPTL,1828,0.003404544354454586,0.00039839808979147406,0.0716734170000004
SGPTL,1829,0.0033099496297577247,0.00039839808979147406,0.07171270899999982
SGPTL,1830,0.003048071234196259,0.00039839808979147406,0.07175154200000033
SGPTL,1831,0.0030645578950234675,0.00039839808979147406,0.07179195900000046
SGPTL,1832,0.0031964477633070754,0.00039839808979147406,0.07183283400000029
SGPTL,1833,0.002953723914416617,0.00039839808979147406,0.07187266700000006
SGPTL,1834,0.0027658905710585824,0.00039839808979147406,0.0719121669999998
SGPTL,1835,0.002654191812128559,0.00039839808979147406,0.07195324999999997
SGPTL,1836,0.0027379986351756536,0.00039839808979147406,0.07199254200000027
SGPTL,1837,0.0031159020521593916,0.00039839808979147406,0.07203120900000037
SGPTL,1838,0.0031936548302797796,0.00039839808979147406,0.07207095900000038
SGPTL,1839,0.0033546290452604044,0.00039839808979147406,0.0721093340000003
SGPTL,1840,0.003277473064368097,0.00039839808979147406,0.07215012500000029
SGPTL,1841,0.003236115780500981,0.00039839808979147406,0.07219125000000037
SGPTL,1842,0.0027743002892788304,0.00039839808979147406,0.07223049999999986
SGPTL,1843,0.0027573983156676807,0.00039839808979147406,0.07226999999999961
SGPTL,1844,0.0026024418248939973,0.00039839808979147406,0.07231104199999994
SGPTL,1845,0.002468844008499227,0.00039839808979147406,0.07235000000000014
SGPTL,1846,0.002668942007936881,0.00039839808979147406,0.07238891699999961
SGPTL,1847,0.0025209241763364254,0.00039839808979147406,0.07242824999999975
SGPTL,1848,0.0025880977663614857,0.00039839808979147406,0.0724683749999997
SGPTL,1849,0.0027542192089766715,0.00039839808979147406,0.07250991699999965
SGPTL,1850,0.003079901674969854,0.00039839808979147406,0.0725491250000001
SGPTL,1851,0.003382585792624182,0.00039839808979147406,0.07258804200000046
SGPTL,1852,0.003334127910656459,0.00039839808979147406,0.07262708399999962
SGPTL,1853,0.003161973131600604,0.00039839808979147406,0.07266645899999968
SGPTL,1854,0.0028593705645727496,0.00039839808979147406,0.07270741700000016
SGPTL,1855,0.0028936594211912414,0.00039839808979147406,0.07274641700000029
SGPTL,1856,0.002770366974782723,0.00039839808979147406,0.07278520900000007
SGPTL,1857,0.0027677187136552206,0.00039839808979147406,0.07282429199999996
SGPTL,1858,0.0027373455605812502,0.00039839808979147406,0.0728631670000004
SGPTL,1859,0.002780250008579399,0.00039839808979147406,0.07290241699999989
SGPTL,1860,0.0028413652177547988,0.00039839808979147406,0.07294458400000003
SGPTL,1861,0.0027920023490217716,0.00039839808979147406,0.07298366699999992
SGPTL,1862,0.002832440450385443,0.00039839808979147406,0.07302316699999967
SGPTL,1863,0.002919266462456882,0.00039839808979147406,0.07306212499999987
SGPTL,1864,0.0028880932113952706,0.00039839808979147406,0.07310616699999972
SGPTL,1865,0.002850722624102353,0.00039839808979147406,0.07314533400000034
SGPTL,1866,0.002767961760395732,0.00039839808979147406,0.07318491699999985
SGPTL,1867,0.002472590376749295,0.00039839808979147406,0.07322641699999988
SGPTL,1868,0.0023455360054758234,0.00039839808979147406,0.0732655839999996
SGPTL,1869,0.002310359253499872,0.00039839808979147406,0.07330479200000006
SGPTL,1870,0.0023299300532400036,0.00039839808979147406,0.07334420900000005
SGPTL,1871,0.0023456304262290395,0.00039839808979147406,0.07338316700000025
SGPTL,1872,0.0022743903073971783,0.00039839808979147406,0.07342341699999988
SGPTL,1873,0.0022534915475658224,0.00039839808979147406,0.07346275000000002
SGPTL,1874,0.002390150727828111,0.00039839808979147406,0.07350229199999969
SGPTL,1875,0.0026416001781832676,0.00039839808979147406,0.07354091699999987
SGPTL,1876,0.002782737193687712,0.00039839808979147406,0.07357975000000039
SGPTL,1877,0.002757737262059745,0.00039839808979147406,0.07361850000000025
SGPTL,1878,0.0028226125579995376,0.00039839808979147406,0.07365729200000004
SGPTL,1879,0.002833596280511941,0.00039839808979147406,0.07369616699999959
SGPTL,1880,0.003002428942839419,0.00039839808979147406,0.07373566700000023
SGPTL,1881,0.002830763482135623,0.00039839808979147406,0.0737748749999998
SGPTL,1882,0.0029018059905254745,0.00039839808979147406,0.07381395899999976
SGPTL,1883,0.003031839599950681,0.00039839808979147406,0.07385404199999979
SGPTL,1884,0.003102669133603797,0.00039839808979147406,0.07389312499999967
SGPTL,1885,0.0031679108711797355,0.00039839808979147406,0.07393395899999966
SGPTL,1886,0.0028659471521419455,0.00039839808979147406,0.0739751670000004
SGPTL,1887,0.00268844767419818,0.00039839808979147406,0.07401425000000028
SGPTL,1888,0.0026867630337772397,0.00039839808979147406,0.07405445900000007
SGPTL,1889,0.0026437533747536435,0.00039839808979147406,0.07409475000000043
SGPTL,1890,0.0026132813797516974,0.00039839808979147406,0.07413458400000028
SGPTL,1891,0.0026176515401341582,0.00039839808979147406,0.07417391700000042
SGPTL,1892,0.0026399092752229514,0.00039839808979147406,0.0742149999999997
SGPTL,1893,0.0026769806969761945,0.00039839808979147406,0.07425370899999972
SGPTL,1894,0.00276087950883519,0.00039839808979147406,0.07429308399999979
SGPTL,1895,0.002804139691068297,0.00039839808979147406,0.07433204199999999
SGPTL,1896,0.002950195807037037,0.00039839808979147406,0.07437079199999985
SGPTL,1897,0.0029645883433804254,0.00039839808979147406,0.0744117089999996
SGPTL,1898,0.0026908473255944365,0.00039839808979147406,0.0744523749999999
SGPTL,1899,0.0027294390237859734,0.00039839808979147406,0.07449362499999967
SGPTL,1900,0.002806419226448309,0.00039839808979147406,0.07453266699999972
SGPTL,1901,0.0030832712467829815,0.00039839808979147406,0.07457325000000026
SGPTL,1902,0.003152043409324179,0.00039839808979147406,0.0746137090000003
SGPTL,1903,0.0032147064715908336,0.00039839808979147406,0.07465304200000045
SGPTL,1904,0.003190282453044979,0.00039839808979147406,0.07469233399999986
SGPTL,1905,0.0033009092681912655,0.00039839808979147406,0.07473325000000042
SGPTL,1906,0.003222722260089572,0.00039839808979147406,0.07477262499999959
SGPTL,1907,0.0032552666593614887,0.00039839808979147406,0.07481187499999997
SGPTL,1908,0.0033073865022283933,0.00039839808979147406,0.07485116700000027
SGPTL,1909,0.0029222869540963536,0.00039839808979147406,0.07489041699999976
SGPTL,1910,0.0026493906088977948,0.00039839808979147406,0.0749297499999999
SGPTL,1911,0.002679954478988167,0.00039839808979147406,0.07496862500000034
SGPTL,1912,0.00277146674976958,0.00039839808979147406,0.07500745900000005
SGPTL,1913,0.0027821223178532417,0.00039839808979147406,0.07504704200000045
SGPTL,1914,0.0028807801114694165,0.00039839808979147406,0.07508620900000018
SGPTL,1915,0.0030391646083307577,0.00039839808979147406,0.07512554200000032
SGPTL,1916,0.0030370335227236644,0.00039839808979147406,0.07516420900000043
SGPTL,1917,0.0030816004828277954,0.00039839808979147406,0.07520416699999988
SGPTL,1918,0.0028041519781505375,0.00039839808979147406,0.07524479200000034
SGPTL,1919,0.0025480668436912435,0.00039839808979147406,0.07528383400000038
SGPTL,1920,0.0024749369761902784,0.00039839808979147406,0.07532329200000021
SGPTL,1921,0.002302857584533413,0.00039839808979147406,0.07536249999999978
SGPTL,1922,0.002339547459552227,0.00039839808979147406,0.07540616699999969
SGPTL,1923,0.0022051814280503734,0.00039839808979147406,0.07544570900000025
SGPTL,1924,0.0023299802978780093,0.00039839808979147406,0.07548670899999976
SGPTL,1925,0.002529569011010313,0.00039839808979147406,0.0755258750000003
SGPTL,1926,0.0028304840642525697,0.00039839808979147406,0.07556629200000042
SGPTL,1927,0.002990600077422023,0.00039839808979147406,0.07560354199999963
SGPTL,1928,0.0029958698415843976,0.00039839808979147406,0.07564270900000025
SGPTL,1929,0.002896547011166817,0.00039839808979147406,0.07568337499999966
SGPTL,1930,0.0028113903717450484,0.00039839808979147406,0.07572425000000038
SGPTL,1931,0.002823240468335486,0.00039839808979147406,0.07576304200000017
SGPTL,1932,0.002632711150155842,0.00039839808979147406,0.07580195899999964
SGPTL,1933,0.002748294460305889,0.00039839808979147406,0.07584520899999969
SGPTL,1934,0.0026910954237151508,0.00039839808979147406,0.07588162500000006
SGPTL,1935,0.0027384851234817376,0.00039839808979147406,0.07592395899999982
SGPTL,1936,0.002916618712501373,0.00039839808979147406,0.07596250000000015
SGPTL,1937,0.0028842080930902014,0.00039839808979147406,0.07600087500000008
SGPTL,1938,0.00289218477529829,0.00039839808979147406,0.07603883400000022
SGPTL,1939,0.0029727848248466415,0.00039839808979147406,0.07607833399999997
SGPTL,1940,0.0028137581422500446,0.00039839808979147406,0.07611774999999987
SGPTL,1941,0.0028096285882011074,0.00039839808979147406,0.0761587920000002
SGPTL,1942,0.0029039579536656035,0.00039839808979147406,0.07619724999999988
SGPTL,1943,0.002967848019002517,0.00039839808979147406,0.07623512500000018
SGPTL,1944,0.0027421975497956552,0.00039839808979147406,0.07627458400000009
SGPTL,1945,0.00264579004498966,0.00039839808979147406,0.07631624999999964
SGPTL,1946,0.002572990321794144,0.00039839808979147406,0.07635504200000032
SGPTL,1947,0.0024907406720879877,0.00039839808979147406,0.07639695900000021
SGPTL,1948,0.0026685222079032567,0.00039839808979147406,0.07643850000000008
SGPTL,1949,0.002579144311818826,0.00039839808979147406,0.07648041699999997
SGPTL,1950,0.002515549107728443,0.00039839808979147406,0.07652016699999997
SGPTL,1951,0.002693072581475331,0.00039839808979147406,0.07655904200000041
SGPTL,1952,0.002917284545049137,0.00039839808979147406,0.07659820900000014
SGPTL,1953,0.0027312711093792075,0.00039839808979147406,0.07663741699999971
SGPTL,1954,0.0029518641362988873,0.00039839808979147406,0.07667658400000033
SGPTL,1955,0.003090958978046787,0.00039839808979147406,0.07671945900000043
SGPTL,1956,0.003257696869208848,0.00039839808979147406,0.07675854200000032
SGPTL,1957,0.0032887175787559286,0.00039839808979147406,0.07679949999999991
SGPTL,1958,0.0029714037313921526,0.00039839808979147406,0.07683858399999988
SGPTL,1959,0.002670209259705736,0.00039839808979147406,0.07687729199999982
SGPTL,1960,0.0026433950371935744,0.00039839808979147406,0.07691674999999965
SGPTL,1961,0.0027138508443524945,0.00039839808979147406,0.07695875000000019
SGPTL,1962,0.002613041762245416,0.00039839808979147406,0.076997875
SGPTL,1963,0.0026255979986824496,0.00039839808979147406,0.07703704199999972
SGPTL,1964,0.0028379832366673963,0.00039839808979147406,0.07707579199999959
SGPTL,1965,0.0028461539019180027,0.00039839808979147406,0.07711470899999995
SGPTL,1966,0.002744255975718035,0.00039839808979147406,0.07715379199999983
SGPTL,1967,0.0028160751356003377,0.00039839808979147406,0.07719258399999962
SGPTL,1968,0.002819804266584125,0.00039839808979147406,0.07723254199999996
SGPTL,1969,0.002576409783805911,0.00039839808979147406,0.0772732920000001
SGPTL,1970,0.002658906712216691,0.00039839808979147406,0.0773139589999996
SGPTL,1971,0.0027691450608282597,0.00039839808979147406,0.07735483400000032
SGPTL,1972,0.0028238308391910216,0.00039839808979147406,0.07739404199999989
SGPTL,1973,0.0030004530879872426,0.00039839808979147406,0.07743349999999971
SGPTL,1974,0.00279940929855238,0.00039839808979147406,0.07747479200000029
SGPTL,1975,0.0027397186110027505,0.00039839808979147406,0.07751383400000034
SGPTL,1976,0.002724000552418504,0.00039839808979147406,0.07755245899999963
SGPTL,1977,0.002662121836557896,0.00039839808979147406,0.07759037499999977
SGPTL,1978,0.0026904592733989485,0.00039839808979147406,0.07762974999999983
SGPTL,1979,0.0027929238855244343,0.00039839808979147406,0.07767137500000043
SGPTL,1980,0.0029612819402147217,0.00039839808979147406,0.07771066699999984
SGPTL,1981,0.0031002797174721763,0.00039839808979147406,0.07774974999999973
SGPTL,1982,0.003102060004695817,0.00039839808979147406,0.07779033400000035
SGPTL,1983,0.003283652529604719,0.00039839808979147406,0.07782916699999998
SGPTL,1984,0.003083144837115581,0.00039839808979147406,0.07786845900000028
SGPTL,1985,0.003207059156455916,0.00039839808979147406,0.07790562499999965
SGPTL,1986,0.0029116318052206935,0.00039839808979147406,0.07794691700000023
SGPTL,1987,0.0029293386899755802,0.00039839808979147406,0.07798525000000023
SGPTL,1988,0.0031268155979773393,0.00039839808979147406,0.07802466700000021
SGPTL,1989,0.0031971728324040605,0.00039839808979147406,0.07806495899999977
SGPTL,1990,0.0030128249622092262,0.00039839808979147406,0.07810337500000042
SGPTL,1991,0.0029772369155858236,0.00039839808979147406,0.07814579199999994
SGPTL,1992,0.0030649043180537294,0.00039839808979147406,0.0781864170000004
SGPTL,1993,0.0031997640805776495,0.00039839808979147406,0.07823650000000004
SGPTL,1994,0.003301530010229925,0.00039839808979147406,0.07827616700000029
SGPTL,1995,0.0032016513678061465,0.00039839808979147406,0.07831533400000001
SGPTL,1996,0.002889465584579476,0.00039839808979147406,0.07835233399999986
SGPTL,1997,0.002713009351454687,0.00039839808979147406,0.07839050000000025
SGPTL,1998,0.002794744789526904,0.00039839808979147406,0.07843020900000042
SGPTL,1999,0.002631571583413317,0.00039839808979147406,0.07846733399999994
SGPTL,2000,0.0024470426088447628,0.00039839808979147406,0.07850545899999961
SGPTL,2001,0.002539806505148512,0.00039839808979147406,0.07854495900000025
SGPTL,2002,0.002702257114532536,0.00039839808979147406,0.07858533400000045
SGPTL,2003,0.0029406490415169184,0.00039839808979147406,0.07862362499999964
SGPTL,2004,0.003232578987751422,0.00039839808979147406,0.07866137500000026
SGPTL,2005,0.0030665590462386483,0.00039839808979147406,0.07870166699999981
SGPTL,2006,0.0029604729136050167,0.00039839808979147406,0.07874091700000019
SGPTL,2007,0.0032068027045792924,0.00039839808979147406,0.07877887500000025
SGPTL,2008,0.00287836133480468,0.00039839808979147406,0.07881616700000027
SGPTL,2009,0.0026399401937253764,0.00039839808979147406,0.07885291699999986
SGPTL,2010,0.0026562283193052316,0.00039839808979147406,0.07889087499999992
SGPTL,2011,0.002615863121336659,0.00039839808979147406,0.07892829199999962
SGPTL,2012,0.0024572703577052657,0.00039839808979147406,0.07896508400000002
SGPTL,2013,0.0027055280673633497,0.00039839808979147406,0.07900358399999963
SGPTL,2014,0.002917586767843261,0.00039839808979147406,0.07904149999999976
SGPTL,2015,0.0031093690793257966,0.00039839808979147406,0.07907941699999999
SGPTL,2016,0.003107451751879431,0.00039839808979147406,0.07911912500000007
SGPTL,2017,0.002824836703611222,0.00039839808979147406,0.07915633400000033
SGPTL,2018,0.002987484847617683,0.00039839808979147406,0.07920233399999965
SGPTL,2019,0.0028440597973851123,0.00039839808979147406,0.07924050000000005
SGPTL,2020,0.002788453199034313,0.00039839808979147406,0.0792772089999998
SGPTL,2021,0.0027163773512093314,0.00039839808979147406,0.07931616699999999
SGPTL,2022,0.0025778922424066764,0.00039839808979147406,0.07935312499999991
SGPTL,2023,0.0022339695380184654,0.00039839808979147406,0.07939095900000037
SGPTL,2024,0.002045909923466205,0.00039839808979147406,0.07942812499999974
SGPTL,2025,0.0021557048890645802,0.00039839808979147406,0.079465334
SGPTL,2026,0.002194188026341859,0.00039839808979147406,0.07950337499999982
SGPTL,2027,0.0023564598477965326,0.00039839808979147406,0.07954349999999977
SGPTL,2028,0.0027432783847345377,0.00039839808979147406,0.0795802090000004
SGPTL,2029,0.002849493031360062,0.00039839808979147406,0.07961808399999981
SGPTL,2030,0.0029289651699371255,0.00039839808979147406,0.07965720899999962
SGPTL,2031,0.00289899639436908,0.00039839808979147406,0.07969600000000021
SGPTL,2032,0.0029492049802368747,0.00039839808979147406,0.07973425000000045
SGPTL,2033,0.0028908907584925814,0.00039839808979147406,0.07977291699999967
SGPTL,2034,0.002861483495568695,0.00039839808979147406,0.0798113340000004
SGPTL,2035,0.00288296505377561,0.00039839808979147406,0.07984791700000038
SGPTL,2036,0.0028401254468708448,0.00039839808979147406,0.07988666700000024
SGPTL,2037,0.002878840760040635,0.00039839808979147406,0.07992520899999978
SGPTL,2038,0.003013585268396346,0.00039839808979147406,0.0799638749999998
SGPTL,2039,0.0030019741014279955,0.00039839808979147406,0.08000025000000033
SGPTL,2040,0.003068590106759972,0.00039839808979147406,0.08003820900000047
SGPTL,2041,0.0030910917578688135,0.00039839808979147406,0.08007541699999976
SGPTL,2042,0.0032279937084340737,0.00039839808979147406,0.08011308399999972
SGPTL,2043,0.003419210838554676,0.00039839808979147406,0.08015158400000022
SGPTL,2044,0.003252992319854542,0.00039839808979147406,0.08019137500000006
SGPTL,2045,0.0032202031243273588,0.00039839808979147406,0.08022891700000034
SGPTL,2046,0.0029360623586383028,0.00039839808979147406,0.08026787499999966
SGPTL,2047,0.0026685656071903097,0.00039839808979147406,0.08030425000000019
SGPTL,2048,0.0028371245940532752,0.00039839808979147406,0.08034874999999975
SGPTL,2049,0.0029999812783854107,0.00039839808979147406,0.08038612500000042
SGPTL,2050,0.0029221333244289216,0.00039839808979147406,0.08042399999999983
SGPTL,2051,0.0028803967344632753,0.00039839808979147406,0.08046054199999997
SGPTL,2052,0.002938894133326153,0.00039839808979147406,0.08049704200000019
SGPTL,2053,0.003035482808786405,0.00039839808979147406,0.08053479199999991
SGPTL,2054,0.003060986943006494,0.00039839808979147406,0.08057174999999983
SGPTL,2055,0.0030445763626194555,0.00039839808979147406,0.08060775000000042
SGPTL,2056,0.0029101535440507753,0.00039839808979147406,0.0806460419999997
SGPTL,2057,0.003088072257256158,0.00039839808979147406,0.08068316700000011
SGPTL,2058,0.0028679040167685077,0.00039839808979147406,0.08071979200000001
SGPTL,2059,0.002975380112204551,0.00039839808979147406,0.08075754199999974
SGPTL,2060,0.0031232072853044635,0.00039839808979147406,0.08079420900000045
SGPTL,2061,0.003082899899137681,0.00039839808979147406,0.08083070899999978
SGPTL,2062,0.0030915301287626207,0.00039839808979147406,0.08086854200000015
SGPTL,2063,0.003336037211857601,0.00039839808979147406,0.08090591699999994
SGPTL,2064,0.0033407100449072136,0.00039839808979147406,0.08094362499999974
SGPTL,2065,0.003221628481803629,0.00039839808979147406,0.08098154199999996
SGPTL,2066,0.0030123617433162053,0.00039839808979147406,0.08101841700000012
SGPTL,2067,0.002917154565309943,0.00039839808979147406,0.0810550000000001
SGPTL,2068,0.002987817590178743,0.00039839808979147406,0.08109279199999975
SGPTL,2069,0.0031829860663903364,0.00039839808979147406,0.08113204200000013
SGPTL,2070,0.0030624077562753094,0.00039839808979147406,0.08116916699999965
SGPTL,2071,0.0027839417664894395,0.00039839808979147406,0.08120687500000034
SGPTL,2072,0.002584051366489648,0.00039839808979147406,0.08124350000000025
SGPTL,2073,0.002664830500832327,0.00039839808979147406,0.08128024999999983
SGPTL,2074,0.002681478600284448,0.00039839808979147406,0.08131804200000037
SGPTL,2075,0.0025632366301220344,0.00039839808979147406,0.08135500000000029
SGPTL,2076,0.0025491232094552174,0.00039839808979147406,0.08139154200000043
SGPTL,2077,0.0028679302498839654,0.00039839808979147406,0.08142962500000017
SGPTL,2078,0.0028464855686181068,0.00039839808979147406,0.08146662500000001
SGPTL,2079,0.002784629042508202,0.00039839808979147406,0.08150345900000033
SGPTL,2080,0.0027335710775666655,0.00039839808979147406,0.08154162499999984
SGPTL,2081,0.0028833781985291296,0.00039839808979147406,0.08157858399999984
SGPTL,2082,0.00269656286475195,0.00039839808979147406,0.0816157500000001
SGPTL,2083,0.002548193996733339,0.00039839808979147406,0.08165383399999993
SGPTL,2084,0.0024907590969411864,0.00039839808979147406,0.08169095900000034
SGPTL,2085,0.002409760970494945,0.00039839808979147406,0.08172845899999981
SGPTL,2086,0.0025052499214617274,0.00039839808979147406,0.08176666700000013
SGPTL,2087,0.0025574637827039393,0.00039839808979147406,0.0818035840000002
SGPTL,2088,0.002506004128720596,0.00039839808979147406,0.08184116700000033
SGPTL,2089,0.0025763128231961474,0.00039839808979147406,0.08187904199999974
SGPTL,2090,0.0025253983129693847,0.00039839808979147406,0.08191570900000045
SGPTL,2091,0.002666719061794831,0.00039839808979147406,0.08195204200000017
SGPTL,2092,0.0028508405083074173,0.00039839808979147406,0.08198966700000021
SGPTL,2093,0.0028503325826325643,0.00039839808979147406,0.08202658400000029
SGPTL,2094,0.0029245253210961053,0.00039839808979147406,0.08206316700000027
SGPTL,2095,0.002843193305554159,0.00039839808979147406,0.0821010839999996
SGPTL,2096,0.0028293466572619774,0.00039839808979147406,0.08213775000000023
SGPTL,2097,0.0030318030089779846,0.00039839808979147406,0.0821765000000001
SGPTL,2098,0.0030469745097607692,0.00039839808979147406,0.08221362499999962
SGPTL,2099,0.0028448321612626337,0.00039839808979147406,0.08225124999999966
SGPTL,2100,0.002764171627075429,0.00039839808979147406,0.08228933400000038
SGPTL,2101,0.002727844093229237,0.00039839808979147406,0.08232633400000022
SGPTL,2102,0.0028261433918150836,0.00039839808979147406,0.08236295900000012
SGPTL,2103,0.0030136162939147226,0.00039839808979147406,0.08240074999999969
SGPTL,2104,0.003155473661692998,0.00039839808979147406,0.08243754200000009
SGPTL,2105,0.003275193516921737,0.00039839808979147406,0.08247379200000005
SGPTL,2106,0.003226623363381531,0.00039839808979147406,0.0825117500000001
SGPTL,2107,0.003244326648007778,0.00039839808979147406,0.08254825000000032
SGPTL,2108,0.0032883032726291894,0.00039839808979147406,0.08258620900000047
SGPTL,2109,0.0033835127458088365,0.00039839808979147406,0.08262279200000044
SGPTL,2110,0.0035074140666555564,0.00039839808979147406,0.0826593339999997
SGPTL,2111,0.0033671254620011304,0.00039839808979147406,0.08269733399999968
SGPTL,2112,0.003141237373079697,0.00039839808979147406,0.08273433400000041
SGPTL,2113,0.0031409334266654376,0.00039839808979147406,0.08277066700000013
SGPTL,2114,0.0032252475533389724,0.00039839808979147406,0.08280854200000043
SGPTL,2115,0.003332307056945094,0.00039839808979147406,0.08284537499999978
SGPTL,2116,0.003332613450593769,0.00039839808979147406,0.08288366699999994
SGPTL,2117,0.003260693758635691,0.00039839808979147406,0.08292150000000031
SGPTL,2118,0.0032299315559365382,0.00039839808979147406,0.08295791699999988
SGPTL,2119,0.0034524999180161053,0.00039839808979147406,0.08299579200000018
SGPTL,2120,0.0031689177990241735,0.00039839808979147406,0.08303270900000026
SGPTL,2121,0.0031624054182906036,0.00039839808979147406,0.08306979199999986
SGPTL,2122,0.00310735767744319,0.00039839808979147406,0.08310749999999967
SGPTL,2123,0.003081448872191972,0.00039839808979147406,0.08314437499999983
SGPTL,2124,0.002968674173730035,0.00039839808979147406,0.08318075000000036
SGPTL,2125,0.0027922634212032005,0.00039839808979147406,0.08321841700000032
SGPTL,2126,0.002869588234474696,0.00039839808979147406,0.08326625000000032
SGPTL,2127,0.002955649139372518,0.00039839808979147406,0.083303334
SGPTL,2128,0.0030281514439942647,0.00039839808979147406,0.08334083400000036
SGPTL,2129,0.0031311531998081676,0.00039839808979147406,0.08337883400000035
SGPTL,2130,0.0031889734747536647,0.00039839808979147406,0.08341550000000009
SGPTL,2131,0.0032166479891566624,0.00039839808979147406,0.08345312500000013
SGPTL,2132,0.002993933033802909,0.00039839808979147406,0.08349133399999964
SGPTL,2133,0.002766565495850193,0.00039839808979147406,0.08352908400000025
SGPTL,2134,0.0025637101517643757,0.00039839808979147406,0.08356666700000037
SGPTL,2135,0.002484748439867124,0.00039839808979147406,0.08360449999999986
SGPTL,2136,0.0025885454269976016,0.00039839808979147406,0.08364125000000033
SGPTL,2137,0.0026185492831654056,0.00039839808979147406,0.08367995900000036
SGPTL,2138,0.0027167852368532586,0.00039839808979147406,0.08371837500000012
SGPTL,2139,0.002727888017829194,0.00039839808979147406,0.08375620899999969
SGPTL,2140,0.002725538313013587,0.00039839808979147406,0.08379274999999975
SGPTL,2141,0.00267518517766141,0.00039839808979147406,0.08382929199999989
SGPTL,2142,0.00284384254608816,0.00039839808979147406,0.08386770899999973
SGPTL,2143,0.0030786236856661375,0.00039839808979147406,0.08390495899999983
SGPTL,2144,0.003060555141604304,0.00039839808979147406,0.08394145900000005
SGPTL,2145,0.003133801450416307,0.00039839808979147406,0.08397949999999987
SGPTL,2146,0.002767167395600456,0.00039839808979147406,0.08401633400000019
SGPTL,2147,0.002643313233939626,0.00039839808979147406,0.08405270899999984
SGPTL,2148,0.0026974214219446235,0.00039839808979147406,0.08409091700000015
SGPTL,2149,0.002712298917518119,0.00039839808979147406,0.0841302500000003
SGPTL,2150,0.002609525943638058,0.00039839808979147406,0.08417254200000013
SGPTL,2151,0.0026737085482839706,0.00039839808979147406,0.08421120900000023
SGPTL,2152,0.0026690320365978515,0.00039839808979147406,0.08424862499999985
SGPTL,2153,0.0025679017990412056,0.00039839808979147406,0.08428541700000025
SGPTL,2154,0.0025966195995734687,0.00039839808979147406,0.08432312500000005
SGPTL,2155,0.0024804382247223256,0.00039839808979147406,0.08435974999999996
SGPTL,2156,0.0025416310743735515,0.00039839808979147406,0.08439670899999996
SGPTL,2157,0.002588110263580745,0.00039839808979147406,0.08443470899999994
SGPTL,2158,0.002758573999906533,0.00039839808979147406,0.08447150000000025
SGPTL,2159,0.002569473360653385,0.00039839808979147406,0.08450837500000041
SGPTL,2160,0.0028134226962204245,0.00039839808979147406,0.08454641700000032
SGPTL,2161,0.00305638451112622,0.00039839808979147406,0.08458283399999988
SGPTL,2162,0.002942675947978257,0.00039839808979147406,0.08462004200000006
SGPTL,2163,0.003079747893723228,0.00039839808979147406,0.08465800000000012
SGPTL,2164,0.003130448859126833,0.00039839808979147406,0.08469450000000034
SGPTL,2165,0.003241702890800724,0.00039839808979147406,0.08473116700000016
SGPTL,2166,0.0029721429905036345,0.00039839808979147406,0.08476937499999959
SGPTL,2167,0.003110380227346443,0.00039839808979147406,0.08480645900000017
SGPTL,2168,0.0028831770401009926,0.00039839808979147406,0.08484412500000005
SGPTL,2169,0.002812267225201115,0.00039839808979147406,0.08488183399999993
SGPTL,2170,0.0028743389070995384,0.00039839808979147406,0.08491958399999966
SGPTL,2171,0.0029253234571697817,0.00039839808979147406,0.08495662500000023
SGPTL,2172,0.0031272656707375113,0.00039839808979147406,0.084993667
SGPTL,2173,0.0033518039912336928,0.00039839808979147406,0.08503150000000037
SGPTL,2174,0.0032345632583998807,0.00039839808979147406,0.08507054200000042
SGPTL,2175,0.003357922484224618,0.00039839808979147406,0.08510779199999963
SGPTL,2176,0.0028921176106990742,0.00039839808979147406,0.08514550000000032
SGPTL,2177,0.0027161791638676824,0.00039839808979147406,0.08518266699999977
SGPTL,2178,0.002738735896841593,0.00039839808979147406,0.0852198340000001
SGPTL,2179,0.002942262053041045,0.00039839808979147406,0.0852577090000004
SGPTL,2180,0.0028331221380486493,0.00039839808979147406,0.08529545900000013
SGPTL,2181,0.002657159925792296,0.00039839808979147406,0.08533450000000009
SGPTL,2182,0.0024528850081848574,0.00039839808979147406,0.08537337499999964
SGPTL,2183,0.0023076569882269915,0.00039839808979147406,0.08541258400000018
SGPTL,2184,0.002272426420175,0.00039839808979147406,0.0854495420000001
SGPTL,2185,0.002065390821814006,0.00039839808979147406,0.08548829199999997
SGPTL,2186,0.0019592152932947915,0.00039839808979147406,0.08552475000000026
SGPTL,2187,0.0018931729915925288,0.00039839808979147406,0.08556266699999959
SGPTL,2188,0.0019043202393846936,0.00039839808979147406,0.08560029199999963
SGPTL,2189,0.0018651940872582706,0.00039839808979147406,0.0856376670000003
SGPTL,2190,0.0018078623939925542,0.00039839808979147406,0.08567620899999984
SGPTL,2191,0.0018422461596447892,0.00039839808979147406,0.08571400000000029
SGPTL,2192,0.0018225950836991966,0.00039839808979147406,0.08575358399999988
SGPTL,2193,0.0017315234242141209,0.00039839808979147406,0.08579079200000006
SGPTL,2194,0.0016483192289187265,0.00039839808979147406,0.08582816699999984
SGPTL,2195,0.0015115753804886278,0.00039839808979147406,0.08586429200000012
SGPTL,2196,0.0013558256675201275,0.00039839808979147406,0.08590208399999977
SGPTL,2197,0.0013226951097551343,0.00039839808979147406,0.08593883400000024
SGPTL,2198,0.0012250957420749664,0.00039839808979147406,0.08597645900000028
SGPTL,2199,0.0011015346794518432,0.00039839808979147406,0.08601283399999993
SGPTL,2200,0.0010393334507512453,0.00039839808979147406,0.08605075000000006
SGPTL,2201,0.000973769894033083,0.00039839808979147406,0.08608937500000025
SGPTL,2202,0.0008926924358318988,0.00039839808979147406,0.08612770900000033
SGPTL,2203,0.0008382879268251653,0.00039839808979147406,0.08616466700000025
SGPTL,2204,0.0008203304386895649,0.00039839808979147406,0.08620195900000027
SGPTL,2205,0.0007771821332331896,0.00039839808979147406,0.08623995900000025
SGPTL,2206,0.0007404980926568605,0.00039839808979147406,0.08627716700000043
SGPTL,2207,0.0007005861644444611,0.00039839808979147406,0.08631570899999996
SGPTL,2208,0.0006726616326466761,0.00039839808979147406,0.0863529999999999
SGPTL,2209,0.0006472575652320955,0.00039839808979147406,0.08639216699999963
SGPTL,2210,0.0006138455226438744,0.00039839808979147406,0.08643049999999963
SGPTL,2211,0.0005697710919576604,0.00039839808979147406,0.08646741699999971
SGPTL,2212,0.0005161774515110018,0.00039839808979147406,0.08650533399999993
SGPTL,2213,0.0004706463860930654,0.00039839808979147406,0.08654333399999992
SGPTL,2214,0.0004455081973939734,0.00039839808979147406,0.08658095899999996
SGPTL,2215,0.0004181180167255327,0.00039839808979147406,0.08661970899999982
SGPTL,2216,0.00039294747315610223,0.00039294747315610223,0.08665687500000008
SGPTL,2217,0.00037671921775439543,0.00037671921775439543,0.0866939999999996
SGPTL,2218,0.0003502171962068701,0.0003502171962068701,0.08673116699999994
SGPTL,2219,0.0003339762497931442,0.0003339762497931442,0.08676733400000014
SGPTL,2220,0.000325955068677386,0.000325955068677386,0.0868052920000002
SGPTL,2221,0.00032809207488848635,0.000325955068677386,0.08684412499999983
SGPTL,2222,0.0003374328815364258,0.000325955068677386,0.08688420899999993
SGPTL,2223,0.0003701631072998701,0.000325955068677386,0.08692058400000047
SGPTL,2224,0.0003871399241806017,0.000325955068677386,0.08695862500000029
SGPTL,2225,0.0004006139890755378,0.000325955068677386,0.08699612499999976
SGPTL,2226,0.00039846725541758943,0.000325955068677386,0.08703483399999978
SGPTL,2227,0.00041336773264299964,0.000325955068677386,0.08706908400000035
SGPTL,2228,0.00043368698954338036,0.000325955068677386,0.08710833399999984
SGPTL,2229,0.00045425674763044377,0.000325955068677386,0.08714558399999994
SGPTL,2230,0.00047968652588425975,0.000325955068677386,0.08718437499999965
SGPTL,2231,0.0005049787918882664,0.000325955068677386,0.08722229199999987
SGPTL,2232,0.0005176444722891915,0.000325955068677386,0.08725995899999983
SGPTL,2233,0.00054101067173562,0.000325955068677386,0.08729741700000027
SGPTL,2234,0.0006184047304100826,0.000325955068677386,0.08733612500000021
SGPTL,2235,0.0007469699602329349,0.000325955068677386,0.08737304200000029
SGPTL,2236,0.0008613340244782997,0.000325955068677386,0.08740962500000027
SGPTL,2237,0.001042073528143339,0.000325955068677386,0.08744712499999974
SGPTL,2238,0.0012438093648206028,0.000325955068677386,0.08748445899999968
SGPTL,2239,0.0013705975355005062,0.000325955068677386,0.0875218750000002
SGPTL,2240,0.001728224153119129,0.000325955068677386,0.08756066699999998
SGPTL,2241,0.0019023387349927923,0.000325955068677386,0.0875976249999999
SGPTL,2242,0.0020838687420861035,0.000325955068677386,0.0876345839999999
SGPTL,2243,0.0020532650920095374,0.000325955068677386,0.0876729169999999
SGPTL,2244,0.0020625842462118626,0.000325955068677386,0.08771050000000002
SGPTL,2245,0.00219080280466466,0.000325955068677386,0.08775670899999977
SGPTL,2246,0.002271740657435961,0.000325955068677386,0.08780262500000013
SGPTL,2247,0.002495448523458066,0.000325955068677386,0.08784129200000024
SGPTL,2248,0.00291151728558936,0.000325955068677386,0.08787841699999976
SGPTL,2249,0.003155112535924154,0.000325955068677386,0.08791645899999967
SGPTL,2250,0.0032713144322031873,0.000325955068677386,0.087955
SGPTL,2251,0.0028064665190401517,0.000325955068677386,0.08799191700000009
SGPTL,2252,0.002668532063033302,0.000325955068677386,0.08802899999999969
SGPTL,2253,0.002615800311878358,0.000325955068677386,0.08806879199999962
SGPTL,2254,0.0026298352195111008,0.000325955068677386,0.08810887499999964
SGPTL,2255,0.0028675771538073658,0.000325955068677386,0.0881460839999999
SGPTL,2256,0.003011066012337027,0.000325955068677386,0.08818325000000016
SGPTL,2257,0.003048055356350554,0.000325955068677386,0.08822133399999998
SGPTL,2258,0.002972135627523187,0.000325955068677386,0.08825799999999973
SGPTL,2259,0.0030358630473965587,0.000325955068677386,0.08829504200000038
SGPTL,2260,0.0031053792763602317,0.000325955068677386,0.08833287499999987
SGPTL,2261,0.002905146223552535,0.000325955068677386,0.08837000000000028
SGPTL,2262,0.002828245771095972,0.000325955068677386,0.08840704200000005
SGPTL,2263,0.0028132654407468927,0.000325955068677386,0.08844333399999993
SGPTL,2264,0.00282800626411861,0.000325955068677386,0.0884811670000003
SGPTL,2265,0.0028505864012353666,0.000325955068677386,0.08851820900000007
SGPTL,2266,0.0029492778915940487,0.000325955068677386,0.08855458399999971
SGPTL,2267,0.0029864425156074237,0.000325955068677386,0.08859241700000009
SGPTL,2268,0.0031037930786901313,0.000325955068677386,0.08862929200000025
SGPTL,2269,0.0030096528442502546,0.000325955068677386,0.0886667499999998
SGPTL,2270,0.003003587441491762,0.000325955068677386,0.08870462500000009
SGPTL,2271,0.0029263048349110754,0.000325955068677386,0.08874349999999964
SGPTL,2272,0.003085488520175428,0.000325955068677386,0.08878016700000035
SGPTL,2273,0.0030352664843638077,0.000325955068677386,0.0888177920000004
SGPTL,2274,0.0031642467687111875,0.000325955068677386,0.08886124999999989
SGPTL,2275,0.0035198608445290436,0.000325955068677386,0.08890004199999968
SGPTL,2276,0.0034161007580670866,0.000325955068677386,0.0889385840000001
SGPTL,2277,0.0034449006490091527,0.000325955068677386,0.08897662499999992
SGPTL,2278,0.0037383693936350326,0.000325955068677386,0.08901595900000014
SGPTL,2279,0.0038987686023057577,0.000325955068677386,0.08905383400000044
SGPTL,2280,0.004115729632652831,0.000325955068677386,0.0890911670000003
SGPTL,2281,0.004344542409360663,0.000325955068677386,0.0891277920000002
SGPTL,2282,0.004474525745401081,0.000325955068677386,0.08916575000000027
SGPTL,2283,0.004075682374277356,0.000325955068677386,0.08920270900000027
SGPTL,2284,0.004095955102588311,0.000325955068677386,0.08924066700000033
SGPTL,2285,0.004056758955478301,0.000325955068677386,0.08927854199999974
SGPTL,2286,0.004085169852314774,0.000325955068677386,0.08931616699999978
SGPTL,2287,0.003910206350659751,0.000325955068677386,0.08935545900000008
SGPTL,2288,0.004050267784260653,0.000325955068677386,0.08939245899999992
SGPTL,2289,0.004029422610763556,0.000325955068677386,0.08942912499999967
SGPTL,2290,0.004070123572208928,0.000325955068677386,0.08946712499999965
SGPTL,2291,0.0043196866264114675,0.000325955068677386,0.08950433399999991
SGPTL,2292,0.0040848901224785905,0.000325955068677386,0.08954166699999977
SGPTL,2293,0.00399304878160045,0.000325955068677386,0.08957991700000001
SGPTL,2294,0.003987414769766051,0.000325955068677386,0.08961724999999987
SGPTL,2295,0.00408195016535462,0.000325955068677386,0.08965520900000001
SGPTL,2296,0.0038840330124552125,0.000325955068677386,0.08969183399999991
SGPTL,2297,0.0041936965690605454,0.000325955068677386,0.08973033400000041
SGPTL,2298,0.003999605631763714,0.000325955068677386,0.08976758399999962
SGPTL,2299,0.004074720360274453,0.000325955068677386,0.08980570900000018
SGPTL,2300,0.00416119831409234,0.000325955068677386,0.08984820900000035
SGPTL,2301,0.003970669907528368,0.000325955068677386,0.08988516700000027
SGPTL,2302,0.0039880383364720995,0.000325955068677386,0.08992162499999967
SGPTL,2303,0.003964631135504826,0.000325955068677386,0.08995966700000047
SGPTL,2304,0.003884011569718515,0.000325955068677386,0.08999658399999966
SGPTL,2305,0.003919959233448456,0.000325955068677386,0.0900338749999996
SGPTL,2306,0.004008849753057264,0.000325955068677386,0.0900717499999999
SGPTL,2307,0.004275442711193289,0.000325955068677386,0.09011100000000027
SGPTL,2308,0.0040512819799860544,0.000325955068677386,0.09014795900000028
SGPTL,2309,0.003951813109497326,0.000325955068677386,0.09018666700000022
SGPTL,2310,0.0037910109864922603,0.000325955068677386,0.09022374999999982
SGPTL,2311,0.003903655014208418,0.000325955068677386,0.09026174999999981
SGPTL,2312,0.0037693031447196823,0.000325955068677386,0.09029841699999963
SGPTL,2313,0.0036452308132779443,0.000325955068677386,0.09034033400000041
SGPTL,2314,0.0035405712550433677,0.000325955068677386,0.0903777090000002
SGPTL,2315,0.003203676254067478,0.000325955068677386,0.09041545899999992
SGPTL,2316,0.002954177843007999,0.000325955068677386,0.09045241699999984
SGPTL,2317,0.0028978479693178016,0.000325955068677386,0.09048941699999968
SGPTL,2318,0.002850796409262557,0.000325955068677386,0.0905265420000001
SGPTL,2319,0.002953387365783877,0.000325955068677386,0.09056504199999971
SGPTL,2320,0.0031345701497171863,0.000325955068677386,0.090602917
SGPTL,2321,0.0033050994250700683,0.000325955068677386,0.0906407920000003
SGPTL,2322,0.003456788277823586,0.000325955068677386,0.0906780420000004
SGPTL,2323,0.003793913204805488,0.000325955068677386,0.09071704199999964
SGPTL,2324,0.0035478856970789785,0.000325955068677386,0.09075420899999997
SGPTL,2325,0.003441273303819603,0.000325955068677386,0.09079062500000035
SGPTL,2326,0.0034498453349891545,0.000325955068677386,0.09085137499999973
SGPTL,2327,0.0036333744855381322,0.000325955068677386,0.09088908399999962
SGPTL,2328,0.0037271058278438574,0.000325955068677386,0.090926917
SGPTL,2329,0.003778498610347736,0.000325955068677386,0.0909646249999998
SGPTL,2330,0.0038954366686447806,0.000325955068677386,0.09100241700000034
SGPTL,2331,0.0036271491004498113,0.000325955068677386,0.09104299999999999
SGPTL,2332,0.003506017716982779,0.000325955068677386,0.0910801250000004
SGPTL,2333,0.0036223991028982994,0.000325955068677386,0.09111775000000044
SGPTL,2334,0.003955126742456683,0.000325955068677386,0.0911554170000004
SGPTL,2335,0.003863815543577953,0.000325955068677386,0.09119275000000027
SGPTL,2336,0.003672240951413386,0.000325955068677386,0.09123170899999966
SGPTL,2337,0.0037043634696469763,0.000325955068677386,0.09126895899999976
SGPTL,2338,0.00416009925456895,0.000325955068677386,0.09130545899999998
SGPTL,2339,0.004410782164076199,0.000325955068677386,0.0913434999999998
SGPTL,2340,0.004244508205925701,0.000325955068677386,0.09138100000000016
SGPTL,2341,0.003915658091898422,0.000325955068677386,0.09141958399999961
SGPTL,2342,0.004109992204362811,0.000325955068677386,0.09145795900000042
SGPTL,2343,0.004118832043329412,0.000325955068677386,0.09149637500000019
SGPTL,2344,0.003980364405937298,0.000325955068677386,0.09153491699999972
SGPTL,2345,0.0038397312237159476,0.000325955068677386,0.09157379200000015
SGPTL,2346,0.003987791616443914,0.000325955068677386,0.09160895900000021
SGPTL,2347,0.00399658513535206,0.000325955068677386,0.09164754200000047
SGPTL,2348,0.003807960296522417,0.000325955068677386,0.09168629200000034
SGPTL,2349,0.0037296626341312145,0.000325955068677386,0.09172349999999962
SGPTL,2350,0.0037553063936930364,0.000325955068677386,0.0917602500000001
SGPTL,2351,0.0036858753683772782,0.000325955068677386,0.09179816700000032
SGPTL,2352,0.003762224656057356,0.000325955068677386,0.09183558400000003
SGPTL,2353,0.003910692538297678,0.000325955068677386,0.09187270900000044
SGPTL,2354,0.00408027289370505,0.000325955068677386,0.09190916699999985
SGPTL,2355,0.003935813796068999,0.000325955068677386,0.09194700000000022
SGPTL,2356,0.004033705768284879,0.000325955068677386,0.09198412499999975
SGPTL,2357,0.0036407987991957658,0.000325955068677386,0.09202200000000005
SGPTL,2358,0.003501258807486529,0.000325955068677386,0.09206066700000015
SGPTL,2359,0.0035805200559895223,0.000325955068677386,0.09209849999999964
SGPTL,2360,0.003572717371457923,0.000325955068677386,0.09213712499999982
SGPTL,2361,0.003624786935847224,0.000325955068677386,0.092177167
SGPTL,2362,0.0036344718046699143,0.000325955068677386,0.0922144170000001
SGPTL,2363,0.003534594884027298,0.000325955068677386,0.09225237500000016
SGPTL,2364,0.003901658114202622,0.000325955068677386,0.09228929200000024
SGPTL,2365,0.004248994823501828,0.000325955068677386,0.09232608399999975
SGPTL,2366,0.004247931490123147,0.000325955068677386,0.09236404199999981
SGPTL,2367,0.0038560861013372527,0.000325955068677386,0.09240108400000047
SGPTL,2368,0.003633517855730961,0.000325955068677386,0.09243762499999963
SGPTL,2369,0.0036095331621377458,0.000325955068677386,0.09247575000000019
SGPTL,2370,0.003561409572769847,0.000325955068677386,0.09251237500000009
SGPTL,2371,0.003512974406129299,0.000325955068677386,0.09254858400000021
SGPTL,2372,0.003599170852359501,0.000325955068677386,0.09258662500000003
SGPTL,2373,0.003725608666271807,0.000325955068677386,0.09262354200000011
SGPTL,2374,0.003694589683704619,0.000325955068677386,0.09266000000000041
SGPTL,2375,0.0037367650843393996,0.000325955068677386,0.09269791699999974
SGPTL,2376,0.003929990297096175,0.000325955068677386,0.09273491700000047
SGPTL,2377,0.003888235055475864,0.000325955068677386,0.0927740840000002
SGPTL,2378,0.0035121501096031515,0.000325955068677386,0.09280887500000023
SGPTL,2379,0.003611358098391193,0.000325955068677386,0.09284541700000037
SGPTL,2380,0.0035280181543535516,0.000325955068677386,0.09288354200000004
SGPTL,2381,0.003632854125079632,0.000325955068677386,0.09292037500000028
SGPTL,2382,0.003732665429829085,0.000325955068677386,0.09295829199999961
SGPTL,2383,0.0036703539031592847,0.000325955068677386,0.09299558399999963
SGPTL,2384,0.0037727688632711587,0.000325955068677386,0.09303420899999981
SGPTL,2385,0.004037615062111977,0.000325955068677386,0.09307316700000001
SGPTL,2386,0.0036677708733474645,0.000325955068677386,0.09311045900000003
SGPTL,2387,0.0036382014883407088,0.000325955068677386,0.09314979200000018
SGPTL,2388,0.003326655651602728,0.000325955068677386,0.09318741700000022
SGPTL,2389,0.0033954382693588414,0.000325955068677386,0.09322591699999982
SGPTL,2390,0.003249841698969025,0.000325955068677386,0.09326620900000027
SGPTL,2391,0.0035671173381179866,0.000325955068677386,0.09330537499999991
SGPTL,2392,0.0038422363074102073,0.000325955068677386,0.09334420899999962
SGPTL,2393,0.003925386465988501,0.000325955068677386,0.0933831249999999
SGPTL,2394,0.003977326465418152,0.000325955068677386,0.09342004199999998
SGPTL,2395,0.004124077348922395,0.000325955068677386,0.0934579590000002
SGPTL,2396,0.004023866532293141,0.000325955068677386,0.09349558400000024
SGPTL,2397,0.004008393741145921,0.000325955068677386,0.09353325000000012
SGPTL,2398,0.003758036412812915,0.000325955068677386,0.09357120900000027
SGPTL,2399,0.0035954964175766158,0.000325955068677386,0.09360816700000019
SGPTL,2400,0.0035140870190168982,0.000325955068677386,0.09364454199999983
SGPTL,2401,0.0035398354195401716,0.000325955068677386,0.0936823750000002
SGPTL,2402,0.003402144025161924,0.000325955068677386,0.09371874999999985
SGPTL,2403,0.0035149414278785596,0.000325955068677386,0.09375654200000039
SGPTL,2404,0.003975633854067295,0.000325955068677386,0.09379374999999968
SGPTL,2405,0.004380770640936671,0.000325955068677386,0.0938322920000001
SGPTL,2406,0.0042524207991478935,0.000325955068677386,0.0938690839999996
SGPTL,2407,0.0040858370580934,0.000325955068677386,0.09390708400000047
SGPTL,2408,0.004164565627645445,0.000325955068677386,0.09394395899999974
SGPTL,2409,0.004074818620604326,0.000325955068677386,0.0939817500000002
SGPTL,2410,0.004057565056345691,0.000325955068677386,0.09402037500000038
SGPTL,2411,0.003783484612022603,0.000325955068677386,0.09405924999999993
SGPTL,2412,0.003379772087093169,0.000325955068677386,0.09409645900000019
SGPTL,2413,0.003246687061053466,0.000325955068677386,0.09413429199999968
SGPTL,2414,0.003328458200405615,0.000325955068677386,0.0941712920000004
SGPTL,2415,0.0034257903976828707,0.000325955068677386,0.09420791700000031
SGPTL,2416,0.003819221109661708,0.000325955068677386,0.09424583399999964
SGPTL,2417,0.004099542280793456,0.000325955068677386,0.09428287500000021
SGPTL,2418,0.0040155754695603285,0.000325955068677386,0.09432329200000034
SGPTL,2419,0.004047014189913156,0.000325955068677386,0.09436054200000044
SGPTL,2420,0.00390835484915808,0.000325955068677386,0.09439845899999977
SGPTL,2421,0.0038407836985789867,0.000325955068677386,0.09443604199999989
SGPTL,2422,0.004156831206863165,0.000325955068677386,0.09447462500000015
SGPTL,2423,0.004150656865822722,0.000325955068677386,0.09451308399999991
SGPTL,2424,0.004128369393466169,0.000325955068677386,0.09455133400000015
SGPTL,2425,0.0038150075036358366,0.000325955068677386,0.0945902089999997
SGPTL,2426,0.003796737798156702,0.000325955068677386,0.09464666700000013
SGPTL,2427,0.0037441093346368692,0.000325955068677386,0.09468600000000027
SGPTL,2428,0.003720209499665117,0.000325955068677386,0.09472325000000037
SGPTL,2429,0.003775475212090207,0.000325955068677386,0.09476229200000041
SGPTL,2430,0.003681843966302889,0.000325955068677386,0.09480000000000022
SGPTL,2431,0.0037095542900444922,0.000325955068677386,0.0948386250000004
SGPTL,2432,0.0036462695908399123,0.000325955068677386,0.09487758399999979
SGPTL,2433,0.0037003286524974754,0.000325955068677386,0.09491408400000001
SGPTL,2434,0.003836697300816372,0.000325955068677386,0.09495200000000015
SGPTL,2435,0.003882004088056279,0.000325955068677386,0.09498841699999971
SGPTL,2436,0.004000490387279454,0.000325955068677386,0.09502629200000001
SGPTL,2437,0.003591868873186188,0.000325955068677386,0.09506337499999962
SGPTL,2438,0.0036029135875605967,0.000325955068677386,0.09509991699999976
SGPTL,2439,0.004000263219771316,0.000325955068677386,0.0951369169999996
SGPTL,2440,0.003918225497996364,0.000325955068677386,0.09517466700000021
SGPTL,2441,0.003972313647861547,0.000325955068677386,0.09521462499999966
SGPTL,2442,0.004059538031633281,0.000325955068677386,0.09525366699999971
SGPTL,2443,0.004142283880355979,0.000325955068677386,0.09529220900000013
SGPTL,2444,0.003966532064444861,0.000325955068677386,0.0953297089999996
SGPTL,2445,0.003983349112367085,0.000325955068677386,0.09536875000000045
SGPTL,2446,0.004005930100522415,0.000325955068677386,0.09540524999999977
SGPTL,2447,0.003695247786371203,0.000325955068677386,0.09544324999999976
SGPTL,2448,0.0036923577577767652,0.000325955068677386,0.09548020899999976
SGPTL,2449,0.003441796974486877,0.000325955068677386,0.09551695900000023
SGPTL,2450,0.0033613104131693383,0.000325955068677386,0.09555470899999996
SGPTL,2451,0.0034231292416293524,0.000325955068677386,0.09559195900000006
SGPTL,2452,0.0037380640142981036,0.000325955068677386,0.09563045899999967
SGPTL,2453,0.003721309368438064,0.000325955068677386,0.09566958400000036
SGPTL,2454,0.003681808568047895,0.000325955068677386,0.09570883399999985
SGPTL,2455,0.0036327375964635422,0.000325955068677386,0.095748167
SGPTL,2456,0.003711178692568984,0.000325955068677386,0.09578633400000047
SGPTL,2457,0.0040100536606244575,0.000325955068677386,0.09582475000000024
SGPTL,2458,0.003659965945435495,0.000325955068677386,0.09586170900000024
SGPTL,2459,0.0035329652384361587,0.000325955068677386,0.09591095900000024
SGPTL,2460,0.003552886529190502,0.000325955068677386,0.09595112500000003
SGPTL,2461,0.00356444615768714,0.000325955068677386,0.09598933400000043
SGPTL,2462,0.00355613446703118,0.000325955068677386,0.09602795899999972
SGPTL,2463,0.0036005745368372644,0.000325955068677386,0.09606504200000021
SGPTL,2464,0.003832156865712033,0.000325955068677386,0.09610191700000037
SGPTL,2465,0.0038380383128284734,0.000325955068677386,0.09614004200000004
SGPTL,2466,0.004096634364844087,0.000325955068677386,0.09617683400000043
SGPTL,2467,0.00369250902583107,0.000325955068677386,0.09621350000000017
SGPTL,2468,0.003659675228201209,0.000325955068677386,0.09625145900000032
SGPTL,2469,0.0035930097814054207,0.000325955068677386,0.09630950000000027
SGPTL,2470,0.0037523857686347917,0.000325955068677386,0.09634862500000008
SGPTL,2471,0.0038732382645565444,0.000325955068677386,0.09639783400000024
SGPTL,2472,0.004144919842250516,0.000325955068677386,0.09643491699999984
SGPTL,2473,0.004421189316131446,0.000325955068677386,0.09647283400000006
SGPTL,2474,0.004571903867278904,0.000325955068677386,0.0965098339999999
SGPTL,2475,0.004159863056350188,0.000325955068677386,0.09656745900000008
SGPTL,2476,0.004090924304482879,0.000325955068677386,0.09660624999999978
SGPTL,2477,0.0036234570183988346,0.000325955068677386,0.09666233400000035
SGPTL,2478,0.0034106909880637915,0.000325955068677386,0.09669920899999962
SGPTL,2479,0.003405028886380279,0.000325955068677386,0.09673683399999966
SGPTL,2480,0.00362865636398757,0.000325955068677386,0.09677462500000011
SGPTL,2481,0.0037915364933569506,0.000325955068677386,0.09682425000000006
SGPTL,2482,0.0037302549346429625,0.000325955068677386,0.09686270899999982
SGPTL,2483,0.0038414723964925734,0.000325955068677386,0.09690095900000006
SGPTL,2484,0.003973214352074317,0.000325955068677386,0.09693729199999979
SGPTL,2485,0.0039084760409511254,0.000325955068677386,0.09697575000000036
SGPTL,2486,0.0037551586164212836,0.000325955068677386,0.09701483400000033
SGPTL,2487,0.0038652553443789817,0.000325955068677386,0.0970519999999997
SGPTL,2488,0.003692567608010844,0.000325955068677386,0.09708824999999965
SGPTL,2489,0.0035736708554154895,0.000325955068677386,0.09712637500000021
SGPTL,2490,0.0034796906591016974,0.000325955068677386,0.09716304200000003
SGPTL,2491,0.0036829517190264394,0.000325955068677386,0.09720087500000041
SGPTL,2492,0.0035993356136811983,0.000325955068677386,0.09723854200000037
SGPTL,2493,0.0035577352189708478,0.000325955068677386,0.0972752090000002
SGPTL,2494,0.0035208402232651537,0.000325955068677386,0.09731154199999992
SGPTL,2495,0.003702374369634276,0.000325955068677386,0.09734933400000045
SGPTL,2496,0.004029183828801353,0.000325955068677386,0.0973860000000002
SGPTL,2497,0.004126442588912038,0.000325955068677386,0.09742250000000041
SGPTL,2498,0.003909462671718877,0.000325955068677386,0.09746033399999998
SGPTL,2499,0.0039324755860494776,0.000325955068677386,0.09749733399999982
SGPTL,2500,0.0037824519260143408,0.000325955068677386,0.09753362499999962
SGPTL,2501,0.003537035472282124,0.000325955068677386,0.09757187499999986
SGPTL,2502,0.0032272773848376346,0.000325955068677386,0.09760866700000026
SGPTL,2503,0.002918529036753048,0.000325955068677386,0.09764649999999975
SGPTL,2504,0.0028326959011766295,0.000325955068677386,0.09768420899999963
SGPTL,2505,0.0029391308960027285,0.000325955068677386,0.09772066699999993
SGPTL,2506,0.002979085068036902,0.000325955068677386,0.09775699999999965
SGPTL,2507,0.0033411716802103086,0.000325955068677386,0.09779479200000019
SGPTL,2508,0.003673800570325403,0.000325955068677386,0.09783149999999985
SGPTL,2509,0.0037837004845666655,0.000325955068677386,0.09786795900000023
SGPTL,2510,0.0037488634440521196,0.000325955068677386,0.09790600000000005
SGPTL,2511,0.0037568159242116206,0.000325955068677386,0.0979428750000002
SGPTL,2512,0.0036571096717423757,0.000325955068677386,0.0979799589999999
SGPTL,2513,0.003579376593412009,0.000325955068677386,0.09801816700000021
SGPTL,2514,0.0033639142360197827,0.000325955068677386,0.09805583400000017
SGPTL,2515,0.0033517196205830047,0.000325955068677386,0.09809470899999972
SGPTL,2516,0.0034208650771745397,0.000325955068677386,0.09813366699999992
SGPTL,2517,0.00363471304672891,0.000325955068677386,0.09817099999999979
SGPTL,2518,0.003900441647169073,0.000325955068677386,0.0982078340000001
SGPTL,2519,0.0039592231298435365,0.000325955068677386,0.09824637500000044
SGPTL,2520,0.004193064896615528,0.000325955068677386,0.09828441700000035
SGPTL,2521,0.004101865428586926,0.000325955068677386,0.0983232919999999
SGPTL,2522,0.0038144136360398484,0.000325955068677386,0.09836250000000035
SGPTL,2523,0.003552815297963363,0.000325955068677386,0.09839987500000014
SGPTL,2524,0.003405480341308831,0.000325955068677386,0.09843641700000028
SGPTL,2525,0.0034015429761968807,0.000325955068677386,0.09847420899999992
SGPTL,2526,0.003509695431175297,0.000325955068677386,0.09851112499999992
SGPTL,2527,0.0033054352608514748,0.000325955068677386,0.0985474169999998
SGPTL,2528,0.003517380193000186,0.000325955068677386,0.09858504199999985
SGPTL,2529,0.003990111166547683,0.000325955068677386,0.09862204199999969
SGPTL,2530,0.00443375768248,0.000325955068677386,0.09865820899999989
SGPTL,2531,0.00427726168718312,0.000325955068677386,0.09869591699999969
SGPTL,2532,0.004183824875160891,0.000325955068677386,0.09873375000000006
SGPTL,2533,0.004192340834043851,0.000325955068677386,0.09877074999999991
SGPTL,2534,0.004235624498068802,0.000325955068677386,0.09880762500000007
SGPTL,2535,0.004077195430358671,0.000325955068677386,0.0988452500000001
SGPTL,2536,0.004061727778534641,0.000325955068677386,0.09888224999999995
SGPTL,2537,0.0038705739915183557,0.000325955068677386,0.09891891699999977
SGPTL,2538,0.003688278244421195,0.000325955068677386,0.09895675000000015
SGPTL,2539,0.0036494230665553573,0.000325955068677386,0.09899354199999966
SGPTL,2540,0.0038369877968023047,0.000325955068677386,0.09903025000000021
SGPTL,2541,0.003892929417626201,0.000325955068677386,0.09906808399999978
SGPTL,2542,0.003544958981746671,0.000325955068677386,0.09910495899999994
SGPTL,2543,0.003735632838588465,0.000325955068677386,0.09914129199999966
SGPTL,2544,0.0037606913147791854,0.000325955068677386,0.0991790840000002
SGPTL,2545,0.003677431572761236,0.000325955068677386,0.09921583399999978
SGPTL,2546,0.0037637917084030192,0.000325955068677386,0.0992526250000001
SGPTL,2547,0.003881749108483934,0.000325955068677386,0.0992900419999998
SGPTL,2548,0.00391812538575298,0.000325955068677386,0.09932704199999964
SGPTL,2549,0.0036889214559896466,0.000325955068677386,0.09936354199999986
SGPTL,2550,0.003639869076150326,0.000325955068677386,0.09940149999999992
SGPTL,2551,0.0035950984577295397,0.000325955068677386,0.09944050000000004
SGPTL,2552,0.0033609481374567984,0.000325955068677386,0.09947912500000022
SGPTL,2553,0.003408741831698814,0.000325955068677386,0.09951758399999999
SGPTL,2554,0.003175443865807148,0.000325955068677386,0.09955533399999972
SGPTL,2555,0.0030209004049610577,0.000325955068677386,0.09959233400000045
SGPTL,2556,0.002760884603906888,0.000325955068677386,0.09962991699999968
SGPTL,2557,0.00264690096832787,0.000325955068677386,0.0996678339999999
SGPTL,2558,0.002464188928004596,0.000325955068677386,0.09970458400000037
SGPTL,2559,0.0025756067703652796,0.000325955068677386,0.0997410839999997
SGPTL,2560,0.0026523707255621254,0.000325955068677386,0.09977891700000008
SGPTL,2561,0.0027038188889179082,0.000325955068677386,0.09982287500000009
SGPTL,2562,0.002511746988830943,0.000325955068677386,0.09986470900000022
SGPTL,2563,0.0023786434024839487,0.000325955068677386,0.09990249999999978
SGPTL,2564,0.002277083482548292,0.000325955068677386,0.09994187499999985
SGPTL,2565,0.002101466165028265,0.000325955068677386,0.09998187500000011
SGPTL,2566,0.002001038358357965,0.000325955068677386,0.10001899999999964
SGPTL,2567,0.0018799274726033488,0.000325955068677386,0.10005583399999995
SGPTL,2568,0.0018128808301980381,0.000325955068677386,0.10009375000000009
SGPTL,2569,0.0016740293887438362,0.000325955068677386,0.10013058400000041
SGPTL,2570,0.0015720480583065743,0.000325955068677386,0.10016687500000021
SGPTL,2571,0.0015176829007170767,0.000325955068677386,0.10020483400000035
SGPTL,2572,0.001480784251896683,0.000325955068677386,0.10024158399999994
SGPTL,2573,0.0014783554020230127,0.000325955068677386,0.10027808400000016
SGPTL,2574,0.0014122306732011758,0.000325955068677386,0.10031587499999972
SGPTL,2575,0.0013782746051087535,0.000325955068677386,0.10035254200000043
SGPTL,2576,0.001324129240532379,0.000325955068677386,0.10038912500000041
SGPTL,2577,0.0012989843843529414,0.000325955068677386,0.10042699999999982
SGPTL,2578,0.0013246688246826288,0.000325955068677386,0.10046387499999998
SGPTL,2579,0.0013328989821639325,0.000325955068677386,0.10050033400000036
SGPTL,2580,0.001202115458623254,0.000325955068677386,0.10053824999999961
SGPTL,2581,0.0011110232747357784,0.000325955068677386,0.10057500000000008
SGPTL,2582,0.0010993174359841262,0.000325955068677386,0.10061141699999965
SGPTL,2583,0.0010556307970248646,0.000325955068677386,0.1006495420000002
SGPTL,2584,0.001040174777613423,0.000325955068677386,0.10068762499999995
SGPTL,2585,0.0010149341402181378,0.000325955068677386,0.10072479200000028
SGPTL,2586,0.0009921782227126918,0.000325955068677386,0.10076149999999995
SGPTL,2587,0.0009490889923422507,0.000325955068677386,0.1007993340000004
SGPTL,2588,0.0008842434568314683,0.000325955068677386,0.10083641700000001
SGPTL,2589,0.0008858790414714157,0.000325955068677386,0.10087308399999984
SGPTL,2590,0.000867693435912642,0.000325955068677386,0.10091108399999982
SGPTL,2591,0.0008289705340096543,0.000325955068677386,0.10094770899999972
SGPTL,2592,0.0008179978857090209,0.000325955068677386,0.10098541700000041
SGPTL,2593,0.0008325325352238622,0.000325955068677386,0.10102329199999982
SGPTL,2594,0.0008334789391335473,0.000325955068677386,0.10106012500000006
SGPTL,2595,0.0008559887252517218,0.000325955068677386,0.1010964999999997
SGPTL,2596,0.0008348012327525911,0.000325955068677386,0.10113445899999984
SGPTL,2597,0.0008192261012203161,0.000325955068677386,0.10117108399999974
SGPTL,2598,0.0008008707078002164,0.000325955068677386,0.1012076249999998
SGPTL,2599,0.0007396157672641124,0.000325955068677386,0.10124554200000002
SGPTL,2600,0.0007308876437126521,0.000325955068677386,0.10128237500000026
SGPTL,2601,0.0006340142248879577,0.000325955068677386,0.10131858400000038
SGPTL,2602,0.000574667938501916,0.000325955068677386,0.10135645899999979
SGPTL,2603,0.0005591575921428671,0.000325955068677386,0.10139320900000026
SGPTL,2604,0.0005350731381783547,0.000325955068677386,0.10143079200000038
SGPTL,2605,0.0004867097102467799,0.000325955068677386,0.10146887500000012
SGPTL,2606,0.0004485322977165751,0.000325955068677386,0.10150608400000039
SGPTL,2607,0.0004346420085576952,0.000325955068677386,0.10154275000000013
SGPTL,2608,0.000424906459219887,0.000325955068677386,0.10158049999999985
SGPTL,2609,0.00039592537165544783,0.000325955068677386,0.10161725000000033
SGPTL,2610,0.00038556138344825186,0.000325955068677386,0.10165362499999997
SGPTL,2611,0.00036650795959802807,0.000325955068677386,0.1016913749999997
SGPTL,2612,0.0003426290673187449,0.000325955068677386,0.10172808400000033
SGPTL,2613,0.00031762452333428115,0.00031762452333428115,0.10176479199999999
SGPTL,2614,0.00030269909858526844,0.00030269909858526844,0.10180316699999992
SGPTL,2615,0.00029511305546736644,0.00029511305546736644,0.1018407090000002
SGPTL,2616,0.00028356429301945596,0.00028356429301945596,0.10187845899999992
SGPTL,2617,0.00026882986604714887,0.00026882986604714887,0.10191679199999992
SGPTL,2618,0.00024934431272094493,0.00024934431272094493,0.10195545900000003
SGPTL,2619,0.0002407149996601632,0.0002407149996601632,0.10199366700000034
SGPTL,2620,0.00023221739727130597,0.00023221739727130597,0.10203145899999999
SGPTL,2621,0.00023354272412490218,0.00023221739727130597,0.10206949999999981
SGPTL,2622,0.00023199520112715533,0.00023199520112715533,0.10210729200000035
SGPTL,2623,0.00023407878478787225,0.00023199520112715533,0.10214354200000031
SGPTL,2624,0.00023669027499861883,0.00023199520112715533,0.10218162500000005
SGPTL,2625,0.0002347926885222229,0.00023199520112715533,0.10221883400000031
SGPTL,2626,0.00023210774805360046,0.00023199520112715533,0.10225637499999962
SGPTL,2627,0.00022615909337053708,0.00022615909337053708,0.10229433399999976
SGPTL,2628,0.00020600199062137392,0.00020600199062137392,0.10233133399999961
SGPTL,2629,0.0001827064127475353,0.0001827064127475353,0.10236737500000004
SGPTL,2630,0.00018676512878812446,0.0001827064127475353,0.10240529200000026
SGPTL,2631,0.00021910050105744538,0.0001827064127475353,0.10244233400000002
SGPTL,2632,0.0003099717369430266,0.0001827064127475353,0.10247883400000024
SGPTL,2633,0.00046411733814366585,0.0001827064127475353,0.10251687500000006
SGPTL,2634,0.0006367012636134817,0.0001827064127475353,0.10255370900000038
SGPTL,2635,0.0007936366079337454,0.0001827064127475353,0.10259008400000003
SGPTL,2636,0.0010209988195304387,0.0001827064127475353,0.10262783399999975
SGPTL,2637,0.001271848412021992,0.0001827064127475353,0.10266491700000024
SGPTL,2638,0.001568365524758697,0.0001827064127475353,0.10270358400000035
SGPTL,2639,0.001785067381770311,0.0001827064127475353,0.10274116700000047
SGPTL,2640,0.0019231308447478224,0.0001827064127475353,0.10277954200000039
SGPTL,2641,0.0019704049358737485,0.0001827064127475353,0.10281800000000008
SGPTL,2642,0.002038962783857512,0.0001827064127475353,0.10285629200000024
SGPTL,2643,0.002410391638725251,0.0001827064127475353,0.10289474999999992
SGPTL,2644,0.003220179365894804,0.0001827064127475353,0.10293333400000027
SGPTL,2645,0.0032846075207504377,0.0001827064127475353,0.10297170900000019
SGPTL,2646,0.003075647685627514,0.0001827064127475353,0.10301033400000037
SGPTL,2647,0.0028106969620673716,0.0001827064127475353,0.10304408400000042
SGPTL,2648,0.0026938528141773332,0.0001827064127475353,0.10308137500000036
SGPTL,2649,0.002638903176755747,0.0001827064127475353,0.10312054200000009
SGPTL,2650,0.0026540547784263957,0.0001827064127475353,0.10315724999999976
SGPTL,2651,0.0030430280280431266,0.0001827064127475353,0.1031937919999999
SGPTL,2652,0.0030471759917669594,0.0001827064127475353,0.1032316670000002
SGPTL,2653,0.002923473199427873,0.0001827064127475353,0.10326962500000025
SGPTL,2654,0.0028985191757420203,0.0001827064127475353,0.10330612500000047
SGPTL,2655,0.0029568908853556675,0.0001827064127475353,0.10334370899999978
SGPTL,2656,0.0031383403318625547,0.0001827064127475353,0.10338075000000035
SGPTL,2657,0.0035517173113048806,0.0001827064127475353,0.10341924999999996
SGPTL,2658,0.0034022042473822456,0.0001827064127475353,0.10345716700000018
SGPTL,2659,0.003690886214954059,0.0001827064127475353,0.103493834
SGPTL,2660,0.0038691389997798087,0.0001827064127475353,0.1035302920000003
SGPTL,2661,0.003676422354150777,0.0001827064127475353,0.10356854199999965
SGPTL,2662,0.0033390720451178524,0.0001827064127475353,0.10360562500000015
SGPTL,2663,0.0035754776719809644,0.0001827064127475353,0.10364199999999979
SGPTL,2664,0.0035934617508937006,0.0001827064127475353,0.10367979200000033
SGPTL,2665,0.0034161832209615994,0.0001827064127475353,0.1037166669999996
SGPTL,2666,0.003556066575055583,0.0001827064127475353,0.10375325000000046
SGPTL,2667,0.0034189681389569238,0.0001827064127475353,0.10379133400000029
SGPTL,2668,0.003653067028728252,0.0001827064127475353,0.10382795900000019
SGPTL,2669,0.004128235367234723,0.0001827064127475353,0.10386458400000009
SGPTL,2670,0.004414071093086669,0.0001827064127475353,0.10390258400000008
SGPTL,2671,0.00445238922265534,0.0001827064127475353,0.10394129200000002
SGPTL,2672,0.00454179145006206,0.0001827064127475353,0.10397812500000025
SGPTL,2673,0.004404803171476734,0.0001827064127475353,0.10401595899999982
SGPTL,2674,0.004385394618770633,0.0001827064127475353,0.10405304200000032
SGPTL,2675,0.004633829256193822,0.0001827064127475353,0.10409070900000028
SGPTL,2676,0.00445333770959877,0.0001827064127475353,0.10412854199999977
SGPTL,2677,0.004478729952877014,0.0001827064127475353,0.1041700419999998
SGPTL,2678,0.004744620549179679,0.0001827064127475353,0.10420724999999997
SGPTL,2679,0.005007929903541042,0.0001827064127475353,0.10424458399999992
SGPTL,2680,0.00528005605994375,0.0001827064127475353,0.10428254199999998
SGPTL,2681,0.005716030105643366,0.0001827064127475353,0.10432008400000026
SGPTL,2682,0.005615028528699106,0.0001827064127475353,0.10435745900000004
SGPTL,2683,0.004789410372763037,0.0001827064127475353,0.1043935420000004
SGPTL,2684,0.004308687822684121,0.0001827064127475353,0.10445454200000004
SGPTL,2685,0.004647343962214112,0.0001827064127475353,0.10449941700000043
SGPTL,2686,0.004743429016728751,0.0001827064127475353,0.10453704200000047
SGPTL,2687,0.004686327950977676,0.0001827064127475353,0.10457499999999964
SGPTL,2688,0.004840408826471965,0.0001827064127475353,0.1046118749999998
SGPTL,2689,0.004649490398805689,0.0001827064127475353,0.10465004200000028
SGPTL,2690,0.004656570744273392,0.0001827064127475353,0.10468816699999994
SGPTL,2691,0.004533458768455345,0.0001827064127475353,0.10472479199999984
SGPTL,2692,0.004854128657400203,0.0001827064127475353,0.10476300000000016
SGPTL,2693,0.004691232377825649,0.0001827064127475353,0.10480012499999969
SGPTL,2694,0.0049193914966818575,0.0001827064127475353,0.10483699999999985
SGPTL,2695,0.004810147543143906,0.0001827064127475353,0.10487499999999983
SGPTL,2696,0.004673255993796754,0.0001827064127475353,0.10491220900000009
SGPTL,2697,0.004595946556620767,0.0001827064127475353,0.10494862500000046
SGPTL,2698,0.004435484646925669,0.0001827064127475353,0.10498649999999987
SGPTL,2699,0.004371258199845407,0.0001827064127475353,0.10502337500000003
SGPTL,2700,0.004478638845096139,0.0001827064127475353,0.10505987500000025
SGPTL,2701,0.00452814490781317,0.0001827064127475353,0.10509791700000015
SGPTL,2702,0.004583298075232944,0.0001827064127475353,0.10513479200000031
SGPTL,2703,0.004642742522062315,0.0001827064127475353,0.10517112500000003
SGPTL,2704,0.004593911814188001,0.0001827064127475353,0.1052089589999996
SGPTL,2705,0.004766530626745258,0.0001827064127475353,0.10524574999999992
SGPTL,2706,0.00443799943002432,0.0001827064127475353,0.10528237499999982
SGPTL,2707,0.00463747402872805,0.0001827064127475353,0.10532045899999964
SGPTL,2708,0.00459804637284611,0.0001827064127475353,0.10535820900000026
SGPTL,2709,0.004301284423452234,0.0001827064127475353,0.10539729200000014
SGPTL,2710,0.004091733273594356,0.0001827064127475353,0.105434625
SGPTL,2711,0.004260323372910824,0.0001827064127475353,0.10547374999999981
SGPTL,2712,0.004271149406115615,0.0001827064127475353,0.10551083400000039
SGPTL,2713,0.00459799811171302,0.0001827064127475353,0.10554791699999999
SGPTL,2714,0.004736533380613084,0.0001827064127475353,0.1055856249999998
SGPTL,2715,0.004551696763956059,0.0001827064127475353,0.10562229199999962
SGPTL,2716,0.004539642394197019,0.0001827064127475353,0.10566016699999992
SGPTL,2717,0.004484602517324854,0.0001827064127475353,0.10569704200000007
SGPTL,2718,0.0045001375003259625,0.0001827064127475353,0.10573441699999986
SGPTL,2719,0.004429427080194337,0.0001827064127475353,0.10577274999999986
SGPTL,2720,0.004167326599950005,0.0001827064127475353,0.10581025000000022
SGPTL,2721,0.004136682113123902,0.0001827064127475353,0.10584900000000008
SGPTL,2722,0.004125951800834304,0.0001827064127475353,0.10588762500000026
SGPTL,2723,0.004142867111956328,0.0001827064127475353,0.10592508399999989
SGPTL,2724,0.004167569865780374,0.0001827064127475353,0.1059642089999997
SGPTL,2725,0.004240048414608122,0.0001827064127475353,0.10600129200000019
SGPTL,2726,0.004304657337658391,0.0001827064127475353,0.10603791700000009
SGPTL,2727,0.004167300907177429,0.0001827064127475353,0.10607583400000031
SGPTL,2728,0.004389824969972755,0.0001827064127475353,0.1061130419999996
SGPTL,2729,0.005039663547473872,0.0001827064127475353,0.10614987499999984
SGPTL,2730,0.004862510726038494,0.0001827064127475353,0.1061875419999998
SGPTL,2731,0.00510739653601,0.0001827064127475353,0.10622616699999998
SGPTL,2732,0.005102596159261008,0.0001827064127475353,0.10626279199999988
SGPTL,2733,0.0050288598709331556,0.0001827064127475353,0.10630058400000042
SGPTL,2734,0.005221002010283415,0.0001827064127475353,0.10633800000000004
SGPTL,2735,0.0048470168312273465,0.0001827064127475353,0.10637516700000038
SGPTL,2736,0.004576959263671743,0.0001827064127475353,0.10641250000000024
SGPTL,2737,0.004402838752795457,0.0001827064127475353,0.10644924999999983
SGPTL,2738,0.0044010816285040555,0.0001827064127475353,0.10648566700000028
SGPTL,2739,0.004441568595873857,0.0001827064127475353,0.10652333400000025
SGPTL,2740,0.004361686973926249,0.0001827064127475353,0.10656029200000017
SGPTL,2741,0.00496760859221701,0.0001827064127475353,0.10659666699999981
SGPTL,2742,0.005213635978560172,0.0001827064127475353,0.1066337500000003
SGPTL,2743,0.00500355098667149,0.0001827064127475353,0.10667083399999999
SGPTL,2744,0.005232742399719825,0.0001827064127475353,0.1067085419999998
SGPTL,2745,0.004737129346919167,0.0001827064127475353,0.10674633400000033
SGPTL,2746,0.004636121448466257,0.0001827064127475353,0.10678300000000007
SGPTL,2747,0.004520932939203526,0.0001827064127475353,0.10681925000000003
SGPTL,2748,0.004393732491176916,0.0001827064127475353,0.10685712500000033
SGPTL,2749,0.004131239401967246,0.0001827064127475353,0.10689379200000015
SGPTL,2750,0.004173112430658765,0.0001827064127475353,0.10693025000000045
SGPTL,2751,0.004610573913063076,0.0001827064127475353,0.10697329200000016
SGPTL,2752,0.004452133402188085,0.0001827064127475353,0.10701341700000011
SGPTL,2753,0.004116460898262897,0.0001827064127475353,0.10705270900000041
SGPTL,2754,0.003950899578350153,0.0001827064127475353,0.1070930419999998
SGPTL,2755,0.004204717298880389,0.0001827064127475353,0.10713120900000028
SGPTL,2756,0.00464060660172505,0.0001827064127475353,0.10717525000000006
SGPTL,2757,0.004634685871207189,0.0001827064127475353,0.10724008399999985
SGPTL,2758,0.004391511045352292,0.0001827064127475353,0.10729216699999977
SGPTL,2759,0.004621430810339833,0.0001827064127475353,0.10733179200000009
SGPTL,2760,0.004951093874583368,0.0001827064127475353,0.10737041700000027
SGPTL,2761,0.00515463097797042,0.0001827064127475353,0.1074087920000002
SGPTL,2762,0.005196827084910538,0.0001827064127475353,0.10744595899999965
SGPTL,2763,0.004964381198983681,0.0001827064127475353,0.1074828339999998
SGPTL,2764,0.004697652900484295,0.0001827064127475353,0.10752104200000012
SGPTL,2765,0.004444784523912171,0.0001827064127475353,0.10755774999999979
SGPTL,2766,0.004507640797783541,0.0001827064127475353,0.10759579199999969
SGPTL,2767,0.004477549862715424,0.0001827064127475353,0.10763266699999985
SGPTL,2768,0.00449458147504278,0.0001827064127475353,0.10767370900000017
SGPTL,2769,0.004600868266663394,0.0001827064127475353,0.10771100000000011
SGPTL,2770,0.004502998940278058,0.0001827064127475353,0.10774929200000027
SGPTL,2771,0.0041402846596108045,0.0001827064127475353,0.1077864169999998
SGPTL,2772,0.004179313335775481,0.0001827064127475353,0.10782533400000016
SGPTL,2773,0.0046595599297825085,0.0001827064127475353,0.10786279199999971
SGPTL,2774,0.004598503620873995,0.0001827064127475353,0.10790112499999971
SGPTL,2775,0.004633487540815384,0.0001827064127475353,0.1079385420000003
SGPTL,2776,0.004716912618545344,0.0001827064127475353,0.10797524999999997
SGPTL,2777,0.004509299721974669,0.0001827064127475353,0.10801337499999963
SGPTL,2778,0.004313429119717771,0.0001827064127475353,0.10805029199999971
SGPTL,2779,0.004424169235441422,0.0001827064127475353,0.1080872089999998
SGPTL,2780,0.004321644131556779,0.0001827064127475353,0.10812541700000011
SGPTL,2781,0.004463774608608251,0.0001827064127475353,0.10816212499999978
SGPTL,2782,0.004327204845920196,0.0001827064127475353,0.10819866699999992
SGPTL,2783,0.0042181199086164245,0.0001827064127475353,0.10823670899999982
SGPTL,2784,0.004257879699717915,0.0001827064127475353,0.10827379200000031
SGPTL,2785,0.004581346642769324,0.0001827064127475353,0.1083116249999998
SGPTL,2786,0.004616211513281954,0.0001827064127475353,0.10834933399999969
SGPTL,2787,0.004901972947784383,0.0001827064127475353,0.10838733399999967
SGPTL,2788,0.005228449089512033,0.0001827064127475353,0.10842575000000032
SGPTL,2789,0.005253799858427888,0.0001827064127475353,0.10846433399999977
SGPTL,2790,0.004869954498749385,0.0001827064127475353,0.10850295899999995
SGPTL,2791,0.004869616759754614,0.0001827064127475353,0.1085416669999999
SGPTL,2792,0.004835197976736705,0.0001827064127475353,0.108580334
SGPTL,2793,0.005043940119158652,0.0001827064127475353,0.1086192920000002
SGPTL,2794,0.00498737024336382,0.0001827064127475353,0.10865587500000018
SGPTL,2795,0.004443270390918297,0.0001827064127475353,0.10869479199999965
SGPTL,2796,0.00418713268338311,0.0001827064127475353,0.10873345899999975
SGPTL,2797,0.004160652634961126,0.0001827064127475353,0.10877233400000019
SGPTL,2798,0.004269499338696692,0.0001827064127475353,0.10880962500000013
SGPTL,2799,0.00438753391278679,0.0001827064127475353,0.10884904200000012
SGPTL,2800,0.004816295689491046,0.0001827064127475353,0.10888620900000046
SGPTL,2801,0.004667958198248501,0.0001827064127475353,0.108925084
SGPTL,2802,0.00480420200186038,0.0001827064127475353,0.10896270900000005
SGPTL,2803,0.005171573629739079,0.0001827064127475353,0.10900691700000031
SGPTL,2804,0.00498794490803367,0.0001827064127475353,0.10904608400000004
SGPTL,2805,0.005213944208657395,0.0001827064127475353,0.109085125
SGPTL,2806,0.004953022289854392,0.0001827064127475353,0.10912208400000001
SGPTL,2807,0.0044446311987540454,0.0001827064127475353,0.10916008399999999
SGPTL,2808,0.004131240320361718,0.0001827064127475353,0.10919674999999973
SGPTL,2809,0.004206850674734586,0.0001827064127475353,0.10923324999999995
SGPTL,2810,0.0043914363958186264,0.0001827064127475353,0.1092710840000004
SGPTL,2811,0.004268889650026475,0.0001827064127475353,0.10930791699999975
SGPTL,2812,0.004323771508946805,0.0001827064127475353,0.109346167
SGPTL,2813,0.004602268539405596,0.0001827064127475353,0.10938404200000029
SGPTL,2814,0.005089885925320337,0.0001827064127475353,0.1094208339999998
SGPTL,2815,0.005213725291328242,0.0001827064127475353,0.10945879199999986
SGPTL,2816,0.005026349941323449,0.0001827064127475353,0.10949574999999978
SGPTL,2817,0.004847007946633175,0.0001827064127475353,0.10953225
SGPTL,2818,0.004805155892295687,0.0001827064127475353,0.10957024999999998
SGPTL,2819,0.005027219792309134,0.0001827064127475353,0.10960720899999998
SGPTL,2820,0.0048581021797700075,0.0001827064127475353,0.10964375000000004
SGPTL,2821,0.004583120552142272,0.0001827064127475353,0.10968170900000018
SGPTL,2822,0.004509937091871086,0.0001827064127475353,0.10971870900000003
SGPTL,2823,0.004369303932302948,0.0001827064127475353,0.1097551250000004
SGPTL,2824,0.004037512220936623,0.0001827064127475353,0.10979337499999975
SGPTL,2825,0.003822573895996939,0.0001827064127475353,0.10983079200000034
SGPTL,2826,0.0039432454807499795,0.0001827064127475353,0.10986941699999964
SGPTL,2827,0.004067341398816815,0.0001827064127475353,0.10990795900000006
SGPTL,2828,0.004364530916748155,0.0001827064127475353,0.10994570899999978
SGPTL,2829,0.004607266150348233,0.0001827064127475353,0.10998483400000048
SGPTL,2830,0.004245593608142251,0.0001827064127475353,0.11002358400000034
SGPTL,2831,0.004351366816565783,0.0001827064127475353,0.11006274999999999
SGPTL,2832,0.004670762295129194,0.0001827064127475353,0.11009983399999967
SGPTL,2833,0.004842720652789456,0.0001827064127475353,0.11013666699999991
SGPTL,2834,0.00477773922678959,0.0001827064127475353,0.11017474999999965
SGPTL,2835,0.004626996581282405,0.0001827064127475353,0.11021166699999974
SGPTL,2836,0.004779121359718808,0.0001827064127475353,0.11024845900000013
SGPTL,2837,0.004977287498414196,0.0001827064127475353,0.11028645900000011
SGPTL,2838,0.004659692024452378,0.0001827064127475353,0.1103232089999997
SGPTL,2839,0.004430697222192137,0.0001827064127475353,0.11035962500000007
SGPTL,2840,0.0043305243931861526,0.0001827064127475353,0.11039729200000004
SGPTL,2841,0.004417774308671518,0.0001827064127475353,0.11043437499999964
SGPTL,2842,0.004745495213605011,0.0001827064127475353,0.11047083400000002
SGPTL,2843,0.004853637456519566,0.0001827064127475353,0.11050900000000041
SGPTL,2844,0.005326564430338632,0.0001827064127475353,0.11054587499999968
SGPTL,2845,0.005256933697368904,0.0001827064127475353,0.11058404200000016
SGPTL,2846,0.0051752976840053755,0.0001827064127475353,0.11062195900000038
SGPTL,2847,0.004896971006284723,0.0001827064127475353,0.11065916699999967
SGPTL,2848,0.004806911666387137,0.0001827064127475353,0.11069637499999985
SGPTL,2849,0.004821509451588213,0.0001827064127475353,0.11073533400000013
SGPTL,2850,0.004850684837971908,0.0001827064127475353,0.11077383399999974
SGPTL,2851,0.00445144664660746,0.0001827064127475353,0.11081295900000043
SGPTL,2852,0.00446448135484423,0.0001827064127475353,0.11085037500000006
SGPTL,2853,0.004270759342894337,0.0001827064127475353,0.11088954199999979
SGPTL,2854,0.004344055265819602,0.0001827064127475353,0.11092691700000046
SGPTL,2855,0.004626049582472813,0.0001827064127475353,0.11096337499999986
SGPTL,2856,0.0048687376974401175,0.0001827064127475353,0.1110009999999999
SGPTL,2857,0.005021483473644395,0.0001827064127475353,0.11103783400000022
SGPTL,2858,0.004713329546047529,0.0001827064127475353,0.11107429199999963
SGPTL,2859,0.004851520427546996,0.0001827064127475353,0.11111233400000042
SGPTL,2860,0.0048713940409572665,0.0001827064127475353,0.11114900000000016
SGPTL,2861,0.00505530660249387,0.0001827064127475353,0.11118550000000038
SGPTL,2862,0.00489026653239244,0.0001827064127475353,0.11122374999999973
SGPTL,2863,0.004724550819815931,0.0001827064127475353,0.11126045900000037
SGPTL,2864,0.00439555661706148,0.0001827064127475353,0.11129770900000047
SGPTL,2865,0.0042501023405598914,0.0001827064127475353,0.11133595899999982
SGPTL,2866,0.0045911466723977945,0.0001827064127475353,0.11137295899999966
SGPTL,2867,0.004652932774818375,0.0001827064127475353,0.11141062500000043
SGPTL,2868,0.004645268216029175,0.0001827064127475353,0.11144837500000015
SGPTL,2869,0.0047957209482583085,0.0001827064127475353,0.11148516699999966
SGPTL,2870,0.00506808099137479,0.0001827064127475353,0.11152150000000027
SGPTL,2871,0.005107718310293663,0.0001827064127475353,0.11155937499999968
SGPTL,2872,0.005079146161589776,0.0001827064127475353,0.11159624999999984
SGPTL,2873,0.005078039712928195,0.0001827064127475353,0.1116328339999999
SGPTL,2874,0.0044832947492876585,0.0001827064127475353,0.11167058399999963
SGPTL,2875,0.0043141550739249634,0.0001827064127475353,0.11170729200000018
SGPTL,2876,0.004499428971960651,0.0001827064127475353,0.11174375000000047
SGPTL,2877,0.004591423031348629,0.0001827064127475353,0.11178208399999967
SGPTL,2878,0.004911129130897418,0.0001827064127475353,0.11181979200000036
SGPTL,2879,0.004730865105221138,0.0001827064127475353,0.11185699999999965
SGPTL,2880,0.004527860521942539,0.0001827064127475353,0.11189445900000017
SGPTL,2881,0.004515590553450632,0.0001827064127475353,0.1119323750000003
SGPTL,2882,0.004629349658975324,0.0001827064127475353,0.11196908400000005
SGPTL,2883,0.004571099422340019,0.0001827064127475353,0.11200550000000042
SGPTL,2884,0.004301638009830411,0.0001827064127475353,0.11204345899999968
SGPTL,2885,0.004350560761104738,0.0001827064127475353,0.11208204199999994
SGPTL,2886,0.004448379065238761,0.0001827064127475353,0.11212370900000046
SGPTL,2887,0.0048032047448529624,0.0001827064127475353,0.11216112500000008
SGPTL,2888,0.0049040482765905224,0.0001827064127475353,0.11219924999999975
SGPTL,2889,0.004587473865584446,0.0001827064127475353,0.11223654199999977
SGPTL,2890,0.004192261157568211,0.0001827064127475353,0.11227304199999999
SGPTL,2891,0.004246065793521048,0.0001827064127475353,0.11231116699999966
SGPTL,2892,0.004288559034705486,0.0001827064127475353,0.11234804199999981
SGPTL,2893,0.0044167477918617415,0.0001827064127475353,0.11238466699999972
SGPTL,2894,0.004678717758568762,0.0001827064127475353,0.1124228340000002
SGPTL,2895,0.004999872839714037,0.0001827064127475353,0.11245954199999986
SGPTL,2896,0.004836880958685175,0.0001827064127475353,0.11252149999999972
SGPTL,2897,0.004390670456499324,0.0001827064127475353,0.11255941699999994
SGPTL,2898,0.004219128339121081,0.0001827064127475353,0.11259579200000047
SGPTL,2899,0.00452208160237122,0.0001827064127475353,0.1126354169999999
SGPTL,2900,0.004611696511874097,0.0001827064127475353,0.11267241699999975
SGPTL,2901,0.00413518786008793,0.0001827064127475353,0.11270920900000014
SGPTL,2902,0.004143212974831556,0.0001827064127475353,0.11274737499999965
SGPTL,2903,0.004082606887052531,0.0001827064127475353,0.11278408400000028
SGPTL,2904,0.00399608044434685,0.0001827064127475353,0.11282112499999997
SGPTL,2905,0.004244254046007034,0.0001827064127475353,0.11285912499999995
SGPTL,2906,0.004512441296648628,0.0001827064127475353,0.11289595900000027
SGPTL,2907,0.004663940904557018,0.0001827064127475353,0.11294962499999972
SGPTL,2908,0.004561060648628379,0.0001827064127475353,0.11298941699999965
SGPTL,2909,0.004207089413819087,0.0001827064127475353,0.11303883400000014
SGPTL,2910,0.004010824297625115,0.0001827064127475353,0.11307729199999983
SGPTL,2911,0.0037382374950047925,0.0001827064127475353,0.11311470900000042
SGPTL,2912,0.0037242322185744303,0.0001827064127475353,0.11315275000000025
SGPTL,2913,0.003915941944794721,0.0001827064127475353,0.11320300000000039
SGPTL,2914,0.0038015062681160394,0.0001827064127475353,0.11324158399999984
SGPTL,2915,0.0037077109752101656,0.0001827064127475353,0.11328070899999965
SGPTL,2916,0.0034926367398089297,0.0001827064127475353,0.11331716699999994
SGPTL,2917,0.003421518151599301,0.0001827064127475353,0.11335487499999974
SGPTL,2918,0.003207101342190821,0.0001827064127475353,0.1133914589999998
SGPTL,2919,0.0030556639382870454,0.0001827064127475353,0.11342787500000018
SGPTL,2920,0.002961390174307965,0.0001827064127475353,0.11346591700000008
SGPTL,2921,0.003060722244847547,0.0001827064127475353,0.11350283400000016
SGPTL,2922,0.0031001555720826524,0.0001827064127475353,0.11353929200000046
SGPTL,2923,0.003165680967571305,0.0001827064127475353,0.11357691699999961
SGPTL,2924,0.0032664232285033457,0.0001827064127475353,0.11361370900000001
SGPTL,2925,0.0032913721476117708,0.0001827064127475353,0.11365029199999999
SGPTL,2926,0.003210421798542029,0.0001827064127475353,0.11368804199999971
SGPTL,2927,0.0028467502730280536,0.0001827064127475353,0.11372479200000019
SGPTL,2928,0.002570195236808681,0.0001827064127475353,0.11376229199999965
SGPTL,2929,0.002440021201641329,0.0001827064127475353,0.1138025840000001
SGPTL,2930,0.0024277681117412797,0.0001827064127475353,0.11384212499999968
SGPTL,2931,0.0025621862313423005,0.0001827064127475353,0.11387920900000026
SGPTL,2932,0.002692045436627488,0.0001827064127475353,0.11391612500000026
SGPTL,2933,0.002775317326700222,0.0001827064127475353,0.11395416700000016
SGPTL,2934,0.00286428074774725,0.0001827064127475353,0.11399062500000046
SGPTL,2935,0.002981108365633478,0.0001827064127475353,0.1140270000000001
SGPTL,2936,0.0030456234903359913,0.0001827064127475353,0.11406470899999999
SGPTL,2937,0.002933721515607335,0.0001827064127475353,0.11410179199999959
SGPTL,2938,0.0027930404381608653,0.0001827064127475353,0.11413858399999999
SGPTL,2939,0.002662240943133609,0.0001827064127475353,0.11417662499999981
SGPTL,2940,0.0027001944426041646,0.0001827064127475353,0.1142134170000002
SGPTL,2941,0.0025724328931444607,0.0001827064127475353,0.11424970900000009
SGPTL,2942,0.0023660096652964313,0.0001827064127475353,0.11428754200000046
SGPTL,2943,0.0022069262780817223,0.0001827064127475353,0.11432441699999973
SGPTL,2944,0.0022636712805499393,0.0001827064127475353,0.11436075000000034
SGPTL,2945,0.00220938298886475,0.0001827064127475353,0.11439866699999968
SGPTL,2946,0.002080255794556951,0.0001827064127475353,0.11443545900000007
SGPTL,2947,0.0021334471808380773,0.0001827064127475353,0.11447187500000044
SGPTL,2948,0.002137940231151658,0.0001827064127475353,0.11450958400000033
SGPTL,2949,0.0022426793752687857,0.0001827064127475353,0.11454683400000043
SGPTL,2950,0.0024202239597450603,0.0001827064127475353,0.11458437499999974
SGPTL,2951,0.002389702033792185,0.0001827064127475353,0.11462241699999964
SGPTL,2952,0.002439492309498803,0.0001827064127475353,0.11465995899999992
SGPTL,2953,0.002412470150884083,0.0001827064127475353,0.11469741700000036
SGPTL,2954,0.002338236568018681,0.0001827064127475353,0.11473479200000014
SGPTL,2955,0.0021060653663891316,0.0001827064127475353,0.11477241700000018
SGPTL,2956,0.002076639516315204,0.0001827064127475353,0.11480958399999963
SGPTL,2957,0.0021258314939489598,0.0001827064127475353,0.11484604199999993
SGPTL,2958,0.0020487251464378353,0.0001827064127475353,0.11488404199999991
SGPTL,2959,0.0020386091548427743,0.0001827064127475353,0.11492091700000007
SGPTL,2960,0.0019358621972820345,0.0001827064127475353,0.11495733399999963
SGPTL,2961,0.001812674087710242,0.0001827064127475353,0.11499554199999995
SGPTL,2962,0.0017769628990105257,0.0001827064127475353,0.11503237500000019
SGPTL,2963,0.0018997194951744234,0.0001827064127475353,0.11506879199999975
SGPTL,2964,0.001970197685430941,0.0001827064127475353,0.11510691700000031
SGPTL,2965,0.0021147231797451482,0.0001827064127475353,0.11514329199999995
SGPTL,2966,0.002091305275549127,0.0001827064127475353,0.1151796669999996
SGPTL,2967,0.0021587185610703052,0.0001827064127475353,0.11521770900000039
SGPTL,2968,0.0022118328424134415,0.0001827064127475353,0.11525429200000037
SGPTL,2969,0.0020051775584293274,0.0001827064127475353,0.1152924999999998
SGPTL,2970,0.0017889940150790373,0.0001827064127475353,0.115330084
SGPTL,2971,0.0016489758834219437,0.0001827064127475353,0.1153667089999999
SGPTL,2972,0.0015937695982055633,0.0001827064127475353,0.11540454200000028
SGPTL,2973,0.001633043085385033,0.0001827064127475353,0.11544133399999978
SGPTL,2974,0.0017227316196495313,0.0001827064127475353,0.11547841700000028
SGPTL,2975,0.0018002948145410258,0.0001827064127475353,0.11551629199999969
SGPTL,2976,0.00181439700168462,0.0001827064127475353,0.11555300000000024
SGPTL,2977,0.0020383629861273622,0.0001827064127475353,0.11559000000000008
SGPTL,2978,0.002235656605374725,0.0001827064127475353,0.11562800000000006
SGPTL,2979,0.0022659181607724843,0.0001827064127475353,0.11566541699999977
SGPTL,2980,0.0022066429846121505,0.0001827064127475353,0.11570437499999997
SGPTL,2981,0.0020529444408083908,0.0001827064127475353,0.11574099999999987
SGPTL,2982,0.0019429083201079056,0.0001827064127475353,0.11577899999999985
SGPTL,2983,0.0019101149934974693,0.0001827064127475353,0.11581783400000045
SGPTL,2984,0.002121814435331437,0.0001827064127475353,0.11585512500000039
SGPTL,2985,0.0021716301057002063,0.0001827064127475353,0.11589325000000006
SGPTL,2986,0.002138225455837084,0.0001827064127475353,0.11593008400000038
SGPTL,2987,0.002179201692699806,0.0001827064127475353,0.11596654199999978
SGPTL,2988,0.001988993158205332,0.0001827064127475353,0.11600466700000034
SGPTL,2989,0.0019989158270647955,0.0001827064127475353,0.11604154199999961
SGPTL,2990,0.002097329613424126,0.0001827064127475353,0.11607812499999959
SGPTL,2991,0.002095377962163081,0.0001827064127475353,0.11611599999999989
SGPTL,2992,0.0021567332077931933,0.0001827064127475353,0.11615308400000046
SGPTL,2993,0.0021808500067268533,0.0001827064127475353,0.11619054200000001
SGPTL,2994,0.002266975295590168,0.0001827064127475353,0.11622862499999975
SGPTL,2995,0.0022411340453838413,0.0001827064127475353,0.11626770899999972
SGPTL,2996,0.0021178078439210157,0.0001827064127475353,0.11630495899999982
SGPTL,2997,0.002262957119487208,0.0001827064127475353,0.116342167
SGPTL,2998,0.0021974429597837464,0.0001827064127475353,0.11637895900000039
SGPTL,2999,0.002277744879822574,0.0001827064127475353,0.11641662500000027
SGPTL,3000,0.0021399216205371108,0.0001827064127475353,0.11645362500000012
SGPTL,3001,0.002154353923714547,0.0001827064127475353,0.11649108399999974
SGPTL,3002,0.0021252771747715116,0.0001827064127475353,0.11652899999999988
SGPTL,3003,0.002275708097249529,0.0001827064127475353,0.11656683400000034
SGPTL,3004,0.0022309231657795525,0.0001827064127475353,0.11660599999999999
SGPTL,3005,0.00212393749557771,0.0001827064127475353,0.11664108400000028
SGPTL,3006,0.002249439780175777,0.0001827064127475353,0.11667787499999971
SGPTL,3007,0.002481679968401984,0.0001827064127475353,0.11671437499999993
SGPTL,3008,0.002542169345538081,0.0001827064127475353,0.11675220900000038
SGPTL,3009,0.0025557818265240506,0.0001827064127475353,0.1167938340000001
SGPTL,3010,0.0024172951649299446,0.0001827064127475353,0.11683087499999978
SGPTL,3011,0.0024093811204850546,0.0001827064127475353,0.11686779199999986
SGPTL,3012,0.002357645923657836,0.0001827064127475353,0.11690583399999976
SGPTL,3013,0.0024895228001740044,0.0001827064127475353,0.1169425000000004
SGPTL,3014,0.0024175238269084076,0.0001827064127475353,0.1169791250000003
SGPTL,3015,0.0023951275399354266,0.0001827064127475353,0.11701712500000028
SGPTL,3016,0.002363214570612726,0.0001827064127475353,0.11705412500000012
SGPTL,3017,0.002256957674172444,0.0001827064127475353,0.11709070900000018
SGPTL,3018,0.0021314429830201487,0.0001827064127475353,0.11712870900000016
SGPTL,3019,0.002100832110925044,0.0001827064127475353,0.11716629200000028
SGPTL,3020,0.001990877819254777,0.0001827064127475353,0.11720491700000046
SGPTL,3021,0.0020514295519888925,0.0001827064127475353,0.11724579200000029
SGPTL,3022,0.0019133227795633534,0.0001827064127475353,0.11728237500000027
SGPTL,3023,0.001920354891649989,0.0001827064127475353,0.11732058399999978
SGPTL,3024,0.0019269679986031463,0.0001827064127475353,0.11735779199999996
SGPTL,3025,0.0019691760276994152,0.0001827064127475353,0.11739425000000026
SGPTL,3026,0.0021272836744077317,0.0001827064127475353,0.11743229200000016
SGPTL,3027,0.0020194262901460647,0.0001827064127475353,0.11746916700000032
SGPTL,3028,0.002033720235075087,0.0001827064127475353,0.11750683400000028
SGPTL,3029,0.0020817243843442856,0.0001827064127475353,0.11754470899999969
SGPTL,3030,0.0021807715884323287,0.0001827064127475353,0.1175821250000002
SGPTL,3031,0.0021703164231405836,0.0001827064127475353,0.11761945900000015
SGPTL,3032,0.0021993727673184083,0.0001827064127475353,0.11765670900000025
SGPTL,3033,0.002060888697718921,0.0001827064127475353,0.11769404200000011
SGPTL,3034,0.0020058811505823115,0.0001827064127475353,0.11773025000000015
SGPTL,3035,0.001972486575093191,0.0001827064127475353,0.11776870899999992
SGPTL,3036,0.0017704258366144643,0.0001827064127475353,0.1178073340000001
SGPTL,3037,0.001737171578903851,0.0001827064127475353,0.11784470899999988
SGPTL,3038,0.0017653016026355495,0.0001827064127475353,0.11788254200000026
SGPTL,3039,0.0017247173551679928,0.0001827064127475353,0.11791987500000012
SGPTL,3040,0.0017565684261515724,0.0001827064127475353,0.11795645900000018
SGPTL,3041,0.001729119340688312,0.0001827064127475353,0.11799433399999959
SGPTL,3042,0.0017823239281558045,0.0001827064127475353,0.11803137500000016
SGPTL,3043,0.0019051094185016382,0.0001827064127475353,0.11806816699999967
SGPTL,3044,0.0019824393150309483,0.0001827064127475353,0.11810620900000046
SGPTL,3045,0.0021154116808157486,0.0001827064127475353,0.11814325000000014
SGPTL,3046,0.0021172265608968566,0.0001827064127475353,0.11817966699999971
SGPTL,3047,0.0020204220346098367,0.0001827064127475353,0.11821758399999993
SGPTL,3048,0.001969239282282098,0.0001827064127475353,0.11825454199999985
SGPTL,3049,0.001856794188650035,0.0001827064127475353,0.11829087500000046
SGPTL,3050,0.0018557948177582162,0.0001827064127475353,0.11832874999999987
SGPTL,3051,0.0019366029606318058,0.0001827064127475353,0.11836545899999962
SGPTL,3052,0.001893167957875086,0.0001827064127475353,0.11840191699999991
SGPTL,3053,0.0019994353126824294,0.0001827064127475353,0.11843958399999988
SGPTL,3054,0.0021421024272703093,0.0001827064127475353,0.11847687499999981
SGPTL,3055,0.0022748824792047095,0.0001827064127475353,0.11852079199999999
SGPTL,3056,0.0022060422690475257,0.0001827064127475353,0.11855916699999991
SGPTL,3057,0.002084489320701044,0.0001827064127475353,0.11859804200000035
SGPTL,3058,0.0020755868688717705,0.0001827064127475353,0.11863650000000003
SGPTL,3059,0.0022240950327589992,0.0001827064127475353,0.11867312499999993
SGPTL,3060,0.002196323864587457,0.0001827064127475353,0.11871237500000031
SGPTL,3061,0.0023169813156749264,0.0001827064127475353,0.1187511670000001
SGPTL,3062,0.0023483552208056757,0.0001827064127475353,0.11878745899999998
SGPTL,3063,0.0023416701827794206,0.0001827064127475353,0.1188254999999998
SGPTL,3064,0.0023700192850297785,0.0001827064127475353,0.11886212499999971
SGPTL,3065,0.0024498883359798107,0.0001827064127475353,0.11889862499999992
SGPTL,3066,0.002485759178298741,0.0001827064127475353,0.11893662499999991
SGPTL,3067,0.00260960960589518,0.0001827064127475353,0.11897312500000012
SGPTL,3068,0.0026461597177345197,0.0001827064127475353,0.11900987499999971
SGPTL,3069,0.0026942027726259976,0.0001827064127475353,0.11904804200000019
SGPTL,3070,0.0025365289423047166,0.0001827064127475353,0.11908458400000033
SGPTL,3071,0.0025648765203167834,0.0001827064127475353,0.11912104199999973
SGPTL,3072,0.0023414882107883894,0.0001827064127475353,0.11915891700000003
SGPTL,3073,0.0023494240879564643,0.0001827064127475353,0.1191956249999997
SGPTL,3074,0.0023942481929957182,0.0001827064127475353,0.11923399999999962
SGPTL,3075,0.0021391110507571476,0.0001827064127475353,0.11927166700000047
SGPTL,3076,0.0021488369790974016,0.0001827064127475353,0.11930870900000023
SGPTL,3077,0.002059234256172271,0.0001827064127475353,0.1193462089999997
SGPTL,3078,0.0020348804954009037,0.0001827064127475353,0.11938325000000027
SGPTL,3079,0.0020518723333600164,0.0001827064127475353,0.11941966699999984
SGPTL,3080,0.002171698881738404,0.0001827064127475353,0.11945750000000022
SGPTL,3081,0.0021529141926506234,0.0001827064127475353,0.11949433399999965
SGPTL,3082,0.0020598310335726566,0.0001827064127475353,0.11953079199999994
SGPTL,3083,0.0021199069759176847,0.0001827064127475353,0.11956858399999959
SGPTL,3084,0.0022725596724142427,0.0001827064127475353,0.11960541699999983
SGPTL,3085,0.0022123017257817956,0.0001827064127475353,0.1196421670000003
SGPTL,3086,0.002033361381397425,0.0001827064127475353,0.11967999999999979
SGPTL,3087,0.002128956698558282,0.0001827064127475353,0.11971766699999975
SGPTL,3088,0.0021947457571092066,0.0001827064127475353,0.1197577919999997
SGPTL,3089,0.0021874598408737622,0.0001827064127475353,0.1198019170000002
SGPTL,3090,0.002138521657181869,0.0001827064127475353,0.11983750000000004
SGPTL,3091,0.0020811337569472954,0.0001827064127475353,0.11988612499999984
SGPTL,3092,0.0019537643874496524,0.0001827064127475353,0.11993066700000021
SGPTL,3093,0.002020938811580386,0.0001827064127475353,0.11997741700000031
SGPTL,3094,0.002178259241744973,0.0001827064127475353,0.12001845899999974
SGPTL,3095,0.0024137275891988885,0.0001827064127475353,0.12005633400000004
SGPTL,3096,0.002285811705493579,0.0001827064127475353,0.12009470899999997
SGPTL,3097,0.002385671239975462,0.0001827064127475353,0.12013349999999967
SGPTL,3098,0.0022956399206131017,0.0001827064127475353,0.12017170900000007
SGPTL,3099,0.0021385100155433268,0.0001827064127475353,0.12021108400000013
SGPTL,3100,0.002113469160870185,0.0001827064127475353,0.12025070900000046
SGPTL,3101,0.002129233544102327,0.0001827064127475353,0.12028829199999969
SGPTL,3102,0.0020440749419676774,0.0001827064127475353,0.1203258749999998
SGPTL,3103,0.0020567605161154745,0.0001827064127475353,0.12036354199999977
SGPTL,3104,0.0020415487666494148,0.0001827064127475353,0.12040283400000007
SGPTL,3105,0.0020433939242545662,0.0001827064127475353,0.12044199999999972
SGPTL,3106,0.00211012157059276,0.0001827064127475353,0.12048037499999964
SGPTL,3107,0.0020657604431328913,0.0001827064127475353,0.1205172499999998
SGPTL,3108,0.0021851981128542253,0.0001827064127475353,0.12055475000000015
SGPTL,3109,0.0022163929792378134,0.0001827064127475353,0.1205930000000004
SGPTL,3110,0.0021600941030748277,0.0001827064127475353,0.12063029200000042
SGPTL,3111,0.002071184219191169,0.0001827064127475353,0.12066745899999987
SGPTL,3112,0.0021904669281695988,0.0001827064127475353,0.12070591700000044
SGPTL,3113,0.0021506069170313946,0.0001827064127475353,0.1207435840000004
SGPTL,3114,0.0019836879935120066,0.0001827064127475353,0.12078287499999973
SGPTL,3115,0.0019910334950374864,0.0001827064127475353,0.12082104200000021
SGPTL,3116,0.002161709650609467,0.0001827064127475353,0.12086066699999964
SGPTL,3117,0.002034041061304004,0.0001827064127475353,0.12089804200000032
SGPTL,3118,0.00195943701022383,0.0001827064127475353,0.12093516699999984
SGPTL,3119,0.0019793598966462156,0.0001827064127475353,0.12097370900000026
SGPTL,3120,0.002109511113675744,0.0001827064127475353,0.1210110000000002
SGPTL,3121,0.002152909013682036,0.0001827064127475353,0.12104770899999995
SGPTL,3122,0.002188366634053418,0.0001827064127475353,0.12108979200000025
SGPTL,3123,0.0021618322929601863,0.0001827064127475353,0.12114058399999994
SGPTL,3124,0.002117662537280518,0.0001827064127475353,0.12118466699999964
SGPTL,3125,0.002240312101525088,0.0001827064127475353,0.12123158400000023
SGPTL,3126,0.0022931010487186043,0.0001827064127475353,0.12127100000000013
SGPTL,3127,0.002292788868103024,0.0001827064127475353,0.12130816700000047
SGPTL,3128,0.0022053396004189096,0.0001827064127475353,0.12134479200000037
SGPTL,3129,0.0020812188694199207,0.0001827064127475353,0.12138295899999996
SGPTL,3130,0.00207268291291296,0.0001827064127475353,0.12141987499999995
SGPTL,3131,0.0020511916506897876,0.0001827064127475353,0.12145795899999978
SGPTL,3132,0.0020329228667024246,0.0001827064127475353,0.12149562499999966
SGPTL,3133,0.001999726496756171,0.0001827064127475353,0.12153329199999963
SGPTL,3134,0.002064824146164712,0.0001827064127475353,0.12157016699999978
SGPTL,3135,0.0021345190342170195,0.0001827064127475353,0.12160658400000024
SGPTL,3136,0.002037991324867816,0.0001827064127475353,0.12164450000000038
SGPTL,3137,0.0020952763759687354,0.0001827064127475353,0.12168158400000006
SGPTL,3138,0.00240249092796585,0.0001827064127475353,0.12171895899999985
SGPTL,3139,0.0022582979398892977,0.0001827064127475353,0.12175691699999991
SGPTL,3140,0.0022344571898254006,0.0001827064127475353,0.12179424999999977
SGPTL,3141,0.0022328513287992457,0.0001827064127475353,0.12183287499999995
SGPTL,3142,0.0022216354242199365,0.0001827064127475353,0.12186633399999991
SGPTL,3143,0.0020756194997531008,0.0001827064127475353,0.1219027920000002
SGPTL,3144,0.0021863374436081884,0.0001827064127475353,0.12194041700000025
SGPTL,3145,0.0022852546576186406,0.0001827064127475353,0.12197770900000027
SGPTL,3146,0.002299172686437867,0.0001827064127475353,0.12201395900000023
SGPTL,3147,0.0023056918730173237,0.0001827064127475353,0.12205187500000036
SGPTL,3148,0.002408313957845243,0.0001827064127475353,0.12208899999999989
SGPTL,3149,0.0024942764618842705,0.0001827064127475353,0.12212554200000003
SGPTL,3150,0.0023873326924910288,0.0001827064127475353,0.12216354200000001
SGPTL,3151,0.0021704049906263734,0.0001827064127475353,0.12220058399999978
SGPTL,3152,0.002084153709755565,0.0001827064127475353,0.12223704200000007
SGPTL,3153,0.0018713896070652325,0.0001827064127475353,0.12227508399999998
SGPTL,3154,0.0017843350218829102,0.0001827064127475353,0.12231216700000047
SGPTL,3155,0.001742793420935529,0.0001827064127475353,0.12234862499999988
SGPTL,3156,0.0018283614502281331,0.0001827064127475353,0.12238612500000023
SGPTL,3157,0.0019406241864707852,0.0001827064127475353,0.12242249999999988
SGPTL,3158,0.001961512814410593,0.0001827064127475353,0.12246045900000002
SGPTL,3159,0.002131730361173201,0.0001827064127475353,0.12249825000000047
SGPTL,3160,0.002321671221043875,0.0001827064127475353,0.1225344589999997
SGPTL,3161,0.0024101252821342456,0.0001827064127475353,0.122572334
SGPTL,3162,0.0026628412743172625,0.0001827064127475353,0.12260899999999975
SGPTL,3163,0.0024735785750804595,0.0001827064127475353,0.12264941699999987
SGPTL,3164,0.002179073410374599,0.0001827064127475353,0.12268650000000036
SGPTL,3165,0.0020159737435097025,0.0001827064127475353,0.12272429200000001
SGPTL,3166,0.001890554085725471,0.0001827064127475353,0.1227610419999996
SGPTL,3167,0.0018570709268936891,0.0001827064127475353,0.12279741700000013
SGPTL,3168,0.0019438897679875389,0.0001827064127475353,0.12283504200000017
SGPTL,3169,0.0021008814807683684,0.0001827064127475353,0.12287200000000009
SGPTL,3170,0.0022110922274709566,0.0001827064127475353,0.12290845900000047
SGPTL,3171,0.0019857119961801395,0.0001827064127475353,0.1229462090000002
SGPTL,3172,0.0019831807890495767,0.0001827064127475353,0.12298304200000043
SGPTL,3173,0.0021279343630893344,0.0001827064127475353,0.1230216249999998
SGPTL,3174,0.002327086188298244,0.0001827064127475353,0.12305912500000016
SGPTL,3175,0.0023308722529102877,0.0001827064127475353,0.12309766699999969
SGPTL,3176,0.0022386060497550098,0.0001827064127475353,0.1231368340000003
SGPTL,3177,0.002206516685874238,0.0001827064127475353,0.12317412500000025
SGPTL,3178,0.0023272912457950046,0.0001827064127475353,0.12321166699999964
SGPTL,3179,0.0024547852848770813,0.0001827064127475353,0.12324958399999986
SGPTL,3180,0.0022381982732624373,0.0001827064127475353,0.1232868749999998
SGPTL,3181,0.00201161668752059,0.0001827064127475353,0.12333533400000007
SGPTL,3182,0.0020254727977355724,0.0001827064127475353,0.12337225000000007
SGPTL,3183,0.001865824558848539,0.0001827064127475353,0.12341012500000037
SGPTL,3184,0.0017959431955749672,0.0001827064127475353,0.12344691699999988
SGPTL,3185,0.0017395480371318328,0.0001827064127475353,0.12348349999999986
SGPTL,3186,0.0018418903434733735,0.0001827064127475353,0.123521459
SGPTL,3187,0.00198689030131316,0.0001827064127475353,0.12355800000000006
SGPTL,3188,0.002120644593143428,0.0001827064127475353,0.12359433399999986
SGPTL,3189,0.0022011093366796075,0.0001827064127475353,0.12363191699999998
SGPTL,3190,0.0024543279913913363,0.0001827064127475353,0.1236701250000003
SGPTL,3191,0.0025283924947427927,0.0001827064127475353,0.12370874999999959
SGPTL,3192,0.0025637210984252867,0.0001827064127475353,0.1237471250000004
SGPTL,3193,0.002450999375988694,0.0001827064127475353,0.12378458400000003
SGPTL,3194,0.0024959065490346433,0.0001827064127475353,0.12382316700000029
SGPTL,3195,0.002400150043840643,0.0001827064127475353,0.12386199999999992
SGPTL,3196,0.002196180119048652,0.0001827064127475353,0.12389854200000006
SGPTL,3197,0.0019913412333174563,0.0001827064127475353,0.1239361670000001
SGPTL,3198,0.0019235688018717223,0.0001827064127475353,0.12397300000000033
SGPTL,3199,0.002102950481430277,0.0001827064127475353,0.12400916699999964
SGPTL,3200,0.002107566709754094,0.0001827064127475353,0.1240471249999997
SGPTL,3201,0.002047276868681447,0.0001827064127475353,0.1240839170000001
SGPTL,3202,0.0020822219991114554,0.0001827064127475353,0.12412029199999974
SGPTL,3203,0.0021911397343719052,0.0001827064127475353,0.12415808400000028
SGPTL,3204,0.0022526733842660462,0.0001827064127475353,0.12419479199999994
SGPTL,3205,0.002238239697718969,0.0001827064127475353,0.12423137499999992
SGPTL,3206,0.002276890634496098,0.0001827064127475353,0.12426920900000038
SGPTL,3207,0.0021737008734064034,0.0001827064127475353,0.12430591700000004
SGPTL,3208,0.0020374022788283153,0.0001827064127475353,0.12434208400000024
SGPTL,3209,0.0020686250900243675,0.0001827064127475353,0.12437995899999965
SGPTL,3210,0.002052456235063671,0.0001827064127475353,0.12441708400000007
SGPTL,3211,0.0020649510276704586,0.0001827064127475353,0.12445458400000042
SGPTL,3212,0.0020075124291043522,0.0001827064127475353,0.12449237499999999
SGPTL,3213,0.0018774312178253538,0.0001827064127475353,0.12452941699999975
SGPTL,3214,0.0018164152593531657,0.0001827064127475353,0.12456562499999979
SGPTL,3215,0.00178354352152299,0.0001827064127475353,0.1246036669999997
SGPTL,3216,0.0017419380159191533,0.0001827064127475353,0.1246400000000003
SGPTL,3217,0.0016513308717147623,0.0001827064127475353,0.1246764589999998
SGPTL,3218,0.0017144966056177324,0.0001827064127475353,0.1247141669999996
SGPTL,3219,0.001713656783549622,0.0001827064127475353,0.12475054200000013
SGPTL,3220,0.0018206786715260215,0.0001827064127475353,0.12478687499999985
SGPTL,3221,0.0019805359194355887,0.0001827064127475353,0.12482462500000047
SGPTL,3222,0.002185473420181827,0.0001827064127475353,0.12486125000000037
SGPTL,3223,0.0024083249148834085,0.0001827064127475353,0.1248977499999997
SGPTL,3224,0.00226780748690647,0.0001827064127475353,0.12493554200000023
SGPTL,3225,0.0022383231804563586,0.0001827064127475353,0.12497220900000006
SGPTL,3226,0.0022511272046996655,0.0001827064127475353,0.12500854199999978
SGPTL,3227,0.0022235406736803576,0.0001827064127475353,0.12504649999999984
SGPTL,3228,0.002135040566271229,0.0001827064127475353,0.12508316699999966
SGPTL,3229,0.002017887450344036,0.0001827064127475353,0.12511933399999986
SGPTL,3230,0.002086302191257161,0.0001827064127475353,0.12515645900000028
SGPTL,3231,0.0021098624970763424,0.0001827064127475353,0.1251938749999999
SGPTL,3232,0.0019882442835641445,0.0001827064127475353,0.12523220899999998
SGPTL,3233,0.0019769923769747955,0.0001827064127475353,0.12527079200000024
SGPTL,3234,0.0018532380986115982,0.0001827064127475353,0.1253090840000004
SGPTL,3235,0.0018422716824724183,0.0001827064127475353,0.12534750000000017
SGPTL,3236,0.0018289868718386337,0.0001827064127475353,0.12538612500000035
SGPTL,3237,0.0018765309629800164,0.0001827064127475353,0.12542433399999986
SGPTL,3238,0.0018664520189011213,0.0001827064127475353,0.12546062499999966
SGPTL,3239,0.0021038447852714803,0.0001827064127475353,0.1254990420000004
SGPTL,3240,0.00237533594506667,0.0001827064127475353,0.1255383339999998
SGPTL,3241,0.0023493674525552066,0.0001827064127475353,0.12557550000000006
SGPTL,3242,0.0024622425458109554,0.0001827064127475353,0.12561395899999983
SGPTL,3243,0.0022664812930628386,0.0001827064127475353,0.1256528750000001
SGPTL,3244,0.0021838760602608254,0.0001827064127475353,0.12569241699999978
SGPTL,3245,0.0021270899870093896,0.0001827064127475353,0.1257297089999998
SGPTL,3246,0.002189526250492513,0.0001827064127475353,0.12576650000000011
SGPTL,3247,0.002222629961972089,0.0001827064127475353,0.1258029589999996
SGPTL,3248,0.0023041963381675856,0.0001827064127475353,0.12584070900000022
SGPTL,3249,0.0024491924003378074,0.0001827064127475353,0.12588454199999966
SGPTL,3250,0.00253042725872632,0.0001827064127475353,0.1259242089999999
SGPTL,3251,0.002527700297189739,0.0001827064127475353,0.12596108400000006
SGPTL,3252,0.0023712848611538995,0.0001827064127475353,0.12599874999999994
SGPTL,3253,0.0021830640880011742,0.0001827064127475353,0.12603574999999978
SGPTL,3254,0.00212899540097089,0.0001827064127475353,0.12607229199999992
SGPTL,3255,0.002271947874040059,0.0001827064127475353,0.1261102919999999
SGPTL,3256,0.002308922420085846,0.0001827064127475353,0.12614670900000036
SGPTL,3257,0.0022023823088499483,0.0001827064127475353,0.12618366700000028
SGPTL,3258,0.0022396594396636438,0.0001827064127475353,0.12622120899999967
SGPTL,3259,0.0023203186854374724,0.0001827064127475353,0.1262586670000001
SGPTL,3260,0.002387401367317965,0.0001827064127475353,0.1262979590000004
SGPTL,3261,0.0022877923777147036,0.0001827064127475353,0.12633429200000013
SGPTL,3262,0.002292011572414099,0.0001827064127475353,0.1263717919999996
SGPTL,3263,0.0023837702728319865,0.0001827064127475353,0.12640833399999973
SGPTL,3264,0.002205925277853904,0.0001827064127475353,0.1264464590000003
SGPTL,3265,0.0020720576530091073,0.0001827064127475353,0.12648441700000035
SGPTL,3266,0.0021020518677818956,0.0001827064127475353,0.1265214590000001
SGPTL,3267,0.001982936518089895,0.0001827064127475353,0.12655937500000025
SGPTL,3268,0.0021019742922891993,0.0001827064127475353,0.12659566700000013
SGPTL,3269,0.002240592762776439,0.0001827064127475353,0.1266319170000001
SGPTL,3270,0.0021328361915189387,0.0001827064127475353,0.12666958400000006
SGPTL,3271,0.0020815488486010114,0.0001827064127475353,0.1267061250000001
SGPTL,3272,0.0022090659649744993,0.0001827064127475353,0.12674391699999976
SGPTL,3273,0.0020959884362123926,0.0001827064127475353,0.12678087499999968
SGPTL,3274,0.001892851250411054,0.0001827064127475353,0.12681720900000037
SGPTL,3275,0.0017094069510972254,0.0001827064127475353,0.12685491700000018
SGPTL,3276,0.00173313470081915,0.0001827064127475353,0.12689166699999976
SGPTL,3277,0.0016666928321333874,0.0001827064127475353,0.12693025000000002
SGPTL,3278,0.0016506408464942446,0.0001827064127475353,0.12696770899999965
SGPTL,3279,0.0016246077296815375,0.0001827064127475353,0.127009417
SGPTL,3280,0.0016849563875713791,0.0001827064127475353,0.12704775000000001
SGPTL,3281,0.001571663047087224,0.0001827064127475353,0.12708624999999962
SGPTL,3282,0.0015634921819080994,0.0001827064127475353,0.1271245839999997
SGPTL,3283,0.0016629847272058296,0.0001827064127475353,0.1271650839999996
SGPTL,3284,0.0018092666697109294,0.0001827064127475353,0.12720100000000034
SGPTL,3285,0.002005571907671033,0.0001827064127475353,0.1272367499999998
SGPTL,3286,0.002111742600777733,0.0001827064127475353,0.12727312500000032
SGPTL,3287,0.0021237015229487177,0.0001827064127475353,0.12731075000000036
SGPTL,3288,0.0024279742812118865,0.0001827064127475353,0.12734741700000018
SGPTL,3289,0.002296330788331691,0.0001827064127475353,0.12738379199999983
SGPTL,3290,0.0022301201098475776,0.0001827064127475353,0.12742166700000013
SGPTL,3291,0.002261204257825833,0.0001827064127475353,0.1274582500000001
SGPTL,3292,0.0021439353864394217,0.0001827064127475353,0.12749483400000017
SGPTL,3293,0.0020123685908155498,0.0001827064127475353,0.12753266699999966
SGPTL,3294,0.002059853764508013,0.0001827064127475353,0.12756933400000037
SGPTL,3295,0.002035740189938906,0.0001827064127475353,0.12760675
SGPTL,3296,0.0019329797784191083,0.0001827064127475353,0.12764470900000013
SGPTL,3297,0.0018047439188726422,0.0001827064127475353,0.1276814169999998
SGPTL,3298,0.0017336485390406775,0.0001827064127475353,0.1277191249999996
SGPTL,3299,0.0018198769833452921,0.0001827064127475353,0.1277567089999998
SGPTL,3300,0.001973452754308047,0.0001827064127475353,0.12779370899999964
SGPTL,3301,0.00200616206709614,0.0001827064127475353,0.12783208400000046
SGPTL,3302,0.002108905461393862,0.0001827064127475353,0.12787054200000014
SGPTL,3303,0.00230247982087306,0.0001827064127475353,0.1279088340000003
SGPTL,3304,0.0023941704276735365,0.0001827064127475353,0.12794708399999966
SGPTL,3305,0.0023697548687975356,0.0001827064127475353,0.12798566699999991
SGPTL,3306,0.002349963542777278,0.0001827064127475353,0.12802425000000017
SGPTL,3307,0.0022033316421112836,0.0001827064127475353,0.12808145899999968
SGPTL,3308,0.002220318814734501,0.0001827064127475353,0.12812070900000005
SGPTL,3309,0.0021155722655046283,0.0001827064127475353,0.12815779199999966
SGPTL,3310,0.0021124755631640735,0.0001827064127475353,0.12819424999999995
SGPTL,3311,0.002240660898188418,0.0001827064127475353,0.12823183400000016
SGPTL,3312,0.0022988595077428897,0.0001827064127475353,0.12826824999999964
SGPTL,3313,0.0023812096543607275,0.0001827064127475353,0.12830491700000035
SGPTL,3314,0.002176992408787104,0.0001827064127475353,0.12834266700000008
SGPTL,3315,0.0020811048902553697,0.0001827064127475353,0.12838033400000004
SGPTL,3316,0.0020701139576841943,0.0001827064127475353,0.12841737499999972
SGPTL,3317,0.0020295027809558164,0.0001827064127475353,0.12845479200000032
SGPTL,3318,0.002099571570703951,0.0001827064127475353,0.1284923339999997
SGPTL,3319,0.0021238248331869602,0.0001827064127475353,0.12852875000000008
SGPTL,3320,0.0021233592975300475,0.0001827064127475353,0.12856512499999972
SGPTL,3321,0.002383197063159148,0.0001827064127475353,0.12860300000000002
SGPTL,3322,0.002369555510928656,0.0001827064127475353,0.1286399170000001
SGPTL,3323,0.0023272512614305185,0.0001827064127475353,0.12867645900000024
SGPTL,3324,0.0023035837682310323,0.0001827064127475353,0.12871445900000023
SGPTL,3325,0.0023062758641081427,0.0001827064127475353,0.12875124999999965
SGPTL,3326,0.00225273857002084,0.0001827064127475353,0.12878787500000044
SGPTL,3327,0.0021100604987374094,0.0001827064127475353,0.12882574999999985
SGPTL,3328,0.002113244691532401,0.0001827064127475353,0.1288623339999999
SGPTL,3329,0.0021917313353614354,0.0001827064127475353,0.12889887499999997
SGPTL,3330,0.0024351938930269323,0.0001827064127475353,0.1289367920000002
SGPTL,3331,0.0023957536424217274,0.0001827064127475353,0.1289732920000004
SGPTL,3332,0.0024470153262718952,0.0001827064127475353,0.12900970899999997
SGPTL,3333,0.0022564430300520133,0.0001827064127475353,0.12904766700000003
SGPTL,3334,0.0020695069194454074,0.0001827064127475353,0.12908425
SGPTL,3335,0.0020593460510744954,0.0001827064127475353,0.12912250000000025
SGPTL,3336,0.0021073516910865564,0.0001827064127475353,0.1291602919999999
SGPTL,3337,0.0021345612800907077,0.0001827064127475353,0.12919683400000004
SGPTL,3338,0.0019061442738599332,0.0001827064127475353,0.12923362500000035
SGPTL,3339,0.001962270395377219,0.0001827064127475353,0.12927170900000018
SGPTL,3340,0.002029880978698051,0.0001827064127475353,0.12930874999999986
SGPTL,3341,0.002090681142425055,0.0001827064127475353,0.12934704200000002
SGPTL,3342,0.0021406699002348706,0.0001827064127475353,0.12938370899999985
SGPTL,3343,0.0021898695920983258,0.0001827064127475353,0.12942145900000046
SGPTL,3344,0.0023470351596357464,0.0001827064127475353,0.1294582919999998
SGPTL,3345,0.002649679929523474,0.0001827064127475353,0.1294947500000001
SGPTL,3346,0.002482377195646146,0.0001827064127475353,0.12953254199999975
SGPTL,3347,0.0022504130108589315,0.0001827064127475353,0.12956912499999973
SGPTL,3348,0.002173644659679397,0.0001827064127475353,0.12960770900000007
SGPTL,3349,0.0022526200151771203,0.0001827064127475353,0.12964600000000015
SGPTL,3350,0.002199970581781674,0.0001827064127475353,0.12968325000000025
SGPTL,3351,0.002103439088350978,0.0001827064127475353,0.12972129200000015
SGPTL,3352,0.0019518663084978627,0.0001827064127475353,0.12975974999999984
SGPTL,3353,0.0019408463758929795,0.0001827064127475353,0.12979708399999978
SGPTL,3354,0.0018461063708614667,0.0001827064127475353,0.12983508399999977
SGPTL,3355,0.001964617070756791,0.0001827064127475353,0.12987654199999987
SGPTL,3356,0.002122844995889661,0.0001827064127475353,0.1299136670000003
SGPTL,3357,0.0021827557088307525,0.0001827064127475353,0.12995162500000035
SGPTL,3358,0.002279794970049265,0.0001827064127475353,0.12998916699999974
SGPTL,3359,0.002361752447337828,0.0001827064127475353,0.13002579199999964
SGPTL,3360,0.002247889013687665,0.0001827064127475353,0.13006216700000017
SGPTL,3361,0.0021983122385849097,0.0001827064127475353,0.13010012500000023
SGPTL,3362,0.002245081853328834,0.0001827064127475353,0.13013675000000013
SGPTL,3363,0.0023335506373158843,0.0001827064127475353,0.13017320899999962
SGPTL,3364,0.0022063203216977634,0.0001827064127475353,0.13021112499999976
SGPTL,3365,0.0021469157665361394,0.0001827064127475353,0.13024804199999984
SGPTL,3366,0.0021284659593705513,0.0001827064127475353,0.13028420900000004
SGPTL,3367,0.0021331846900249918,0.0001827064127475353,0.13032183400000008
SGPTL,3368,0.0022043688158945862,0.0001827064127475353,0.1303583340000003
SGPTL,3369,0.0022801921084654175,0.0001827064127475353,0.13039491700000028
SGPTL,3370,0.0022456434403852477,0.0001827064127475353,0.13043379199999983
SGPTL,3371,0.002144199173469641,0.0001827064127475353,0.1304705420000003
SGPTL,3372,0.002077486625009284,0.0001827064127475353,0.13050737499999965
SGPTL,3373,0.0021489664790697027,0.0001827064127475353,0.13054529199999987
SGPTL,3374,0.0021082898624174007,0.0001827064127475353,0.13058170900000032
SGPTL,3375,0.00195208392564572,0.0001827064127475353,0.13061837500000006
SGPTL,3376,0.0019097198242956637,0.0001827064127475353,0.13065608399999995
SGPTL,3377,0.0018913726511062823,0.0001827064127475353,0.1306929590000001
SGPTL,3378,0.0019950698807702505,0.0001827064127475353,0.13072920900000007
SGPTL,3379,0.0021547088157447547,0.0001827064127475353,0.13076699999999963
SGPTL,3380,0.0021766664701987626,0.0001827064127475353,0.13080366700000035
SGPTL,3381,0.0024880292077309463,0.0001827064127475353,0.13083995900000023
SGPTL,3382,0.002499530171729436,0.0001827064127475353,0.1308776250000001
SGPTL,3383,0.0023069679647629293,0.0001827064127475353,0.13091429199999993
SGPTL,3384,0.002136520180059831,0.0001827064127475353,0.13095295900000004
SGPTL,3385,0.0020246327561650457,0.0001827064127475353,0.13099066699999984
SGPTL,3386,0.00206407810766418,0.0001827064127475353,0.13102899999999984
SGPTL,3387,0.0021102523006013563,0.0001827064127475353,0.13106816700000046
SGPTL,3388,0.0020939198055982544,0.0001827064127475353,0.13110541699999967
SGPTL,3389,0.0020489407180490637,0.0001827064127475353,0.13114354200000022
SGPTL,3390,0.0021223069113562865,0.0001827064127475353,0.13118133399999987
SGPTL,3391,0.0021421986512510927,0.0001827064127475353,0.13121791699999985
SGPTL,3392,0.0021724551359660893,0.0001827064127475353,0.13125537500000029
SGPTL,3393,0.002058472256788235,0.0001827064127475353,0.13129741699999986
SGPTL,3394,0.001929272030289031,0.0001827064127475353,0.13133429200000002
SGPTL,3395,0.0019260950170800761,0.0001827064127475353,0.13137233399999992
SGPTL,3396,0.0021549232442132915,0.0001827064127475353,0.13141020900000022
SGPTL,3397,0.0021991380968406915,0.0001827064127475353,0.13144699999999965
SGPTL,3398,0.0021907986426281667,0.0001827064127475353,0.13148337500000018
SGPTL,3399,0.0022942799642300393,0.0001827064127475353,0.13152116699999983
SGPTL,3400,0.002312721002216467,0.0001827064127475353,0.13155795900000022
SGPTL,3401,0.0022740871596313994,0.0001827064127475353,0.1315951249999996
SGPTL,3402,0.002283992397047463,0.0001827064127475353,0.13163329200000007
SGPTL,3403,0.002199938436504123,0.0001827064127475353,0.1316708750000002
SGPTL,3404,0.0022458419310427136,0.0001827064127475353,0.1317093749999998
SGPTL,3405,0.0020979130078375707,0.0001827064127475353,0.13174766699999996
SGPTL,3406,0.0021104089386980718,0.0001827064127475353,0.13178120899999968
SGPTL,3407,0.0021010166265376107,0.0001827064127475353,0.13181912499999981
SGPTL,3408,0.002111541167568287,0.0001827064127475353,0.13185775
SGPTL,3409,0.002235349834036615,0.0001827064127475353,0.13189695899999965
SGPTL,3410,0.002321438071471782,0.0001827064127475353,0.13193408400000006
SGPTL,3411,0.002320588196690121,0.0001827064127475353,0.13197041699999978
SGPTL,3412,0.0023478114862967026,0.0001827064127475353,0.13200820900000032
SGPTL,3413,0.0023264068603441324,0.0001827064127475353,0.13204499999999975
SGPTL,3414,0.0024017714996857897,0.0001827064127475353,0.1320814170000002
SGPTL,3415,0.002390772763778415,0.0001827064127475353,0.1321192919999996
SGPTL,3416,0.002453947307150317,0.0001827064127475353,0.1321558749999996
SGPTL,3417,0.0023792966983635644,0.0001827064127475353,0.13219241699999973
SGPTL,3418,0.002333009199448899,0.0001827064127475353,0.1322300839999997
SGPTL,3419,0.002183770202575319,0.0001827064127475353,0.13226724999999995
SGPTL,3420,0.0021445118775917926,0.0001827064127475353,0.1323034999999999
SGPTL,3421,0.0021461779490108412,0.0001827064127475353,0.1323405839999996
SGPTL,3422,0.002298606797307867,0.0001827064127475353,0.13237741699999983
SGPTL,3423,0.0023385335212229297,0.0001827064127475353,0.13241483400000043
SGPTL,3424,0.0022846250895256492,0.0001827064127475353,0.13245241699999966
SGPTL,3425,0.0023090510094125882,0.0001827064127475353,0.1324888340000001
SGPTL,3426,0.0022181278720478925,0.0001827064127475353,0.1325254170000001
SGPTL,3427,0.0021307089529041257,0.0001827064127475353,0.13256337500000015
SGPTL,3428,0.002150173963316959,0.0001827064127475353,0.1326000839999999
SGPTL,3429,0.002221884590327239,0.0001827064127475353,0.13263645900000043
SGPTL,3430,0.0020788924337797887,0.0001827064127475353,0.13267429199999992
SGPTL,3431,0.0019518907951561193,0.0001827064127475353,0.13271037500000027
SGPTL,3432,0.0020016822144341972,0.0001827064127475353,0.13274708400000002
SGPTL,3433,0.0020797105423548956,0.0001827064127475353,0.1327905420000004
SGPTL,3434,0.0021174091945721507,0.0001827064127475353,0.1328274589999996
SGPTL,3435,0.0021329844253954455,0.0001827064127475353,0.1328639169999999
SGPTL,3436,0.002089174093828694,0.0001827064127475353,0.13290179200000019
SGPTL,3437,0.00216630145455321,0.0001827064127475353,0.13293816699999983
SGPTL,3438,0.002123949768862765,0.0001827064127475353,0.13297458400000028
SGPTL,3439,0.002108198348223178,0.0001827064127475353,0.13301241699999977
SGPTL,3440,0.002081113316645844,0.0001827064127475353,0.13304933399999985
SGPTL,3441,0.0020084024329982686,0.0001827064127475353,0.13308750000000025
SGPTL,3442,0.001772943975244523,0.0001827064127475353,0.13312520900000013
SGPTL,3443,0.0015443244357262742,0.0001827064127475353,0.133162875
SGPTL,3444,0.0016390561030055206,0.0001827064127475353,0.13320066699999966
SGPTL,3445,0.0015785803358134842,0.0001827064127475353,0.13323758399999974
SGPTL,3446,0.0015223311953913576,0.0001827064127475353,0.13327391700000035
SGPTL,3447,0.0013305526876712381,0.0001827064127475353,0.13331183399999968
SGPTL,3448,0.0012505031753371476,0.0001827064127475353,0.1333483339999999
SGPTL,3449,0.0011835805642768094,0.0001827064127475353,0.1333846249999997
SGPTL,3450,0.001187741923771135,0.0001827064127475353,0.13342241700000024
SGPTL,3451,0.0011906372691670164,0.0001827064127475353,0.13345925000000047
SGPTL,3452,0.00113762451502053,0.0001827064127475353,0.13349554200000036
SGPTL,3453,0.0011617340530087894,0.0001827064127475353,0.13353374999999978
SGPTL,3454,0.001210592116751119,0.0001827064127475353,0.13357145899999967
SGPTL,3455,0.0012430889868981776,0.0001827064127475353,0.13360912500000044
SGPTL,3456,0.0012290996868129511,0.0001827064127475353,0.1336477089999999
SGPTL,3457,0.0012250572604792787,0.0001827064127475353,0.13368454200000013
SGPTL,3458,0.0011728987275310132,0.0001827064127475353,0.13372237499999962
SGPTL,3459,0.0010329647003002318,0.0001827064127475353,0.13375895899999968
SGPTL,3460,0.0009714456774869706,0.0001827064127475353,0.1337954589999999
SGPTL,3461,0.0009321016922192449,0.0001827064127475353,0.13383329200000027
SGPTL,3462,0.0009116931554458141,0.0001827064127475353,0.13386970899999984
SGPTL,3463,0.0009030335620794361,0.0001827064127475353,0.13390666699999976
SGPTL,3464,0.0008895754474695927,0.0001827064127475353,0.1339447920000003
SGPTL,3465,0.0008027678886888268,0.0001827064127475353,0.13398158399999982
SGPTL,3466,0.0007557648133902362,0.0001827064127475353,0.13401916699999994
SGPTL,3467,0.0007180328088032262,0.0001827064127475353,0.13405662500000037
SGPTL,3468,0.0007079848809858902,0.0001827064127475353,0.13409316699999962
SGPTL,3469,0.0007162540656275862,0.0001827064127475353,0.1341294590000004
SGPTL,3470,0.0007349516683023971,0.0001827064127475353,0.13416737499999964
SGPTL,3471,0.0006544987325645124,0.0001827064127475353,0.13420383400000002
SGPTL,3472,0.0005813240250609475,0.0001827064127475353,0.13424029200000032
SGPTL,3473,0.000529184851218778,0.0001827064127475353,0.13427804200000004
SGPTL,3474,0.0005109869777366605,0.0001827064127475353,0.1343153749999999
SGPTL,3475,0.0005155265005987175,0.0001827064127475353,0.1343523339999999
SGPTL,3476,0.0005384852463010681,0.0001827064127475353,0.13438912500000022
SGPTL,3477,0.000519790679242238,0.0001827064127475353,0.1344268340000001
SGPTL,3478,0.0004798954833244995,0.0001827064127475353,0.13446541700000036
SGPTL,3479,0.00045633526986765816,0.0001827064127475353,0.13450262499999965
SGPTL,3480,0.00045023753070694283,0.0001827064127475353,0.1345404590000001
SGPTL,3481,0.0004164608252628099,0.0001827064127475353,0.1345772089999997
SGPTL,3482,0.0003815718528874523,0.0001827064127475353,0.134613667
SGPTL,3483,0.00036481551561551306,0.0001827064127475353,0.13465166699999997
SGPTL,3484,0.00035375748210242364,0.0001827064127475353,0.13468837499999964
SGPTL,3485,0.00036321628462876454,0.0001827064127475353,0.13472475000000017
SGPTL,3486,0.00034089569223683114,0.0001827064127475353,0.13476245900000006
SGPTL,3487,0.0003299633270839042,0.0001827064127475353,0.13479904200000004
SGPTL,3488,0.0003072285165215405,0.0001827064127475353,0.13483558400000017
SGPTL,3489,0.000304692532869133,0.0001827064127475353,0.13487370899999984
SGPTL,3490,0.0002943266899197994,0.0001827064127475353,0.13491129199999996
SGPTL,3491,0.00028349612553912884,0.0001827064127475353,0.13494820900000004
SGPTL,3492,0.00025939739329405853,0.0001827064127475353,0.13498458399999969
SGPTL,3493,0.00025910773866733017,0.0001827064127475353,0.13502229200000038
SGPTL,3494,0.0002563255240830564,0.0001827064127475353,0.1350598749999996
SGPTL,3495,0.0002455249543162896,0.0001827064127475353,0.13509687500000034
SGPTL,3496,0.00024353044611213903,0.0001827064127475353,0.13513433399999997
SGPTL,3497,0.000245647539389271,0.0001827064127475353,0.13517216700000034
SGPTL,3498,0.000239149446439324,0.0001827064127475353,0.1352085839999999
SGPTL,3499,0.00024100749795752385,0.0001827064127475353,0.13524483399999987
SGPTL,3500,0.0002495639881132661,0.0001827064127475353,0.13528262500000032
SGPTL,3501,0.0002409087998296311,0.0001827064127475353,0.13531933400000007
SGPTL,3502,0.00022830199203616175,0.0001827064127475353,0.13535562499999987
SGPTL,3503,0.00021091234603565212,0.0001827064127475353,0.13539350000000017
SGPTL,3504,0.00019163805839217396,0.0001827064127475353,0.13543041700000025
SGPTL,3505,0.0001728921712538245,0.0001728921712538245,0.13546716699999983
SGPTL,3506,0.00015957164057400774,0.00015957164057400774,0.13550541700000007
SGPTL,3507,0.00014633699261001887,0.00014633699261001887,0.13554466700000045
SGPTL,3508,0.00014171549318442445,0.00014171549318442445,0.13558333399999967
SGPTL,3509,0.00013361179177850957,0.00013361179177850957,0.1356223339999998
SGPTL,3510,0.0001174729893387294,0.0001174729893387294,0.1356606669999998
SGPTL,3511,0.00010376883759755096,0.00010376883759755096,0.13569908399999964
SGPTL,3512,9.296247132262181e-05,9.296247132262181e-05,0.1357375000000003
SGPTL,3513,9.33748556448677e-05,9.296247132262181e-05,0.1357741670000001
SGPTL,3514,0.00010950823027977563,9.296247132262181e-05,0.13581283400000022
SGPTL,3515,0.0001459465088127221,9.296247132262181e-05,0.13585137499999966
SGPTL,3516,0.0001904968414518926,9.296247132262181e-05,0.1358883750000004
SGPTL,3517,0.00024039128265940235,9.296247132262181e-05,0.13592587499999986
SGPTL,3518,0.0003332492716250357,9.296247132262181e-05,0.13596245899999992
SGPTL,3519,0.00039250471637441997,9.296247132262181e-05,0.13599879199999965
SGPTL,3520,0.00047462990166469154,9.296247132262181e-05,0.1360367499999997
SGPTL,3521,0.0005803171223770498,9.296247132262181e-05,0.1360733749999996
SGPTL,3522,0.0007091343413805351,9.296247132262181e-05,0.1361100000000004
SGPTL,3523,0.0007277034554129536,9.296247132262181e-05,0.13614779200000005
SGPTL,3524,0.000759879789787643,9.296247132262181e-05,0.13618520899999975
SGPTL,3525,0.0008916542933539162,9.296247132262181e-05,0.13622366700000033
SGPTL,3526,0.0011015790527162395,9.296247132262181e-05,0.13626016699999965
SGPTL,3527,0.001087944504452043,9.296247132262181e-05,0.13629862500000023
SGPTL,3528,0.0010898708853166461,9.296247132262181e-05,0.136336
SGPTL,3529,0.0010540237607328251,9.296247132262181e-05,0.13637395900000016
SGPTL,3530,0.0010936344676211185,9.296247132262181e-05,0.13641183400000045
SGPTL,3531,0.0012266123466497802,9.296247132262181e-05,0.13644916700000032
SGPTL,3532,0.0012944787003690283,9.296247132262181e-05,0.13648624999999992
SGPTL,3533,0.0014503069287110648,9.296247132262181e-05,0.13652262500000045
SGPTL,3534,0.0015833444375110695,9.296247132262181e-05,0.13656020899999977
SGPTL,3535,0.0017153239923388686,9.296247132262181e-05,0.13659762500000028
SGPTL,3536,0.0016804896791953183,9.296247132262181e-05,0.1366337919999996
SGPTL,3537,0.0017449096688582078,9.296247132262181e-05,0.13667133399999987
SGPTL,3538,0.0017301542490413269,9.296247132262181e-05,0.13670808400000034
SGPTL,3539,0.0016264032208077595,9.296247132262181e-05,0.13674441700000006
SGPTL,3540,0.0017085113123000983,9.296247132262181e-05,0.1367822089999997
SGPTL,3541,0.0019109083933950277,9.296247132262181e-05,0.1368191249999997
SGPTL,3542,0.002015455388986176,9.296247132262181e-05,0.1368554590000004
SGPTL,3543,0.0019976427002419417,9.296247132262181e-05,0.13689304199999963
SGPTL,3544,0.0021151385112523347,9.296247132262181e-05,0.13692966700000042
SGPTL,3545,0.0020052708367854777,9.296247132262181e-05,0.13696616699999975
SGPTL,3546,0.002088740727396843,9.296247132262181e-05,0.13700408399999997
SGPTL,3547,0.001989363230232133,9.296247132262181e-05,0.1370420000000001
SGPTL,3548,0.0019480606715207571,9.296247132262181e-05,0.13707945899999974
SGPTL,3549,0.0020302253073309906,9.296247132262181e-05,0.13711816699999968
SGPTL,3550,0.0021778514609849253,9.296247132262181e-05,0.13715641699999992
SGPTL,3551,0.00223627558296835,9.296247132262181e-05,0.13719508400000002
SGPTL,3552,0.0019240452646493988,9.296247132262181e-05,0.13723316699999977
SGPTL,3553,0.0020237034756998007,9.296247132262181e-05,0.13727133400000024
SGPTL,3554,0.002099423926893884,9.296247132262181e-05,0.13730991699999961
SGPTL,3555,0.002278284896878091,9.296247132262181e-05,0.13734849999999987
SGPTL,3556,0.002354472627978943,9.296247132262181e-05,0.1373867500000001
SGPTL,3557,0.0022977432199844383,9.296247132262181e-05,0.13742495899999962
SGPTL,3558,0.0023190224482245725,9.296247132262181e-05,0.13746320899999986
SGPTL,3559,0.002456943426337954,9.296247132262181e-05,0.1375036249999999
SGPTL,3560,0.00240158480887831,9.296247132262181e-05,0.13754108400000042
SGPTL,3561,0.002406512846440112,9.296247132262181e-05,0.1375790419999996
SGPTL,3562,0.0025459274477057647,9.296247132262181e-05,0.13761608400000025
SGPTL,3563,0.002451779040184121,9.296247132262181e-05,0.13765454199999994
SGPTL,3564,0.0022201180694068068,9.296247132262181e-05,0.1376920420000003
SGPTL,3565,0.0022064238891212895,9.296247132262181e-05,0.13773470900000007
SGPTL,3566,0.002265727373178761,9.296247132262181e-05,0.13777562499999974
SGPTL,3567,0.0023721827750933233,9.296247132262181e-05,0.1378192089999999
SGPTL,3568,0.0024440332613422378,9.296247132262181e-05,0.13788254199999983
SGPTL,3569,0.002290188338111232,9.296247132262181e-05,0.13792124999999977
SGPTL,3570,0.0023674863092377763,9.296247132262181e-05,0.13795887499999981
SGPTL,3571,0.0025685376539144045,9.296247132262181e-05,0.13800012500000047
SGPTL,3572,0.002491062490302509,9.296247132262181e-05,0.13803891700000026
SGPTL,3573,0.0022783769967058554,9.296247132262181e-05,0.13807749999999963
SGPTL,3574,0.002102359819018851,9.296247132262181e-05,0.13811558400000035
SGPTL,3575,0.00202292412863625,9.296247132262181e-05,0.13815270899999987
SGPTL,3576,0.0021303013761957423,9.296247132262181e-05,0.1381895420000001
SGPTL,3577,0.0021699293882355697,9.296247132262181e-05,0.13822758400000001
SGPTL,3578,0.0021372183861463334,9.296247132262181e-05,0.13826420899999992
SGPTL,3579,0.002082501891043975,9.296247132262181e-05,0.1383022089999999
SGPTL,3580,0.0019854652472568457,9.296247132262181e-05,0.13833941700000008
SGPTL,3581,0.002050638731313059,9.296247132262181e-05,0.1383798340000002
SGPTL,3582,0.002258446524095792,9.296247132262181e-05,0.13841712500000014
SGPTL,3583,0.0026006373665157234,9.296247132262181e-05,0.1384549169999998
SGPTL,3584,0.0027664194550260923,9.296247132262181e-05,0.13849520900000023
SGPTL,3585,0.0026773481095625495,9.296247132262181e-05,0.13853220900000007
SGPTL,3586,0.002812902115950644,9.296247132262181e-05,0.13857412499999988
SGPTL,3587,0.0024105932694107324,9.296247132262181e-05,0.13861120900000046
SGPTL,3588,0.0023102928284544078,9.296247132262181e-05,0.13864837499999982
SGPTL,3589,0.002199971815729951,9.296247132262181e-05,0.13868475000000036
SGPTL,3590,0.0023455359926485286,9.296247132262181e-05,0.13872258399999993
SGPTL,3591,0.002379603445999967,9.296247132262181e-05,0.13875941700000016
SGPTL,3592,0.002425829865866813,9.296247132262181e-05,0.13879587500000046
SGPTL,3593,0.002466617076688049,9.296247132262181e-05,0.13883345899999977
SGPTL,3594,0.0024050452859549765,9.296247132262181e-05,0.1388704589999996
SGPTL,3595,0.002115676396682087,9.296247132262181e-05,0.13890679200000022
SGPTL,3596,0.0022085561420501776,9.296247132262181e-05,0.13894470900000044
SGPTL,3597,0.0024185700598753357,9.296247132262181e-05,0.1389814170000001
SGPTL,3598,0.0025463411992294738,9.296247132262181e-05,0.13901779199999975
SGPTL,3599,0.00266863147205898,9.296247132262181e-05,0.13905566700000005
SGPTL,3600,0.0024839421613656043,9.296247132262181e-05,0.1390923749999997
SGPTL,3601,0.00266925275674601,9.296247132262181e-05,0.13912875000000025
SGPTL,3602,0.0026339071215362164,9.296247132262181e-05,0.13916658399999982
SGPTL,3603,0.00267464396918915,9.296247132262181e-05,0.13920325000000044
SGPTL,3604,0.002629664095796347,9.296247132262181e-05,0.13923974999999977
SGPTL,3605,0.002687331811067839,9.296247132262181e-05,0.13927745899999966
SGPTL,3606,0.0025779515099393358,9.296247132262181e-05,0.1393150839999997
SGPTL,3607,0.0025137129025947225,9.296247132262181e-05,0.13935266699999982
SGPTL,3608,0.002265260257122703,9.296247132262181e-05,0.13939120900000024
SGPTL,3609,0.0023099709585201467,9.296247132262181e-05,0.1394291670000003
SGPTL,3610,0.0024278696492472385,9.296247132262181e-05,0.13946758400000014
SGPTL,3611,0.002635277902598876,9.296247132262181e-05,0.13950858399999966
SGPTL,3612,0.00279433911322724,9.296247132262181e-05,0.1395484170000003
SGPTL,3613,0.0026037478430045446,9.296247132262181e-05,0.13958604200000035
SGPTL,3614,0.0025454927793850946,9.296247132262181e-05,0.13962479200000022
SGPTL,3615,0.0024539017982521116,9.296247132262181e-05,0.1396632499999999
SGPTL,3616,0.002364256404066012,9.296247132262181e-05,0.13970162499999983
SGPTL,3617,0.002554589687613129,9.296247132262181e-05,0.139739917
SGPTL,3618,0.002478914795262188,9.296247132262181e-05,0.13977883400000035
SGPTL,3619,0.0025830587371946656,9.296247132262181e-05,0.1398173749999998
SGPTL,3620,0.0028977226580786386,9.296247132262181e-05,0.13985570899999988
SGPTL,3621,0.0027404838463205294,9.296247132262181e-05,0.13989383400000044
SGPTL,3622,0.0024175867096429826,9.296247132262181e-05,0.13993245899999973
SGPTL,3623,0.0023828266612277993,9.296247132262181e-05,0.13996912500000036
SGPTL,3624,0.002398931694528539,9.296247132262181e-05,0.14000808399999976
SGPTL,3625,0.0025992983983362805,9.296247132262181e-05,0.14004637499999983
SGPTL,3626,0.002630647753417481,9.296247132262181e-05,0.14008570900000006
SGPTL,3627,0.0023943829847223874,9.296247132262181e-05,0.14012295900000016
SGPTL,3628,0.0024391737533464575,9.296247132262181e-05,0.14015937499999964
SGPTL,3629,0.002562429399681765,9.296247132262181e-05,0.14019741700000043
SGPTL,3630,0.0025558410099690843,9.296247132262181e-05,0.1402342919999997
SGPTL,3631,0.0025914467350347525,9.296247132262181e-05,0.14027145900000004
SGPTL,3632,0.0025936466667506597,9.296247132262181e-05,0.1403094170000001
SGPTL,3633,0.0025282054248814134,9.296247132262181e-05,0.14034704200000014
SGPTL,3634,0.0025468028279145294,9.296247132262181e-05,0.140385792
SGPTL,3635,0.0025350892743909448,9.296247132262181e-05,0.14042429199999962
SGPTL,3636,0.0023976550672879515,9.296247132262181e-05,0.1404627500000002
SGPTL,3637,0.0024553626422922914,9.296247132262181e-05,0.1405009589999997
SGPTL,3638,0.002385671421204494,9.296247132262181e-05,0.1405392919999997
SGPTL,3639,0.0022410833304511435,9.296247132262181e-05,0.14057758399999987
SGPTL,3640,0.0021988728408701697,9.296247132262181e-05,0.1406161250000002
SGPTL,3641,0.002165683712701094,9.296247132262181e-05,0.14065433399999971
SGPTL,3642,0.002093526578168081,9.296247132262181e-05,0.1406907500000001
SGPTL,3643,0.002121220705149529,9.296247132262181e-05,0.14072970900000037
SGPTL,3644,0.0020882502750005916,9.296247132262181e-05,0.14076845900000023
SGPTL,3645,0.002098761905726221,9.296247132262181e-05,0.14080754200000012
SGPTL,3646,0.0022498964048316417,9.296247132262181e-05,0.14084487499999998
SGPTL,3647,0.002480648039446809,9.296247132262181e-05,0.14088149999999988
SGPTL,3648,0.0026213709432192367,9.296247132262181e-05,0.1409195839999997
SGPTL,3649,0.002606123732277865,9.296247132262181e-05,0.14095625000000034
SGPTL,3650,0.002692657703583068,9.296247132262181e-05,0.14099387500000038
SGPTL,3651,0.002435578391425608,9.296247132262181e-05,0.14103200000000005
SGPTL,3652,0.002468611319301761,9.296247132262181e-05,0.1410685840000001
SGPTL,3653,0.0022945504701670227,9.296247132262181e-05,0.14110650000000025
SGPTL,3654,0.002082090837088213,9.296247132262181e-05,0.14114458400000007
SGPTL,3655,0.0021453565969133948,9.296247132262181e-05,0.14118212500000027
SGPTL,3656,0.0020060840368283372,9.296247132262181e-05,0.1412194170000003
SGPTL,3657,0.0019327418739509827,9.296247132262181e-05,0.14125562500000033
SGPTL,3658,0.0019773418754072125,9.296247132262181e-05,0.14129349999999974
SGPTL,3659,0.002079701234064757,9.296247132262181e-05,0.1413303749999999
SGPTL,3660,0.0022230852521334388,9.296247132262181e-05,0.1413669999999998
SGPTL,3661,0.0022467288221237336,9.296247132262181e-05,0.14140849999999983
SGPTL,3662,0.002141658419653858,9.296247132262181e-05,0.14144795899999973
SGPTL,3663,0.0022895368846256314,9.296247132262181e-05,0.1414871670000002
SGPTL,3664,0.0023211759810817245,9.296247132262181e-05,0.14152529199999986
SGPTL,3665,0.0023856013663472453,9.296247132262181e-05,0.1415622919999997
SGPTL,3666,0.0022415460909370744,9.296247132262181e-05,0.14160008400000024
SGPTL,3667,0.0021784633347088356,9.296247132262181e-05,0.14163795899999965
SGPTL,3668,0.002154277332971688,9.296247132262181e-05,0.14167479199999988
SGPTL,3669,0.0022117645594024182,9.296247132262181e-05,0.1417120839999999
SGPTL,3670,0.0024469007434242407,9.296247132262181e-05,0.14174983399999963
SGPTL,3671,0.002699628525109077,9.296247132262181e-05,0.14178979199999997
SGPTL,3672,0.0026459844193236215,9.296247132262181e-05,0.14182687500000046
SGPTL,3673,0.0026968041029404866,9.296247132262181e-05,0.1418646670000001
SGPTL,3674,0.002629018824184426,9.296247132262181e-05,0.14190137499999977
SGPTL,3675,0.00259120367060528,9.296247132262181e-05,0.1419379169999999
SGPTL,3676,0.0024797650036481045,9.296247132262181e-05,0.14197583400000013
SGPTL,3677,0.0024266810463067223,9.296247132262181e-05,0.1420127090000003
SGPTL,3678,0.0024660496213952943,9.296247132262181e-05,0.1420496670000002
SGPTL,3679,0.0023343232214698695,9.296247132262181e-05,0.14208737500000002
SGPTL,3680,0.002418256124089968,9.296247132262181e-05,0.14212395900000008
SGPTL,3681,0.0024492807714175946,9.296247132262181e-05,0.14216037500000045
SGPTL,3682,0.002447824790797082,9.296247132262181e-05,0.14219829199999978
SGPTL,3683,0.0025459146930533194,9.296247132262181e-05,0.14223616700000008
SGPTL,3684,0.002633295897240595,9.296247132262181e-05,0.14227333400000042
SGPTL,3685,0.002887241438189525,9.296247132262181e-05,0.1423177090000003
SGPTL,3686,0.0029751582128028087,9.296247132262181e-05,0.14235545900000002
SGPTL,3687,0.0031479366939741737,9.296247132262181e-05,0.14239337500000016
SGPTL,3688,0.0031817348666645096,9.296247132262181e-05,0.1424300839999999
SGPTL,3689,0.0030045002025749223,9.296247132262181e-05,0.14246787500000035
SGPTL,3690,0.0030090602635308716,9.296247132262181e-05,0.14250587500000034
SGPTL,3691,0.0028729345092775027,9.296247132262181e-05,0.1425433749999998
SGPTL,3692,0.002766135155290339,9.296247132262181e-05,0.14258099999999985
SGPTL,3693,0.002833723748119965,9.296247132262181e-05,0.1426185000000002
SGPTL,3694,0.002766323922891889,9.296247132262181e-05,0.14265570900000046
SGPTL,3695,0.0025715665660062115,9.296247132262181e-05,0.14269333399999962
SGPTL,3696,0.002592393187114128,9.296247132262181e-05,0.1427324590000003
SGPTL,3697,0.002774499388509488,9.296247132262181e-05,0.14276891699999972
SGPTL,3698,0.002535317859857722,9.296247132262181e-05,0.14280679200000002
SGPTL,3699,0.002549751068502637,9.296247132262181e-05,0.14284374999999994
SGPTL,3700,0.0025898028195558975,9.296247132262181e-05,0.1428801670000004
SGPTL,3701,0.0025400606953291938,9.296247132262181e-05,0.14291816700000037
SGPTL,3702,0.002537512308812495,9.296247132262181e-05,0.1429552919999999
SGPTL,3703,0.0024228530484720068,9.296247132262181e-05,0.14299241700000032
SGPTL,3704,0.002402533373953908,9.296247132262181e-05,0.14303016700000004
SGPTL,3705,0.0024472331227529676,9.296247132262181e-05,0.14306712499999996
SGPTL,3706,0.0024775611031548905,9.296247132262181e-05,0.14310408399999996
SGPTL,3707,0.0023633198010875045,9.296247132262181e-05,0.14314179199999977
SGPTL,3708,0.0022310480883924733,9.296247132262181e-05,0.14317837499999975
SGPTL,3709,0.002280011210547439,9.296247132262181e-05,0.14321483400000012
SGPTL,3710,0.00236395901095543,9.296247132262181e-05,0.14325270900000042
SGPTL,3711,0.002296428732095457,9.296247132262181e-05,0.143289459
SGPTL,3712,0.0021791309885133003,9.296247132262181e-05,0.1433257499999998
SGPTL,3713,0.0022683500302731474,9.296247132262181e-05,0.14336354200000034
SGPTL,3714,0.002388791707207627,9.296247132262181e-05,0.14340045900000042
SGPTL,3715,0.0023363257410333738,9.296247132262181e-05,0.1434381250000003
SGPTL,3716,0.002282740881505152,9.296247132262181e-05,0.14347650000000023
SGPTL,3717,0.0022674536216493735,9.296247132262181e-05,0.14351550000000035
SGPTL,3718,0.0023738127315229285,9.296247132262181e-05,0.1435525000000002
SGPTL,3719,0.002404050254507739,9.296247132262181e-05,0.14359050000000018
SGPTL,3720,0.0022595588636757924,9.296247132262181e-05,0.14362916700000028
SGPTL,3721,0.002089945678527716,9.296247132262181e-05,0.1436667500000004
SGPTL,3722,0.0018525835872056362,9.296247132262181e-05,0.14370579200000044
SGPTL,3723,0.0018165397407847728,9.296247132262181e-05,0.1437451249999997
SGPTL,3724,0.0017656360994924292,9.296247132262181e-05,0.1437823749999998
SGPTL,3725,0.0018327997705820387,9.296247132262181e-05,0.14381908400000043
SGPTL,3726,0.0018264921273032364,9.296247132262181e-05,0.14385683400000016
SGPTL,3727,0.0019585290576318304,9.296247132262181e-05,0.14389312499999996
SGPTL,3728,0.0021147722191989793,9.296247132262181e-05,0.14392958400000033
SGPTL,3729,0.0020371981291336105,9.296247132262181e-05,0.14396762500000015
SGPTL,3730,0.0021045283630418687,9.296247132262181e-05,0.1440047919999996
SGPTL,3731,0.002318622078885779,9.296247132262181e-05,0.1440414170000004
SGPTL,3732,0.002334546818003158,9.296247132262181e-05,0.14407941700000038
SGPTL,3733,0.002391877630000039,9.296247132262181e-05,0.14411620899999988
SGPTL,3734,0.0023059962402263157,9.296247132262181e-05,0.14415249999999968
SGPTL,3735,0.0022408369746562684,9.296247132262181e-05,0.14419158399999965
SGPTL,3736,0.0022812543855632583,9.296247132262181e-05,0.14422820900000044
SGPTL,3737,0.0023325271110206103,9.296247132262181e-05,0.1442667499999999
SGPTL,3738,0.0024453904626580147,9.296247132262181e-05,0.14430441699999985
SGPTL,3739,0.0026736223464360886,9.296247132262181e-05,0.14434316699999972
SGPTL,3740,0.002944475696308846,9.296247132262181e-05,0.14438212499999992
SGPTL,3741,0.00308448812857387,9.296247132262181e-05,0.14441883399999966
SGPTL,3742,0.0028256461080695683,9.296247132262181e-05,0.14445700000000006
SGPTL,3743,0.00278727842918558,9.296247132262181e-05,0.14449383400000038
SGPTL,3744,0.0026360022669726924,9.296247132262181e-05,0.14453020900000002
SGPTL,3745,0.0025843279558968035,9.296247132262181e-05,0.14456837500000042
SGPTL,3746,0.0025956569966236742,9.296247132262181e-05,0.14461270900000045
SGPTL,3747,0.0026772121990492614,9.296247132262181e-05,0.14464995899999966
SGPTL,3748,0.0028154545844158996,9.296247132262181e-05,0.14468791699999972
SGPTL,3749,0.0026833083627622045,9.296247132262181e-05,0.14472491700000045
SGPTL,3750,0.002628215555480873,9.296247132262181e-05,0.14476137499999986
SGPTL,3751,0.002595155471214028,9.296247132262181e-05,0.14479912500000047
SGPTL,3752,0.0027922253119481155,9.296247132262181e-05,0.14483633399999984
SGPTL,3753,0.0029595165625566633,9.296247132262181e-05,0.14487254199999988
SGPTL,3754,0.0028389953825413983,9.296247132262181e-05,0.14491120899999999
SGPTL,3755,0.002693140606458755,9.296247132262181e-05,0.14495099999999983
SGPTL,3756,0.0025739990980913063,9.296247132262181e-05,0.14498833399999977
SGPTL,3757,0.0024015428163461916,9.296247132262181e-05,0.14502633399999976
SGPTL,3758,0.002356560081379744,9.296247132262181e-05,0.14506291699999974
SGPTL,3759,0.00233798259041329,9.296247132262181e-05,0.14510079200000003
SGPTL,3760,0.0023552238745370158,9.296247132262181e-05,0.14513854199999976
SGPTL,3761,0.0022989933392805195,9.296247132262181e-05,0.14517495900000021
SGPTL,3762,0.0022997849106962676,9.296247132262181e-05,0.14521270899999994
SGPTL,3763,0.0023156035013265353,9.296247132262181e-05,0.14525054200000032
SGPTL,3764,0.002615074595567979,9.296247132262181e-05,0.14528750000000024
SGPTL,3765,0.0027752217841228166,9.296247132262181e-05,0.14532383400000004
SGPTL,3766,0.0029059085650917638,9.296247132262181e-05,0.14536154199999984
SGPTL,3767,0.0030831849607617645,9.296247132262181e-05,0.1453985839999996
SGPTL,3768,0.0033168620269470317,9.296247132262181e-05,0.14543633400000022
SGPTL,3769,0.0031741813468415536,9.296247132262181e-05,0.14547425000000036
SGPTL,3770,0.002925655592497467,9.296247132262181e-05,0.14551162500000014
SGPTL,3771,0.002617239025909379,9.296247132262181e-05,0.14554854200000023
SGPTL,3772,0.0023424604484418854,9.296247132262181e-05,0.14559100000000047
SGPTL,3773,0.0023547910779004866,9.296247132262181e-05,0.14562824999999968
SGPTL,3774,0.0023407350758999357,9.296247132262181e-05,0.14566745900000022
SGPTL,3775,0.0021859584264865006,9.296247132262181e-05,0.14570441700000014
SGPTL,3776,0.0021145791167245243,9.296247132262181e-05,0.1457427090000003
SGPTL,3777,0.0021539639203442817,9.296247132262181e-05,0.14578045900000003
SGPTL,3778,0.00221975059549262,9.296247132262181e-05,0.14583224999999977
SGPTL,3779,0.0022699479265391176,9.296247132262181e-05,0.1458770420000004
SGPTL,3780,0.0022368588559871228,9.296247132262181e-05,0.145913792
SGPTL,3781,0.0021959430462961116,9.296247132262181e-05,0.1459517090000002
SGPTL,3782,0.0022504248850896413,9.296247132262181e-05,0.14598841699999987
SGPTL,3783,0.0022262951439135925,9.296247132262181e-05,0.14602595900000015
SGPTL,3784,0.0023811350546805166,9.296247132262181e-05,0.1460665419999998
SGPTL,3785,0.002388234413653212,9.296247132262181e-05,0.14610400000000023
SGPTL,3786,0.0022573291926053507,9.296247132262181e-05,0.14614079199999974
SGPTL,3787,0.0023098079888159706,9.296247132262181e-05,0.14617933400000016
SGPTL,3788,0.0023356855143434885,9.296247132262181e-05,0.14621700000000004
SGPTL,3789,0.0022748669029812874,9.296247132262181e-05,0.14625350000000026
SGPTL,3790,0.0023463543183752655,9.296247132262181e-05,0.14628991699999983
SGPTL,3791,0.0025780334935794347,9.296247132262181e-05,0.1463275839999998
SGPTL,3792,0.002347503772540005,9.296247132262181e-05,0.1463643750000001
SGPTL,3793,0.0022895331031753674,9.296247132262181e-05,0.1464008339999996
SGPTL,3794,0.0022752212683341266,9.296247132262181e-05,0.1464388750000003
SGPTL,3795,0.002263613556825028,9.296247132262181e-05,0.1464753339999998
SGPTL,3796,0.002240371878874825,9.296247132262181e-05,0.14651175000000016
SGPTL,3797,0.0023231914681312027,9.296247132262181e-05,0.14654962500000046
SGPTL,3798,0.002413342232418403,9.296247132262181e-05,0.14658649999999973
SGPTL,3799,0.002539041383548213,9.296247132262181e-05,0.14662266699999993
SGPTL,3800,0.0026951188051764774,9.296247132262181e-05,0.1466603339999999
SGPTL,3801,0.0026559282824774044,9.296247132262181e-05,0.14669708400000037
SGPTL,3802,0.002658541547519544,9.296247132262181e-05,0.14673475000000025
SGPTL,3803,0.002630900575412154,9.296247132262181e-05,0.1467725419999999
SGPTL,3804,0.0024896621232095573,9.296247132262181e-05,0.14680887499999962
SGPTL,3805,0.002357088157344922,9.296247132262181e-05,0.1468455000000004
SGPTL,3806,0.0022934333690929343,9.296247132262181e-05,0.1468830419999998
SGPTL,3807,0.002349932955851397,9.296247132262181e-05,0.14692066699999984
SGPTL,3808,0.002477432329481166,9.296247132262181e-05,0.14695791699999994
SGPTL,3809,0.002560662840715322,9.296247132262181e-05,0.14699595899999984
SGPTL,3810,0.0026743565292974836,9.296247132262181e-05,0.1470347089999997
SGPTL,3811,0.002625843170320996,9.296247132262181e-05,0.14707791699999984
SGPTL,3812,0.0024511551991626135,9.296247132262181e-05,0.14711724999999998
SGPTL,3813,0.002334939054565055,9.296247132262181e-05,0.1471537500000002
SGPTL,3814,0.0024748100796836425,9.296247132262181e-05,0.1471916249999996
SGPTL,3815,0.0025591134779441305,9.296247132262181e-05,0.14722829200000032
SGPTL,3816,0.0025819475475110654,9.296247132262181e-05,0.14726491700000022
SGPTL,3817,0.0025220249122392957,9.296247132262181e-05,0.14730279199999963
SGPTL,3818,0.002486399936859396,9.296247132262181e-05,0.14733975000000044
SGPTL,3819,0.0023833099636465516,9.296247132262181e-05,0.14737716700000014
SGPTL,3820,0.002369310762280641,9.296247132262181e-05,0.14741533399999973
SGPTL,3821,0.0025012442341250107,9.296247132262181e-05,0.1474545840000001
SGPTL,3822,0.002727692258365888,9.296247132262181e-05,0.14749129199999977
SGPTL,3823,0.0027899247674341154,9.296247132262181e-05,0.1475290420000004
SGPTL,3824,0.0028668377941913903,9.296247132262181e-05,0.14756762499999976
SGPTL,3825,0.0031215007402489725,9.296247132262181e-05,0.1476047920000001
SGPTL,3826,0.003249268992561838,9.296247132262181e-05,0.14764275000000016
SGPTL,3827,0.003097107607011207,9.296247132262181e-05,0.14767966700000024
SGPTL,3828,0.00286720655076933,9.296247132262181e-05,0.14771604199999988
SGPTL,3829,0.002734980433375167,9.296247132262181e-05,0.14775399999999994
SGPTL,3830,0.002675433620638046,9.296247132262181e-05,0.14779050000000016
SGPTL,3831,0.002570821223178754,9.296247132262181e-05,0.14782799999999963
SGPTL,3832,0.0026180625125511447,9.296247132262181e-05,0.14786545900000014
SGPTL,3833,0.0025531130004305957,9.296247132262181e-05,0.14790241700000006
SGPTL,3834,0.0025340838145808675,9.296247132262181e-05,0.14793887500000036
SGPTL,3835,0.00253831670609439,9.296247132262181e-05,0.14797670899999993
SGPTL,3836,0.002337971341048073,9.296247132262181e-05,0.1480134590000004
SGPTL,3837,0.002449059811088894,9.296247132262181e-05,0.14805000000000046
SGPTL,3838,0.002470025583652502,9.296247132262181e-05,0.14808804200000036
SGPTL,3839,0.002536067244409912,9.296247132262181e-05,0.14812458399999962
SGPTL,3840,0.0024459494690121097,9.296247132262181e-05,0.14816279199999993
SGPTL,3841,0.002373586501847047,9.296247132262181e-05,0.1482002920000003
SGPTL,3842,0.0022226689317568216,9.296247132262181e-05,0.14823741699999982
SGPTL,3843,0.0020776158897681807,9.296247132262181e-05,0.1482738750000001
SGPTL,3844,0.0020583967647378465,9.296247132262181e-05,0.14831170899999968
SGPTL,3845,0.0021527532670746474,9.296247132262181e-05,0.1483486669999996
SGPTL,3846,0.00220129895242982,9.296247132262181e-05,0.14838487499999964
SGPTL,3847,0.002385613416525434,9.296247132262181e-05,0.14842279199999986
SGPTL,3848,0.0023532621846422686,9.296247132262181e-05,0.1484597919999997
SGPTL,3849,0.0024173876895958735,9.296247132262181e-05,0.1484964169999996
SGPTL,3850,0.0024108318379845173,9.296247132262181e-05,0.14853433399999982
SGPTL,3851,0.002479724386504012,9.296247132262181e-05,0.1485713750000004
SGPTL,3852,0.002585550933243086,9.296247132262181e-05,0.14860758399999963
SGPTL,3853,0.0023666081946571715,9.296247132262181e-05,0.148645417
SGPTL,3854,0.002379053622943772,9.296247132262181e-05,0.14868233400000008
SGPTL,3855,0.0023504618429119883,9.296247132262181e-05,0.1487188340000003
SGPTL,3856,0.002356405395008032,9.296247132262181e-05,0.14875691700000004
SGPTL,3857,0.0023292219268855607,9.296247132262181e-05,0.14879366699999963
SGPTL,3858,0.002355305962413068,9.296247132262181e-05,0.14883020899999977
SGPTL,3859,0.002529323266613037,9.296247132262181e-05,0.14886795900000038
SGPTL,3860,0.0026282852065468987,9.296247132262181e-05,0.14890608400000005
SGPTL,3861,0.0024504692726352584,9.296247132262181e-05,0.14894300000000005
SGPTL,3862,0.002326692630526317,9.296247132262181e-05,0.14897974999999963
SGPTL,3863,0.0022212706849955577,9.296247132262181e-05,0.1490175840000001
SGPTL,3864,0.0021630862055577182,9.296247132262181e-05,0.14905445900000025
SGPTL,3865,0.0021146189490357514,9.296247132262181e-05,0.14909075000000005
SGPTL,3866,0.002158811748505851,9.296247132262181e-05,0.14912883399999988
SGPTL,3867,0.002291933343337327,9.296247132262181e-05,0.14916612499999982
SGPTL,3868,0.00231876375116169,9.296247132262181e-05,0.14920266699999996
SGPTL,3869,0.0022651546206273743,9.296247132262181e-05,0.14924070899999986
SGPTL,3870,0.0022643114631639705,9.296247132262181e-05,0.1492773749999996
SGPTL,3871,0.0023016131896307357,9.296247132262181e-05,0.1493137090000003
SGPTL,3872,0.0022788741334900386,9.296247132262181e-05,0.14935166700000035
SGPTL,3873,0.002307575049993016,9.296247132262181e-05,0.14939004200000028
SGPTL,3874,0.002397224520186203,9.296247132262181e-05,0.1494298340000002
SGPTL,3875,0.002283215253184645,9.296247132262181e-05,0.14946716700000007
SGPTL,3876,0.002176654308049031,9.296247132262181e-05,0.1495052499999998
SGPTL,3877,0.002236438739123603,9.296247132262181e-05,0.1495421669999999
SGPTL,3878,0.0023182516243811513,9.296247132262181e-05,0.1495786250000002
SGPTL,3879,0.002396144202617023,9.296247132262181e-05,0.14961674999999985
SGPTL,3880,0.0023472672106756853,9.296247132262181e-05,0.1496539170000002
SGPTL,3881,0.0026087212219696454,9.296247132262181e-05,0.14969016700000015
SGPTL,3882,0.002682606483904948,9.296247132262181e-05,0.14972829199999982
SGPTL,3883,0.0026707321007135576,9.296247132262181e-05,0.1497650420000003
SGPTL,3884,0.0025553691160289382,9.296247132262181e-05,0.14980137500000001
SGPTL,3885,0.002449140695023111,9.296247132262181e-05,0.14983929200000023
SGPTL,3886,0.002623223333336533,9.296247132262181e-05,0.14987604199999982
SGPTL,3887,0.0027905174643512165,9.296247132262181e-05,0.14991241700000035
SGPTL,3888,0.002834079161087466,9.296247132262181e-05,0.1499506669999997
SGPTL,3889,0.0028117174030048986,9.296247132262181e-05,0.14998779200000012
SGPTL,3890,0.002627397539820109,9.296247132262181e-05,0.15002425000000041
SGPTL,3891,0.0025588162570886475,9.296247132262181e-05,0.15006229200000032
SGPTL,3892,0.0024543667928313972,9.296247132262181e-05,0.15009925000000024
SGPTL,3893,0.002404466092049029,9.296247132262181e-05,0.1501364589999996
SGPTL,3894,0.0023471379952577642,9.296247132262181e-05,0.1501743339999999
SGPTL,3895,0.00241827201687439,9.296247132262181e-05,0.15021112500000022
SGPTL,3896,0.0024058357648439888,9.296247132262181e-05,0.1502486669999996
SGPTL,3897,0.0024762196475478504,9.296247132262181e-05,0.1502866669999996
SGPTL,3898,0.0024685352938256244,9.296247132262181e-05,0.15032370900000025
SGPTL,3899,0.002393834361040348,9.296247132262181e-05,0.15036233400000043
SGPTL,3900,0.0024295237738531927,9.296247132262181e-05,0.150400125
SGPTL,3901,0.0026089813322969224,9.296247132262181e-05,0.15043904200000036
SGPTL,3902,0.0026266081173722533,9.296247132262181e-05,0.15047845900000034
SGPTL,3903,0.0025051067336476773,9.296247132262181e-05,0.15051541700000026
SGPTL,3904,0.002555301538415211,9.296247132262181e-05,0.15055187499999967
SGPTL,3905,0.0025350210536190243,9.296247132262181e-05,0.1505898339999998
SGPTL,3906,0.0023645237060501145,9.296247132262181e-05,0.15062679199999973
SGPTL,3907,0.00237842480665873,9.296247132262181e-05,0.15066325000000003
SGPTL,3908,0.002393047732166087,9.296247132262181e-05,0.1507010839999996
SGPTL,3909,0.0024127260382225124,9.296247132262181e-05,0.15073775000000023
SGPTL,3910,0.0023452260822329762,9.296247132262181e-05,0.1507741669999998
SGPTL,3911,0.0023756271407231466,9.296247132262181e-05,0.15081216699999977
SGPTL,3912,0.0025388904521452815,9.296247132262181e-05,0.150849
SGPTL,3913,0.0024960540664191733,9.296247132262181e-05,0.15088737499999993
SGPTL,3914,0.0024230388155892513,9.296247132262181e-05,0.15092516700000047
SGPTL,3915,0.002322448804477739,9.296247132262181e-05,0.15096362500000016
SGPTL,3916,0.002547892344794578,9.296247132262181e-05,0.15100070899999984
SGPTL,3917,0.002440441505180635,9.296247132262181e-05,0.15103858400000014
SGPTL,3918,0.0023747912115701375,9.296247132262181e-05,0.15107537500000046
SGPTL,3919,0.002446035105276856,9.296247132262181e-05,0.15111183399999994
SGPTL,3920,0.002565664264297718,9.296247132262181e-05,0.15114941700000006
SGPTL,3921,0.00252708171987015,9.296247132262181e-05,0.15118612499999973
SGPTL,3922,0.0025386718207405234,9.296247132262181e-05,0.1512228750000002
SGPTL,3923,0.002521046105455005,9.296247132262181e-05,0.15126079200000042
SGPTL,3924,0.002605684988798096,9.296247132262181e-05,0.15129762499999977
SGPTL,3925,0.0027936758921851546,9.296247132262181e-05,0.1513344590000001
SGPTL,3926,0.0028311781410423897,9.296247132262181e-05,0.15137254199999983
SGPTL,3927,0.0027660497414756513,9.296247132262181e-05,0.1514120840000004
SGPTL,3928,0.0025279279911001318,9.296247132262181e-05,0.15144924999999976
SGPTL,3929,0.0022980659972586803,9.296247132262181e-05,0.15148724999999974
SGPTL,3930,0.0022722145110374292,9.296247132262181e-05,0.15152425000000047
SGPTL,3931,0.0022928235863881596,9.296247132262181e-05,0.15156129200000024
SGPTL,3932,0.0025392957807337524,9.296247132262181e-05,0.15159900000000004
SGPTL,3933,0.002810816441382702,9.296247132262181e-05,0.15163562499999994
SGPTL,3934,0.0026387873444577714,9.296247132262181e-05,0.15167324999999998
SGPTL,3935,0.0025693395445551825,9.296247132262181e-05,0.1517109999999997
SGPTL,3936,0.0024830049042359192,9.296247132262181e-05,0.15174800000000044
SGPTL,3937,0.00250583797657411,9.296247132262181e-05,0.15179212500000006
SGPTL,3938,0.0022795283421910284,9.296247132262181e-05,0.15182970900000026
SGPTL,3939,0.0021520190260448935,9.296247132262181e-05,0.15186749999999982
SGPTL,3940,0.0021302343008324787,9.296247132262181e-05,0.1519077089999996
SGPTL,3941,0.0021124726867931543,9.296247132262181e-05,0.15194454199999985
SGPTL,3942,0.0023340221697085717,9.296247132262181e-05,0.15198133400000025
SGPTL,3943,0.0024300143689475195,9.296247132262181e-05,0.1520191249999998
SGPTL,3944,0.0023713961957549934,9.296247132262181e-05,0.15205583400000044
SGPTL,3945,0.00234891792954528,9.296247132262181e-05,0.1520920840000004
SGPTL,3946,0.002451997755109847,9.296247132262181e-05,0.15213108399999964
SGPTL,3947,0.0024405613443847507,9.296247132262181e-05,0.15216808400000037
SGPTL,3948,0.002423568715760327,9.296247132262181e-05,0.15220495899999964
SGPTL,3949,0.0024597810740587533,9.296247132262181e-05,0.15224283399999994
SGPTL,3950,0.002470837580254459,9.296247132262181e-05,0.1522795840000004
SGPTL,3951,0.0026367175667023623,9.296247132262181e-05,0.15231608399999974
SGPTL,3952,0.0025966581150962398,9.296247132262181e-05,0.15235395900000004
SGPTL,3953,0.0025130559301453914,9.296247132262181e-05,0.15239062499999978
SGPTL,3954,0.0025228555093452787,9.296247132262181e-05,0.152427125
SGPTL,3955,0.0025057594910222747,9.296247132262181e-05,0.1524650000000003
SGPTL,3956,0.0023750733691296766,9.296247132262181e-05,0.15250154200000043
SGPTL,3957,0.0023724129439328667,9.296247132262181e-05,0.15253895900000014
SGPTL,3958,0.0021788364544141903,9.296247132262181e-05,0.15257683400000044
SGPTL,3959,0.002145692153191936,9.296247132262181e-05,0.15261362499999986
SGPTL,3960,0.0021677858017890017,9.296247132262181e-05,0.15264991699999975
SGPTL,3961,0.0022649935390568476,9.296247132262181e-05,0.15268770900000028
SGPTL,3962,0.002316577363045358,9.296247132262181e-05,0.15272445899999987
SGPTL,3963,0.0023017052886733502,9.296247132262181e-05,0.15276091700000016
SGPTL,3964,0.0023398088866393163,9.296247132262181e-05,0.1527985420000002
SGPTL,3965,0.0024497939578023153,9.296247132262181e-05,0.15283520900000003
SGPTL,3966,0.0026878633082498826,9.296247132262181e-05,0.1528735000000001
SGPTL,3967,0.0026922196443681656,9.296247132262181e-05,0.15291129199999975
SGPTL,3968,0.0025916935244807426,9.296247132262181e-05,0.1529480000000003
SGPTL,3969,0.0025101454862168637,9.296247132262181e-05,0.15298587499999972
SGPTL,3970,0.002469836104601608,9.296247132262181e-05,0.15302258400000035
SGPTL,3971,0.0022651434640450496,9.296247132262181e-05,0.15305970899999988
SGPTL,3972,0.0021409913120402635,9.296247132262181e-05,0.15309720900000023
SGPTL,3973,0.0023042412569769244,9.296247132262181e-05,0.15313354199999996
SGPTL,3974,0.0025237925995813537,9.296247132262181e-05,0.15317062500000045
SGPTL,3975,0.0025003358497222017,9.296247132262181e-05,0.15320833400000033
SGPTL,3976,0.002651253097216255,9.296247132262181e-05,0.15324525000000033
SGPTL,3977,0.0029038374895791197,9.296247132262181e-05,0.15328158400000014
SGPTL,3978,0.002889494410647231,9.296247132262181e-05,0.15331974999999964
SGPTL,3979,0.002769355137759222,9.296247132262181e-05,0.15335895900000018
SGPTL,3980,0.002679743643625221,9.296247132262181e-05,0.15339629200000005
SGPTL,3981,0.002446475507932755,9.296247132262181e-05,0.1534343749999998
SGPTL,3982,0.0024038848457255124,9.296247132262181e-05,0.15347158400000005
SGPTL,3983,0.002368887375562956,9.296247132262181e-05,0.1535090419999996
SGPTL,3984,0.0023243523139051536,9.296247132262181e-05,0.15354683400000013
SGPTL,3985,0.00230025320067595,9.296247132262181e-05,0.15358375000000013
SGPTL,3986,0.00241718454047235,9.296247132262181e-05,0.15362241700000023
SGPTL,3987,0.002398936241858385,9.296247132262181e-05,0.15365941700000008
SGPTL,3988,0.0025435465992311723,9.296247132262181e-05,0.1536971669999998
SGPTL,3989,0.0023855773099301647,9.296247132262181e-05,0.1537339590000002
SGPTL,3990,0.002400829470539545,9.296247132262181e-05,0.15377029199999992
SGPTL,3991,0.0026224979247471136,9.296247132262181e-05,0.15380816700000022
SGPTL,3992,0.002671482375459222,9.296247132262181e-05,0.15384487499999988
SGPTL,3993,0.0026265989809135526,9.296247132262181e-05,0.15388175000000004
SGPTL,3994,0.002397435911456025,9.296247132262181e-05,0.15391966700000026
SGPTL,3995,0.0023321745416544637,9.296247132262181e-05,0.15395645899999977
SGPTL,3996,0.002340999500755725,9.296247132262181e-05,0.15399291700000006
SGPTL,3997,0.00238152680868442,9.296247132262181e-05,0.15403095899999997
SGPTL,3998,0.002423914606192179,9.296247132262181e-05,0.15406741700000026
SGPTL,3999,0.0025240470856016106,9.296247132262181e-05,0.15410541700000024
SGPTL,4000,0.002564578515713123,9.296247132262181e-05,0.1541432089999999
SGPTL,4001,0.0026483099280145694,9.296247132262181e-05,0.15418100000000035
SGPTL,4002,0.0024821152840206473,9.296247132262181e-05,0.15421908400000017
SGPTL,4003,0.0025161167342178103,9.296247132262181e-05,0.15425670900000021
SGPTL,4004,0.002631192741044064,9.296247132262181e-05,0.15429575000000018
SGPTL,4005,0.00268799325068958,9.296247132262181e-05,0.1543332089999998
SGPTL,4006,0.0026945865701895055,9.296247132262181e-05,0.15437224999999977
SGPTL,4007,0.002834385619292501,9.296247132262181e-05,0.1544204589999998
SGPTL,4008,0.0026495829083288402,9.296247132262181e-05,0.15447604199999976
SGPTL,4009,0.0024763538604426483,9.296247132262181e-05,0.15452091700000015
SGPTL,4010,0.002334017979798819,9.296247132262181e-05,0.15455825
SGPTL,4011,0.0023271561603341873,9.296247132262181e-05,0.15459491699999983
SGPTL,4012,0.0021929259860953287,9.296247132262181e-05,0.1546313340000003
SGPTL,4013,0.0021453880975865758,9.296247132262181e-05,0.1546692089999997
SGPTL,4014,0.0022019688692211936,9.296247132262181e-05,0.1547064589999998
SGPTL,4015,0.002379631738421706,9.296247132262181e-05,0.1547449590000003
SGPTL,4016,0.0023714734634268098,9.296247132262181e-05,0.1547832920000003
SGPTL,4017,0.002385235461459967,9.296247132262181e-05,0.15482208400000008
SGPTL,4018,0.002269010048691511,9.296247132262181e-05,0.1548588750000004
SGPTL,4019,0.0023232951221545672,9.296247132262181e-05,0.15489512500000036
SGPTL,4020,0.0021380699627717714,9.296247132262181e-05,0.1549330839999996
SGPTL,4021,0.001978246248602211,9.296247132262181e-05,0.15497183400000036
SGPTL,4022,0.001841768178510339,9.296247132262181e-05,0.15500870899999963
SGPTL,4023,0.0016175499738115828,9.296247132262181e-05,0.15504624999999983
SGPTL,4024,0.001504992139117478,9.296247132262181e-05,0.15508358399999977
SGPTL,4025,0.0015055896524025503,9.296247132262181e-05,0.1551224170000003
SGPTL,4026,0.0014973523472590067,9.296247132262181e-05,0.1551613749999996
SGPTL,4027,0.0015491535120724098,9.296247132262181e-05,0.15519625000000037
SGPTL,4028,0.001625196458986622,9.296247132262181e-05,0.15523299999999995
SGPTL,4029,0.0017167463982108444,9.296247132262181e-05,0.15527120900000035
SGPTL,4030,0.0017325513188459762,9.296247132262181e-05,0.15530833399999988
SGPTL,4031,0.0017481014905031955,9.296247132262181e-05,0.15534645900000044
SGPTL,4032,0.0017400563703366956,9.296247132262181e-05,0.1553844169999996
SGPTL,4033,0.0017017776391528017,9.296247132262181e-05,0.1554247919999998
SGPTL,4034,0.0015784771855806845,9.296247132262181e-05,0.1554620419999999
SGPTL,4035,0.0013953428231565645,9.296247132262181e-05,0.1555004999999996
SGPTL,4036,0.001220912919706496,9.296247132262181e-05,0.15553816700000045
SGPTL,4037,0.001127885525438188,9.296247132262181e-05,0.15557708399999992
SGPTL,4038,0.0011531156876620763,9.296247132262181e-05,0.15561399999999992
SGPTL,4039,0.0011414767262825087,9.296247132262181e-05,0.15564820899999976
SGPTL,4040,0.0011530068601266485,9.296247132262181e-05,0.15568450000000045
SGPTL,4041,0.0011965944057064082,9.296247132262181e-05,0.15572204199999984
SGPTL,4042,0.001317512817157418,9.296247132262181e-05,0.15575899999999976
SGPTL,4043,0.0014361950970229742,9.296247132262181e-05,0.15579524999999972
SGPTL,4044,0.0015475471166688237,9.296247132262181e-05,0.15583304200000025
SGPTL,4045,0.0015433176906616275,9.296247132262181e-05,0.15587041700000004
SGPTL,4046,0.0015439889616493119,9.296247132262181e-05,0.15590966700000042
SGPTL,4047,0.0015614223954183437,9.296247132262181e-05,0.15594808400000026
SGPTL,4048,0.0015747532183527646,9.296247132262181e-05,0.15598579200000007
SGPTL,4049,0.001586969522774151,9.296247132262181e-05,0.15602437500000033
SGPTL,4050,0.0015349421930483942,9.296247132262181e-05,0.15605929200000013
SGPTL,4051,0.0014269809827904822,9.296247132262181e-05,0.15609783399999966
SGPTL,4052,0.0013054175594726658,9.296247132262181e-05,0.156136375
SGPTL,4053,0.0012552410734312236,9.296247132262181e-05,0.15617474999999992
SGPTL,4054,0.0011787285221476207,9.296247132262181e-05,0.15621162500000008
SGPTL,4055,0.0011394645537601278,9.296247132262181e-05,0.15624791699999996
SGPTL,4056,0.0011551159309424186,9.296247132262181e-05,0.15628874999999987
SGPTL,4057,0.0012156886443186465,9.296247132262181e-05,0.15632770900000015
SGPTL,4058,0.00126153814671226,9.296247132262181e-05,0.15636529200000027
SGPTL,4059,0.0012522456340515742,9.296247132262181e-05,0.15640308399999991
SGPTL,4060,0.001227089143603699,9.296247132262181e-05,0.15643974999999966
SGPTL,4061,0.001183737207741009,9.296247132262181e-05,0.15647599999999962
SGPTL,4062,0.001203708965167305,9.296247132262181e-05,0.1565140420000004
SGPTL,4063,0.00122421473400669,9.296247132262181e-05,0.15655633400000024
SGPTL,4064,0.0011996065186727911,9.296247132262181e-05,0.15659341699999985
SGPTL,4065,0.0011642919511225536,9.296247132262181e-05,0.15662979200000038
SGPTL,4066,0.001135766487575962,9.296247132262181e-05,0.1566677089999997
SGPTL,4067,0.0010781895693972032,9.296247132262181e-05,0.15670483400000013
SGPTL,4068,0.0010391380292751329,9.296247132262181e-05,0.15674254199999993
SGPTL,4069,0.0011240275480075557,9.296247132262181e-05,0.1568040420000001
SGPTL,4070,0.0013135895634419636,9.296247132262181e-05,0.15684191700000039
SGPTL,4071,0.0014655716345042258,9.296247132262181e-05,0.1568796670000001
SGPTL,4072,0.0014135473354803807,9.296247132262181e-05,0.15691695900000013
SGPTL,4073,0.0014402304337748362,9.296247132262181e-05,0.15695316700000017
SGPTL,4074,0.0015336212808017002,9.296247132262181e-05,0.15699120900000008
SGPTL,4075,0.0013448204128172492,9.296247132262181e-05,0.15702812500000007
SGPTL,4076,0.0013138576654607714,9.296247132262181e-05,0.1570646670000002
SGPTL,4077,0.001222304574472588,9.296247132262181e-05,0.15710254199999962
SGPTL,4078,0.0011535048147315319,9.296247132262181e-05,0.1571394589999997
SGPTL,4079,0.0011612256391675402,9.296247132262181e-05,0.157175917
SGPTL,4080,0.0011810444165807343,9.296247132262181e-05,0.15721391699999998
SGPTL,4081,0.0012457865596151585,9.296247132262181e-05,0.15725049999999996
SGPTL,4082,0.001259083688291085,9.296247132262181e-05,0.15728804200000024
SGPTL,4083,0.0012397936813448585,9.296247132262181e-05,0.15732766699999967
SGPTL,4084,0.001221919205867339,9.296247132262181e-05,0.1573666669999998
SGPTL,4085,0.001233905002431257,9.296247132262181e-05,0.15740337500000035
SGPTL,4086,0.0012552522568078928,9.296247132262181e-05,0.15744108400000023
SGPTL,4087,0.0012624939393393042,9.296247132262181e-05,0.1574777919999999
SGPTL,4088,0.0011792394249423577,9.296247132262181e-05,0.1575142920000001
SGPTL,4089,0.0011337365904591223,9.296247132262181e-05,0.15755220900000033
SGPTL,4090,0.0010671306147727044,9.296247132262181e-05,0.15758887500000007
SGPTL,4091,0.0011018633268049527,9.296247132262181e-05,0.1576255419999999
SGPTL,4092,0.0011778888286282374,9.296247132262181e-05,0.1576635839999998
SGPTL,4093,0.0011572477047292473,9.296247132262181e-05,0.15770041700000004
SGPTL,4094,0.0011448365112611825,9.296247132262181e-05,0.1577391669999999
SGPTL,4095,0.0011853144600466603,9.296247132262181e-05,0.1577770420000002
SGPTL,4096,0.0011937964863681927,9.296247132262181e-05,0.15781608400000025
SGPTL,4097,0.0011429164113982981,9.296247132262181e-05,0.1578549589999998
SGPTL,4098,0.0011530225306983777,9.296247132262181e-05,0.15789399999999976
SGPTL,4099,0.0012255486721999276,9.296247132262181e-05,0.15793108400000033
SGPTL,4100,0.00116281144287389,9.296247132262181e-05,0.1579676670000003
SGPTL,4101,0.0011050285417217864,9.296247132262181e-05,0.15800541700000004
SGPTL,4102,0.0010720457224675517,9.296247132262181e-05,0.15804254200000045
SGPTL,4103,0.0010889230585482412,9.296247132262181e-05,0.15808008399999984
SGPTL,4104,0.0011144273650927072,9.296247132262181e-05,0.15811762500000004
SGPTL,4105,0.0011182863702066115,9.296247132262181e-05,0.15815391699999992
SGPTL,4106,0.001116776865536906,9.296247132262181e-05,0.15819062500000047
SGPTL,4107,0.0010524987664934926,9.296247132262181e-05,0.1582285419999998
SGPTL,4108,0.0009861976827287844,9.296247132262181e-05,0.15826529200000028
SGPTL,4109,0.0009836227657267216,9.296247132262181e-05,0.15830170899999985
SGPTL,4110,0.0010673908022680312,9.296247132262181e-05,0.1583397919999996
SGPTL,4111,0.0010631156423448473,9.296247132262181e-05,0.15837654200000006
SGPTL,4112,0.0009876787196363424,9.296247132262181e-05,0.15841295899999963
SGPTL,4113,0.0009263521541515995,9.296247132262181e-05,0.1584506250000004
SGPTL,4114,0.0009082836818836704,9.296247132262181e-05,0.15848766700000017
SGPTL,4115,0.0009264814529856835,9.296247132262181e-05,0.1585242090000003
SGPTL,4116,0.0009737514631580346,9.296247132262181e-05,0.1585622090000003
SGPTL,4117,0.0009662685547278116,9.296247132262181e-05,0.1585991670000002
SGPTL,4118,0.0010165577705816276,9.296247132262181e-05,0.15863524999999967
SGPTL,4119,0.0011601201536688421,9.296247132262181e-05,0.15867312499999997
SGPTL,4120,0.0012245503868419938,9.296247132262181e-05,0.1587096250000002
SGPTL,4121,0.0012088800742409145,9.296247132262181e-05,0.15874604199999975
SGPTL,4122,0.0010998523150880235,9.296247132262181e-05,0.1587832090000001
SGPTL,4123,0.0010471931924092015,9.296247132262181e-05,0.15882024999999977
SGPTL,4124,0.0010473224825153782,9.296247132262181e-05,0.15885724999999962
SGPTL,4125,0.000998149546297622,9.296247132262181e-05,0.15889566700000035
SGPTL,4126,0.0010201770481108596,9.296247132262181e-05,0.15893333400000031
SGPTL,4127,0.0010463567812473151,9.296247132262181e-05,0.15897129200000037
SGPTL,4128,0.0010388386139041916,9.296247132262181e-05,0.15900900000000018
SGPTL,4129,0.0010102748659563954,9.296247132262181e-05,0.15904537499999982
SGPTL,4130,0.0009936336274574131,9.296247132262181e-05,0.15908191699999996
SGPTL,4131,0.0010138027403334693,9.296247132262181e-05,0.15911995899999987
SGPTL,4132,0.0010614154478254534,9.296247132262181e-05,0.1591566249999996
SGPTL,4133,0.0010397428131367903,9.296247132262181e-05,0.15919316699999975
SGPTL,4134,0.0010359790781575562,9.296247132262181e-05,0.15923087500000044
SGPTL,4135,0.0010263322866495006,9.296247132262181e-05,0.15926770899999987
SGPTL,4136,0.0009880109207975885,9.296247132262181e-05,0.15930616700000044
SGPTL,4137,0.0010419244144808104,9.296247132262181e-05,0.1593454999999997
SGPTL,4138,0.0010779856799487675,9.296247132262181e-05,0.15938316699999966
SGPTL,4139,0.0010470124260575364,9.296247132262181e-05,0.15942674999999973
SGPTL,4140,0.0010159809063421399,9.296247132262181e-05,0.15947158400000028
SGPTL,4141,0.0010382581685000059,9.296247132262181e-05,0.15950966700000002
SGPTL,4142,0.0009575685593383731,9.296247132262181e-05,0.1595487499999999
SGPTL,4143,0.0009595867206786401,9.296247132262181e-05,0.15958487500000018
SGPTL,4144,0.0010234084119857823,9.296247132262181e-05,0.15962287500000016
SGPTL,4145,0.0011124955977797057,9.296247132262181e-05,0.15965979200000024
SGPTL,4146,0.001087130211405718,9.296247132262181e-05,0.15969637500000022
SGPTL,4147,0.0011299923516592258,9.296247132262181e-05,0.15973412499999995
SGPTL,4148,0.0011037256466104317,9.296247132262181e-05,0.15977091700000035
SGPTL,4149,0.0010642796466477922,9.296247132262181e-05,0.159807292
SGPTL,4150,0.0010818851997869139,9.296247132262181e-05,0.15984525000000005
SGPTL,4151,0.001098071354536767,9.296247132262181e-05,0.15988199999999964
SGPTL,4152,0.0010869565695088568,9.296247132262181e-05,0.159918459
SGPTL,4153,0.0010375766703925038,9.296247132262181e-05,0.15995625000000047
SGPTL,4154,0.0009567989343781669,9.296247132262181e-05,0.1599927499999998
SGPTL,4155,0.000988806213272131,9.296247132262181e-05,0.16003083399999962
SGPTL,4156,0.000963089112724802,9.296247132262181e-05,0.16006870899999992
SGPTL,4157,0.0010141232871516692,9.296247132262181e-05,0.16010625000000012
SGPTL,4158,0.001025943671709495,9.296247132262181e-05,0.16014483400000046
SGPTL,4159,0.0009730544297537058,9.296247132262181e-05,0.16018329200000014
SGPTL,4160,0.0009825680912420864,9.296247132262181e-05,0.1602213749999999
SGPTL,4161,0.0010089197811555817,9.296247132262181e-05,0.16025775000000042
SGPTL,4162,0.0009468725116184018,9.296247132262181e-05,0.1602965420000002
SGPTL,4163,0.0009383488188103861,9.296247132262181e-05,0.16033574999999978
SGPTL,4164,0.0009764146826229947,9.296247132262181e-05,0.16037270899999978
SGPTL,4165,0.0009618602095107232,9.296247132262181e-05,0.16040929199999976
SGPTL,4166,0.0009815386522891156,9.296247132262181e-05,0.16044720899999998
SGPTL,4167,0.0010291631170438187,9.296247132262181e-05,0.1604840000000003
SGPTL,4168,0.0010809749347062692,9.296247132262181e-05,0.16052012499999968
SGPTL,4169,0.0011048041965695532,9.296247132262181e-05,0.1605580419999999
SGPTL,4170,0.0011181219217410998,9.296247132262181e-05,0.1605946669999998
SGPTL,4171,0.0010817330978296624,9.296247132262181e-05,0.16063124999999978
SGPTL,4172,0.0010164961169603082,9.296247132262181e-05,0.160669167
SGPTL,4173,0.0010130473530272077,9.296247132262181e-05,0.16070591700000048
SGPTL,4174,0.001004346415101498,9.296247132262181e-05,0.16074454199999977
SGPTL,4175,0.0009562478032134614,9.296247132262181e-05,0.16078241700000007
SGPTL,4176,0.0009695343358038233,9.296247132262181e-05,0.16081991700000042
SGPTL,4177,0.0009922005805429457,9.296247132262181e-05,0.1608569590000002
SGPTL,4178,0.0010569679980774183,9.296247132262181e-05,0.16089333399999983
SGPTL,4179,0.001028966191295888,9.296247132262181e-05,0.16093154200000015
SGPTL,4180,0.0010360941752356467,9.296247132262181e-05,0.16096845900000023
SGPTL,4181,0.0010327075536946673,9.296247132262181e-05,0.1610050420000002
SGPTL,4182,0.0010098030039924488,9.296247132262181e-05,0.16104295900000043
SGPTL,4183,0.0010009139985718285,9.296247132262181e-05,0.16107962500000017
SGPTL,4184,0.0009705681379568176,9.296247132262181e-05,0.1611161250000004
SGPTL,4185,0.0009839778009705924,9.296247132262181e-05,0.1611538750000001
SGPTL,4186,0.0009378827733297346,9.296247132262181e-05,0.1611907920000002
SGPTL,4187,0.0009749017722395781,9.296247132262181e-05,0.16122791699999972
SGPTL,4188,0.0009825409827106668,9.296247132262181e-05,0.16126633400000046
SGPTL,4189,0.0010255820537543592,9.296247132262181e-05,0.1613086250000002
SGPTL,4190,0.0009867714913487369,9.296247132262181e-05,0.16134566699999997
SGPTL,4191,0.0010258428041662881,9.296247132262181e-05,0.16138287500000015
SGPTL,4192,0.0009845372550201237,9.296247132262181e-05,0.1614205420000001
SGPTL,4193,0.0009962577178042054,9.296247132262181e-05,0.16145724999999977
SGPTL,4194,0.0010064774155835732,9.296247132262181e-05,0.16150741700000015
SGPTL,4195,0.00098481254599192,9.296247132262181e-05,0.1615518749999998
SGPTL,4196,0.0010473170638971574,9.296247132262181e-05,0.16158825000000032
SGPTL,4197,0.0010709559040036343,9.296247132262181e-05,0.1616262500000003
SGPTL,4198,0.001115945560346443,9.296247132262181e-05,0.16166325000000015
SGPTL,4199,0.001165476798609344,9.296247132262181e-05,0.16170108399999972
SGPTL,4200,0.0010307229046011557,9.296247132262181e-05,0.16173887500000017
SGPTL,4201,0.0009169880713519873,9.296247132262181e-05,0.16177550000000007
SGPTL,4202,0.0009558222774945779,9.296247132262181e-05,0.16181212499999997
SGPTL,4203,0.0009392176610325542,9.296247132262181e-05,0.16184991699999962
SGPTL,4204,0.0009047732202058789,9.296247132262181e-05,0.1618865420000004
SGPTL,4205,0.0009111662976173385,9.296247132262181e-05,0.16192299999999982
SGPTL,4206,0.0009077470021101597,9.296247132262181e-05,0.16196087500000012
SGPTL,4207,0.0009180711854908097,9.296247132262181e-05,0.1619995000000003
SGPTL,4208,0.0009829502142411073,9.296247132262181e-05,0.16203699999999976
SGPTL,4209,0.001071606978741313,9.296247132262181e-05,0.1620746249999998
SGPTL,4210,0.0011341262373159022,9.296247132262181e-05,0.16211916700000017
SGPTL,4211,0.0011467599156285146,9.296247132262181e-05,0.16215712500000024
SGPTL,4212,0.0011661805586689056,9.296247132262181e-05,0.16219358399999972
SGPTL,4213,0.001140904989869851,9.296247132262181e-05,0.16223162500000043
SGPTL,4214,0.00101711099852686,9.296247132262181e-05,0.16226829200000026
SGPTL,4215,0.0009344920950264957,9.296247132262181e-05,0.16230474999999966
SGPTL,4216,0.0009309834481836532,9.296247132262181e-05,0.16234274999999965
SGPTL,4217,0.0009719810471722212,9.296247132262181e-05,0.16237970899999965
SGPTL,4218,0.000931785755922121,9.296247132262181e-05,0.16241604200000026
SGPTL,4219,0.0009524302689878361,9.296247132262181e-05,0.16245370900000022
SGPTL,4220,0.000961922521409253,9.296247132262181e-05,0.16249079199999983
SGPTL,4221,0.0011021483948518984,9.296247132262181e-05,0.16252729200000005
SGPTL,4222,0.00129033901471165,9.296247132262181e-05,0.1625653749999998
SGPTL,4223,0.0012134688598313126,9.296247132262181e-05,0.16260191699999993
SGPTL,4224,0.0011720593986137562,9.296247132262181e-05,0.16263824999999965
SGPTL,4225,0.0012297912946415135,9.296247132262181e-05,0.16267633400000037
SGPTL,4226,0.001279193263483247,9.296247132262181e-05,0.16271337500000005
SGPTL,4227,0.0011566993867682118,9.296247132262181e-05,0.1627524170000001
SGPTL,4228,0.0010647364345874877,9.296247132262181e-05,0.16278995900000037
SGPTL,4229,0.0009683878353301534,9.296247132262181e-05,0.16282870900000024
SGPTL,4230,0.0009524422733979687,9.296247132262181e-05,0.16286741700000018
SGPTL,4231,0.0010150812953133581,9.296247132262181e-05,0.1629059589999997
SGPTL,4232,0.0011640739399454425,9.296247132262181e-05,0.16294450000000005
SGPTL,4233,0.0012198362826592035,9.296247132262181e-05,0.16298287499999997
SGPTL,4234,0.0012239609404782748,9.296247132262181e-05,0.16302133399999974
SGPTL,4235,0.0010993245640258387,9.296247132262181e-05,0.163059917
SGPTL,4236,0.0011324111971251494,9.296247132262181e-05,0.1630992090000003
SGPTL,4237,0.001100777538073805,9.296247132262181e-05,0.16313620900000014
SGPTL,4238,0.0011357250077479453,9.296247132262181e-05,0.1631724590000001
SGPTL,4239,0.0011732370676398318,9.296247132262181e-05,0.16321045900000009
SGPTL,4240,0.0011040812343467987,9.296247132262181e-05,0.16324795900000044
SGPTL,4241,0.0010814428222556405,9.296247132262181e-05,0.1632844999999996
SGPTL,4242,0.0010682636596999195,9.296247132262181e-05,0.16332979199999986
SGPTL,4243,0.0010892265652160393,9.296247132262181e-05,0.1633682089999997
SGPTL,4244,0.0010251327933818999,9.296247132262181e-05,0.16340633400000026
SGPTL,4245,0.0010879026437931039,9.296247132262181e-05,0.1634436250000002
SGPTL,4246,0.0011539332255208201,9.296247132262181e-05,0.16348220899999966
SGPTL,4247,0.0011898722270862194,9.296247132262181e-05,0.16351962500000017
SGPTL,4248,0.0011654212647627116,9.296247132262181e-05,0.16355745899999974
SGPTL,4249,0.0011108884655983697,9.296247132262181e-05,0.16359429199999997
SGPTL,4250,0.0011080724646237439,9.296247132262181e-05,0.16363262499999998
SGPTL,4251,0.0010879605866374042,9.296247132262181e-05,0.16367012500000033
SGPTL,4252,0.0010448491002379434,9.296247132262181e-05,0.16370945899999967
SGPTL,4253,0.0010124053134932254,9.296247132262181e-05,0.16374670899999977
SGPTL,4254,0.0010640509646702156,9.296247132262181e-05,0.1637854169999997
SGPTL,4255,0.0010562511029648114,9.296247132262181e-05,0.1638225000000002
SGPTL,4256,0.0010437750151415237,9.296247132262181e-05,0.1638592919999997
SGPTL,4257,0.001080870469769124,9.296247132262181e-05,0.16389787499999997
SGPTL,4258,0.0011170497829580128,9.296247132262181e-05,0.1639353339999996
SGPTL,4259,0.001093529257047976,9.296247132262181e-05,0.16397200000000023
SGPTL,4260,0.001178088472504335,9.296247132262181e-05,0.16400941699999994
SGPTL,4261,0.0012754571135382697,9.296247132262181e-05,0.16404745899999984
SGPTL,4262,0.0011773177833183102,9.296247132262181e-05,0.16408708400000016
SGPTL,4263,0.0011389051604606681,9.296247132262181e-05,0.16412479199999996
SGPTL,4264,0.0011476030542061366,9.296247132262181e-05,0.16416441700000028
SGPTL,4265,0.0011298881190942023,9.296247132262181e-05,0.16420187499999983
SGPTL,4266,0.001049922228501643,9.296247132262181e-05,0.16423858400000046
SGPTL,4267,0.0010040726459084048,9.296247132262181e-05,0.16427704200000015
SGPTL,4268,0.0010372435242724798,9.296247132262181e-05,0.16431425000000033
SGPTL,4269,0.0010714042964612425,9.296247132262181e-05,0.16435087500000023
SGPTL,4270,0.0009772117207564879,9.296247132262181e-05,0.16438895900000006
SGPTL,4271,0.0009510687693501385,9.296247132262181e-05,0.16442575000000037
SGPTL,4272,0.0009696499534688208,9.296247132262181e-05,0.1644636669999997
SGPTL,4273,0.000913230004440102,9.296247132262181e-05,0.16450175000000034
SGPTL,4274,0.0008975164102349442,9.296247132262181e-05,0.16453866700000042
SGPTL,4275,0.0009480373069137293,9.296247132262181e-05,0.16457537500000008
SGPTL,4276,0.0008684363552740049,9.296247132262181e-05,0.16461366700000024
SGPTL,4277,0.0008749314613423209,9.296247132262181e-05,0.16465058400000032
SGPTL,4278,0.0009756388611958933,9.296247132262181e-05,0.16468741699999967
SGPTL,4279,0.001036391385131008,9.296247132262181e-05,0.1647278339999998
SGPTL,4280,0.00104931425944077,9.296247132262181e-05,0.16476745900000012
SGPTL,4281,0.0010030566930832041,9.296247132262181e-05,0.16480412499999986
SGPTL,4282,0.001045008766813682,9.296247132262181e-05,0.16484258399999963
SGPTL,4283,0.0010479542195365177,9.296247132262181e-05,0.1648802500000004
SGPTL,4284,0.0011001738153721963,9.296247132262181e-05,0.1649181249999998
SGPTL,4285,0.0011014415573682435,9.296247132262181e-05,0.16495729200000042
SGPTL,4286,0.0010914062745857045,9.296247132262181e-05,0.16499458400000044
SGPTL,4287,0.001087403949306509,9.296247132262181e-05,0.16503274999999995
SGPTL,4288,0.0010793881145516604,9.296247132262181e-05,0.1650700839999999
SGPTL,4289,0.0010612223061605697,9.296247132262181e-05,0.1651065840000001
SGPTL,4290,0.0009924328213779532,9.296247132262181e-05,0.1651448750000002
SGPTL,4291,0.0009267332946782947,9.296247132262181e-05,0.16518195899999988
SGPTL,4292,0.0009106213556475673,9.296247132262181e-05,0.1652201670000002
SGPTL,4293,0.0009544278604316503,9.296247132262181e-05,0.16525966699999994
SGPTL,4294,0.0009409228008054882,9.296247132262181e-05,0.1652974589999996
SGPTL,4295,0.001012591839128607,9.296247132262181e-05,0.16533508399999963
SGPTL,4296,0.001031703267405426,9.296247132262181e-05,0.16537158399999985
SGPTL,4297,0.001105643088723074,9.296247132262181e-05,0.1654098340000001
SGPTL,4298,0.0011247498952857704,9.296247132262181e-05,0.16544737500000029
SGPTL,4299,0.0010943774814595741,9.296247132262181e-05,0.1654849589999996
SGPTL,4300,0.0011269778659943608,9.296247132262181e-05,0.16552170900000007
SGPTL,4301,0.0011812293130990525,9.296247132262181e-05,0.1655597499999999
SGPTL,4302,0.001107080386574033,9.296247132262181e-05,0.16559875000000002
SGPTL,4303,0.0010625534563493133,9.296247132262181e-05,0.16563462500000004
SGPTL,4304,0.0009761508375678574,9.296247132262181e-05,0.1656712090000001
SGPTL,4305,0.0009334468423474185,9.296247132262181e-05,0.16570933399999976
SGPTL,4306,0.0008848638022096456,9.296247132262181e-05,0.16574716700000014
SGPTL,4307,0.0008792447522207869,9.296247132262181e-05,0.1657869999999999
SGPTL,4308,0.0009301876659626451,9.296247132262181e-05,0.16582479200000044
SGPTL,4309,0.0010010471568582258,9.296247132262181e-05,0.16586387500000033
SGPTL,4310,0.0009474833002838245,9.296247132262181e-05,0.16590095900000001
SGPTL,4311,0.000993030128411343,9.296247132262181e-05,0.1659398750000003
SGPTL,4312,0.0009393480056636427,9.296247132262181e-05,0.16597908399999994
SGPTL,4313,0.000995942140311401,9.296247132262181e-05,0.1660162500000002
SGPTL,4314,0.0010554138014455816,9.296247132262181e-05,0.1660544169999998
SGPTL,4315,0.0010406778705940312,9.296247132262181e-05,0.1660974590000004
SGPTL,4316,0.0011019067206121669,9.296247132262181e-05,0.16613487500000002
SGPTL,4317,0.0011231148358166188,9.296247132262181e-05,0.16617279200000024
SGPTL,4318,0.0010471262654156988,9.296247132262181e-05,0.16621083400000014
SGPTL,4319,0.001064084091055184,9.296247132262181e-05,0.16624841700000026
SGPTL,4320,0.0009770925335583769,9.296247132262181e-05,0.1662880419999997
SGPTL,4321,0.0009365398457039653,9.296247132262181e-05,0.1663256249999998
SGPTL,4322,0.0009622968457478898,9.296247132262181e-05,0.1663622499999997
SGPTL,4323,0.0010304145339545823,9.296247132262181e-05,0.16640054199999987
SGPTL,4324,0.000998116519480341,9.296247132262181e-05,0.16643758399999964
SGPTL,4325,0.0010014601685004454,9.296247132262181e-05,0.16647425000000027
SGPTL,4326,0.0009376605219473255,9.296247132262181e-05,0.16651254200000043
SGPTL,4327,0.0009046846612092985,9.296247132262181e-05,0.16654979199999964
SGPTL,4328,0.0009087922865302911,9.296247132262181e-05,0.16658637499999962
SGPTL,4329,0.0009906426544947777,9.296247132262181e-05,0.16662445900000034
SGPTL,4330,0.0010682198915210606,9.296247132262181e-05,0.16666183400000012
SGPTL,4331,0.0010553921728555515,9.296247132262181e-05,0.16669999999999963
SGPTL,4332,0.0011537352972785797,9.296247132262181e-05,0.16673824999999987
SGPTL,4333,0.0010353149411646,9.296247132262181e-05,0.1667765000000001
SGPTL,4334,0.0010396423958831669,9.296247132262181e-05,0.16681370900000037
SGPTL,4335,0.0010661193589824869,9.296247132262181e-05,0.1668503750000001
SGPTL,4336,0.001096450250646308,9.296247132262181e-05,0.1668885419999997
SGPTL,4337,0.0010327966219016993,9.296247132262181e-05,0.16692570900000003
SGPTL,4338,0.001040906104610606,9.296247132262181e-05,0.16696250000000035
SGPTL,4339,0.0009977189953329635,9.296247132262181e-05,0.16700070899999986
SGPTL,4340,0.0008951610870346904,9.296247132262181e-05,0.16703779200000035
SGPTL,4341,0.0009332818949616684,9.296247132262181e-05,0.16707550000000015
SGPTL,4342,0.0009001452579440183,9.296247132262181e-05,0.16711383400000024
SGPTL,4343,0.0009558004307193002,9.296247132262181e-05,0.16715087499999992
SGPTL,4344,0.000992553018676512,9.296247132262181e-05,0.16718808400000018
SGPTL,4345,0.0010120976577669971,9.296247132262181e-05,0.16722670900000036
SGPTL,4346,0.0010846700782982666,9.296247132262181e-05,0.16726487499999987
SGPTL,4347,0.0011135303094098603,9.296247132262181e-05,0.16730412500000025
SGPTL,4348,0.0010946343221127641,9.296247132262181e-05,0.16734312500000037
SGPTL,4349,0.00111000330751998,9.296247132262181e-05,0.16738066699999976
SGPTL,4350,0.0010112989417851992,9.296247132262181e-05,0.16742050000000042
SGPTL,4351,0.0010265760968852788,9.296247132262181e-05,0.16745779200000044
SGPTL,4352,0.0010236025159278128,9.296247132262181e-05,0.16749533399999983
SGPTL,4353,0.0009923722313276429,9.296247132262181e-05,0.1675332919999999
SGPTL,4354,0.0009962558964904389,9.296247132262181e-05,0.16757033399999965
SGPTL,4355,0.0010328688001846054,9.296247132262181e-05,0.16760808400000027
SGPTL,4356,0.0010177487059022106,9.296247132262181e-05,0.167646167
SGPTL,4357,0.0010298632761536197,9.296247132262181e-05,0.16768379200000005
SGPTL,4358,0.0009621759982407774,9.296247132262181e-05,0.16772137500000017
SGPTL,4359,0.0010070159062842698,9.296247132262181e-05,0.16775887499999964
SGPTL,4360,0.0010984523598254192,9.296247132262181e-05,0.16779800000000034
SGPTL,4361,0.0010802501855204927,9.296247132262181e-05,0.16783470900000008
SGPTL,4362,0.001061482412232806,9.296247132262181e-05,0.1678729170000004
SGPTL,4363,0.0009860018781446822,9.296247132262181e-05,0.16790987500000032
SGPTL,4364,0.0009784609420115942,9.296247132262181e-05,0.16794812499999967
SGPTL,4365,0.000956139272818568,9.296247132262181e-05,0.16798545899999962
SGPTL,4366,0.0009646600214507917,9.296247132262181e-05,0.16802233399999977
SGPTL,4367,0.0010750413439453155,9.296247132262181e-05,0.1680603749999996
SGPTL,4368,0.0011695046707684842,9.296247132262181e-05,0.1680992090000002
SGPTL,4369,0.001194963110012548,9.296247132262181e-05,0.16813666699999974
SGPTL,4370,0.0012545257994216463,9.296247132262181e-05,0.1681749589999999
SGPTL,4371,0.0011890671440279998,9.296247132262181e-05,0.16821212500000016
SGPTL,4372,0.0012122010247670456,9.296247132262181e-05,0.16824887499999974
SGPTL,4373,0.0012143025471527125,9.296247132262181e-05,0.16828708400000014
SGPTL,4374,0.0010751203847696456,9.296247132262181e-05,0.16832420899999967
SGPTL,4375,0.0011188329459885793,9.296247132262181e-05,0.1683612090000004
SGPTL,4376,0.001189382436149966,9.296247132262181e-05,0.16839916700000046
SGPTL,4377,0.00120127290852734,9.296247132262181e-05,0.16843604199999973
SGPTL,4378,0.0011861319043184881,9.296247132262181e-05,0.16847287499999997
SGPTL,4379,0.0011751490165192724,9.296247132262181e-05,0.1685111250000002
SGPTL,4380,0.0012004933121019246,9.296247132262181e-05,0.1685483750000003
SGPTL,4381,0.0011190786838979339,9.296247132262181e-05,0.16858504200000013
SGPTL,4382,0.0011732853180783653,9.296247132262181e-05,0.1686233340000003
SGPTL,4383,0.001131716334307864,9.296247132262181e-05,0.16866049999999966
SGPTL,4384,0.0010451528090600348,9.296247132262181e-05,0.1686981249999997
SGPTL,4385,0.0010267046869869567,9.296247132262181e-05,0.16873629200000018
SGPTL,4386,0.000985125306302903,9.296247132262181e-05,0.16877366699999996
SGPTL,4387,0.0009614824643986442,9.296247132262181e-05,0.16881041700000043
SGPTL,4388,0.0009358994392796305,9.296247132262181e-05,0.16884858400000002
SGPTL,4389,0.0009523135869740074,9.296247132262181e-05,0.16888541700000026
SGPTL,4390,0.0010192962911941272,9.296247132262181e-05,0.16892204200000016
SGPTL,4391,0.0011173763430600836,9.296247132262181e-05,0.16895995900000038
SGPTL,4392,0.0012904339627799466,9.296247132262181e-05,0.16899687500000038
SGPTL,4393,0.0012714949977705725,9.296247132262181e-05,0.1690335420000002
SGPTL,4394,0.0013158006685367596,9.296247132262181e-05,0.16907174999999963
SGPTL,4395,0.0012998817353035985,9.296247132262181e-05,0.16910845900000027
SGPTL,4396,0.0011527062944121091,9.296247132262181e-05,0.1691472919999999
SGPTL,4397,0.0011051350455357767,9.296247132262181e-05,0.16918620900000025
SGPTL,4398,0.0011364703943663734,9.296247132262181e-05,0.16922512499999964
SGPTL,4399,0.001042469894787068,9.296247132262181e-05,0.16926379199999975
SGPTL,4400,0.0010215205987984532,9.296247132262181e-05,0.16930225000000032
SGPTL,4401,0.000995825532359662,9.296247132262181e-05,0.1693438340000002
SGPTL,4402,0.0010349449078841388,9.296247132262181e-05,0.16938275000000047
SGPTL,4403,0.0011632866134678732,9.296247132262181e-05,0.16942141699999969
SGPTL,4404,0.0011722081989427036,9.296247132262181e-05,0.16945991700000018
SGPTL,4405,0.0010781397230155143,9.296247132262181e-05,0.16949675000000042
SGPTL,4406,0.00102983694515979,9.296247132262181e-05,0.1695357089999998
SGPTL,4407,0.000990589939091624,9.296247132262181e-05,0.16957491700000027
SGPTL,4408,0.0010101185710089666,9.296247132262181e-05,0.169612667
SGPTL,4409,0.0010608923811936677,9.296247132262181e-05,0.169652417
SGPTL,4410,0.0011543227786834365,9.296247132262181e-05,0.16968970900000002
SGPTL,4411,0.0011110180479618759,9.296247132262181e-05,0.16972641699999969
SGPTL,4412,0.0010110852579958696,9.296247132262181e-05,0.1697647919999996
SGPTL,4413,0.0008905899289461949,9.296247132262181e-05,0.1698018750000001
SGPTL,4414,0.000834562841574682,9.296247132262181e-05,0.16983887499999994
SGPTL,4415,0.0008806209513996244,9.296247132262181e-05,0.1698769999999996
SGPTL,4416,0.0009064348884451068,9.296247132262181e-05,0.1699142499999997
SGPTL,4417,0.0008174839581716054,9.296247132262181e-05,0.1699522499999997
SGPTL,4418,0.0008239262115985468,9.296247132262181e-05,0.1699904590000001
SGPTL,4419,0.0008579102900270197,9.296247132262181e-05,0.1700283340000004
SGPTL,4420,0.0009333644354849735,9.296247132262181e-05,0.17006758399999988
SGPTL,4421,0.0010287570567273363,9.296247132262181e-05,0.17010504200000032
SGPTL,4422,0.001024373886373553,9.296247132262181e-05,0.17014462499999983
SGPTL,4423,0.0009812302339207157,9.296247132262181e-05,0.17018179200000016
SGPTL,4424,0.0009264180803298938,9.296247132262181e-05,0.1702189169999997
SGPTL,4425,0.0009257526041546171,9.296247132262181e-05,0.1702577500000002
SGPTL,4426,0.0008871930292502217,9.296247132262181e-05,0.17029504200000023
SGPTL,4427,0.0008656163321338894,9.296247132262181e-05,0.1703317499999999
SGPTL,4428,0.0008550070018045197,9.296247132262181e-05,0.17036987500000045
SGPTL,4429,0.0008876638358281674,9.296247132262181e-05,0.17040699999999998
SGPTL,4430,0.000899526036166387,9.296247132262181e-05,0.17044375000000045
SGPTL,4431,0.0008331647791628427,9.296247132262181e-05,0.17048162499999986
SGPTL,4432,0.0008323990408349857,9.296247132262181e-05,0.17051870900000043
SGPTL,4433,0.0008684786113448695,9.296247132262181e-05,0.17055533400000034
SGPTL,4434,0.0008422988091281169,9.296247132262181e-05,0.17059349999999984
SGPTL,4435,0.0008931493712380778,9.296247132262181e-05,0.1706307090000001
SGPTL,4436,0.0009363737984457998,9.296247132262181e-05,0.17066991699999967
SGPTL,4437,0.0009170774784792446,9.296247132262181e-05,0.17070712499999985
SGPTL,4438,0.0009669944075314518,9.296247132262181e-05,0.17074545899999993
SGPTL,4439,0.0009768883458238786,9.296247132262181e-05,0.17078258400000035
SGPTL,4440,0.0010645174502665888,9.296247132262181e-05,0.17081920900000025
SGPTL,4441,0.0010844369729263725,9.296247132262181e-05,0.17085991700000047
SGPTL,4442,0.000988407198725172,9.296247132262181e-05,0.1709002919999998
SGPTL,4443,0.0009660486925762157,9.296247132262181e-05,0.1709378749999999
SGPTL,4444,0.0010241458172359774,9.296247132262181e-05,0.17097704199999963
SGPTL,4445,0.0009925045480942973,9.296247132262181e-05,0.1710169170000002
SGPTL,4446,0.0009982898327989265,9.296247132262181e-05,0.17105420900000023
SGPTL,4447,0.0010421892488046147,9.296247132262181e-05,0.17109741700000036
SGPTL,4448,0.0010663347204069584,9.296247132262181e-05,0.1711437499999997
SGPTL,4449,0.0011429452081801461,9.296247132262181e-05,0.17118912499999972
SGPTL,4450,0.0011238808115812127,9.296247132262181e-05,0.17122875000000004
SGPTL,4451,0.001173295283911635,9.296247132262181e-05,0.17126612499999982
SGPTL,4452,0.0011019140562220642,9.296247132262181e-05,0.17130391700000036
SGPTL,4453,0.001076055097650075,9.296247132262181e-05,0.17134349999999987
SGPTL,4454,0.0010051432070932176,9.296247132262181e-05,0.17138104200000015
SGPTL,4455,0.001040858395430888,9.296247132262181e-05,0.17141762500000013
SGPTL,4456,0.0010264615834632007,9.296247132262181e-05,0.1714556250000001
SGPTL,4457,0.0010942184278026623,9.296247132262181e-05,0.17149262499999995
SGPTL,4458,0.001218998731542964,9.296247132262181e-05,0.17152924999999986
SGPTL,4459,0.0011677483718042225,9.296247132262181e-05,0.17156716700000008
SGPTL,4460,0.0011750668596643976,9.296247132262181e-05,0.17160379199999998
SGPTL,4461,0.0011825312566198232,9.296247132262181e-05,0.17164033400000012
SGPTL,4462,0.0012017210882744322,9.296247132262181e-05,0.17167841699999986
SGPTL,4463,0.0011627992532203812,9.296247132262181e-05,0.1717151250000004
SGPTL,4464,0.0011678502405150226,9.296247132262181e-05,0.17175166699999966
SGPTL,4465,0.0010492187659045804,9.296247132262181e-05,0.17178920899999994
SGPTL,4466,0.0010305025058681139,9.296247132262181e-05,0.17182620899999979
SGPTL,4467,0.0010145108609105336,9.296247132262181e-05,0.17186274999999984
SGPTL,4468,0.0010550912884199626,9.296247132262181e-05,0.17190062500000014
SGPTL,4469,0.00111376828387999,9.296247132262181e-05,0.17193770899999983
SGPTL,4470,0.001132077621733174,9.296247132262181e-05,0.17197437500000046
SGPTL,4471,0.001186041974409635,9.296247132262181e-05,0.1720121670000001
SGPTL,4472,0.0012585086196215123,9.296247132262181e-05,0.1720492499999997
SGPTL,4473,0.0012631966591167831,9.296247132262181e-05,0.17208600000000018
SGPTL,4474,0.0011377543418573666,9.296247132262181e-05,0.1721240420000001
SGPTL,4475,0.0010920887451755235,9.296247132262181e-05,0.172161
SGPTL,4476,0.0010910161574098076,9.296247132262181e-05,0.17219912499999968
SGPTL,4477,0.001131631475228989,9.296247132262181e-05,0.1722357920000004
SGPTL,4478,0.0010789773432657856,9.296247132262181e-05,0.17227358400000004
SGPTL,4479,0.0011333963047106543,9.296247132262181e-05,0.1723102919999997
SGPTL,4480,0.0010814407542378834,9.296247132262181e-05,0.17234683399999984
SGPTL,4481,0.0010642011839072651,9.296247132262181e-05,0.17238458400000045
SGPTL,4482,0.0012271261152740909,9.296247132262181e-05,0.1724212500000002
SGPTL,4483,0.001195568334393604,9.296247132262181e-05,0.17245762499999984
SGPTL,4484,0.0010949927349623856,9.296247132262181e-05,0.17249554200000006
SGPTL,4485,0.001062492759679845,9.296247132262181e-05,0.17253249999999998
SGPTL,4486,0.0009955888071822017,9.296247132262181e-05,0.17256891700000043
SGPTL,4487,0.000946449906228608,9.296247132262181e-05,0.17260695900000034
SGPTL,4488,0.0010315060288996758,9.296247132262181e-05,0.17264374999999976
SGPTL,4489,0.001132821149440355,9.296247132262181e-05,0.1726801250000003
SGPTL,4490,0.0011210172801801033,9.296247132262181e-05,0.17271808400000044
SGPTL,4491,0.001087174221373166,9.296247132262181e-05,0.17275483400000002
SGPTL,4492,0.0010656990264079624,9.296247132262181e-05,0.17279129200000032
SGPTL,4493,0.0010036908985222581,9.296247132262181e-05,0.17282925000000038
SGPTL,4494,0.0009448261956648274,9.296247132262181e-05,0.17286583400000044
SGPTL,4495,0.0009079291400870826,9.296247132262181e-05,0.17290404199999987
SGPTL,4496,0.0008919139546699206,9.296247132262181e-05,0.17294174999999967
SGPTL,4497,0.0008633064861913731,9.296247132262181e-05,0.17298037499999985
SGPTL,4498,0.0008681456849912728,9.296247132262181e-05,0.17301791700000013
SGPTL,4499,0.000894474685845914,9.296247132262181e-05,0.1730560419999998
SGPTL,4500,0.000896403177573557,9.296247132262181e-05,0.17309324999999998
SGPTL,4501,0.0009837415913502845,9.296247132262181e-05,0.17313062499999976
SGPTL,4502,0.0011190539263277177,9.296247132262181e-05,0.17316958400000004
SGPTL,4503,0.0010917749918140096,9.296247132262181e-05,0.17320841699999967
SGPTL,4504,0.0010553027010944405,9.296247132262181e-05,0.17324583400000027
SGPTL,4505,0.0010112927922796278,9.296247132262181e-05,0.17328383400000025
SGPTL,4506,0.0009712476742671505,9.296247132262181e-05,0.1733206669999996
SGPTL,4507,0.0009872002077200293,9.296247132262181e-05,0.17335708400000005
SGPTL,4508,0.0009585001109870817,9.296247132262181e-05,0.17339483399999978
SGPTL,4509,0.0009303691583371076,9.296247132262181e-05,0.1734316250000001
SGPTL,4510,0.0008992548238508924,9.296247132262181e-05,0.17346908399999972
SGPTL,4511,0.0008615756297400967,9.296247132262181e-05,0.1735067499999996
SGPTL,4512,0.0008493340129613891,9.296247132262181e-05,0.17354333399999966
SGPTL,4513,0.0008966925395239578,9.296247132262181e-05,0.17357979199999996
SGPTL,4514,0.0008620807063737246,9.296247132262181e-05,0.17361762500000033
SGPTL,4515,0.0009070343465977793,9.296247132262181e-05,0.17365395900000014
SGPTL,4516,0.0010023272084911383,9.296247132262181e-05,0.17369029199999986
SGPTL,4517,0.0010818022083860512,9.296247132262181e-05,0.17372799999999966
SGPTL,4518,0.001116923971676842,9.296247132262181e-05,0.1737647090000003
SGPTL,4519,0.0011453556650691255,9.296247132262181e-05,0.1738011669999997
SGPTL,4520,0.0010934228094907628,9.296247132262181e-05,0.17383891700000031
SGPTL,4521,0.0010925281428311173,9.296247132262181e-05,0.17387562499999998
SGPTL,4522,0.0010949219251183973,9.296247132262181e-05,0.17391387500000022
SGPTL,4523,0.0010717716169934555,9.296247132262181e-05,0.17395129199999992
SGPTL,4524,0.0010977174409918522,9.296247132262181e-05,0.17398762499999965
SGPTL,4525,0.0011369707697568288,9.296247132262181e-05,0.17402570900000036
SGPTL,4526,0.0011459797054378384,9.296247132262181e-05,0.1740625419999997
SGPTL,4527,0.0010806330046402302,9.296247132262181e-05,0.1740988339999996
SGPTL,4528,0.0010843535491316114,9.296247132262181e-05,0.1741367089999999
SGPTL,4529,0.0011204019137154297,9.296247132262181e-05,0.1741736249999999
SGPTL,4530,0.0012328234902208024,9.296247132262181e-05,0.17421008400000026
SGPTL,4531,0.001309309288261673,9.296247132262181e-05,0.174247834
SGPTL,4532,0.0011756225515551222,9.296247132262181e-05,0.1742841669999997
SGPTL,4533,0.0011278331080659676,9.296247132262181e-05,0.17432116700000044
SGPTL,4534,0.0011360177827315354,9.296247132262181e-05,0.17435904199999985
SGPTL,4535,0.0009903875440584464,9.296247132262181e-05,0.17439641699999964
SGPTL,4536,0.0008990220817826078,9.296247132262181e-05,0.17443287499999993
SGPTL,4537,0.0008902103697869812,9.296247132262181e-05,0.17447075000000023
SGPTL,4538,0.0008610524430170408,9.296247132262181e-05,0.17450749999999982
SGPTL,4539,0.0009295615198543494,9.296247132262181e-05,0.17454383399999962
SGPTL,4540,0.0009570035510406694,9.296247132262181e-05,0.17458158400000023
SGPTL,4541,0.0009913429660259876,9.296247132262181e-05,0.17461837499999966
SGPTL,4542,0.000995907509648175,9.296247132262181e-05,0.17465629199999988
SGPTL,4543,0.001007689638597098,9.296247132262181e-05,0.17469391699999992
SGPTL,4544,0.0010019748685523577,9.296247132262181e-05,0.17473041700000014
SGPTL,4545,0.0010204979691310623,9.296247132262181e-05,0.17476841700000012
SGPTL,4546,0.0010232680552784146,9.296247132262181e-05,0.1748065839999997
SGPTL,4547,0.0009483546751951621,9.296247132262181e-05,0.17484345899999987
SGPTL,4548,0.0009365250012134396,9.296247132262181e-05,0.1748804169999998
SGPTL,4549,0.0008777343707573326,9.296247132262181e-05,0.1749181249999996
SGPTL,4550,0.0008119428193005263,9.296247132262181e-05,0.17495487500000007
SGPTL,4551,0.0007959846822960248,9.296247132262181e-05,0.1749912499999997
SGPTL,4552,0.0008261099732516097,9.296247132262181e-05,0.17502900000000032
SGPTL,4553,0.0009432990215783033,9.296247132262181e-05,0.17506554200000046
SGPTL,4554,0.0009703747362033166,9.296247132262181e-05,0.17510337499999995
SGPTL,4555,0.0008932656971203379,9.296247132262181e-05,0.175141
SGPTL,4556,0.0008602544395501788,9.296247132262181e-05,0.17517808399999968
SGPTL,4557,0.0008787923798885267,9.296247132262181e-05,0.17521704199999988
SGPTL,4558,0.0008943101570206835,9.296247132262181e-05,0.1752547919999996
SGPTL,4559,0.0008984692895590563,9.296247132262181e-05,0.17529379199999973
SGPTL,4560,0.0009547750184148995,9.296247132262181e-05,0.17533220900000046
SGPTL,4561,0.0010019278367676687,9.296247132262181e-05,0.17537133400000027
SGPTL,4562,0.0010095917987011926,9.296247132262181e-05,0.1754087919999998
SGPTL,4563,0.0010142274635316362,9.296247132262181e-05,0.17544574999999973
SGPTL,4564,0.0010423297229693596,9.296247132262181e-05,0.17548374999999972
SGPTL,4565,0.001007080144840078,9.296247132262181e-05,0.17552029199999986
SGPTL,4566,0.0009948392888243784,9.296247132262181e-05,0.17555662500000047
SGPTL,4567,0.0010900470036796506,9.296247132262181e-05,0.17559966700000018
SGPTL,4568,0.0011126432334205294,9.296247132262181e-05,0.17563587500000022
SGPTL,4569,0.0011251154909208694,9.296247132262181e-05,0.17567470899999993
SGPTL,4570,0.001180052414940569,9.296247132262181e-05,0.1757134589999998
SGPTL,4571,0.0010871075871519142,9.296247132262181e-05,0.17575004199999977
SGPTL,4572,0.0010832808488787649,9.296247132262181e-05,0.1757878340000003
SGPTL,4573,0.001079597506543184,9.296247132262181e-05,0.1758244590000002
SGPTL,4574,0.0010841414020297258,9.296247132262181e-05,0.1758610420000002
SGPTL,4575,0.0010488149532292823,9.296247132262181e-05,0.17589945900000004
SGPTL,4576,0.001084823651168243,9.296247132262181e-05,0.17593620899999962
SGPTL,4577,0.0010973030688403718,9.296247132262181e-05,0.1759746670000002
SGPTL,4578,0.0011192366485692773,9.296247132262181e-05,0.17601150000000043
SGPTL,4579,0.0010273884311451376,9.296247132262181e-05,0.17604970899999994
SGPTL,4580,0.0010126956505251972,9.296247132262181e-05,0.17608662499999994
SGPTL,4581,0.0009766647655582439,9.296247132262181e-05,0.1761233339999997
SGPTL,4582,0.0009844629463700016,9.296247132262181e-05,0.17616100000000046
SGPTL,4583,0.0010193694448170643,9.296247132262181e-05,0.17619929199999973
SGPTL,4584,0.000997900349238856,9.296247132262181e-05,0.17623608400000013
SGPTL,4585,0.0009867404742114338,9.296247132262181e-05,0.17627354199999967
SGPTL,4586,0.0010214783397257676,9.296247132262181e-05,0.17631025000000022
SGPTL,4587,0.0010398508556201946,9.296247132262181e-05,0.1763471670000003
SGPTL,4588,0.0010479976791446521,9.296247132262181e-05,0.17638375000000028
SGPTL,4589,0.0010015293632168465,9.296247132262181e-05,0.17642145900000017
SGPTL,4590,0.0009448947666039764,9.296247132262181e-05,0.17645816699999983
SGPTL,4591,0.000968409625215827,9.296247132262181e-05,0.17649466700000005
SGPTL,4592,0.0009094279710901709,9.296247132262181e-05,0.1765326250000001
SGPTL,4593,0.0009158058409632908,9.296247132262181e-05,0.17656925
SGPTL,4594,0.0009324380289454925,9.296247132262181e-05,0.17660575000000023
SGPTL,4595,0.0009287756526190627,9.296247132262181e-05,0.17664429199999976
SGPTL,4596,0.0009123125799088694,9.296247132262181e-05,0.1766810000000003
SGPTL,4597,0.0009207605289121013,9.296247132262181e-05,0.17671887499999972
SGPTL,4598,0.0010033451510951252,9.296247132262181e-05,0.1767572089999998
SGPTL,4599,0.0010388500231472975,9.296247132262181e-05,0.17679416699999972
SGPTL,4600,0.0010001979530276373,9.296247132262181e-05,0.17683095900000012
SGPTL,4601,0.001083685861358541,9.296247132262181e-05,0.17686866699999992
SGPTL,4602,0.001207223733480589,9.296247132262181e-05,0.17690591700000002
SGPTL,4603,0.0011452923393160397,9.296247132262181e-05,0.17694245900000016
SGPTL,4604,0.0011055962138479813,9.296247132262181e-05,0.17698012500000004
SGPTL,4605,0.001118013188170064,9.296247132262181e-05,0.17701708400000005
SGPTL,4606,0.0011514724171926005,9.296247132262181e-05,0.17705591699999967
SGPTL,4607,0.0010502905027984788,9.296247132262181e-05,0.17709379199999997
SGPTL,4608,0.0009688455848795297,9.296247132262181e-05,0.1771302920000002
SGPTL,4609,0.0009700187672740945,9.296247132262181e-05,0.1771689590000003
SGPTL,4610,0.0010639231253333215,9.296247132262181e-05,0.1772059170000002
SGPTL,4611,0.0011182053632790012,9.296247132262181e-05,0.17724366699999994
SGPTL,4612,0.0010924191199108702,9.296247132262181e-05,0.17728141699999966
SGPTL,4613,0.0010672516337104643,9.296247132262181e-05,0.17731829199999982
SGPTL,4614,0.0011865761533909058,9.296247132262181e-05,0.1773561250000002
SGPTL,4615,0.0012246381605405254,9.296247132262181e-05,0.17739383400000008
SGPTL,4616,0.0012229447644709346,9.296247132262181e-05,0.1774303340000003
SGPTL,4617,0.00108084630032379,9.296247132262181e-05,0.17746875000000006
SGPTL,4618,0.0010254716914734896,9.296247132262181e-05,0.1775057499999999
SGPTL,4619,0.001113748495145117,9.296247132262181e-05,0.17754370900000005
SGPTL,4620,0.001080534609871453,9.296247132262181e-05,0.17758062500000005
SGPTL,4621,0.0010852181828195917,9.296247132262181e-05,0.1776192090000004
SGPTL,4622,0.0011394922603789048,9.296247132262181e-05,0.17765670899999986
SGPTL,4623,0.0011839013117347363,9.296247132262181e-05,0.1776952500000002
SGPTL,4624,0.0012026099640576327,9.296247132262181e-05,0.17773445899999984
SGPTL,4625,0.0011507031990147798,9.296247132262181e-05,0.17777158400000026
SGPTL,4626,0.0011172616552563852,9.296247132262181e-05,0.17780829199999992
SGPTL,4627,0.0011423365349598757,9.296247132262181e-05,0.17784774999999975
SGPTL,4628,0.0011991746125428193,9.296247132262181e-05,0.17788645899999977
SGPTL,4629,0.0011657853592799139,9.296247132262181e-05,0.17792366699999995
SGPTL,4630,0.001076835965010181,9.296247132262181e-05,0.1779617499999997
SGPTL,4631,0.001100910344696171,9.296247132262181e-05,0.17799866699999978
SGPTL,4632,0.001188068783954277,9.296247132262181e-05,0.178035167
SGPTL,4633,0.001230543718098609,9.296247132262181e-05,0.17807300000000037
SGPTL,4634,0.001207572710189897,9.296247132262181e-05,0.17810995900000037
SGPTL,4635,0.0012113705960206111,9.296247132262181e-05,0.17814662500000011
SGPTL,4636,0.0011343009357258627,9.296247132262181e-05,0.17818437499999984
SGPTL,4637,0.0011338574802572943,9.296247132262181e-05,0.17822104199999966
SGPTL,4638,0.0011328464092585921,9.296247132262181e-05,0.17825749999999996
SGPTL,4639,0.0011462706905516207,9.296247132262181e-05,0.1782952919999996
SGPTL,4640,0.0011521591651471041,9.296247132262181e-05,0.17833212499999984
SGPTL,4641,0.0010957403587499304,9.296247132262181e-05,0.17836858400000022
SGPTL,4642,0.0010834569527946591,9.296247132262181e-05,0.17842008399999987
SGPTL,4643,0.0010727387614162254,9.296247132262181e-05,0.17846525000000035
SGPTL,4644,0.001083590523912381,9.296247132262181e-05,0.17850400000000022
SGPTL,4645,0.0010178334348089901,9.296247132262181e-05,0.17854316699999995
SGPTL,4646,0.0010160909715448696,9.296247132262181e-05,0.1785815839999998
SGPTL,4647,0.0009638082699505723,9.296247132262181e-05,0.1786193340000004
SGPTL,4648,0.001002356601445431,9.296247132262181e-05,0.17865566700000013
SGPTL,4649,0.001005917135998402,9.296247132262181e-05,0.17869308399999984
SGPTL,4650,0.0010595450286436936,9.296247132262181e-05,0.17873083400000045
SGPTL,4651,0.0011295148952632506,9.296247132262181e-05,0.17876795899999998
SGPTL,4652,0.0012211030906863485,9.296247132262181e-05,0.17880641699999966
SGPTL,4653,0.0011645514402207624,9.296247132262181e-05,0.17884462499999998
SGPTL,4654,0.0011308889484922258,9.296247132262181e-05,0.17888304199999983
SGPTL,4655,0.0011418719557845236,9.296247132262181e-05,0.17892145899999967
SGPTL,4656,0.0011226740430381188,9.296247132262181e-05,0.17895958400000023
SGPTL,4657,0.0010481876844066207,9.296247132262181e-05,0.17899774999999973
SGPTL,4658,0.0010261123639256908,9.296247132262181e-05,0.17904304199999999
SGPTL,4659,0.001036167526313747,9.296247132262181e-05,0.17907991700000014
SGPTL,4660,0.0009516107890261694,9.296247132262181e-05,0.17911829200000007
SGPTL,4661,0.0009177148240169242,9.296247132262181e-05,0.1791554169999996
SGPTL,4662,0.0008780536763950408,9.296247132262181e-05,0.1791934590000004
SGPTL,4663,0.0008868686574563522,9.296247132262181e-05,0.17923145900000037
SGPTL,4664,0.0008556870885332302,9.296247132262181e-05,0.17926833399999964
SGPTL,4665,0.0008746448710206245,9.296247132262181e-05,0.17930466700000025
SGPTL,4666,0.0008879876901453088,9.296247132262181e-05,0.1793426250000003
SGPTL,4667,0.0008626875696460257,9.296247132262181e-05,0.17938175000000012
SGPTL,4668,0.0008767788873085269,9.296247132262181e-05,0.17941937500000016
SGPTL,4669,0.0009181990510516158,9.296247132262181e-05,0.17945712499999988
SGPTL,4670,0.0009386459807696479,9.296247132262181e-05,0.17949400000000004
SGPTL,4671,0.0009640716341179356,9.296247132262181e-05,0.17953033399999985
SGPTL,4672,0.0009379797461321893,9.296247132262181e-05,0.17956837499999967
SGPTL,4673,0.0009317987498953517,9.296247132262181e-05,0.1796049169999998
SGPTL,4674,0.0009116377773890072,9.296247132262181e-05,0.17964175000000004
SGPTL,4675,0.0009004448957461442,9.296247132262181e-05,0.17967958399999961
SGPTL,4676,0.0008731393381036234,9.296247132262181e-05,0.17971637499999993
SGPTL,4677,0.0008749300642794111,9.296247132262181e-05,0.17975270899999973
SGPTL,4678,0.0008617125773202616,9.296247132262181e-05,0.17979041700000042
SGPTL,4679,0.0008097172049443824,9.296247132262181e-05,0.17982812500000023
SGPTL,4680,0.0008564632791856486,9.296247132262181e-05,0.1798650420000003
SGPTL,4681,0.0009177642393733976,9.296247132262181e-05,0.17990191700000047
SGPTL,4682,0.000939789779951461,9.296247132262181e-05,0.1799398339999998
SGPTL,4683,0.0009750186676602546,9.296247132262181e-05,0.17997650000000043
SGPTL,4684,0.0010015574401127658,9.296247132262181e-05,0.18001295899999992
SGPTL,4685,0.0009830195424589405,9.296247132262181e-05,0.18005041700000035
SGPTL,4686,0.0009458117281153644,9.296247132262181e-05,0.1800872499999997
SGPTL,4687,0.0009608159248202242,9.296247132262181e-05,0.1801235840000004
SGPTL,4688,0.0008856341934411205,9.296247132262181e-05,0.1801612920000002
SGPTL,4689,0.0008518906042771501,9.296247132262181e-05,0.1801980839999997
SGPTL,4690,0.0008979330693688059,9.296247132262181e-05,0.180234542
SGPTL,4691,0.0009863486733343585,9.296247132262181e-05,0.18027237500000037
SGPTL,4692,0.0010344381335405384,9.296247132262181e-05,0.1803092089999998
SGPTL,4693,0.0011198907385683299,9.296247132262181e-05,0.1803531249999999
SGPTL,4694,0.0011184876357386297,9.296247132262181e-05,0.18039049999999968
SGPTL,4695,0.0011234182642732016,9.296247132262181e-05,0.18042845899999982
SGPTL,4696,0.0011143693658870468,9.296247132262181e-05,0.18046525000000013
SGPTL,4697,0.0011001226922657814,9.296247132262181e-05,0.18050162499999978
SGPTL,4698,0.001096751349599634,9.296247132262181e-05,0.18054075000000047
SGPTL,4699,0.0010529623851605052,9.296247132262181e-05,0.18057737500000037
SGPTL,4700,0.0010392295360963644,9.296247132262181e-05,0.18061504200000034
SGPTL,4701,0.001066587174543443,9.296247132262181e-05,0.1806530000000004
SGPTL,4702,0.0011560001979262768,9.296247132262181e-05,0.18068974999999998
SGPTL,4703,0.001145146492694149,9.296247132262181e-05,0.18072733400000018
SGPTL,4704,0.001104742552203053,9.296247132262181e-05,0.18076512499999975
SGPTL,4705,0.0010368353968359667,9.296247132262181e-05,0.18080150000000028
SGPTL,4706,0.0009780795774245732,9.296247132262181e-05,0.18083808400000034
SGPTL,4707,0.001007057301268599,9.296247132262181e-05,0.1808759999999996
SGPTL,4708,0.00101413623042923,9.296247132262181e-05,0.18091291699999967
SGPTL,4709,0.0011067027463309564,9.296247132262181e-05,0.1809494589999998
SGPTL,4710,0.0011408559430119425,9.296247132262181e-05,0.18098720900000043
SGPTL,4711,0.001228727483660652,9.296247132262181e-05,0.18102404199999977
SGPTL,4712,0.0011368631914001615,9.296247132262181e-05,0.1810611670000002
SGPTL,4713,0.0012275024897778763,9.296247132262181e-05,0.18110504200000044
SGPTL,4714,0.0013035577059117287,9.296247132262181e-05,0.18114404199999967
SGPTL,4715,0.0013139954401544252,9.296247132262181e-05,0.18118170899999964
SGPTL,4716,0.001221532797945457,9.296247132262181e-05,0.18121941700000033
SGPTL,4717,0.001147219622051665,9.296247132262181e-05,0.181256125
SGPTL,4718,0.001113978331628518,9.296247132262181e-05,0.18129249999999963
SGPTL,4719,0.0010915027990980875,9.296247132262181e-05,0.18133012499999968
SGPTL,4720,0.001045927071173569,9.296247132262181e-05,0.1813668340000003
SGPTL,4721,0.0009899185749091544,9.296247132262181e-05,0.1814034590000002
SGPTL,4722,0.0010259977960069833,9.296247132262181e-05,0.18144120899999994
SGPTL,4723,0.0011036442184422235,9.296247132262181e-05,0.18147804200000017
SGPTL,4724,0.0010806233348674699,9.296247132262181e-05,0.18151558400000045
SGPTL,4725,0.0011168043999449928,9.296247132262181e-05,0.18155333400000018
SGPTL,4726,0.0012179564277727817,9.296247132262181e-05,0.18158991700000016
SGPTL,4727,0.0012549455911181617,9.296247132262181e-05,0.1816261250000002
SGPTL,4728,0.0011191464877422508,9.296247132262181e-05,0.18166445900000028
SGPTL,4729,0.0010657312953703535,9.296247132262181e-05,0.18170216700000008
SGPTL,4730,0.001074478494406339,9.296247132262181e-05,0.18173879199999998
SGPTL,4731,0.0010428526166641472,9.296247132262181e-05,0.18177616699999977
SGPTL,4732,0.0009667264372301698,9.296247132262181e-05,0.18181541700000015
SGPTL,4733,0.0009419765541547331,9.296247132262181e-05,0.1818534999999999
SGPTL,4734,0.0008788833298394305,9.296247132262181e-05,0.1818901249999998
SGPTL,4735,0.0009191335138845069,9.296247132262181e-05,0.18192887499999966
SGPTL,4736,0.0009217060341246697,9.296247132262181e-05,0.18196612499999976
SGPTL,4737,0.0009310830531374936,9.296247132262181e-05,0.18200487499999962
SGPTL,4738,0.000879862110701346,9.296247132262181e-05,0.1820438339999999
SGPTL,4739,0.0009377657288793806,9.296247132262181e-05,0.18208087500000047
SGPTL,4740,0.0009374187150148483,9.296247132262181e-05,0.18211758400000022
SGPTL,4741,0.0008856381913249223,9.296247132262181e-05,0.18215387500000002
SGPTL,4742,0.0009218936990686988,9.296247132262181e-05,0.18219175000000032
SGPTL,4743,0.0009624561038401591,9.296247132262181e-05,0.18223166699999993
SGPTL,4744,0.0010315969504310907,9.296247132262181e-05,0.18227358399999982
SGPTL,4745,0.0010742464692541365,9.296247132262181e-05,0.18230854200000035
SGPTL,4746,0.0011101386948499936,9.296247132262181e-05,0.18234533399999986
SGPTL,4747,0.0010732184420798596,9.296247132262181e-05,0.18238316700000023
SGPTL,4748,0.001057651680014704,9.296247132262181e-05,0.18242016700000008
SGPTL,4749,0.0010319111974974593,9.296247132262181e-05,0.18245654199999972
SGPTL,4750,0.0010512849027735083,9.296247132262181e-05,0.18249445899999994
SGPTL,4751,0.0010108683763070392,9.296247132262181e-05,0.18253120900000042
SGPTL,4752,0.0010325378250386485,9.296247132262181e-05,0.1825726249999997
SGPTL,4753,0.0011226399427017864,9.296247132262181e-05,0.18260762500000016
SGPTL,4754,0.0010901366324351791,9.296247132262181e-05,0.1826454169999998
SGPTL,4755,0.001120990641347852,9.296247132262181e-05,0.18268304199999985
SGPTL,4756,0.0011674268758832262,9.296247132262181e-05,0.1827194590000003
SGPTL,4757,0.0011541849575831264,9.296247132262181e-05,0.18275612500000005
SGPTL,4758,0.001139064134453971,9.296247132262181e-05,0.1827940840000002
SGPTL,4759,0.0011219843300058763,9.296247132262181e-05,0.1828305840000004
SGPTL,4760,0.001119895405595983,9.296247132262181e-05,0.1828670419999998
SGPTL,4761,0.0011428381295699452,9.296247132262181e-05,0.1829050419999998
SGPTL,4762,0.0011937891169511161,9.296247132262181e-05,0.18294191699999995
SGPTL,4763,0.0012540773731291033,9.296247132262181e-05,0.18297824999999968
SGPTL,4764,0.0012520335635843871,9.296247132262181e-05,0.18301608400000013
SGPTL,4765,0.0011878759449979182,9.296247132262181e-05,0.18305345899999992
SGPTL,4766,0.0011999080426661202,9.296247132262181e-05,0.18309037499999992
SGPTL,4767,0.0011927833860543302,9.296247132262181e-05,0.18312733399999992
SGPTL,4768,0.001082109465628811,9.296247132262181e-05,0.18316520900000022
SGPTL,4769,0.0009915338733299528,9.296247132262181e-05,0.18320175000000027
SGPTL,4770,0.0010786201328354394,9.296247132262181e-05,0.18323808400000008
SGPTL,4771,0.0010453025710208674,9.296247132262181e-05,0.18327604200000014
SGPTL,4772,0.0010658260299512001,9.296247132262181e-05,0.18331279199999972
SGPTL,4773,0.0011475847035484765,9.296247132262181e-05,0.18334933399999986
SGPTL,4774,0.0012375584841721743,9.296247132262181e-05,0.18338704199999967
SGPTL,4775,0.0012188866742097737,9.296247132262181e-05,0.1834235839999998
SGPTL,4776,0.0010318767533186168,9.296247132262181e-05,0.18346012499999986
SGPTL,4777,0.0009465202563854191,9.296247132262181e-05,0.1834977499999999
SGPTL,4778,0.0010117357140884131,9.296247132262181e-05,0.18353445899999965
SGPTL,4779,0.0010331834102328408,9.296247132262181e-05,0.18357091699999994
SGPTL,4780,0.0010139969152787032,9.296247132262181e-05,0.18360875000000032
SGPTL,4781,0.0009641739118133597,9.296247132262181e-05,0.18364537500000022
SGPTL,4782,0.0009565927137156205,9.296247132262181e-05,0.1836817919999998
SGPTL,4783,0.0009751312167669557,9.296247132262181e-05,0.1837194999999996
SGPTL,4784,0.0009729399248310511,9.296247132262181e-05,0.18375612500000038
SGPTL,4785,0.0010431451813466275,9.296247132262181e-05,0.1837942090000002
SGPTL,4786,0.0010654410835679862,9.296247132262181e-05,0.1838320419999997
SGPTL,4787,0.0010991792426493507,9.296247132262181e-05,0.1838688340000001
SGPTL,4788,0.0011416488980029449,9.296247132262181e-05,0.1839053340000003
SGPTL,4789,0.0010574795462381381,9.296247132262181e-05,0.18394325000000045
SGPTL,4790,0.0010474538531810573,9.296247132262181e-05,0.18398008399999988
SGPTL,4791,0.001140661568773682,9.296247132262181e-05,0.18401654200000017
SGPTL,4792,0.0011826641726104814,9.296247132262181e-05,0.18405437499999966
SGPTL,4793,0.0010831980557974852,9.296247132262181e-05,0.1840907500000002
SGPTL,4794,0.0010507558716694732,9.296247132262181e-05,0.1841286249999996
SGPTL,4795,0.0010079461495018371,9.296247132262181e-05,0.1841652920000003
SGPTL,4796,0.0009870775416009892,9.296247132262181e-05,0.18420287500000043
SGPTL,4797,0.0009454001466582262,9.296247132262181e-05,0.1842403749999999
SGPTL,4798,0.0009149262434977601,9.296247132262181e-05,0.18427683400000028
SGPTL,4799,0.0008252696242301294,9.296247132262181e-05,0.18431404200000046
SGPTL,4800,0.000853032576322299,9.296247132262181e-05,0.18435187499999994
SGPTL,4801,0.0009632824908629711,9.296247132262181e-05,0.18439366700000015
SGPTL,4802,0.000988152275131382,9.296247132262181e-05,0.18443033399999997
SGPTL,4803,0.0009900153842992143,9.296247132262181e-05,0.1844702500000004
SGPTL,4804,0.0009678577877432204,9.296247132262181e-05,0.18450716700000047
SGPTL,4805,0.0009413064411900596,9.296247132262181e-05,0.1845463340000002
SGPTL,4806,0.0009489954024202163,9.296247132262181e-05,0.18458516699999983
SGPTL,4807,0.0008966660254774439,9.296247132262181e-05,0.18462416699999995
SGPTL,4808,0.0007919439580523768,9.296247132262181e-05,0.18466137500000013
SGPTL,4809,0.000796561095339321,9.296247132262181e-05,0.1846987499999999
SGPTL,4810,0.0007747668421598242,9.296247132262181e-05,0.1847364589999998
SGPTL,4811,0.0008158277426759675,9.296247132262181e-05,0.18477299999999985
SGPTL,4812,0.0008642119470603227,9.296247132262181e-05,0.18480950000000007
SGPTL,4813,0.0008509888067562699,9.296247132262181e-05,0.18484733399999964
SGPTL,4814,0.0008626209570219423,9.296247132262181e-05,0.1848838749999997
SGPTL,4815,0.0009311210315501306,9.296247132262181e-05,0.18492037499999991
SGPTL,4816,0.0009516113286833772,9.296247132262181e-05,0.1849583749999999
SGPTL,4817,0.0009430649779842426,9.296247132262181e-05,0.18499583400000041
SGPTL,4818,0.0009529137584487479,9.296247132262181e-05,0.18503604200000012
SGPTL,4819,0.0010017912956454822,9.296247132262181e-05,0.18507433400000028
SGPTL,4820,0.0009934591618847577,9.296247132262181e-05,0.18511695900000014
SGPTL,4821,0.000996470667602667,9.296247132262181e-05,0.185155709
SGPTL,4822,0.0009769815871683019,9.296247132262181e-05,0.18519312499999963
SGPTL,4823,0.0009161501655814419,9.296247132262181e-05,0.18523087500000024
SGPTL,4824,0.0008495004769069059,9.296247132262181e-05,0.18526825000000002
SGPTL,4825,0.0009648391968517522,9.296247132262181e-05,0.18530512500000018
SGPTL,4826,0.0010290392635519119,9.296247132262181e-05,0.18534212500000002
SGPTL,4827,0.0011245627597249452,9.296247132262181e-05,0.18537975000000007
SGPTL,4828,0.0010855639407711948,9.296247132262181e-05,0.18541637499999997
SGPTL,4829,0.0010847279886503358,9.296247132262181e-05,0.1854527499999996
SGPTL,4830,0.0010647974394906168,9.296247132262181e-05,0.18549045900000039
SGPTL,4831,0.001115949876676181,9.296247132262181e-05,0.18552720899999997
SGPTL,4832,0.0010400241816403977,9.296247132262181e-05,0.18556366700000027
SGPTL,4833,0.001033026749435173,9.296247132262181e-05,0.1856015839999996
SGPTL,4834,0.001089210733678625,9.296247132262181e-05,0.18563566699999967
SGPTL,4835,0.0010428226708669719,9.296247132262181e-05,0.1856722089999998
SGPTL,4836,0.001093626028819683,9.296247132262181e-05,0.18570975
SGPTL,4837,0.0010735884036829901,9.296247132262181e-05,0.18574695900000027
SGPTL,4838,0.0010692239267262593,9.296247132262181e-05,0.18578491700000033
SGPTL,4839,0.0010383466993975077,9.296247132262181e-05,0.18582158400000015
SGPTL,4840,0.0010453048318375124,9.296247132262181e-05,0.1858581250000002
SGPTL,4841,0.001052743043540083,9.296247132262181e-05,0.18589587499999993
SGPTL,4842,0.0011329813677947165,9.296247132262181e-05,0.18593225000000047
SGPTL,4843,0.0012451542591682685,9.296247132262181e-05,0.18596929200000023
SGPTL,4844,0.0011785632700946902,9.296247132262181e-05,0.1860072920000002
SGPTL,4845,0.0012481524340519634,9.296247132262181e-05,0.18604412500000045
SGPTL,4846,0.0012895073819032543,9.296247132262181e-05,0.18608141700000047
SGPTL,4847,0.001241916917731123,9.296247132262181e-05,0.18613087499999992
SGPTL,4848,0.0010904517869554375,9.296247132262181e-05,0.1861702919999999
SGPTL,4849,0.0010759207870756349,9.296247132262181e-05,0.1862082919999999
SGPTL,4850,0.0011681196270658667,9.296247132262181e-05,0.18624583400000017
SGPTL,4851,0.0011855842515209325,9.296247132262181e-05,0.18629562499999963
SGPTL,4852,0.0011407595829024952,9.296247132262181e-05,0.18633483400000017
SGPTL,4853,0.0010989059469044271,9.296247132262181e-05,0.1863727500000003
SGPTL,4854,0.0010891638437264817,9.296247132262181e-05,0.18641008400000025
SGPTL,4855,0.0010911262462793836,9.296247132262181e-05,0.18644587500000043
SGPTL,4856,0.0010394217268763217,9.296247132262181e-05,0.18648512499999992
SGPTL,4857,0.0010556008751931856,9.296247132262181e-05,0.18652325000000047
SGPTL,4858,0.0010848849193649812,9.296247132262181e-05,0.18656074999999994
SGPTL,4859,0.001109465744413285,9.296247132262181e-05,0.18659804199999996
SGPTL,4860,0.0011533265794356762,9.296247132262181e-05,0.18663883400000003
SGPTL,4861,0.0011873674850297888,9.296247132262181e-05,0.18667608400000013
SGPTL,4862,0.001170598885217533,9.296247132262181e-05,0.18671245899999978
SGPTL,4863,0.0010846706702654085,9.296247132262181e-05,0.18675149999999974
SGPTL,4864,0.0010127153707828462,9.296247132262181e-05,0.18678820900000037
SGPTL,4865,0.000985808458762616,9.296247132262181e-05,0.18682604199999986
SGPTL,4866,0.0010107934406415886,9.296247132262181e-05,0.1868644589999997
SGPTL,4867,0.0010764553613962224,9.296247132262181e-05,0.186902334
SGPTL,4868,0.00107126830656612,9.296247132262181e-05,0.18694012500000046
SGPTL,4869,0.001084660972042295,9.296247132262181e-05,0.18697724999999998
SGPTL,4870,0.001063336754393518,9.296247132262181e-05,0.18701479200000026
SGPTL,4871,0.0010518382012518757,9.296247132262181e-05,0.187052542
SGPTL,4872,0.0010743396073300548,9.296247132262181e-05,0.18709004200000035
SGPTL,4873,0.0011045016278199427,9.296247132262181e-05,0.18712700000000027
SGPTL,4874,0.0010628462723125676,9.296247132262181e-05,0.18716387500000042
SGPTL,4875,0.0010374230129128748,9.296247132262181e-05,0.18720195900000025
SGPTL,4876,0.001045009017745624,9.296247132262181e-05,0.18723887500000025
SGPTL,4877,0.0011079483455160855,9.296247132262181e-05,0.18727733400000002
SGPTL,4878,0.0012008724588774555,9.296247132262181e-05,0.18731566700000002
SGPTL,4879,0.0011801545226990395,9.296247132262181e-05,0.1873541249999997
SGPTL,4880,0.0011735354698414469,9.296247132262181e-05,0.1873926250000002
SGPTL,4881,0.0011193343907400788,9.296247132262181e-05,0.1874312920000003
SGPTL,4882,0.00101121369986501,9.296247132262181e-05,0.18747079200000005
SGPTL,4883,0.000992738115345393,9.296247132262181e-05,0.1875087500000001
SGPTL,4884,0.0009824480228592947,9.296247132262181e-05,0.1875481670000001
SGPTL,4885,0.000999889981794233,9.296247132262181e-05,0.18758545900000012
SGPTL,4886,0.0010033112798102373,9.296247132262181e-05,0.18762162500000024
SGPTL,4887,0.0010587282892591254,9.296247132262181e-05,0.18765954200000046
SGPTL,4888,0.0011315777911857783,9.296247132262181e-05,0.18769662500000006
SGPTL,4889,0.0012116913999276058,9.296247132262181e-05,0.18773824999999977
SGPTL,4890,0.0012387910361120191,9.296247132262181e-05,0.18778649999999963
SGPTL,4891,0.0010942489004821532,9.296247132262181e-05,0.18782624999999964
SGPTL,4892,0.001044451647142397,9.296247132262181e-05,0.18786416699999986
SGPTL,4893,0.0010371604452905636,9.296247132262181e-05,0.18790420900000004
SGPTL,4894,0.001015811455917559,9.296247132262181e-05,0.18794175000000024
SGPTL,4895,0.0009234974306606691,9.296247132262181e-05,0.1879805000000001
SGPTL,4896,0.0009032977132390485,9.296247132262181e-05,0.18801833399999968
SGPTL,4897,0.000877516537089118,9.296247132262181e-05,0.18805766699999982
SGPTL,4898,0.0009166670475100336,9.296247132262181e-05,0.18809666699999994
SGPTL,4899,0.000992580151612188,9.296247132262181e-05,0.18813645899999987
SGPTL,4900,0.0010581008977079698,9.296247132262181e-05,0.18817412499999975
SGPTL,4901,0.001059362021460064,9.296247132262181e-05,0.18821079200000046
SGPTL,4902,0.0010714132804108267,9.296247132262181e-05,0.18824916700000038
SGPTL,4903,0.0011045749631746204,9.296247132262181e-05,0.18828633399999983
SGPTL,4904,0.0010940479145991056,9.296247132262181e-05,0.1883244590000004
SGPTL,4905,0.0010611375941425027,9.296247132262181e-05,0.18836275000000047
SGPTL,4906,0.0011426002021801551,9.296247132262181e-05,0.1884000419999996
SGPTL,4907,0.0011297361647257809,9.296247132262181e-05,0.18843675000000015
SGPTL,4908,0.0010347352425494893,9.296247132262181e-05,0.1884747090000003
SGPTL,4909,0.0009287202140000339,9.296247132262181e-05,0.18851275000000012
SGPTL,4910,0.0009070842862515249,9.296247132262181e-05,0.18854995900000038
SGPTL,4911,0.0009773753891382242,9.296247132262181e-05,0.1885878339999998
SGPTL,4912,0.0011034920485930577,9.296247132262181e-05,0.18862595900000034
SGPTL,4913,0.0011450251319413685,9.296247132262181e-05,0.1886631249999997
SGPTL,4914,0.0011458364043379632,9.296247132262181e-05,0.18869999999999987
SGPTL,4915,0.001148730529775932,9.296247132262181e-05,0.1887380839999997
SGPTL,4916,0.0009970139801751543,9.296247132262181e-05,0.1887752090000001
SGPTL,4917,0.0009431084154671865,9.296247132262181e-05,0.1888116249999996
SGPTL,4918,0.0009198051457404155,9.296247132262181e-05,0.188849834
SGPTL,4919,0.000919989524390985,9.296247132262181e-05,0.18888654199999966
SGPTL,4920,0.0009089359666418773,9.296247132262181e-05,0.18892549999999986
SGPTL,4921,0.0009002906917667808,9.296247132262181e-05,0.1889636250000004
SGPTL,4922,0.0009382511128261939,9.296247132262181e-05,0.18900004199999998
SGPTL,4923,0.0009569927213128882,9.296247132262181e-05,0.18903979199999998
SGPTL,4924,0.000967508414979168,9.296247132262181e-05,0.18907741700000003
SGPTL,4925,0.0009458308453536013,9.296247132262181e-05,0.18911404199999993
SGPTL,4926,0.0010136590380358523,9.296247132262181e-05,0.18915225000000024
SGPTL,4927,0.0009708752085200167,9.296247132262181e-05,0.1891895840000002
SGPTL,4928,0.0009182609456848123,9.296247132262181e-05,0.1892260840000004
SGPTL,4929,0.0008884794462216128,9.296247132262181e-05,0.1892640840000004
SGPTL,4930,0.0008814402266759114,9.296247132262181e-05,0.189301167
SGPTL,4931,0.0009363885731628052,9.296247132262181e-05,0.18933787499999966
SGPTL,4932,0.0009689168120501357,9.296247132262181e-05,0.18937587499999964
SGPTL,4933,0.0010554264809508052,9.296247132262181e-05,0.18941304199999998
SGPTL,4934,0.001142133941959278,9.296247132262181e-05,0.18944966699999988
SGPTL,4935,0.0011290289281247201,9.296247132262181e-05,0.18948812500000045
SGPTL,4936,0.001106630809530884,9.296247132262181e-05,0.18952520900000014
SGPTL,4937,0.001202568011053895,9.296247132262181e-05,0.18956162499999962
SGPTL,4938,0.0012187031119172964,9.296247132262181e-05,0.18959983400000002
SGPTL,4939,0.001150219713944134,9.296247132262181e-05,0.18963691699999963
SGPTL,4940,0.0009842833465338874,9.296247132262181e-05,0.18967374999999986
SGPTL,4941,0.0009601779104857489,9.296247132262181e-05,0.1897120000000001
SGPTL,4942,0.000875074967521261,9.296247132262181e-05,0.18975020899999961
SGPTL,4943,0.0008158217680380719,9.296247132262181e-05,0.1897874169999998
SGPTL,4944,0.0008783580953557468,9.296247132262181e-05,0.18982495900000007
SGPTL,4945,0.0009224303052506322,9.296247132262181e-05,0.18986570900000022
SGPTL,4946,0.0009940206142091679,9.296247132262181e-05,0.1899052499999998
SGPTL,4947,0.001023289373993208,9.296247132262181e-05,0.18994416700000016
SGPTL,4948,0.0010105967874614041,9.296247132262181e-05,0.18998212500000022
SGPTL,4949,0.0010668738304202563,9.296247132262181e-05,0.19002112500000035
SGPTL,4950,0.0010922140492315435,9.296247132262181e-05,0.1900606250000001
SGPTL,4951,0.0011497474682298225,9.296247132262181e-05,0.19009799999999988
SGPTL,4952,0.001175193658211171,9.296247132262181e-05,0.19013454200000002
SGPTL,4953,0.001082696406957906,9.296247132262181e-05,0.19017262499999976
SGPTL,4954,0.0010553677371214487,9.296247132262181e-05,0.1902097920000001
SGPTL,4955,0.0010472420505138746,9.296247132262181e-05,0.19024620899999967
SGPTL,4956,0.001112677630159764,9.296247132262181e-05,0.1902844589999999
SGPTL,4957,0.0011016028419268409,9.296247132262181e-05,0.1903215420000004
SGPTL,4958,0.0010920133088094808,9.296247132262181e-05,0.19035791700000004
SGPTL,4959,0.001131595682672959,9.296247132262181e-05,0.1903959999999998
SGPTL,4960,0.0011450898956106847,9.296247132262181e-05,0.1904329589999998
SGPTL,4961,0.0011326767923094394,9.296247132262181e-05,0.1904717920000003
SGPTL,4962,0.0011695146854799887,9.296247132262181e-05,0.19050975000000037
SGPTL,4963,0.001129587676367727,9.296247132262181e-05,0.19054912500000043
SGPTL,4964,0.001164342719810918,9.296247132262181e-05,0.19058845899999977
SGPTL,4965,0.001115763813219095,9.296247132262181e-05,0.19062758400000046
SGPTL,4966,0.0011011791772128632,9.296247132262181e-05,0.1906670840000002
SGPTL,4967,0.0010106769174016428,9.296247132262181e-05,0.19070454199999975
SGPTL,4968,0.0009798757130177194,9.296247132262181e-05,0.19074112499999973
SGPTL,4969,0.0009934094007668648,9.296247132262181e-05,0.1907792500000003
SGPTL,4970,0.0009939512024312869,9.296247132262181e-05,0.1908165420000003
SGPTL,4971,0.0009396636250122992,9.296247132262181e-05,0.19085308400000045
SGPTL,4972,0.0009175421798430783,9.296247132262181e-05,0.19089124999999996
SGPTL,4973,0.0009332632912761873,9.296247132262181e-05,0.19092908400000042
SGPTL,4974,0.0009887235321524024,9.296247132262181e-05,0.19096829199999998
SGPTL,4975,0.0010161323214035178,9.296247132262181e-05,0.1910074169999998
SGPTL,4976,0.0010541705195672435,9.296247132262181e-05,0.19104695900000035
SGPTL,4977,0.0010936238295620182,9.296247132262181e-05,0.19108483399999976
SGPTL,4978,0.0010648740200320805,9.296247132262181e-05,0.19112437500000024
SGPTL,4979,0.0011359077730237477,9.296247132262181e-05,0.1911615839999996
SGPTL,4980,0.0011398836482803265,9.296247132262181e-05,0.19119833400000008
SGPTL,4981,0.0011158343507755575,9.296247132262181e-05,0.19123666700000008
SGPTL,4982,0.00113895138125919,9.296247132262181e-05,0.19127354200000024
SGPTL,4983,0.0011757798054816693,9.296247132262181e-05,0.191310584
SGPTL,4984,0.0011365077967386839,9.296247132262181e-05,0.19134854200000007
SGPTL,4985,0.0010323804866692043,9.296247132262181e-05,0.19138529199999965
SGPTL,4986,0.0009624302261928008,9.296247132262181e-05,0.19142195900000036
SGPTL,4987,0.0009255128094856069,9.296247132262181e-05,0.19146020899999971
SGPTL,4988,0.0009621781638697868,9.296247132262181e-05,0.19149704199999995
SGPTL,4989,0.0010303789891574766,9.296247132262181e-05,0.19153374999999961
SGPTL,4990,0.001085322873386918,9.296247132262181e-05,0.19157183400000033
SGPTL,4991,0.0011706524486165826,9.296247132262181e-05,0.19160883400000017
SGPTL,4992,0.0010876234965322418,9.296247132262181e-05,0.19164537500000023
SGPTL,4993,0.0010525409609791758,9.296247132262181e-05,0.19168512500000023
SGPTL,4994,0.0010795870734323643,9.296247132262181e-05,0.1917227920000002
SGPTL,4995,0.0010900664386659376,9.296247132262181e-05,0.19176233399999987
SGPTL,4996,0.001016785215622651,9.296247132262181e-05,0.191799917
SGPTL,4997,0.0010299488207623497,9.296247132262181e-05,0.1918371670000001
SGPTL,4998,0.0010235853121711713,9.296247132262181e-05,0.19187524999999983
SGPTL,4999,0.0010269270066483038,9.296247132262181e-05,0.19191287499999987
SGPTL,5000,0.0010568314817931412,9.296247132262181e-05,0.19195087499999985
SGPTL,5001,0.0010469698369914848,9.296247132262181e-05,0.19198812499999995
SGPTL,5002,0.001094052925854072,9.296247132262181e-05,0.19202479199999978
SGPTL,5003,0.0012434981310611715,9.296247132262181e-05,0.19206295900000026
SGPTL,5004,0.0012641508809623225,9.296247132262181e-05,0.19209999999999994
SGPTL,5005,0.0012550867678551292,9.296247132262181e-05,0.1921364170000004
SGPTL,5006,0.0011176722581234255,9.296247132262181e-05,0.19217454200000006
SGPTL,5007,0.0010676147759460797,9.296247132262181e-05,0.19221158399999982
SGPTL,5008,0.0010659218213269206,9.296247132262181e-05,0.19224820899999973
SGPTL,5009,0.0010945229698249292,9.296247132262181e-05,0.19228633400000028
SGPTL,5010,0.0011026772300886112,9.296247132262181e-05,0.19232362500000022
SGPTL,5011,0.001139625819222445,9.296247132262181e-05,0.19236012500000044
SGPTL,5012,0.0012331975613992796,9.296247132262181e-05,0.19239820900000026
SGPTL,5013,0.0013126883114300547,9.296247132262181e-05,0.192436292
SGPTL,5014,0.0013396504527412034,9.296247132262181e-05,0.1924735420000001
SGPTL,5015,0.0012427571552149352,9.296247132262181e-05,0.1925106249999997
SGPTL,5016,0.0011964462098916773,9.296247132262181e-05,0.19254875000000027
SGPTL,5017,0.0011341022216324603,9.296247132262181e-05,0.19258562500000043
SGPTL,5018,0.0010935708795116739,9.296247132262181e-05,0.19262216699999968
SGPTL,5019,0.0010942946279808297,9.296247132262181e-05,0.19266045899999984
SGPTL,5020,0.0010815590233832495,9.296247132262181e-05,0.1926977919999997
SGPTL,5021,0.0011628294822951801,9.296247132262181e-05,0.19273416700000023
SGPTL,5022,0.0011866723313500582,9.296247132262181e-05,0.19277237499999966
SGPTL,5023,0.001220137908460206,9.296247132262181e-05,0.19280966699999968
SGPTL,5024,0.0012395055871534666,9.296247132262181e-05,0.1928463340000004
SGPTL,5025,0.0011556426343171111,9.296247132262181e-05,0.19288491699999977
SGPTL,5026,0.0010531665030528714,9.296247132262181e-05,0.1929223750000002
SGPTL,5027,0.0009442731137792038,9.296247132262181e-05,0.19295925000000036
SGPTL,5028,0.0009330306587536086,9.296247132262181e-05,0.1929973340000002
SGPTL,5029,0.00098453333456483,9.296247132262181e-05,0.19303404199999985
SGPTL,5030,0.001002158574087586,9.296247132262181e-05,0.1930712090000002
SGPTL,5031,0.0010842038072196303,9.296247132262181e-05,0.19310925
SGPTL,5032,0.001028242778568611,9.296247132262181e-05,0.19314624999999985
SGPTL,5033,0.0010579495797649052,9.296247132262181e-05,0.19318291699999968
SGPTL,5034,0.0010305942904083043,9.296247132262181e-05,0.19322149999999993
SGPTL,5035,0.0010412329115128127,9.296247132262181e-05,0.19325883399999988
SGPTL,5036,0.0009455457724163452,9.296247132262181e-05,0.19329541699999986
SGPTL,5037,0.000914329223645316,9.296247132262181e-05,0.1933334999999996
SGPTL,5038,0.0008471980829809489,9.296247132262181e-05,0.19337050000000033
SGPTL,5039,0.0008723622196680214,9.296247132262181e-05,0.19340729199999984
SGPTL,5040,0.000903593436317518,9.296247132262181e-05,0.19344550000000016
SGPTL,5041,0.0009390520027454663,9.296247132262181e-05,0.19348270900000042
SGPTL,5042,0.001013207200766697,9.296247132262181e-05,0.19352166699999973
SGPTL,5043,0.0009681991643586407,9.296247132262181e-05,0.19355879200000015
SGPTL,5044,0.0009130465696216561,9.296247132262181e-05,0.19359700000000046
SGPTL,5045,0.0008736198588792377,9.296247132262181e-05,0.19363404200000023
SGPTL,5046,0.0008776676210278112,9.296247132262181e-05,0.19367241700000015
SGPTL,5047,0.0008407472632598889,9.296247132262181e-05,0.1937103750000002
SGPTL,5048,0.0008426892295441135,9.296247132262181e-05,0.19374725000000037
SGPTL,5049,0.000882083292919944,9.296247132262181e-05,0.1937850000000001
SGPTL,5050,0.0008640377614632655,9.296247132262181e-05,0.19382329200000026
SGPTL,5051,0.0008712618583199827,9.296247132262181e-05,0.1938609170000003
SGPTL,5052,0.0008727477528425176,9.296247132262181e-05,0.193898334
SGPTL,5053,0.0008552903182148519,9.296247132262181e-05,0.1939360419999998
SGPTL,5054,0.0009364590864606726,9.296247132262181e-05,0.19397379200000042
SGPTL,5055,0.0010122913840149295,9.296247132262181e-05,0.1940132090000004
SGPTL,5056,0.001049537276742285,9.296247132262181e-05,0.19405045899999962
SGPTL,5057,0.001028034795561572,9.296247132262181e-05,0.19408724999999993
SGPTL,5058,0.000983845438172981,9.296247132262181e-05,0.1941257089999997
SGPTL,5059,0.0009921918597712853,9.296247132262181e-05,0.19416275000000027
SGPTL,5060,0.0009655904275733818,9.296247132262181e-05,0.19419920899999976
SGPTL,5061,0.0009406793458381912,9.296247132262181e-05,0.1942372920000004
SGPTL,5062,0.0009481058481688454,9.296247132262181e-05,0.19427445899999984
SGPTL,5063,0.0009811721201553603,9.296247132262181e-05,0.19431091700000014
SGPTL,5064,0.0010421102579294406,9.296247132262181e-05,0.19434916700000038
SGPTL,5065,0.0011034985116811225,9.296247132262181e-05,0.19438579200000028
SGPTL,5066,0.001107540761877246,9.296247132262181e-05,0.1944241670000002
SGPTL,5067,0.0010938662167387925,9.296247132262181e-05,0.19446183400000017
SGPTL,5068,0.0011054625381659022,9.296247132262181e-05,0.19450062499999987
SGPTL,5069,0.0011361884159137858,9.296247132262181e-05,0.19453883400000027
SGPTL,5070,0.0011100864518964748,9.296247132262181e-05,0.19457854200000035
SGPTL,5071,0.0010585554480193604,9.296247132262181e-05,0.19463358399999997
SGPTL,5072,0.0010115629457891906,9.296247132262181e-05,0.19467070900000039
SGPTL,5073,0.0009909258643732155,9.296247132262181e-05,0.1947088749999999
SGPTL,5074,0.0010472863903778773,9.296247132262181e-05,0.19476216700000037
SGPTL,5075,0.001034458750458045,9.296247132262181e-05,0.19480670899999986
SGPTL,5076,0.0009845454153560862,9.296247132262181e-05,0.1948443339999999
SGPTL,5077,0.000999614027789919,9.296247132262181e-05,0.1948825000000003
SGPTL,5078,0.0010254689305428943,9.296247132262181e-05,0.1949203749999997
SGPTL,5079,0.0010375328141143392,9.296247132262181e-05,0.19495770899999965
SGPTL,5080,0.0010317272216191498,9.296247132262181e-05,0.19499541700000034
SGPTL,5081,0.0011157322522359348,9.296247132262181e-05,0.1950337089999996
SGPTL,5082,0.0011359103806407589,9.296247132262181e-05,0.1950707920000001
SGPTL,5083,0.0011364636474739953,9.296247132262181e-05,0.19510845900000007
SGPTL,5084,0.00122110278617793,9.296247132262181e-05,0.1951465419999998
SGPTL,5085,0.001270235289116517,9.296247132262181e-05,0.1951833340000002
SGPTL,5086,0.001230699856623385,9.296247132262181e-05,0.19522083399999968
SGPTL,5087,0.0011738378628123325,9.296247132262181e-05,0.19525883399999966
SGPTL,5088,0.001059284237867164,9.296247132262181e-05,0.19529637499999986
SGPTL,5089,0.0010231052852289757,9.296247132262181e-05,0.19533516699999964
SGPTL,5090,0.0010084336974540697,9.296247132262181e-05,0.19538625000000032
SGPTL,5091,0.0010725310000769817,9.296247132262181e-05,0.195423334
SGPTL,5092,0.0010846497206251637,9.296247132262181e-05,0.1954615000000004
SGPTL,5093,0.0011224178487516667,9.296247132262181e-05,0.19549862499999993
SGPTL,5094,0.0011900398027622217,9.296247132262181e-05,0.195535209
SGPTL,5095,0.0012469995920487698,9.296247132262181e-05,0.1955732499999998
SGPTL,5096,0.00116929580033176,9.296247132262181e-05,0.19561075000000017
SGPTL,5097,0.0011939554680542308,9.296247132262181e-05,0.19564983400000013
SGPTL,5098,0.0011792908268823954,9.296247132262181e-05,0.19568962499999998
SGPTL,5099,0.0011048584085200375,9.296247132262181e-05,0.19572662499999982
SGPTL,5100,0.0010496466983789254,9.296247132262181e-05,0.19576420900000002
SGPTL,5101,0.0009505721119653643,9.296247132262181e-05,0.19580229199999977
SGPTL,5102,0.0009227694522411234,9.296247132262181e-05,0.19583962499999963
SGPTL,5103,0.0009243034887016499,9.296247132262181e-05,0.19587724999999967
SGPTL,5104,0.00093235732648278,9.296247132262181e-05,0.19591533400000039
SGPTL,5105,0.0008915712628363437,9.296247132262181e-05,0.19595208399999997
SGPTL,5106,0.000926359630113005,9.296247132262181e-05,0.19598979199999977
SGPTL,5107,0.0008725302681669156,9.296247132262181e-05,0.19602887499999966
SGPTL,5108,0.0008213524172715481,9.296247132262181e-05,0.19606608399999992
SGPTL,5109,0.0008078011327783408,9.296247132262181e-05,0.19610466700000018
SGPTL,5110,0.0008226137733009509,9.296247132262181e-05,0.19614333400000028
SGPTL,5111,0.000844646119804171,9.296247132262181e-05,0.19618237500000024
SGPTL,5112,0.0008484538754469639,9.296247132262181e-05,0.19621983399999987
SGPTL,5113,0.0007597323161387948,9.296247132262181e-05,0.19625933399999962
SGPTL,5114,0.000710095567265201,9.296247132262181e-05,0.19629662500000045
SGPTL,5115,0.0006699899261342068,9.296247132262181e-05,0.1963333340000002
SGPTL,5116,0.0006589597210111542,9.296247132262181e-05,0.1963714999999997
SGPTL,5117,0.0006373642736146046,9.296247132262181e-05,0.1964084589999997
SGPTL,5118,0.0005978493180420763,9.296247132262181e-05,0.19644499999999976
SGPTL,5119,0.0005659071839629881,9.296247132262181e-05,0.1964831250000003
SGPTL,5120,0.0005366955783745464,9.296247132262181e-05,0.19652062499999978
SGPTL,5121,0.0005412039324226292,9.296247132262181e-05,0.1965593339999998
SGPTL,5122,0.0005404613965604987,9.296247132262181e-05,0.196597959
SGPTL,5123,0.0005221915040358738,9.296247132262181e-05,0.19663683400000043
SGPTL,5124,0.00047854467448260607,9.296247132262181e-05,0.19668954199999966
SGPTL,5125,0.00045264730366145756,9.296247132262181e-05,0.19674054199999969
SGPTL,5126,0.00043910393309021245,9.296247132262181e-05,0.1967807920000002
SGPTL,5127,0.00042318773598459813,9.296247132262181e-05,0.19682033399999987
SGPTL,5128,0.0004160678791489403,9.296247132262181e-05,0.1968595000000004
SGPTL,5129,0.0004091824581751169,9.296247132262181e-05,0.19689733399999998
SGPTL,5130,0.00039591423740525933,9.296247132262181e-05,0.19693579199999967
SGPTL,5131,0.0003693716786341561,9.296247132262181e-05,0.19697333399999994
SGPTL,5132,0.0003358723799893326,9.296247132262181e-05,0.19701225000000022
SGPTL,5133,0.00032683976102743095,9.296247132262181e-05,0.1970510000000001
SGPTL,5134,0.0002979217241110277,9.296247132262181e-05,0.19709004200000013
SGPTL,5135,0.0002825033754896289,9.296247132262181e-05,0.19712883399999992
SGPTL,5136,0.00026762102218658157,9.296247132262181e-05,0.1971672919999996
SGPTL,5137,0.00025705364540518083,9.296247132262181e-05,0.19720387500000047
SGPTL,5138,0.0002540280104441628,9.296247132262181e-05,0.19724262500000034
SGPTL,5139,0.0002490566517012738,9.296247132262181e-05,0.19728179200000007
SGPTL,5140,0.0002336780757246082,9.296247132262181e-05,0.19731900000000024
SGPTL,5141,0.00022365063873275304,9.296247132262181e-05,0.19735574999999983
SGPTL,5142,0.00022591036209806958,9.296247132262181e-05,0.19739379199999973
SGPTL,5143,0.00022447234576583597,9.296247132262181e-05,0.19743045900000045
SGPTL,5144,0.0002194200492506848,9.296247132262181e-05,0.19746770899999966
SGPTL,5145,0.00020167001083359892,9.296247132262181e-05,0.1975057920000003
SGPTL,5146,0.0001888595923442704,9.296247132262181e-05,0.19754229199999962
SGPTL,5147,0.00017932393422359638,9.296247132262181e-05,0.1975810840000003
SGPTL,5148,0.00016103240940967822,9.296247132262181e-05,0.1976237919999999
SGPTL,5149,0.0001383676115707111,9.296247132262181e-05,0.19766174999999997
SGPTL,5150,0.00013390320640427333,9.296247132262181e-05,0.197700459
SGPTL,5151,0.00012885661758144096,9.296247132262181e-05,0.19774195900000002
SGPTL,5152,0.00012137923457666844,9.296247132262181e-05,0.19778045899999963
SGPTL,5153,0.00011402172072316752,9.296247132262181e-05,0.19781679200000024
SGPTL,5154,0.00010563198546420516,9.296247132262181e-05,0.19785562499999987
SGPTL,5155,0.00010211532368087362,9.296247132262181e-05,0.1978943339999999
SGPTL,5156,9.815174151328598e-05,9.296247132262181e-05,0.19793350000000043
SGPTL,5157,9.186357347346075e-05,9.186357347346075e-05,0.19797058400000012
SGPTL,5158,8.570322989376322e-05,8.570322989376322e-05,0.19800879200000043
SGPTL,5159,8.471347594030121e-05,8.471347594030121e-05,0.19804575000000035
SGPTL,5160,8.317108906874537e-05,8.317108906874537e-05,0.19808287499999988
SGPTL,5161,7.900732595889082e-05,7.900732595889082e-05,0.19812112500000012
SGPTL,5162,7.756752846033166e-05,7.756752846033166e-05,0.19815858399999975
SGPTL,5163,7.457111841135955e-05,7.457111841135955e-05,0.19819508399999997
SGPTL,5164,6.75038768325198e-05,6.75038768325198e-05,0.1982333340000002
SGPTL,5165,6.31464370604018e-05,6.31464370604018e-05,0.19827066700000007
SGPTL,5166,5.989427909769418e-05,5.989427909769418e-05,0.1983075000000003
SGPTL,5167,5.7293597897078996e-05,5.7293597897078996e-05,0.19834820899999972
SGPTL,5168,5.400245559128436e-05,5.400245559128436e-05,0.19838770900000036
SGPTL,5169,5.130209380244111e-05,5.130209380244111e-05,0.19842675000000032
SGPTL,5170,4.992504237066875e-05,4.992504237066875e-05,0.19846470900000046
SGPTL,5171,4.746575098613093e-05,4.746575098613093e-05,0.19850299999999965
SGPTL,5172,4.538131109188548e-05,4.538131109188548e-05,0.19854212500000035
SGPTL,5173,4.634095089794954e-05,4.538131109188548e-05,0.19858050000000027
SGPTL,5174,5.054103329005244e-05,4.538131109188548e-05,0.19861916700000037
SGPTL,5175,6.398932251849843e-05,4.538131109188548e-05,0.19865741699999973
SGPTL,5176,9.238153274582217e-05,4.538131109188548e-05,0.19869583400000046
SGPTL,5177,0.00013424590188160224,4.538131109188548e-05,0.198734709
SGPTL,5178,0.00019383493143365627,4.538131109188548e-05,0.19877220900000037
SGPTL,5179,0.0002436083690373625,4.538131109188548e-05,0.19881133400000017
SGPTL,5180,0.0002477485451464201,4.538131109188548e-05,0.19884858400000027
SGPTL,5181,0.0002676889876740418,4.538131109188548e-05,0.19888687500000035
SGPTL,5182,0.0002917796162944519,4.538131109188548e-05,0.1989259170000004
SGPTL,5183,0.0003375493626218695,4.538131109188548e-05,0.19896358400000036
SGPTL,5184,0.00040006230205902327,4.538131109188548e-05,0.1990007089999999
SGPTL,5185,0.0004463090090940369,4.538131109188548e-05,0.19903862500000002
SGPTL,5186,0.0005215165383543052,4.538131109188548e-05,0.19907666699999993
SGPTL,5187,0.0005611902486322151,4.538131109188548e-05,0.19911412500000036
SGPTL,5188,0.0005926528043991297,4.538131109188548e-05,0.19915141700000039
SGPTL,5189,0.000691859937228978,4.538131109188548e-05,0.19919058400000011
SGPTL,5190,0.0007587751123034892,4.538131109188548e-05,0.19922691699999984
SGPTL,5191,0.0007866736081663106,4.538131109188548e-05,0.19926479200000013
SGPTL,5192,0.0008790217293550562,4.538131109188548e-05,0.1993018339999999
SGPTL,5193,0.000895206913661406,4.538131109188548e-05,0.1993384589999998
SGPTL,5194,0.0009030188254968152,4.538131109188548e-05,0.19937625000000025
SGPTL,5195,0.000889054845001791,4.538131109188548e-05,0.19941333399999994
SGPTL,5196,0.0008955474536658237,4.538131109188548e-05,0.19945825000000017
SGPTL,5197,0.0008623269912872988,4.538131109188548e-05,0.19949733400000014
SGPTL,5198,0.0008706909087041748,4.538131109188548e-05,0.19953612499999984
SGPTL,5199,0.0009433078860174859,4.538131109188548e-05,0.1995756249999996
SGPTL,5200,0.0009075034961565365,4.538131109188548e-05,0.1996128749999997
SGPTL,5201,0.0009321832053279522,4.538131109188548e-05,0.19965120899999977
SGPTL,5202,0.0009290987195123002,4.538131109188548e-05,0.19968874999999997
SGPTL,5203,0.0009816855894246856,4.538131109188548e-05,0.19972758399999968
SGPTL,5204,0.0010157660381557854,4.538131109188548e-05,0.19976483399999978
SGPTL,5205,0.001067931790421861,4.538131109188548e-05,0.19980262500000023
SGPTL,5206,0.0010451657455174956,4.538131109188548e-05,0.19983937499999982
SGPTL,5207,0.0010956180879109212,4.538131109188548e-05,0.19987599999999972
SGPTL,5208,0.001022441570141197,4.538131109188548e-05,0.1999141670000002
SGPTL,5209,0.0011179957201106205,4.538131109188548e-05,0.19995100000000043
SGPTL,5210,0.0011006761918022079,4.538131109188548e-05,0.19998795900000044
SGPTL,5211,0.0010745649022434467,4.538131109188548e-05,0.20002595900000042
SGPTL,5212,0.0009758459927207142,4.538131109188548e-05,0.20006295900000026
SGPTL,5213,0.0009435322604007812,4.538131109188548e-05,0.20009966699999993
SGPTL,5214,0.0010189408807483868,4.538131109188548e-05,0.20013770899999983
SGPTL,5215,0.0010225348924060018,4.538131109188548e-05,0.20017437500000046
SGPTL,5216,0.001036925635762742,4.538131109188548e-05,0.20021112500000005
SGPTL,5217,0.0010356604086989574,4.538131109188548e-05,0.20024929199999963
SGPTL,5218,0.0010487162214753987,4.538131109188548e-05,0.20028645899999997
SGPTL,5219,0.0011144964224953924,4.538131109188548e-05,0.2003229590000002
SGPTL,5220,0.0011472964406176178,4.538131109188548e-05,0.20036329200000047
SGPTL,5221,0.001238790260549294,4.538131109188548e-05,0.20040100000000027
SGPTL,5222,0.0012154288341270636,4.538131109188548e-05,0.20043825000000037
SGPTL,5223,0.0011386439456317898,4.538131109188548e-05,0.2004769590000004
SGPTL,5224,0.001018616626503821,4.538131109188548e-05,0.20051462500000028
SGPTL,5225,0.0009703134830503224,4.538131109188548e-05,0.20055320899999973
SGPTL,5226,0.0009373235261744828,4.538131109188548e-05,0.20059229199999962
SGPTL,5227,0.0009239123263171667,4.538131109188548e-05,0.2006296670000003
SGPTL,5228,0.0010062782320701125,4.538131109188548e-05,0.20066616699999962
SGPTL,5229,0.0009885233987845243,4.538131109188548e-05,0.20070470900000004
SGPTL,5230,0.000988389107866361,4.538131109188548e-05,0.20074137499999978
SGPTL,5231,0.0011041695774129945,4.538131109188548e-05,0.200779292
SGPTL,5232,0.001261118396439942,4.538131109188548e-05,0.20081624999999992
SGPTL,5233,0.001181248689526182,4.538131109188548e-05,0.20085304200000031
SGPTL,5234,0.0010178595994443373,4.538131109188548e-05,0.20089379200000046
SGPTL,5235,0.0009503637313852398,4.538131109188548e-05,0.200934084
SGPTL,5236,0.0009416704955074184,4.538131109188548e-05,0.2009716250000002
SGPTL,5237,0.0010528131044087452,4.538131109188548e-05,0.20100941699999986
SGPTL,5238,0.001064316132477261,4.538131109188548e-05,0.2010461250000004
SGPTL,5239,0.0010934944774108057,4.538131109188548e-05,0.2010825839999999
SGPTL,5240,0.0011953200193848268,4.538131109188548e-05,0.20112041700000027
SGPTL,5241,0.0012005079605552638,4.538131109188548e-05,0.2011614589999997
SGPTL,5242,0.001258077672232183,4.538131109188548e-05,0.20119812500000034
SGPTL,5243,0.0013341820510182067,4.538131109188548e-05,0.20123504200000042
SGPTL,5244,0.001319141165702975,4.538131109188548e-05,0.2012729999999996
SGPTL,5245,0.0011870187592326609,4.538131109188548e-05,0.20131000000000032
SGPTL,5246,0.001215194380293383,4.538131109188548e-05,0.2013464169999999
SGPTL,5247,0.001220633295794693,4.538131109188548e-05,0.20138454200000044
SGPTL,5248,0.0012564187572192687,4.538131109188548e-05,0.20142145899999964
SGPTL,5249,0.0011787939003902181,4.538131109188548e-05,0.20145791699999993
SGPTL,5250,0.0012366254928921627,4.538131109188548e-05,0.20149583400000015
SGPTL,5251,0.0012489431074318436,4.538131109188548e-05,0.20153304200000033
SGPTL,5252,0.001195634752698016,4.538131109188548e-05,0.20156970900000015
SGPTL,5253,0.001158835019774651,4.538131109188548e-05,0.2016076670000002
SGPTL,5254,0.001123443247170286,4.538131109188548e-05,0.2016444169999998
SGPTL,5255,0.001177410563665493,4.538131109188548e-05,0.20168258400000028
SGPTL,5256,0.0012526041973952573,4.538131109188548e-05,0.20172045899999969
SGPTL,5257,0.0012612901672450771,4.538131109188548e-05,0.20175925000000028
SGPTL,5258,0.001241707180601459,4.538131109188548e-05,0.20179641699999973
SGPTL,5259,0.0013738110648973123,4.538131109188548e-05,0.20183462500000005
SGPTL,5260,0.0014401058755479923,4.538131109188548e-05,0.2018724169999997
SGPTL,5261,0.00150196889779175,4.538131109188548e-05,0.201910292
SGPTL,5262,0.0015454982897435965,4.538131109188548e-05,0.20194729199999983
SGPTL,5263,0.0014905901190906956,4.538131109188548e-05,0.2019838749999998
SGPTL,5264,0.0015455317456218864,4.538131109188548e-05,0.20202191699999972
SGPTL,5265,0.0015423351404990626,4.538131109188548e-05,0.20205874999999995
SGPTL,5266,0.001466450962003485,4.538131109188548e-05,0.20209566700000003
SGPTL,5267,0.0014557203193730217,4.538131109188548e-05,0.20213374999999978
SGPTL,5268,0.0015110350967688646,4.538131109188548e-05,0.20217066699999986
SGPTL,5269,0.0015194827438644865,4.538131109188548e-05,0.20220708400000031
SGPTL,5270,0.0014547228827139769,4.538131109188548e-05,0.20224495899999972
SGPTL,5271,0.0014155917479921065,4.538131109188548e-05,0.20228187499999972
SGPTL,5272,0.0013974171139270464,4.538131109188548e-05,0.20231854200000043
SGPTL,5273,0.0013541631092328643,4.538131109188548e-05,0.2023564999999996
SGPTL,5274,0.001292882072374324,4.538131109188548e-05,0.2023937499999997
SGPTL,5275,0.001317383044220355,4.538131109188548e-05,0.2024319590000001
SGPTL,5276,0.0013895700510926368,4.538131109188548e-05,0.2024699590000001
SGPTL,5277,0.0013766799316738965,4.538131109188548e-05,0.2025090839999999
SGPTL,5278,0.0012820111776783438,4.538131109188548e-05,0.2025458750000002
SGPTL,5279,0.0012495884634344812,4.538131109188548e-05,0.20258379200000043
SGPTL,5280,0.0013017130943018262,4.538131109188548e-05,0.2026206669999997
SGPTL,5281,0.0012814896969777223,4.538131109188548e-05,0.2026570000000003
SGPTL,5282,0.0012686771389667229,4.538131109188548e-05,0.20269491699999964
SGPTL,5283,0.0012241219249187196,4.538131109188548e-05,0.20273191700000037
SGPTL,5284,0.001192634955091476,4.538131109188548e-05,0.2027684169999997
SGPTL,5285,0.0011956724389032836,4.538131109188548e-05,0.20280637499999976
SGPTL,5286,0.0011499093513793746,4.538131109188548e-05,0.20284362499999986
SGPTL,5287,0.0010429910530023179,4.538131109188548e-05,0.20288120900000006
SGPTL,5288,0.0010518196606561503,4.538131109188548e-05,0.20291899999999963
SGPTL,5289,0.0010179191693620027,4.538131109188548e-05,0.20295583399999995
SGPTL,5290,0.0010548142782107472,4.538131109188548e-05,0.202993459
SGPTL,5291,0.0010696757009984736,4.538131109188548e-05,0.20303175000000007
SGPTL,5292,0.001038595914846674,4.538131109188548e-05,0.20306883399999975
SGPTL,5293,0.0010327723620053852,4.538131109188548e-05,0.2031057089999999
SGPTL,5294,0.0010560200872367087,4.538131109188548e-05,0.20314374999999973
SGPTL,5295,0.0011840150139987848,4.538131109188548e-05,0.2031808340000003
SGPTL,5296,0.001163178117566277,4.538131109188548e-05,0.20321875000000045
SGPTL,5297,0.0012270663827629313,4.538131109188548e-05,0.20325554199999996
SGPTL,5298,0.001287618599870033,4.538131109188548e-05,0.20329187499999968
SGPTL,5299,0.0013150342377299395,4.538131109188548e-05,0.20332974999999998
SGPTL,5300,0.0013907293638530938,4.538131109188548e-05,0.20336650000000045
SGPTL,5301,0.0014185626759544157,4.538131109188548e-05,0.20340329199999996
SGPTL,5302,0.0014730865459584574,4.538131109188548e-05,0.2034417089999998
SGPTL,5303,0.0014865187150561177,4.538131109188548e-05,0.20348158400000038
SGPTL,5304,0.0013854250286302605,4.538131109188548e-05,0.2035191249999997
SGPTL,5305,0.0012963964637395797,4.538131109188548e-05,0.20355683400000046
SGPTL,5306,0.0013284325458147173,4.538131109188548e-05,0.2035935000000002
SGPTL,5307,0.0012958950971850847,4.538131109188548e-05,0.2036302919999997
SGPTL,5308,0.0012580169567795174,4.538131109188548e-05,0.20366824999999977
SGPTL,5309,0.0012481163101905057,4.538131109188548e-05,0.2037057090000003
SGPTL,5310,0.0012526821414320377,4.538131109188548e-05,0.20374195900000025
SGPTL,5311,0.001407788677691535,4.538131109188548e-05,0.20377995900000023
SGPTL,5312,0.0013038779421243873,4.538131109188548e-05,0.2038168340000004
SGPTL,5313,0.001257468475733159,4.538131109188548e-05,0.2038531250000002
SGPTL,5314,0.0013623202251098476,4.538131109188548e-05,0.20389112500000017
SGPTL,5315,0.0014750670758651996,4.538131109188548e-05,0.20392787499999976
SGPTL,5316,0.001476336850615878,4.538131109188548e-05,0.20396445899999982
SGPTL,5317,0.0014748591587963045,4.538131109188548e-05,0.2040024589999998
SGPTL,5318,0.001450039672334702,4.538131109188548e-05,0.20403925000000012
SGPTL,5319,0.0014168636022553471,4.538131109188548e-05,0.20407566699999968
SGPTL,5320,0.001366594859321113,4.538131109188548e-05,0.20411362499999974
SGPTL,5321,0.0013542663383114828,4.538131109188548e-05,0.20415029200000046
SGPTL,5322,0.0014363036121951556,4.538131109188548e-05,0.2041882089999998
SGPTL,5323,0.0015239464726173324,4.538131109188548e-05,0.20422700000000038
SGPTL,5324,0.0014112445653997607,4.538131109188548e-05,0.20426595899999977
SGPTL,5325,0.0013646935459019627,4.538131109188548e-05,0.2043037090000004
SGPTL,5326,0.0014250500171661962,4.538131109188548e-05,0.20434154199999988
SGPTL,5327,0.001444002793287602,4.538131109188548e-05,0.2043784999999998
SGPTL,5328,0.001471144636404409,4.538131109188548e-05,0.20442366700000036
SGPTL,5329,0.0014091503558695262,4.538131109188548e-05,0.2044743750000002
SGPTL,5330,0.0013585898280747966,4.538131109188548e-05,0.20451183399999984
SGPTL,5331,0.0013866343668578196,4.538131109188548e-05,0.2045468340000003
SGPTL,5332,0.0012775918091956218,4.538131109188548e-05,0.2045844170000004
SGPTL,5333,0.001157505538522452,4.538131109188548e-05,0.20462091699999974
SGPTL,5334,0.0011361294473328787,4.538131109188548e-05,0.20465916699999998
SGPTL,5335,0.0011872607354015408,4.538131109188548e-05,0.2046960000000002
SGPTL,5336,0.0011947433496257709,4.538131109188548e-05,0.2047322920000001
SGPTL,5337,0.0012357939502321003,4.538131109188548e-05,0.20477029200000008
SGPTL,5338,0.0012343878587504076,4.538131109188548e-05,0.20480766699999986
SGPTL,5339,0.0012838587153960468,4.538131109188548e-05,0.20484562499999992
SGPTL,5340,0.0012298276737676694,4.538131109188548e-05,0.20488412500000042
SGPTL,5341,0.001196217419458634,4.538131109188548e-05,0.20492116700000018
SGPTL,5342,0.0011026669441773773,4.538131109188548e-05,0.20495912500000024
SGPTL,5343,0.001048751774808121,4.538131109188548e-05,0.20499562500000046
SGPTL,5344,0.0010180543618445448,4.538131109188548e-05,0.20503316699999985
SGPTL,5345,0.0009629642272825922,4.538131109188548e-05,0.20507087499999965
SGPTL,5346,0.0010404189327031244,4.538131109188548e-05,0.205109459
SGPTL,5347,0.0011626885902873418,4.538131109188548e-05,0.20514662500000025
SGPTL,5348,0.0012857767243126261,4.538131109188548e-05,0.20518462500000023
SGPTL,5349,0.0013686771183667457,4.538131109188548e-05,0.20522141699999974
SGPTL,5350,0.0014812200243463636,4.538131109188548e-05,0.20525791699999996
SGPTL,5351,0.0014042938776341884,4.538131109188548e-05,0.20529583400000018
SGPTL,5352,0.0012901714565285438,4.538131109188548e-05,0.2053327920000001
SGPTL,5353,0.001179274200717062,4.538131109188548e-05,0.20536933400000024
SGPTL,5354,0.0011060255205326275,4.538131109188548e-05,0.20540749999999974
SGPTL,5355,0.0011454728502746647,4.538131109188548e-05,0.20544420900000038
SGPTL,5356,0.0011677721684959508,4.538131109188548e-05,0.20548083400000028
SGPTL,5357,0.0011574193401302502,4.538131109188548e-05,0.20551875000000042
SGPTL,5358,0.001100638451952074,4.538131109188548e-05,0.205556584
SGPTL,5359,0.0011771578001742444,4.538131109188548e-05,0.2055933750000003
SGPTL,5360,0.0012753862827803442,4.538131109188548e-05,0.20563108400000019
SGPTL,5361,0.0012271917246267083,4.538131109188548e-05,0.2056684999999998
SGPTL,5362,0.0012324409739576936,4.538131109188548e-05,0.20570566700000015
SGPTL,5363,0.001167253817525804,4.538131109188548e-05,0.20574400000000015
SGPTL,5364,0.0012039429798824663,4.538131109188548e-05,0.20578174999999987
SGPTL,5365,0.0011387584823296937,4.538131109188548e-05,0.20582100000000025
SGPTL,5366,0.001206802090824688,4.538131109188548e-05,0.20586008400000022
SGPTL,5367,0.0011750378475403611,4.538131109188548e-05,0.20589879200000016
SGPTL,5368,0.0011576065413012593,4.538131109188548e-05,0.20593558399999967
SGPTL,5369,0.0012304419174489212,4.538131109188548e-05,0.20597354199999973
SGPTL,5370,0.0012497991330917557,4.538131109188548e-05,0.2060102920000002
SGPTL,5371,0.0013913847670214974,4.538131109188548e-05,0.20604679200000042
SGPTL,5372,0.0013689333048263475,4.538131109188548e-05,0.206084959
SGPTL,5373,0.0011658713665294584,4.538131109188548e-05,0.20612195899999985
SGPTL,5374,0.0011527748227888601,4.538131109188548e-05,0.2061600840000004
SGPTL,5375,0.0012004610821505501,4.538131109188548e-05,0.20619804200000047
SGPTL,5376,0.0012510858426284521,4.538131109188548e-05,0.20623637500000047
SGPTL,5377,0.0012660983112087187,4.538131109188548e-05,0.206274917
SGPTL,5378,0.0013717587680786014,4.538131109188548e-05,0.2063130839999996
SGPTL,5379,0.0014802084235179258,4.538131109188548e-05,0.2063498749999999
SGPTL,5380,0.0015338789319789825,4.538131109188548e-05,0.20638641700000004
SGPTL,5381,0.0014090478731043632,4.538131109188548e-05,0.2064247090000002
SGPTL,5382,0.0012759001672413284,4.538131109188548e-05,0.20646141699999987
SGPTL,5383,0.0012869374315420679,4.538131109188548e-05,0.20649787500000016
SGPTL,5384,0.0012397255209082303,4.538131109188548e-05,0.2065358340000003
SGPTL,5385,0.001203462297892921,4.538131109188548e-05,0.206572875
SGPTL,5386,0.0012570184388023264,4.538131109188548e-05,0.20660945900000005
SGPTL,5387,0.0012942484685738442,4.538131109188548e-05,0.20664720899999978
SGPTL,5388,0.0012895334176328266,4.538131109188548e-05,0.2066840000000001
SGPTL,5389,0.0015160046072786315,4.538131109188548e-05,0.2067205000000003
SGPTL,5390,0.0016568425160023992,4.538131109188548e-05,0.20675841699999964
SGPTL,5391,0.0015595465558364552,4.538131109188548e-05,0.20679604199999968
SGPTL,5392,0.0014770863092383735,4.538131109188548e-05,0.2068345840000001
SGPTL,5393,0.001472576093065836,4.538131109188548e-05,0.20687312500000044
SGPTL,5394,0.0013773300140926814,4.538131109188548e-05,0.2069120419999999
SGPTL,5395,0.0013525301553412028,4.538131109188548e-05,0.2069494169999997
SGPTL,5396,0.001229658411464385,4.538131109188548e-05,0.20698750000000032
SGPTL,5397,0.0012167509710279134,4.538131109188548e-05,0.20702445900000033
SGPTL,5398,0.0012704735085340424,4.538131109188548e-05,0.20706095899999966
SGPTL,5399,0.0013083900071269028,4.538131109188548e-05,0.2070988749999998
SGPTL,5400,0.0013682848773846068,4.538131109188548e-05,0.2071354999999997
SGPTL,5401,0.001514864243616687,4.538131109188548e-05,0.20717195900000007
SGPTL,5402,0.0015490514259646204,4.538131109188548e-05,0.20720983400000037
SGPTL,5403,0.0013495907069391855,4.538131109188548e-05,0.20724641700000035
SGPTL,5404,0.0012955434095496265,4.538131109188548e-05,0.20728300000000033
SGPTL,5405,0.0012646511339775568,4.538131109188548e-05,0.2073210000000003
SGPTL,5406,0.001269744102003978,4.538131109188548e-05,0.20735800000000015
SGPTL,5407,0.0013487657308339784,4.538131109188548e-05,0.20739433399999996
SGPTL,5408,0.00139651273982766,4.538131109188548e-05,0.20743229200000002
SGPTL,5409,0.0014455065413299106,4.538131109188548e-05,0.20746895899999984
SGPTL,5410,0.001410160194989185,4.538131109188548e-05,0.20750541700000014
SGPTL,5411,0.0014667012155147319,4.538131109188548e-05,0.2075426250000003
SGPTL,5412,0.0014977136062230834,4.538131109188548e-05,0.20757974999999984
SGPTL,5413,0.0014229162915952998,4.538131109188548e-05,0.20761845899999987
SGPTL,5414,0.0013546967882449579,4.538131109188548e-05,0.20765550000000044
SGPTL,5415,0.0013423409258037644,4.538131109188548e-05,0.20769337499999985
SGPTL,5416,0.001295929029547782,4.538131109188548e-05,0.2077300839999996
SGPTL,5417,0.0012407001877305923,4.538131109188548e-05,0.2077664170000002
SGPTL,5418,0.001215431337121542,4.538131109188548e-05,0.20780441700000019
SGPTL,5419,0.0013371936541972662,4.538131109188548e-05,0.20784112499999985
SGPTL,5420,0.0013607293332431603,4.538131109188548e-05,0.20787762500000007
SGPTL,5421,0.0013536418205379874,4.538131109188548e-05,0.20791562500000005
SGPTL,5422,0.0013152398049247616,4.538131109188548e-05,0.20795245900000037
SGPTL,5423,0.0014008089698440696,4.538131109188548e-05,0.20798891699999977
SGPTL,5424,0.0013835633512726542,4.538131109188548e-05,0.20802675000000015
SGPTL,5425,0.0014284821322239072,4.538131109188548e-05,0.20806379199999991
SGPTL,5426,0.001412627242142861,4.538131109188548e-05,0.20810033400000005
SGPTL,5427,0.0013430505984690644,4.538131109188548e-05,0.20813820900000035
SGPTL,5428,0.0012606828940722181,4.538131109188548e-05,0.20817512500000035
SGPTL,5429,0.0012700330904951151,4.538131109188548e-05,0.2082115
SGPTL,5430,0.001189331684981365,4.538131109188548e-05,0.20824941700000021
SGPTL,5431,0.0011741435554568636,4.538131109188548e-05,0.2082874170000002
SGPTL,5432,0.0012519386607716676,4.538131109188548e-05,0.2083248339999999
SGPTL,5433,0.001308750719123175,4.538131109188548e-05,0.20836324999999967
SGPTL,5434,0.0013665148025849838,4.538131109188548e-05,0.20840200000000042
SGPTL,5435,0.0013122885180640864,4.538131109188548e-05,0.20843929200000044
SGPTL,5436,0.0012438674319288356,4.538131109188548e-05,0.20847629200000029
SGPTL,5437,0.001243243727309551,4.538131109188548e-05,0.20851316700000044
SGPTL,5438,0.001306976589763531,4.538131109188548e-05,0.20855116700000043
SGPTL,5439,0.0012991016129895172,4.538131109188548e-05,0.20858779200000033
SGPTL,5440,0.0012307019642743278,4.538131109188548e-05,0.20862554200000005
SGPTL,5441,0.0012008981854545464,4.538131109188548e-05,0.20866358399999996
SGPTL,5442,0.001269535812345346,4.538131109188548e-05,0.20870000000000033
SGPTL,5443,0.0012362720352099288,4.538131109188548e-05,0.20873775000000006
SGPTL,5444,0.001255712419789834,4.538131109188548e-05,0.20877829199999987
SGPTL,5445,0.0011501532408302317,4.538131109188548e-05,0.2088183749999999
SGPTL,5446,0.0010824245118283837,4.538131109188548e-05,0.20885666700000005
SGPTL,5447,0.0010351602674156801,4.538131109188548e-05,0.2088941249999996
SGPTL,5448,0.0010287780990219098,4.538131109188548e-05,0.2089366669999997
SGPTL,5449,0.0010577864113288094,4.538131109188548e-05,0.20897375000000018
SGPTL,5450,0.001082930053675657,4.538131109188548e-05,0.20901133400000038
SGPTL,5451,0.0011779647193255194,4.538131109188548e-05,0.20904924999999963
SGPTL,5452,0.0012364520317587058,4.538131109188548e-05,0.20908604200000003
SGPTL,5453,0.0012161107265347137,4.538131109188548e-05,0.20912312499999963
SGPTL,5454,0.0012040446866303789,4.538131109188548e-05,0.20916116700000043
SGPTL,5455,0.0012030428244804714,4.538131109188548e-05,0.2091978750000001
SGPTL,5456,0.0011174133644828999,4.538131109188548e-05,0.20923429199999966
SGPTL,5457,0.0010925483134027747,4.538131109188548e-05,0.20927220899999988
SGPTL,5458,0.0011342991522866885,4.538131109188548e-05,0.20930912499999987
SGPTL,5459,0.0011611738082959455,4.538131109188548e-05,0.20934554200000033
SGPTL,5460,0.0011524563736751148,4.538131109188548e-05,0.2093835000000004
SGPTL,5461,0.0010657881910556277,4.538131109188548e-05,0.20942041700000047
SGPTL,5462,0.0010746464974813463,4.538131109188548e-05,0.20945670900000035
SGPTL,5463,0.001088965906213879,4.538131109188548e-05,0.20949429200000047
SGPTL,5464,0.0011877595152363085,4.538131109188548e-05,0.2095312920000003
SGPTL,5465,0.001260915312858879,4.538131109188548e-05,0.20956779199999964
SGPTL,5466,0.0012868800572070072,4.538131109188548e-05,0.20960508399999966
SGPTL,5467,0.0012253624193250268,4.538131109188548e-05,0.20964266699999978
SGPTL,5468,0.001300564368323931,4.538131109188548e-05,0.20968133399999989
SGPTL,5469,0.0012823029050783585,4.538131109188548e-05,0.20972029200000009
SGPTL,5470,0.0011977362848429873,4.538131109188548e-05,0.20975729199999993
SGPTL,5471,0.0011852344122089686,4.538131109188548e-05,0.20979383400000007
SGPTL,5472,0.0012163883589202396,4.538131109188548e-05,0.20983170900000037
SGPTL,5473,0.0012119837048771842,4.538131109188548e-05,0.20986858399999964
SGPTL,5474,0.0012666707546142852,4.538131109188548e-05,0.20990508399999985
SGPTL,5475,0.0013758201750517784,4.538131109188548e-05,0.20994308399999984
SGPTL,5476,0.0014542354436135607,4.538131109188548e-05,0.209979959
SGPTL,5477,0.0014706719853527783,4.538131109188548e-05,0.21001666699999966
SGPTL,5478,0.0013608483242149028,4.538131109188548e-05,0.21005458399999988
SGPTL,5479,0.0013259668941238978,4.538131109188548e-05,0.21009129200000043
SGPTL,5480,0.00134843536766871,4.538131109188548e-05,0.21012812499999978
SGPTL,5481,0.0014011206424613398,4.538131109188548e-05,0.21016629200000025
SGPTL,5482,0.001342550974790635,4.538131109188548e-05,0.2102026669999999
SGPTL,5483,0.0013821281635491012,4.538131109188548e-05,0.21023904200000043
SGPTL,5484,0.001435338863739144,4.538131109188548e-05,0.21027712500000018
SGPTL,5485,0.0015199761318818172,4.538131109188548e-05,0.21031383399999992
SGPTL,5486,0.0014318908543899944,4.538131109188548e-05,0.21035224999999969
SGPTL,5487,0.001328716713953737,4.538131109188548e-05,0.21039558400000047
SGPTL,5488,0.0014059299624091803,4.538131109188548e-05,0.21044033400000028
SGPTL,5489,0.0013429534573674573,4.538131109188548e-05,0.21048591699999974
SGPTL,5490,0.0012941615586439248,4.538131109188548e-05,0.21052570899999967
SGPTL,5491,0.0013143858017841126,4.538131109188548e-05,0.2105633339999997
SGPTL,5492,0.0012544984061177988,4.538131109188548e-05,0.21060029199999963
SGPTL,5493,0.0012232312631996756,4.538131109188548e-05,0.21063879200000013
SGPTL,5494,0.0013043170971405171,4.538131109188548e-05,0.21067604200000023
SGPTL,5495,0.001370982323417369,4.538131109188548e-05,0.21071491699999978
SGPTL,5496,0.0013346605878616913,4.538131109188548e-05,0.21075350000000004
SGPTL,5497,0.0012739343721377416,4.538131109188548e-05,0.210792584
SGPTL,5498,0.001346668536174267,4.538131109188548e-05,0.2108316669999999
SGPTL,5499,0.001442145088726976,4.538131109188548e-05,0.2108695840000001
SGPTL,5500,0.0012731091814126572,4.538131109188548e-05,0.21090691699999997
SGPTL,5501,0.0012532032174117358,4.538131109188548e-05,0.2109440420000004
SGPTL,5502,0.0013041474852493184,4.538131109188548e-05,0.21098224999999982
SGPTL,5503,0.001298036625088539,4.538131109188548e-05,0.21101924999999966
SGPTL,5504,0.001288354132445324,4.538131109188548e-05,0.21105591700000037
SGPTL,5505,0.0012257980438290517,4.538131109188548e-05,0.21109416699999972
SGPTL,5506,0.0013211679691957912,4.538131109188548e-05,0.21113099999999996
SGPTL,5507,0.0014111021656666445,4.538131109188548e-05,0.21116933400000004
SGPTL,5508,0.0013744597277662862,4.538131109188548e-05,0.21120754200000036
SGPTL,5509,0.001264727913263819,4.538131109188548e-05,0.21124554200000034
SGPTL,5510,0.0012894338975697472,4.538131109188548e-05,0.2112850420000001
SGPTL,5511,0.0013350332236152784,4.538131109188548e-05,0.21132300000000015
SGPTL,5512,0.0012655061965998193,4.538131109188548e-05,0.2113597089999999
SGPTL,5513,0.0012365812157539846,4.538131109188548e-05,0.21139783400000045
SGPTL,5514,0.0012577864200267186,4.538131109188548e-05,0.21143479200000037
SGPTL,5515,0.0012518295681043234,4.538131109188548e-05,0.21147141700000027
SGPTL,5516,0.001292897932086312,4.538131109188548e-05,0.2115079590000004
SGPTL,5517,0.0012846714786958202,4.538131109188548e-05,0.21154600000000023
SGPTL,5518,0.0013954017323929424,4.538131109188548e-05,0.21158529199999965
SGPTL,5519,0.00138509750808824,4.538131109188548e-05,0.21162066700000004
SGPTL,5520,0.0012984184708269009,4.538131109188548e-05,0.21165766699999988
SGPTL,5521,0.0011920475562563482,4.538131109188548e-05,0.21169450000000012
SGPTL,5522,0.0011764931477808993,4.538131109188548e-05,0.21174958399999966
SGPTL,5523,0.0012034777420051324,4.538131109188548e-05,0.21179424999999963
SGPTL,5524,0.0011793528250134688,4.538131109188548e-05,0.21183104200000002
SGPTL,5525,0.0012663920079072355,4.538131109188548e-05,0.21186925000000034
SGPTL,5526,0.0013005610155740754,4.538131109188548e-05,0.2119064169999998
SGPTL,5527,0.0013628804498964087,4.538131109188548e-05,0.21194308399999962
SGPTL,5528,0.00144337444707765,4.538131109188548e-05,0.21198129199999993
SGPTL,5529,0.0014653104694639651,4.538131109188548e-05,0.21201837500000043
SGPTL,5530,0.0014111765319917424,4.538131109188548e-05,0.21205508400000017
SGPTL,5531,0.0013624299783847604,4.538131109188548e-05,0.21209337500000025
SGPTL,5532,0.0012561400775976672,4.538131109188548e-05,0.21213062500000035
SGPTL,5533,0.001191294819947064,4.538131109188548e-05,0.2121673340000001
SGPTL,5534,0.0011714970434222316,4.538131109188548e-05,0.2122056670000001
SGPTL,5535,0.0011212847220156696,4.538131109188548e-05,0.21224391700000034
SGPTL,5536,0.0011695936654163575,4.538131109188548e-05,0.21228129200000012
SGPTL,5537,0.0013367245503430603,4.538131109188548e-05,0.2123180419999997
SGPTL,5538,0.0015022188615685383,4.538131109188548e-05,0.21236145900000025
SGPTL,5539,0.0014856283878157406,4.538131109188548e-05,0.2124015840000002
SGPTL,5540,0.0014411031167169686,4.538131109188548e-05,0.21243879200000038
SGPTL,5541,0.001488780712697313,4.538131109188548e-05,0.2124754590000002
SGPTL,5542,0.0014554704882154823,4.538131109188548e-05,0.21251370900000044
SGPTL,5543,0.0015669157204831752,4.538131109188548e-05,0.21255091699999973
SGPTL,5544,0.0015863003377392104,4.538131109188548e-05,0.2125878339999998
SGPTL,5545,0.0014675767958813868,4.538131109188548e-05,0.21262604200000013
SGPTL,5546,0.0012240124419209408,4.538131109188548e-05,0.21266312499999973
SGPTL,5547,0.0011244396753693486,4.538131109188548e-05,0.21270074999999977
SGPTL,5548,0.001129264812067765,4.538131109188548e-05,0.21274124999999966
SGPTL,5549,0.0012265972664704528,4.538131109188548e-05,0.21278079200000022
SGPTL,5550,0.0013555041931105904,4.538131109188548e-05,0.21281899999999965
SGPTL,5551,0.0013054183492733351,4.538131109188548e-05,0.21285808399999961
SGPTL,5552,0.0013452902243051845,4.538131109188548e-05,0.21289754200000033
SGPTL,5553,0.0013397170213120813,4.538131109188548e-05,0.21293495900000003
SGPTL,5554,0.0013478635672761197,4.538131109188548e-05,0.21297299999999986
SGPTL,5555,0.0013290485902648363,4.538131109188548e-05,0.21300991699999994
SGPTL,5556,0.001280698850197215,4.538131109188548e-05,0.21304691699999978
SGPTL,5557,0.0013008059064338884,4.538131109188548e-05,0.2130852919999997
SGPTL,5558,0.0012359269587007837,4.538131109188548e-05,0.2131223750000002
SGPTL,5559,0.0012121608571660225,4.538131109188548e-05,0.21315887500000041
SGPTL,5560,0.001166628156300309,4.538131109188548e-05,0.21319700000000008
SGPTL,5561,0.001168995537965456,4.538131109188548e-05,0.21323408399999977
SGPTL,5562,0.001124271649622255,4.538131109188548e-05,0.2132707500000004
SGPTL,5563,0.0011949800929280663,4.538131109188548e-05,0.21330883400000022
SGPTL,5564,0.0012076640660594329,4.538131109188548e-05,0.21334570900000038
SGPTL,5565,0.0011791059206487375,4.538131109188548e-05,0.2133834170000002
SGPTL,5566,0.0012277468064922914,4.538131109188548e-05,0.2134214590000001
SGPTL,5567,0.00125925484175049,4.538131109188548e-05,0.21345983400000001
SGPTL,5568,0.0012703464306778045,4.538131109188548e-05,0.21349716699999988
SGPTL,5569,0.001214057579623784,4.538131109188548e-05,0.21353358400000033
SGPTL,5570,0.0011417573233765133,4.538131109188548e-05,0.21357195900000026
SGPTL,5571,0.0011504695579196422,4.538131109188548e-05,0.21360937499999988
SGPTL,5572,0.0010985836398158533,4.538131109188548e-05,0.21364608399999963
SGPTL,5573,0.001115249823921527,4.538131109188548e-05,0.21368425000000002
SGPTL,5574,0.0011294200907274732,4.538131109188548e-05,0.21372641700000017
SGPTL,5575,0.0010863651911128258,4.538131109188548e-05,0.21376366700000027
SGPTL,5576,0.0010916724917708898,4.538131109188548e-05,0.21380091700000037
SGPTL,5577,0.0012282020315610431,4.538131109188548e-05,0.21383904200000003
SGPTL,5578,0.0012348770512500273,4.538131109188548e-05,0.21387599999999996
SGPTL,5579,0.0012379976861232045,4.538131109188548e-05,0.2139125420000001
SGPTL,5580,0.0012620336207609384,4.538131109188548e-05,0.2139508750000001
SGPTL,5581,0.001192745516216176,4.538131109188548e-05,0.21398799999999962
SGPTL,5582,0.0012863314884037358,4.538131109188548e-05,0.2140246250000004
SGPTL,5583,0.0013094569593534722,4.538131109188548e-05,0.21406275000000008
SGPTL,5584,0.0012656365583405549,4.538131109188548e-05,0.21409979199999984
SGPTL,5585,0.0011760999713266163,4.538131109188548e-05,0.2141365000000004
SGPTL,5586,0.0011334165524004014,4.538131109188548e-05,0.21417479199999967
SGPTL,5587,0.001181573867007124,4.538131109188548e-05,0.2142128750000003
SGPTL,5588,0.0012645467695868717,4.538131109188548e-05,0.21425020900000025
SGPTL,5589,0.0013857366959548756,4.538131109188548e-05,0.21428699999999967
SGPTL,5590,0.0014266270363596512,4.538131109188548e-05,0.2143253749999996
SGPTL,5591,0.0013310448561396626,4.538131109188548e-05,0.2143628340000001
SGPTL,5592,0.0012734966716301255,4.538131109188548e-05,0.21439945900000001
SGPTL,5593,0.0012937502926428923,4.538131109188548e-05,0.21443758399999968
SGPTL,5594,0.001227684186710043,4.538131109188548e-05,0.21449183400000038
SGPTL,5595,0.0012702591349027514,4.538131109188548e-05,0.2145293749999997
SGPTL,5596,0.0012820462945344335,4.538131109188548e-05,0.21456583400000007
SGPTL,5597,0.0011644274304620783,4.538131109188548e-05,0.2146038749999999
SGPTL,5598,0.0012228133737259839,4.538131109188548e-05,0.2146412919999996
SGPTL,5599,0.0013195581747627028,4.538131109188548e-05,0.2146779590000003
SGPTL,5600,0.001354894880990054,4.538131109188548e-05,0.21471649999999975
SGPTL,5601,0.0013521489753967053,4.538131109188548e-05,0.2147538339999997
SGPTL,5602,0.001359539143521049,4.538131109188548e-05,0.21479237500000004
SGPTL,5603,0.0013347912515198068,4.538131109188548e-05,0.21483095900000038
SGPTL,5604,0.001349797639012884,4.538131109188548e-05,0.21486949999999982
SGPTL,5605,0.001371220934971884,4.538131109188548e-05,0.21490841700000018
SGPTL,5606,0.0012924960243614336,4.538131109188548e-05,0.21494783400000017
SGPTL,5607,0.0012297449485396683,4.538131109188548e-05,0.2149844999999999
SGPTL,5608,0.0011953951353103065,4.538131109188548e-05,0.21502262500000047
SGPTL,5609,0.001228624497646269,4.538131109188548e-05,0.21505937500000005
SGPTL,5610,0.0012886673362462187,4.538131109188548e-05,0.21509579199999962
SGPTL,5611,0.0013168750220529102,4.538131109188548e-05,0.2151338340000004
SGPTL,5612,0.0013498633511837,4.538131109188548e-05,0.21517070899999968
SGPTL,5613,0.0013749515445078409,4.538131109188548e-05,0.2152070420000003
SGPTL,5614,0.001478927532807095,4.538131109188548e-05,0.21524487499999978
SGPTL,5615,0.001369711933981499,4.538131109188548e-05,0.2152817090000001
SGPTL,5616,0.001322193638223057,4.538131109188548e-05,0.21531825000000016
SGPTL,5617,0.0013029288558308316,4.538131109188548e-05,0.21535629200000006
SGPTL,5618,0.0013974763475399499,4.538131109188548e-05,0.21539295899999988
SGPTL,5619,0.001415540122534864,4.538131109188548e-05,0.21543012500000014
SGPTL,5620,0.0013881294648858677,4.538131109188548e-05,0.21546829199999973
SGPTL,5621,0.0014550338463856782,4.538131109188548e-05,0.2155056249999996
SGPTL,5622,0.0014517002016631864,4.538131109188548e-05,0.2155428749999997
SGPTL,5623,0.0015097711097689093,4.538131109188548e-05,0.21557991700000034
SGPTL,5624,0.0015066831580567985,4.538131109188548e-05,0.2156180000000001
SGPTL,5625,0.001435307800928598,4.538131109188548e-05,0.21565487500000025
SGPTL,5626,0.0014330457103330918,4.538131109188548e-05,0.21569070900000042
SGPTL,5627,0.001453619741479617,4.538131109188548e-05,0.2157291670000001
SGPTL,5628,0.001453895887511436,4.538131109188548e-05,0.2157668749999999
SGPTL,5629,0.001448190630206403,4.538131109188548e-05,0.2158053750000004
SGPTL,5630,0.0014026035393965852,4.538131109188548e-05,0.21584395899999986
SGPTL,5631,0.0015191799689593388,4.538131109188548e-05,0.215883292
SGPTL,5632,0.0015140851831483282,4.538131109188548e-05,0.21592020900000009
SGPTL,5633,0.0014202312753075486,4.538131109188548e-05,0.2159577920000002
SGPTL,5634,0.0014668964727784228,4.538131109188548e-05,0.2159956249999997
SGPTL,5635,0.0015000706512546813,4.538131109188548e-05,0.21603204200000015
SGPTL,5636,0.0014398477030879153,4.538131109188548e-05,0.21606866700000005
SGPTL,5637,0.0013655200641662368,4.538131109188548e-05,0.21610679199999971
SGPTL,5638,0.0012618467989473636,4.538131109188548e-05,0.2161439999999999
SGPTL,5639,0.001143930815519667,4.538131109188548e-05,0.21618091699999997
SGPTL,5640,0.0010688820959219303,4.538131109188548e-05,0.21621879200000027
SGPTL,5641,0.0011641229896546257,4.538131109188548e-05,0.21625537500000025
SGPTL,5642,0.0012910985682037524,4.538131109188548e-05,0.21629429199999972
SGPTL,5643,0.0012459587802244876,4.538131109188548e-05,0.21633141700000014
SGPTL,5644,0.0012967443346818541,4.538131109188548e-05,0.21636933400000036
SGPTL,5645,0.0013260809378361493,4.538131109188548e-05,0.2164063340000002
SGPTL,5646,0.0012469386326707799,4.538131109188548e-05,0.2164427919999996
SGPTL,5647,0.001341466927352375,4.538131109188548e-05,0.21648062499999998
SGPTL,5648,0.0012685672763379507,4.538131109188548e-05,0.21651766699999975
SGPTL,5649,0.0013578398824427573,4.538131109188548e-05,0.21655545900000028
SGPTL,5650,0.0012981569541994364,4.538131109188548e-05,0.2165935000000001
SGPTL,5651,0.0011897275928451911,4.538131109188548e-05,0.21663049999999995
SGPTL,5652,0.0010753443431317233,4.538131109188548e-05,0.21666762500000036
SGPTL,5653,0.001076977057193007,4.538131109188548e-05,0.21670612499999997
SGPTL,5654,0.001027826487877359,4.538131109188548e-05,0.21674320899999966
SGPTL,5655,0.0011043926944342974,4.538131109188548e-05,0.21678179199999992
SGPTL,5656,0.0011688315317743836,4.538131109188548e-05,0.21681920899999962
SGPTL,5657,0.0012476932608440627,4.538131109188548e-05,0.21685554200000023
SGPTL,5658,0.0012076332400978718,4.538131109188548e-05,0.21689233399999974
SGPTL,5659,0.0012179087355490559,4.538131109188548e-05,0.21693033399999972
SGPTL,5660,0.001119374174794352,4.538131109188548e-05,0.21696716699999996
SGPTL,5661,0.0010867577383080196,4.538131109188548e-05,0.21700345899999984
SGPTL,5662,0.0010917365449527594,4.538131109188548e-05,0.21704129200000022
SGPTL,5663,0.0010268029833029324,4.538131109188548e-05,0.21707816700000038
SGPTL,5664,0.0010323658722417584,4.538131109188548e-05,0.2171167089999999
SGPTL,5665,0.0011059539296036647,4.538131109188548e-05,0.21715433399999995
SGPTL,5666,0.0011352559420281239,4.538131109188548e-05,0.21719262500000003
SGPTL,5667,0.0011578357480548362,4.538131109188548e-05,0.21723191700000033
SGPTL,5668,0.0012325676037825417,4.538131109188548e-05,0.21726920900000035
SGPTL,5669,0.0012613088452806398,4.538131109188548e-05,0.21730583400000025
SGPTL,5670,0.001285718086233345,4.538131109188548e-05,0.2173437500000004
SGPTL,5671,0.0013689697486909402,4.538131109188548e-05,0.21738066700000047
SGPTL,5672,0.001288824751592088,4.538131109188548e-05,0.21741787499999976
SGPTL,5673,0.0012368551773820347,4.538131109188548e-05,0.2174558339999999
SGPTL,5674,0.0012200265991042514,4.538131109188548e-05,0.21749258400000038
SGPTL,5675,0.0011155006684560043,4.538131109188548e-05,0.21752904199999978
SGPTL,5676,0.0011612634604738492,4.538131109188548e-05,0.21756683400000032
SGPTL,5677,0.0011045088957459814,4.538131109188548e-05,0.21760350000000006
SGPTL,5678,0.0010984489260059682,4.538131109188548e-05,0.2176402089999998
SGPTL,5679,0.001118549878115438,4.538131109188548e-05,0.2176779169999996
SGPTL,5680,0.0011177568751892242,4.538131109188548e-05,0.2177143749999999
SGPTL,5681,0.001112377970313938,4.538131109188548e-05,0.21775204199999987
SGPTL,5682,0.0011960018170502629,4.538131109188548e-05,0.21778895899999995
SGPTL,5683,0.0011968925512926276,4.538131109188548e-05,0.21782770899999981
SGPTL,5684,0.0012459921201681823,4.538131109188548e-05,0.2178647920000003
SGPTL,5685,0.0013097303589844067,4.538131109188548e-05,0.21790266699999972
SGPTL,5686,0.0014225214799954422,4.538131109188548e-05,0.21793929199999962
SGPTL,5687,0.0013680471306161124,4.538131109188548e-05,0.21797608400000001
SGPTL,5688,0.001347264263103387,4.538131109188548e-05,0.2180139590000003
SGPTL,5689,0.0012768517389418754,4.538131109188548e-05,0.21805066699999998
SGPTL,5690,0.0011794230738257916,4.538131109188548e-05,0.21808704199999962
SGPTL,5691,0.0011828343198194702,4.538131109188548e-05,0.21812466699999966
SGPTL,5692,0.0011248130921095445,4.538131109188548e-05,0.2181624590000002
SGPTL,5693,0.0011822775767358351,4.538131109188548e-05,0.2181997090000003
SGPTL,5694,0.0011880496055467482,4.538131109188548e-05,0.21823637500000004
SGPTL,5695,0.0011223267512605606,4.538131109188548e-05,0.218274042
SGPTL,5696,0.0012634742774633168,4.538131109188548e-05,0.2183105000000003
SGPTL,5697,0.001279663058836089,4.538131109188548e-05,0.21834799999999976
SGPTL,5698,0.0014004687600612797,4.538131109188548e-05,0.21838575000000038
SGPTL,5699,0.0015314761083611295,4.538131109188548e-05,0.21842233400000044
SGPTL,5700,0.001491608187552007,4.538131109188548e-05,0.21846379199999966
SGPTL,5701,0.00150215006785559,4.538131109188548e-05,0.2185019170000002
SGPTL,5702,0.0015155845047845062,4.538131109188548e-05,0.2185391670000003
SGPTL,5703,0.0014573072260124498,4.538131109188548e-05,0.21857633399999976
SGPTL,5704,0.0013670766436570947,4.538131109188548e-05,0.21861283399999998
SGPTL,5705,0.001266823547831697,4.538131109188548e-05,0.21865070900000028
SGPTL,5706,0.0012057766531872183,4.538131109188548e-05,0.21868979200000016
SGPTL,5707,0.001200800378146294,4.538131109188548e-05,0.21872675000000008
SGPTL,5708,0.0012848976560260184,4.538131109188548e-05,0.21876445899999997
SGPTL,5709,0.0013396862934711429,4.538131109188548e-05,0.21880233400000026
SGPTL,5710,0.0013638027687830068,4.538131109188548e-05,0.218839
SGPTL,5711,0.001457792567048699,4.538131109188548e-05,0.21887666699999997
SGPTL,5712,0.0015570947938343682,4.538131109188548e-05,0.21891466699999995
SGPTL,5713,0.0015704425781537523,4.538131109188548e-05,0.21895179200000037
SGPTL,5714,0.0015192848359060207,4.538131109188548e-05,0.21899041699999966
SGPTL,5715,0.0014654943411822607,4.538131109188548e-05,0.21902825000000004
SGPTL,5716,0.0014891480578340666,4.538131109188548e-05,0.21906720900000032
SGPTL,5717,0.001329426299663261,4.538131109188548e-05,0.21910620900000044
SGPTL,5718,0.0012714106035014439,4.538131109188548e-05,0.21914562500000034
SGPTL,5719,0.0013261821543162355,4.538131109188548e-05,0.21918300000000013
SGPTL,5720,0.0012739901436478185,4.538131109188548e-05,0.2192195840000002
SGPTL,5721,0.00133417534059177,4.538131109188548e-05,0.2192577499999997
SGPTL,5722,0.0013823424031407239,4.538131109188548e-05,0.21929475000000043
SGPTL,5723,0.0012951356870212205,4.538131109188548e-05,0.21933120899999992
SGPTL,5724,0.001305744560730293,4.538131109188548e-05,0.2193693750000003
SGPTL,5725,0.0012793739879555233,4.538131109188548e-05,0.21940729199999964
SGPTL,5726,0.0012955298315981967,4.538131109188548e-05,0.21944429200000037
SGPTL,5727,0.0012392354541175266,4.538131109188548e-05,0.2194826670000003
SGPTL,5728,0.0012822929004827621,4.538131109188548e-05,0.21952058399999963
SGPTL,5729,0.0012368430298228539,4.538131109188548e-05,0.21955783399999973
SGPTL,5730,0.0013108516872017972,4.538131109188548e-05,0.21959499999999998
SGPTL,5731,0.0013477566591317824,4.538131109188548e-05,0.21963145900000036
SGPTL,5732,0.0013621166199977441,4.538131109188548e-05,0.2196682919999997
SGPTL,5733,0.0013946277943102103,4.538131109188548e-05,0.2197064590000002
SGPTL,5734,0.001367298461270261,4.538131109188548e-05,0.2197430840000001
SGPTL,5735,0.0013315525629313818,4.538131109188548e-05,0.21977962500000015
SGPTL,5736,0.0013670429783800842,4.538131109188548e-05,0.21981745899999972
SGPTL,5737,0.0013542475886771932,4.538131109188548e-05,0.21985441699999964
SGPTL,5738,0.0012417210890285357,4.538131109188548e-05,0.21989079200000017
SGPTL,5739,0.001263785855482702,4.538131109188548e-05,0.21992845900000013
SGPTL,5740,0.0013057070412754168,4.538131109188548e-05,0.21996545899999997
SGPTL,5741,0.0012601385842681,4.538131109188548e-05,0.22000183399999962
SGPTL,5742,0.0012553175554415041,4.538131109188548e-05,0.22004
SGPTL,5743,0.0012502911646148362,4.538131109188548e-05,0.22007666699999984
SGPTL,5744,0.0012098691832858055,4.538131109188548e-05,0.22011408400000043
SGPTL,5745,0.0012307682326913039,4.538131109188548e-05,0.22015195899999984
SGPTL,5746,0.0012473300868196535,4.538131109188548e-05,0.2201890000000004
SGPTL,5747,0.0013538004336124398,4.538131109188548e-05,0.22022554199999966
SGPTL,5748,0.0014360905867525364,4.538131109188548e-05,0.2202633340000002
SGPTL,5749,0.0014186316521933584,4.538131109188548e-05,0.22030029200000012
SGPTL,5750,0.0013596836358742426,4.538131109188548e-05,0.22033833400000002
SGPTL,5751,0.0013936708515864815,4.538131109188548e-05,0.22037720900000046
SGPTL,5752,0.0013228871331814052,4.538131109188548e-05,0.22041441699999975
SGPTL,5753,0.001283057183528502,4.538131109188548e-05,0.22045604200000035
SGPTL,5754,0.0012666114111907767,4.538131109188548e-05,0.22049091700000023
SGPTL,5755,0.0012945885744359842,4.538131109188548e-05,0.22052758400000005
SGPTL,5756,0.0014011447863122584,4.538131109188548e-05,0.22056570899999972
SGPTL,5757,0.00141184392144722,4.538131109188548e-05,0.22060299999999966
SGPTL,5758,0.0014790717301318423,4.538131109188548e-05,0.22064020899999992
SGPTL,5759,0.0016192821000295954,4.538131109188548e-05,0.2206785
SGPTL,5760,0.0015175389609067835,4.538131109188548e-05,0.22071541700000008
SGPTL,5761,0.0014675638655992085,4.538131109188548e-05,0.22075416699999995
SGPTL,5762,0.0013632034408219695,4.538131109188548e-05,0.2207925839999998
SGPTL,5763,0.0012245825028078805,4.538131109188548e-05,0.22082995900000046
SGPTL,5764,0.001094368043961902,4.538131109188548e-05,0.22086691700000038
SGPTL,5765,0.0011269751874052325,4.538131109188548e-05,0.22090333399999995
SGPTL,5766,0.001220493701828751,4.538131109188548e-05,0.22094099999999983
SGPTL,5767,0.0012067506719002363,4.538131109188548e-05,0.22097766699999966
SGPTL,5768,0.0011873641283317582,4.538131109188548e-05,0.22101645900000033
SGPTL,5769,0.0011602987204337722,4.538131109188548e-05,0.22105429199999982
SGPTL,5770,0.0011493620032756446,4.538131109188548e-05,0.2210918340000001
SGPTL,5771,0.0012505849894439702,4.538131109188548e-05,0.2211328339999996
SGPTL,5772,0.001267122833076506,4.538131109188548e-05,0.22117129200000019
SGPTL,5773,0.0012777609853753535,4.538131109188548e-05,0.22121033400000023
SGPTL,5774,0.001294834959316038,4.538131109188548e-05,0.22124866700000023
SGPTL,5775,0.0012884970041893151,4.538131109188548e-05,0.22128637500000004
SGPTL,5776,0.001241421812373078,4.538131109188548e-05,0.22132495900000038
SGPTL,5777,0.0013201458103861974,4.538131109188548e-05,0.22136195900000022
SGPTL,5778,0.0012731643403582904,4.538131109188548e-05,0.22140108400000003
SGPTL,5779,0.0012845297754966456,4.538131109188548e-05,0.22143591699999998
SGPTL,5780,0.0012011957488393676,4.538131109188548e-05,0.22147324999999984
SGPTL,5781,0.0011456233104947255,4.538131109188548e-05,0.221510125
SGPTL,5782,0.0011211919581450847,4.538131109188548e-05,0.22154679199999983
SGPTL,5783,0.0011811967495303222,4.538131109188548e-05,0.22158474999999989
SGPTL,5784,0.0012070089186004829,4.538131109188548e-05,0.22162162500000004
SGPTL,5785,0.0012394562690136723,4.538131109188548e-05,0.22165999999999997
SGPTL,5786,0.0012585415825703272,4.538131109188548e-05,0.22169779199999962
SGPTL,5787,0.001335846749151992,4.538131109188548e-05,0.22173662500000013
SGPTL,5788,0.0013473323647710256,4.538131109188548e-05,0.22177295899999994
SGPTL,5789,0.0013227793279881883,4.538131109188548e-05,0.22181195900000006
SGPTL,5790,0.0011904479043920446,4.538131109188548e-05,0.22184925
SGPTL,5791,0.001186613700617567,4.538131109188548e-05,0.22191325000000006
SGPTL,5792,0.0011819585899943696,4.538131109188548e-05,0.22195083400000026
SGPTL,5793,0.0011247052495810816,4.538131109188548e-05,0.2219887500000004
SGPTL,5794,0.0011404692039900244,4.538131109188548e-05,0.22202529199999965
SGPTL,5795,0.0011336136536912456,4.538131109188548e-05,0.2220621249999999
SGPTL,5796,0.0011654487663541602,4.538131109188548e-05,0.22210025000000044
SGPTL,5797,0.0012829271019458854,4.538131109188548e-05,0.22213720900000045
SGPTL,5798,0.001309501513707012,4.538131109188548e-05,0.2221748339999996
SGPTL,5799,0.0012335647173875586,4.538131109188548e-05,0.22221241699999972
SGPTL,5800,0.0012265089890965974,4.538131109188548e-05,0.22224929199999988
SGPTL,5801,0.0011540218106165234,4.538131109188548e-05,0.22228583400000002
SGPTL,5802,0.0012115442660878273,4.538131109188548e-05,0.22232379200000008
SGPTL,5803,0.0012250319367417273,4.538131109188548e-05,0.2223606250000003
SGPTL,5804,0.0012722417361157312,4.538131109188548e-05,0.2223970839999998
SGPTL,5805,0.0013881267648765405,4.538131109188548e-05,0.2224352500000002
SGPTL,5806,0.0014323369837399014,4.538131109188548e-05,0.22247208399999963
SGPTL,5807,0.0013408567544646033,4.538131109188548e-05,0.22250870900000042
SGPTL,5808,0.0012700655998474364,4.538131109188548e-05,0.2225467090000004
SGPTL,5809,0.001272493543666764,4.538131109188548e-05,0.22258329200000038
SGPTL,5810,0.0012339176113078665,4.538131109188548e-05,0.2226205419999996
SGPTL,5811,0.0012203688091938503,4.538131109188548e-05,0.2226587499999999
SGPTL,5812,0.001148993957650335,4.538131109188548e-05,0.22269620900000042
SGPTL,5813,0.0011794377733136407,4.538131109188548e-05,0.22273254200000014
SGPTL,5814,0.0011924188111751555,4.538131109188548e-05,0.22277037499999963
SGPTL,5815,0.0012109500753909597,4.538131109188548e-05,0.2228071250000001
SGPTL,5816,0.0013041037599301752,4.538131109188548e-05,0.2228434589999999
SGPTL,5817,0.0013820156800186112,4.538131109188548e-05,0.2228814589999999
SGPTL,5818,0.0013423752880659112,4.538131109188548e-05,0.22291833400000005
SGPTL,5819,0.001481440777284515,4.538131109188548e-05,0.2229549999999998
SGPTL,5820,0.0013660261570174193,4.538131109188548e-05,0.22299333399999988
SGPTL,5821,0.0011734616055441016,4.538131109188548e-05,0.22303062499999982
SGPTL,5822,0.0011456373295504196,4.538131109188548e-05,0.22306966699999986
SGPTL,5823,0.001207910136553636,4.538131109188548e-05,0.22310691699999996
SGPTL,5824,0.0012229739822884333,4.538131109188548e-05,0.22314395899999973
SGPTL,5825,0.0012747413513838346,4.538131109188548e-05,0.22318029200000034
SGPTL,5826,0.0013449959854179294,4.538131109188548e-05,0.22322270899999985
SGPTL,5827,0.0013442595249972822,4.538131109188548e-05,0.22325962499999985
SGPTL,5828,0.0013016083274652868,4.538131109188548e-05,0.2232965
SGPTL,5829,0.001369131006508928,4.538131109188548e-05,0.22333458399999984
SGPTL,5830,0.0014613779572443253,4.538131109188548e-05,0.22337141700000007
SGPTL,5831,0.0016010820261529446,4.538131109188548e-05,0.2234077499999998
SGPTL,5832,0.0015884392646556833,4.538131109188548e-05,0.22344587500000035
SGPTL,5833,0.0015016375223222411,4.538131109188548e-05,0.22348291700000011
SGPTL,5834,0.00153900757946146,4.538131109188548e-05,0.2235193750000004
SGPTL,5835,0.001532686434719821,4.538131109188548e-05,0.22355733399999966
SGPTL,5836,0.0014225451982592396,4.538131109188548e-05,0.22359420899999982
SGPTL,5837,0.001373132834978641,4.538131109188548e-05,0.22363058400000035
SGPTL,5838,0.0013842761899609535,4.538131109188548e-05,0.22366858400000034
SGPTL,5839,0.0013976127164512242,4.538131109188548e-05,0.22370587500000028
SGPTL,5840,0.0013789810020603532,4.538131109188548e-05,0.22374374999999969
SGPTL,5841,0.001492814762007466,4.538131109188548e-05,0.22378258400000028
SGPTL,5842,0.0015054139433607894,4.538131109188548e-05,0.22381962499999997
SGPTL,5843,0.0015555617029638924,4.538131109188548e-05,0.22385750000000026
SGPTL,5844,0.0015755718622063597,4.538131109188548e-05,0.22389445900000027
SGPTL,5845,0.001519619732307742,4.538131109188548e-05,0.22393100000000032
SGPTL,5846,0.0013472811463250967,4.538131109188548e-05,0.22396904200000023
SGPTL,5847,0.0012596572865088973,4.538131109188548e-05,0.22400604200000007
SGPTL,5848,0.0012816247137155123,4.538131109188548e-05,0.2240425420000003
SGPTL,5849,0.001361229824151211,4.538131109188548e-05,0.22408062500000003
SGPTL,5850,0.0013963971484649562,4.538131109188548e-05,0.22411745900000035
SGPTL,5851,0.0013591098837757443,4.538131109188548e-05,0.2241540000000004
SGPTL,5852,0.001248162904099459,4.538131109188548e-05,0.22419220899999992
SGPTL,5853,0.0012122065536035453,4.538131109188548e-05,0.2242289590000004
SGPTL,5854,0.00123627233712309,4.538131109188548e-05,0.22426533400000004
SGPTL,5855,0.0013233168472250867,4.538131109188548e-05,0.22430304199999984
SGPTL,5856,0.0014110041619197489,4.538131109188548e-05,0.22433995899999992
SGPTL,5857,0.001549989128098339,4.538131109188548e-05,0.22437641700000022
SGPTL,5858,0.0015563772612186,4.538131109188548e-05,0.22441449999999996
SGPTL,5859,0.0014957506916257746,4.538131109188548e-05,0.2244537089999996
SGPTL,5860,0.0015407934754469998,4.538131109188548e-05,0.22449150000000007
SGPTL,5861,0.0015144898893009184,4.538131109188548e-05,0.2245300840000004
SGPTL,5862,0.0014225929537292625,4.538131109188548e-05,0.2245684170000004
SGPTL,5863,0.0013816729637781133,4.538131109188548e-05,0.22460575000000027
SGPTL,5864,0.001400817328608417,4.538131109188548e-05,0.22464450000000014
SGPTL,5865,0.0013716492468849317,4.538131109188548e-05,0.22468345900000042
SGPTL,5866,0.0014035093476221228,4.538131109188548e-05,0.22472037500000042
SGPTL,5867,0.0013541618687691326,4.538131109188548e-05,0.22475716699999992
SGPTL,5868,0.0013599966755257764,4.538131109188548e-05,0.22479520899999983
SGPTL,5869,0.0012975061871660643,4.538131109188548e-05,0.224832084
SGPTL,5870,0.0012682681683049424,4.538131109188548e-05,0.2248684169999997
SGPTL,5871,0.0012494435827181682,4.538131109188548e-05,0.22490625000000009
SGPTL,5872,0.0012638674042222409,4.538131109188548e-05,0.2249430419999996
SGPTL,5873,0.0012468722142089383,4.538131109188548e-05,0.22497958399999973
SGPTL,5874,0.0012293867127133318,4.538131109188548e-05,0.2250174170000001
SGPTL,5875,0.001215123362653836,4.538131109188548e-05,0.22505441699999995
SGPTL,5876,0.001139879029214308,4.538131109188548e-05,0.22509087500000025
SGPTL,5877,0.0011196443465966155,4.538131109188548e-05,0.2251288340000004
SGPTL,5878,0.0011292900642259074,4.538131109188548e-05,0.22516554200000005
SGPTL,5879,0.001143038284162845,4.538131109188548e-05,0.22520245900000013
SGPTL,5880,0.0011707811848378213,4.538131109188548e-05,0.22524037500000027
SGPTL,5881,0.0011353998658065745,4.538131109188548e-05,0.22527729200000035
SGPTL,5882,0.001140596033192054,4.538131109188548e-05,0.2253138339999996
SGPTL,5883,0.001188685305299364,4.538131109188548e-05,0.22535129200000004
SGPTL,5884,0.0012177749567467977,4.538131109188548e-05,0.22538899999999984
SGPTL,5885,0.001124932233447895,4.538131109188548e-05,0.22542754200000026
SGPTL,5886,0.001179377139648885,4.538131109188548e-05,0.22546599999999994
SGPTL,5887,0.001141493861207099,4.538131109188548e-05,0.22550420900000034
SGPTL,5888,0.0011137216820409357,4.538131109188548e-05,0.22554270899999995
SGPTL,5889,0.0011195547515989723,4.538131109188548e-05,0.22558112499999972
SGPTL,5890,0.0010900920447893814,4.538131109188548e-05,0.22562012499999984
SGPTL,5891,0.001118393027216058,4.538131109188548e-05,0.2256573340000001
SGPTL,5892,0.001135157058099967,4.538131109188548e-05,0.2256950419999999
SGPTL,5893,0.0011392261388225577,4.538131109188548e-05,0.225732292
SGPTL,5894,0.0012127675202115995,4.538131109188548e-05,0.2257715840000003
SGPTL,5895,0.0012620191874885833,4.538131109188548e-05,0.22580845900000046
SGPTL,5896,0.0011710285626824746,4.538131109188548e-05,0.22584508400000036
SGPTL,5897,0.001165343324827539,4.538131109188548e-05,0.22588324999999987
SGPTL,5898,0.0010790416125752156,4.538131109188548e-05,0.22592033400000044
SGPTL,5899,0.001140680742871103,4.538131109188548e-05,0.22595679199999985
SGPTL,5900,0.0011990782724813354,4.538131109188548e-05,0.22599483399999976
SGPTL,5901,0.001186480009638169,4.538131109188548e-05,0.22603187500000033
SGPTL,5902,0.0012250066799253112,4.538131109188548e-05,0.22606912500000043
SGPTL,5903,0.0011753236405391831,4.538131109188548e-05,0.22610708399999968
SGPTL,5904,0.0012167367305437882,4.538131109188548e-05,0.2261442090000001
SGPTL,5905,0.0013628639626341865,4.538131109188548e-05,0.2261823749999996
SGPTL,5906,0.0014281186228228826,4.538131109188548e-05,0.22622020900000006
SGPTL,5907,0.0013365564598331048,4.538131109188548e-05,0.22625700000000037
SGPTL,5908,0.001336143548780644,4.538131109188548e-05,0.2262949169999997
SGPTL,5909,0.0012944701889443522,4.538131109188548e-05,0.22633416700000009
SGPTL,5910,0.0011835396544344068,4.538131109188548e-05,0.2263702089999997
SGPTL,5911,0.0011672834202380855,4.538131109188548e-05,0.2264082089999997
SGPTL,5912,0.001178027061788267,4.538131109188548e-05,0.22644525000000026
SGPTL,5913,0.0012310852008141637,4.538131109188548e-05,0.22648154200000015
SGPTL,5914,0.0012890249505090878,4.538131109188548e-05,0.22651954200000013
SGPTL,5915,0.0013804984026326572,4.538131109188548e-05,0.22655666699999966
SGPTL,5916,0.0013983166576982953,4.538131109188548e-05,0.22659362500000046
SGPTL,5917,0.0014058177385403159,4.538131109188548e-05,0.22663145900000004
SGPTL,5918,0.001329100114659143,4.538131109188548e-05,0.2266702089999999
SGPTL,5919,0.0012206077705307905,4.538131109188548e-05,0.22670866700000047
SGPTL,5920,0.0012313699024240066,4.538131109188548e-05,0.2267470420000004
SGPTL,5921,0.0013087503745479179,4.538131109188548e-05,0.22678129200000008
SGPTL,5922,0.0014553680860691642,4.538131109188548e-05,0.22681829199999992
SGPTL,5923,0.0014985940359324434,4.538131109188548e-05,0.22685624999999998
SGPTL,5924,0.001581995807561798,4.538131109188548e-05,0.2268936669999997
SGPTL,5925,0.0014923238220945212,4.538131109188548e-05,0.22693020899999983
SGPTL,5926,0.0014639942734466782,4.538131109188548e-05,0.22696791699999963
SGPTL,5927,0.0014079623606775282,4.538131109188548e-05,0.2270047919999998
SGPTL,5928,0.0013251869486037293,4.538131109188548e-05,0.2270414169999997
SGPTL,5929,0.0012743792565659273,4.538131109188548e-05,0.22707925000000007
SGPTL,5930,0.0012587222160740374,4.538131109188548e-05,0.22711908399999992
SGPTL,5931,0.001291958062909604,4.538131109188548e-05,0.22715604199999984
SGPTL,5932,0.0012774353342812628,4.538131109188548e-05,0.2271941670000004
SGPTL,5933,0.0012564557198992965,4.538131109188548e-05,0.22723083400000021
SGPTL,5934,0.0013095161160161517,4.538131109188548e-05,0.22726783400000006
SGPTL,5935,0.0013622393486314444,4.538131109188548e-05,0.2273067089999996
SGPTL,5936,0.0014353418297201603,4.538131109188548e-05,0.22734354199999984
SGPTL,5937,0.0015004755846594886,4.538131109188548e-05,0.22738045899999992
SGPTL,5938,0.0015473690219725,4.538131109188548e-05,0.22741833400000022
SGPTL,5939,0.001413994666433105,4.538131109188548e-05,0.22745574999999985
SGPTL,5940,0.001477571756273388,4.538131109188548e-05,0.2274944999999997
SGPTL,5941,0.0013571284748044032,4.538131109188548e-05,0.2275326670000002
SGPTL,5942,0.001279645267295182,4.538131109188548e-05,0.2275691249999996
SGPTL,5943,0.0011603495129757224,4.538131109188548e-05,0.22760758400000025
SGPTL,5944,0.00113499585328114,4.538131109188548e-05,0.22764716699999976
SGPTL,5945,0.0011253252326173246,4.538131109188548e-05,0.22768441699999986
SGPTL,5946,0.0011601726488952302,4.538131109188548e-05,0.227720959
SGPTL,5947,0.0012142900176095317,4.538131109188548e-05,0.2277588340000003
SGPTL,5948,0.0013373419584694624,4.538131109188548e-05,0.2277957500000003
SGPTL,5949,0.0013957030663558356,4.538131109188548e-05,0.22783200000000026
SGPTL,5950,0.0013596265900905902,4.538131109188548e-05,0.2278696250000003
SGPTL,5951,0.0013304514313436933,4.538131109188548e-05,0.2279064169999998
SGPTL,5952,0.0013153327081503186,4.538131109188548e-05,0.227945042
SGPTL,5953,0.0012955192007710892,4.538131109188548e-05,0.2279821249999996
SGPTL,5954,0.0012832867360526024,4.538131109188548e-05,0.22802308400000015
SGPTL,5955,0.0012316777516210298,4.538131109188548e-05,0.22806279200000024
SGPTL,5956,0.0012291373568298347,4.538131109188548e-05,0.22810379199999975
SGPTL,5957,0.0013297009713377772,4.538131109188548e-05,0.2281409590000001
SGPTL,5958,0.0012525283008513188,4.538131109188548e-05,0.2281827500000002
SGPTL,5959,0.0012466409662006406,4.538131109188548e-05,0.228221542
SGPTL,5960,0.0013280428560396018,4.538131109188548e-05,0.22826054200000012
SGPTL,5961,0.0013572600576927663,4.538131109188548e-05,0.2282979169999999
SGPTL,5962,0.0013252593727930417,4.538131109188548e-05,0.22833441700000012
SGPTL,5963,0.0013508105115926927,4.538131109188548e-05,0.22837229200000042
SGPTL,5964,0.0013122699004686211,4.538131109188548e-05,0.22840908399999993
SGPTL,5965,0.0013221944878474279,4.538131109188548e-05,0.22844758400000043
SGPTL,5966,0.0013193518829013318,4.538131109188548e-05,0.22848512499999973
SGPTL,5967,0.001240623060763113,4.538131109188548e-05,0.22852425000000043
SGPTL,5968,0.0011803103894771905,4.538131109188548e-05,0.2285633340000004
SGPTL,5969,0.0011920668728966355,4.538131109188548e-05,0.22860224999999978
SGPTL,5970,0.0012742143054023103,4.538131109188548e-05,0.22863987499999983
SGPTL,5971,0.0012733835272602523,4.538131109188548e-05,0.22867766700000036
SGPTL,5972,0.00120119074504621,4.538131109188548e-05,0.22871462500000028
SGPTL,5973,0.0012205259734470175,4.538131109188548e-05,0.22875329200000039
SGPTL,5974,0.001345235897191488,4.538131109188548e-05,0.2287905419999996
SGPTL,5975,0.0014051255296827492,4.538131109188548e-05,0.22882629199999993
SGPTL,5976,0.001454831462942785,4.538131109188548e-05,0.22886291699999983
SGPTL,5977,0.0015385542163273147,4.538131109188548e-05,0.2289008749999999
SGPTL,5978,0.0017238407225392827,4.538131109188548e-05,0.22893745899999995
SGPTL,5979,0.0015472247459431543,4.538131109188548e-05,0.2289741249999997
SGPTL,5980,0.0014103026629332938,4.538131109188548e-05,0.22901195900000015
SGPTL,5981,0.0013203618213162294,4.538131109188548e-05,0.22904904199999976
SGPTL,5982,0.0012543778152567242,4.538131109188548e-05,0.22908554199999998
SGPTL,5983,0.001234162453017884,4.538131109188548e-05,0.22912354199999996
SGPTL,5984,0.0012557950799578776,4.538131109188548e-05,0.22916091699999974
SGPTL,5985,0.0012683593646536373,4.538131109188548e-05,0.22919745899999988
SGPTL,5986,0.001296852169748064,4.538131109188548e-05,0.2292386249999998
SGPTL,5987,0.0012268208629038213,4.538131109188548e-05,0.2292754170000002
SGPTL,5988,0.0012654832310436959,4.538131109188548e-05,0.22931370900000037
SGPTL,5989,0.0013434756727099817,4.538131109188548e-05,0.2293602090000002
SGPTL,5990,0.0014269294685860245,4.538131109188548e-05,0.22939966700000003
SGPTL,5991,0.0013695170507863619,4.538131109188548e-05,0.22943650000000027
SGPTL,5992,0.001343082343232993,4.538131109188548e-05,0.22947454200000017
SGPTL,5993,0.001273713473078697,4.538131109188548e-05,0.22951191699999995
SGPTL,5994,0.001277941694775464,4.538131109188548e-05,0.22954929199999974
SGPTL,5995,0.001235719066573271,4.538131109188548e-05,0.2295880419999996
SGPTL,5996,0.0012021756970268527,4.538131109188548e-05,0.22962633399999977
SGPTL,5997,0.0012631588864384646,4.538131109188548e-05,0.22966433399999975
SGPTL,5998,0.0013464338979114476,4.538131109188548e-05,0.22970112500000006
SGPTL,5999,0.0012222858313237772,4.538131109188548e-05,0.22973754199999963
SGPTL,6000,0.0011836755374536878,4.538131109188548e-05,0.2297757090000001
SGPTL,6001,0.0011984058361029781,4.538131109188548e-05,0.22981270899999995
SGPTL,6002,0.001213728567920791,4.538131109188548e-05,0.22984916700000024
SGPTL,6003,0.001236712559678832,4.538131109188548e-05,0.22988725
SGPTL,6004,0.0012185188882405384,4.538131109188548e-05,0.22992433399999967
SGPTL,6005,0.001200242108127636,4.538131109188548e-05,0.2299608339999999
SGPTL,6006,0.0011215957095227491,4.538131109188548e-05,0.22999908400000013
SGPTL,6007,0.001116943535066861,4.538131109188548e-05,0.23003683399999986
SGPTL,6008,0.0012351528719489746,4.538131109188548e-05,0.23007379199999978
SGPTL,6009,0.0012335058169530289,4.538131109188548e-05,0.23011079199999962
SGPTL,6010,0.0012843966477671387,4.538131109188548e-05,0.2301488340000004
SGPTL,6011,0.0013338446373589719,4.538131109188548e-05,0.23018554200000008
SGPTL,6012,0.0013102228837613694,4.538131109188548e-05,0.2302220420000003
SGPTL,6013,0.0013173923241900365,4.538131109188548e-05,0.23025995899999963
SGPTL,6014,0.0012773002323298588,4.538131109188548e-05,0.23029679199999986
SGPTL,6015,0.0012330802016393694,4.538131109188548e-05,0.23033337499999984
SGPTL,6016,0.001280259282078422,4.538131109188548e-05,0.23037158400000024
SGPTL,6017,0.0012602690170051556,4.538131109188548e-05,0.23040858400000008
SGPTL,6018,0.0012543562229652139,4.538131109188548e-05,0.23044487499999988
SGPTL,6019,0.0012872168844482168,4.538131109188548e-05,0.23048287499999986
SGPTL,6020,0.0012586385051789328,4.538131109188548e-05,0.23051929200000032
SGPTL,6021,0.0012504806889663822,4.538131109188548e-05,0.2305575839999996
SGPTL,6022,0.0011798490447421095,4.538131109188548e-05,0.2305948339999997
SGPTL,6023,0.0011854305438812052,4.538131109188548e-05,0.23063312499999977
SGPTL,6024,0.001191245514262862,4.538131109188548e-05,0.23067133400000017
SGPTL,6025,0.0011082689512353916,4.538131109188548e-05,0.230709375
SGPTL,6026,0.0010735724140156222,4.538131109188548e-05,0.23074700000000004
SGPTL,6027,0.0011448686862072233,4.538131109188548e-05,0.23078458400000024
SGPTL,6028,0.001210063266692707,4.538131109188548e-05,0.23082195900000002
SGPTL,6029,0.001218186964682122,4.538131109188548e-05,0.23085929199999988
SGPTL,6030,0.0010941066670886457,4.538131109188548e-05,0.23089837499999977
SGPTL,6031,0.001027776378909051,4.538131109188548e-05,0.23093562499999987
SGPTL,6032,0.0011262437805155123,4.538131109188548e-05,0.23097333399999975
SGPTL,6033,0.0012048697972000255,4.538131109188548e-05,0.23101000000000038
SGPTL,6034,0.0011734472864777246,4.538131109188548e-05,0.23104658400000044
SGPTL,6035,0.0012443686825176492,4.538131109188548e-05,0.23108458400000043
SGPTL,6036,0.001278843684058506,4.538131109188548e-05,0.23112166700000003
SGPTL,6037,0.0012376057851257727,4.538131109188548e-05,0.23115829199999993
SGPTL,6038,0.0011982359499063122,4.538131109188548e-05,0.23119629199999991
SGPTL,6039,0.0012142957442287106,4.538131109188548e-05,0.23123300000000047
SGPTL,6040,0.0011813879307642772,4.538131109188548e-05,0.2312702919999996
SGPTL,6041,0.0011623048922655421,4.538131109188548e-05,0.23130837500000023
SGPTL,6042,0.0013036256430087878,4.538131109188548e-05,0.23134470900000004
SGPTL,6043,0.00138756965106146,4.538131109188548e-05,0.23138170899999988
SGPTL,6044,0.0014649935617336851,4.538131109188548e-05,0.23141966699999994
SGPTL,6045,0.0014471644176403675,4.538131109188548e-05,0.2314565420000001
SGPTL,6046,0.0015356245059461315,4.538131109188548e-05,0.23149291699999974
SGPTL,6047,0.0014629830936956356,4.538131109188548e-05,0.23153124999999974
SGPTL,6048,0.001310271367784166,4.538131109188548e-05,0.23156816699999982
SGPTL,6049,0.0012250921323189168,4.538131109188548e-05,0.23160483399999965
SGPTL,6050,0.0012448106799856085,4.538131109188548e-05,0.23164316699999965
SGPTL,6051,0.0012570522279953256,4.538131109188548e-05,0.23168058400000024
SGPTL,6052,0.0012596862580407375,4.538131109188548e-05,0.2317180419999998
SGPTL,6053,0.0013592645724400665,4.538131109188548e-05,0.23175695900000015
SGPTL,6054,0.0013723011140671648,4.538131109188548e-05,0.2317936249999999
SGPTL,6055,0.001348911139289255,4.538131109188548e-05,0.23183145900000035
SGPTL,6056,0.0014648686657241505,4.538131109188548e-05,0.23186841700000027
SGPTL,6057,0.0015329433827364625,4.538131109188548e-05,0.23190466700000023
SGPTL,6058,0.0015247653347771895,4.538131109188548e-05,0.2319426250000003
SGPTL,6059,0.0014170395411206016,4.538131109188548e-05,0.2319794169999998
SGPTL,6060,0.0013647981555244826,4.538131109188548e-05,0.23201595899999994
SGPTL,6061,0.0013978648189980625,4.538131109188548e-05,0.23205370899999966
SGPTL,6062,0.0013713309644272087,4.538131109188548e-05,0.23209029199999964
SGPTL,6063,0.0013512812898355264,4.538131109188548e-05,0.23212683399999978
SGPTL,6064,0.0013632184399610114,4.538131109188548e-05,0.23216479199999984
SGPTL,6065,0.0013316423548492828,4.538131109188548e-05,0.23220162500000008
SGPTL,6066,0.0013404444968747597,4.538131109188548e-05,0.23223804199999964
SGPTL,6067,0.0012859911779516953,4.538131109188548e-05,0.23227587500000002
SGPTL,6068,0.001305099738375226,4.538131109188548e-05,0.23231275000000018
SGPTL,6069,0.00135111875070959,4.538131109188548e-05,0.23234900000000014
SGPTL,6070,0.0013864691863858525,4.538131109188548e-05,0.23238674999999986
SGPTL,6071,0.0014433254111183569,4.538131109188548e-05,0.23242350000000034
SGPTL,6072,0.001394015218509903,4.538131109188548e-05,0.23246204199999987
SGPTL,6073,0.001500322548449784,4.538131109188548e-05,0.23249974999999967
SGPTL,6074,0.0015692321098406126,4.538131109188548e-05,0.23253974999999993
SGPTL,6075,0.0014351342329539385,4.538131109188548e-05,0.23257837500000011
SGPTL,6076,0.0013522609050808931,4.538131109188548e-05,0.2326159170000004
SGPTL,6077,0.0013265318452568842,4.538131109188548e-05,0.23265325000000026
SGPTL,6078,0.001355054147055501,4.538131109188548e-05,0.2326946249999997
SGPTL,6079,0.0013259894899988467,4.538131109188548e-05,0.23273166700000036
SGPTL,6080,0.0013295051126580582,4.538131109188548e-05,0.2327703750000003
SGPTL,6081,0.0012909989107789954,4.538131109188548e-05,0.23280908400000033
SGPTL,6082,0.0012801757775116052,4.538131109188548e-05,0.23284666700000045
SGPTL,6083,0.0013141076044473898,4.538131109188548e-05,0.23288441700000018
SGPTL,6084,0.0013492796866756418,4.538131109188548e-05,0.23292120899999968
SGPTL,6085,0.001375312150635244,4.538131109188548e-05,0.23295979199999994
SGPTL,6086,0.0013742353714645272,4.538131109188548e-05,0.23299691700000036
SGPTL,6087,0.0013978521334034877,4.538131109188548e-05,0.23303445899999975
SGPTL,6088,0.0014006551123755262,4.538131109188548e-05,0.23307158400000016
SGPTL,6089,0.0012929743113132552,4.538131109188548e-05,0.2331079589999998
SGPTL,6090,0.00132287843663903,4.538131109188548e-05,0.23314604200000044
SGPTL,6091,0.00131371394219304,4.538131109188548e-05,0.23318304200000028
SGPTL,6092,0.0013242282515382175,4.538131109188548e-05,0.2332194999999997
SGPTL,6093,0.0013444988771951216,4.538131109188548e-05,0.233258792
SGPTL,6094,0.0013224165604128757,4.538131109188548e-05,0.23329516699999964
SGPTL,6095,0.0013233333993936114,4.538131109188548e-05,0.23333258400000023
SGPTL,6096,0.0012795756889971699,4.538131109188548e-05,0.23337045899999964
SGPTL,6097,0.0012314900982111077,4.538131109188548e-05,0.23340712500000027
SGPTL,6098,0.0012297380785128986,4.538131109188548e-05,0.2334441250000001
SGPTL,6099,0.0012045360300108054,4.538131109188548e-05,0.23348191699999976
SGPTL,6100,0.0011492429387149894,4.538131109188548e-05,0.23351866700000024
SGPTL,6101,0.0011594699278614229,4.538131109188548e-05,0.23355525000000021
SGPTL,6102,0.001102514471950311,4.538131109188548e-05,0.23359312499999962
SGPTL,6103,0.0010752758825944841,4.538131109188548e-05,0.23362991700000002
SGPTL,6104,0.0010487723830587825,4.538131109188548e-05,0.23366645900000016
SGPTL,6105,0.0009935172230357558,4.538131109188548e-05,0.23373116700000018
SGPTL,6106,0.0009385610162644387,4.538131109188548e-05,0.23377312499999992
SGPTL,6107,0.0009188227604037813,4.538131109188548e-05,0.23381241700000022
SGPTL,6108,0.0009302569984290798,4.538131109188548e-05,0.23385020899999986
SGPTL,6109,0.0009307006348859836,4.538131109188548e-05,0.23388904200000038
SGPTL,6110,0.0008930946489180691,4.538131109188548e-05,0.23392404199999994
SGPTL,6111,0.0008441180530347481,4.538131109188548e-05,0.23396120900000028
SGPTL,6112,0.0008070477396939779,4.538131109188548e-05,0.23400262500000046
SGPTL,6113,0.0007959029145274688,4.538131109188548e-05,0.2340427500000004
SGPTL,6114,0.0008531827763025301,4.538131109188548e-05,0.23408349999999967
SGPTL,6115,0.0008291233831347888,4.538131109188548e-05,0.23412262500000036
SGPTL,6116,0.0007295386462640163,4.538131109188548e-05,0.23416487500000027
SGPTL,6117,0.0006697683890557471,4.538131109188548e-05,0.2342027919999996
SGPTL,6118,0.0006456618308114948,4.538131109188548e-05,0.23423920900000006
SGPTL,6119,0.0006773662688037696,4.538131109188548e-05,0.23427733399999973
SGPTL,6120,0.0007019826882985747,4.538131109188548e-05,0.23431479200000016
SGPTL,6121,0.0006980656545583219,4.538131109188548e-05,0.23435145899999998
SGPTL,6122,0.0007032925250045619,4.538131109188548e-05,0.23438979199999999
SGPTL,6123,0.0006653826344704683,4.538131109188548e-05,0.2344278339999999
SGPTL,6124,0.0006493606280226771,4.538131109188548e-05,0.23446716700000003
SGPTL,6125,0.0006127204223194127,4.538131109188548e-05,0.2345079590000001
SGPTL,6126,0.0005714171622528408,4.538131109188548e-05,0.23454683399999965
SGPTL,6127,0.0005210102381116855,4.538131109188548e-05,0.23458533400000015
SGPTL,6128,0.00054192093834593,4.538131109188548e-05,0.23462274999999977
SGPTL,6129,0.0005631703829351853,4.538131109188548e-05,0.2346613340000001
SGPTL,6130,0.0005740044866664462,4.538131109188548e-05,0.2346997919999998
SGPTL,6131,0.0006214660183188059,4.538131109188548e-05,0.23473820899999964
SGPTL,6132,0.0006894202900473712,4.538131109188548e-05,0.23477700000000024
SGPTL,6133,0.0006722530274649863,4.538131109188548e-05,0.23481562500000042
SGPTL,6134,0.000615889781010015,4.538131109188548e-05,0.23485404200000026
SGPTL,6135,0.0006167006804280728,4.538131109188548e-05,0.2348924170000002
SGPTL,6136,0.0005886434546322761,4.538131109188548e-05,0.23493120899999997
SGPTL,6137,0.000560658724272356,4.538131109188548e-05,0.23496999999999968
SGPTL,6138,0.0005477461268017514,4.538131109188548e-05,0.23500741700000027
SGPTL,6139,0.0005168558160342229,4.538131109188548e-05,0.23504633399999975
SGPTL,6140,0.0005070832996356689,4.538131109188548e-05,0.2350835
SGPTL,6141,0.000530105990555807,4.538131109188548e-05,0.2351201249999999
SGPTL,6142,0.0005934308906723196,4.538131109188548e-05,0.2351581669999998
SGPTL,6143,0.0005973791371103321,4.538131109188548e-05,0.23519512499999973
SGPTL,6144,0.0005966519702260697,4.538131109188548e-05,0.23523154200000018
SGPTL,6145,0.0006061911699901668,4.538131109188548e-05,0.23526962499999993
SGPTL,6146,0.0005625997523974746,4.538131109188548e-05,0.23530679200000026
SGPTL,6147,0.0005175435209801016,4.538131109188548e-05,0.23534437500000038
SGPTL,6148,0.0004978292222397318,4.538131109188548e-05,0.23538254199999997
SGPTL,6149,0.0005023412439999486,4.538131109188548e-05,0.23541979200000007
SGPTL,6150,0.0004825921397719757,4.538131109188548e-05,0.23545625000000037
SGPTL,6151,0.00048493365639012964,4.538131109188548e-05,0.23549408399999994
SGPTL,6152,0.0005049326221859829,4.538131109188548e-05,0.23553087500000025
SGPTL,6153,0.0005388533664332229,4.538131109188548e-05,0.23556762499999984
SGPTL,6154,0.000556382933134536,4.538131109188548e-05,0.23560541700000037
SGPTL,6155,0.0005827035759278232,4.538131109188548e-05,0.23564279200000016
SGPTL,6156,0.0006263337902203681,4.538131109188548e-05,0.23568075000000022
SGPTL,6157,0.00060170868639986,4.538131109188548e-05,0.23571754199999972
SGPTL,6158,0.0006026232616456184,4.538131109188548e-05,0.23575470900000006
SGPTL,6159,0.0005817059310990746,4.538131109188548e-05,0.23579320899999967
SGPTL,6160,0.000575441249347719,4.538131109188548e-05,0.23583091700000036
SGPTL,6161,0.0005598670872188904,4.538131109188548e-05,0.2358696250000003
SGPTL,6162,0.0005229442668017725,4.538131109188548e-05,0.2359082499999996
SGPTL,6163,0.0005168176058638618,4.538131109188548e-05,0.23594641700000007
SGPTL,6164,0.000566855355853324,4.538131109188548e-05,0.23598466700000031
SGPTL,6165,0.0005718723028880213,4.538131109188548e-05,0.23602270900000022
SGPTL,6166,0.000586556192983867,4.538131109188548e-05,0.23606141700000016
SGPTL,6167,0.0006152453280778847,4.538131109188548e-05,0.23609429199999976
SGPTL,6168,0.0006468121637996926,4.538131109188548e-05,0.2361319169999998
SGPTL,6169,0.0006556041183065631,4.538131109188548e-05,0.23617083400000016
SGPTL,6170,0.0006758682597940435,4.538131109188548e-05,0.23620862499999973
SGPTL,6171,0.0006702452504514511,4.538131109188548e-05,0.2362474170000004
SGPTL,6172,0.0006198250553191009,4.538131109188548e-05,0.23628400000000038
SGPTL,6173,0.0005678183670729808,4.538131109188548e-05,0.23632191699999971
SGPTL,6174,0.0005402452280844905,4.538131109188548e-05,0.23635841699999993
SGPTL,6175,0.0005343929450789542,4.538131109188548e-05,0.2363946669999999
SGPTL,6176,0.0005637716378501523,4.538131109188548e-05,0.23643279200000045
SGPTL,6177,0.0005727135863220489,4.538131109188548e-05,0.2364696249999998
SGPTL,6178,0.0005444909218201843,4.538131109188548e-05,0.2365064170000002
SGPTL,6179,0.0005271278322100947,4.538131109188548e-05,0.23654512500000013
SGPTL,6180,0.0005449142418869624,4.538131109188548e-05,0.23658183399999988
SGPTL,6181,0.0005435704105680728,4.538131109188548e-05,0.23662008400000012
SGPTL,6182,0.0005645712159791927,4.538131109188548e-05,0.23665770900000016
SGPTL,6183,0.0005533625429443578,4.538131109188548e-05,0.2366940839999998
SGPTL,6184,0.000530995971748105,4.538131109188548e-05,0.23673058400000002
SGPTL,6185,0.0005315233659950458,4.538131109188548e-05,0.236768584
SGPTL,6186,0.000519830357437856,4.538131109188548e-05,0.23680541700000024
SGPTL,6187,0.0005488811665035342,4.538131109188548e-05,0.23684195900000038
SGPTL,6188,0.0005507703284650667,4.538131109188548e-05,0.23688008400000005
SGPTL,6189,0.0005395959806491213,4.538131109188548e-05,0.23691666700000003
SGPTL,6190,0.0005675609538648985,4.538131109188548e-05,0.23695325
SGPTL,6191,0.0005934453404574658,4.538131109188548e-05,0.2369911250000003
SGPTL,6192,0.0006031360040665845,4.538131109188548e-05,0.23702766700000044
SGPTL,6193,0.0005539079557976834,4.538131109188548e-05,0.23706416699999977
SGPTL,6194,0.0005463859614225353,4.538131109188548e-05,0.2371023750000001
SGPTL,6195,0.0005388561835679706,4.538131109188548e-05,0.23713895900000015
SGPTL,6196,0.0004810354431943331,4.538131109188548e-05,0.2371756249999999
SGPTL,6197,0.0004783466096827116,4.538131109188548e-05,0.23721358400000003
SGPTL,6198,0.0004744899990924978,4.538131109188548e-05,0.23725162499999985
SGPTL,6199,0.0004856002815765148,4.538131109188548e-05,0.23728854199999994
SGPTL,6200,0.000502229877829663,4.538131109188548e-05,0.23732508400000007
SGPTL,6201,0.0005100353388318712,4.538131109188548e-05,0.23736337500000015
SGPTL,6202,0.0005332084187212871,4.538131109188548e-05,0.23739966700000004
SGPTL,6203,0.000549718453725978,4.538131109188548e-05,0.23743758400000026
SGPTL,6204,0.0006237764962668813,4.538131109188548e-05,0.23748195900000013
SGPTL,6205,0.0005923121181441449,4.538131109188548e-05,0.2375191670000003
SGPTL,6206,0.0005500691498805388,4.538131109188548e-05,0.23755729199999998
SGPTL,6207,0.0005076449623664381,4.538131109188548e-05,0.2375941250000002
SGPTL,6208,0.00047641060315073425,4.538131109188548e-05,0.23763049999999986
SGPTL,6209,0.0004485299377043894,4.538131109188548e-05,0.23766841700000008
SGPTL,6210,0.00043669988311823005,4.538131109188548e-05,0.2377055419999996
SGPTL,6211,0.00045544590892765413,4.538131109188548e-05,0.23775629200000026
SGPTL,6212,0.00047034669879275626,4.538131109188548e-05,0.23780804200000016
SGPTL,6213,0.00046139367850894786,4.538131109188548e-05,0.23784587499999965
SGPTL,6214,0.0004472859730018097,4.538131109188548e-05,0.23788495899999962
SGPTL,6215,0.000465106960364281,4.538131109188548e-05,0.23792479200000027
SGPTL,6216,0.0004925260275145948,4.538131109188548e-05,0.23796641699999999
SGPTL,6217,0.0004885524142379527,4.538131109188548e-05,0.23800654199999993
SGPTL,6218,0.00046330242051295656,4.538131109188548e-05,0.23804725000000015
SGPTL,6219,0.0004344478614952685,4.538131109188548e-05,0.23808654200000046
SGPTL,6220,0.00043995075983582765,4.538131109188548e-05,0.2381260420000002
SGPTL,6221,0.00043232215460786705,4.538131109188548e-05,0.23816562499999971
SGPTL,6222,0.0004168621123146199,4.538131109188548e-05,0.2382064589999997
SGPTL,6223,0.00044169798782256464,4.538131109188548e-05,0.23824533400000014
SGPTL,6224,0.0004496471199861851,4.538131109188548e-05,0.23828600000000044
SGPTL,6225,0.0004528416125544332,4.538131109188548e-05,0.2383258340000003
SGPTL,6226,0.0004406620772168246,4.538131109188548e-05,0.23836550000000045
SGPTL,6227,0.0004277950265259012,4.538131109188548e-05,0.23840474999999994
SGPTL,6228,0.0004625514674665432,4.538131109188548e-05,0.23844404200000024
SGPTL,6229,0.000485126421251314,4.538131109188548e-05,0.23848350000000007
SGPTL,6230,0.00047988938410137294,4.538131109188548e-05,0.23852254200000012
SGPTL,6231,0.00046472476310244204,4.538131109188548e-05,0.23856120900000022
SGPTL,6232,0.0005125483083232574,4.538131109188548e-05,0.23860054200000036
SGPTL,6233,0.0005231108515166838,4.538131109188548e-05,0.2386415839999998
SGPTL,6234,0.0005066787488248181,4.538131109188548e-05,0.2386807089999996
SGPTL,6235,0.00048280579940618296,4.538131109188548e-05,0.23871975000000045
SGPTL,6236,0.0005289994738952863,4.538131109188548e-05,0.2387590839999998
SGPTL,6237,0.0005517516741753159,4.538131109188548e-05,0.23879833400000017
SGPTL,6238,0.0005144886784436142,4.538131109188548e-05,0.23883754199999974
SGPTL,6239,0.00046836813512340925,4.538131109188548e-05,0.2388764590000001
SGPTL,6240,0.0004647696780413213,4.538131109188548e-05,0.23891579200000024
SGPTL,6241,0.0004724038565877553,4.538131109188548e-05,0.23895529199999999
SGPTL,6242,0.00047589080567522757,4.538131109188548e-05,0.2389945840000003
SGPTL,6243,0.00047634097157156496,4.538131109188548e-05,0.2390422919999997
SGPTL,6244,0.000536615834312304,4.538131109188548e-05,0.2390818750000001
SGPTL,6245,0.0005502307727822675,4.538131109188548e-05,0.23911933399999974
SGPTL,6246,0.0005121174949893614,4.538131109188548e-05,0.23915591699999972
SGPTL,6247,0.0005274890580162506,4.538131109188548e-05,0.23919462499999966
SGPTL,6248,0.0005614593212066588,4.538131109188548e-05,0.23923254199999988
SGPTL,6249,0.0005361689865517327,4.538131109188548e-05,0.23927133399999967
SGPTL,6250,0.0005167156925180993,4.538131109188548e-05,0.2393102090000001
SGPTL,6251,0.0004984751249348385,4.538131109188548e-05,0.23935716699999965
SGPTL,6252,0.0005153968139517406,4.538131109188548e-05,0.23939704200000023
SGPTL,6253,0.0005312892804341107,4.538131109188548e-05,0.23943400000000015
SGPTL,6254,0.0005310683813537498,4.538131109188548e-05,0.23947358399999974
SGPTL,6255,0.0005270324820276784,4.538131109188548e-05,0.2395126249999997
SGPTL,6256,0.0005192911799711819,4.538131109188548e-05,0.23955279200000046
SGPTL,6257,0.0005508286661526363,4.538131109188548e-05,0.23959262500000023
SGPTL,6258,0.000541416389835625,4.538131109188548e-05,0.239631084
SGPTL,6259,0.0005250517192183501,4.538131109188548e-05,0.23966995900000043
SGPTL,6260,0.000488064559539092,4.538131109188548e-05,0.23970741699999998
SGPTL,6261,0.000524116749273329,4.538131109188548e-05,0.23974491700000033
SGPTL,6262,0.0005398354705481445,4.538131109188548e-05,0.2397831669999997
SGPTL,6263,0.0005112782217970846,4.538131109188548e-05,0.23982004199999984
SGPTL,6264,0.0005044378470224764,4.538131109188548e-05,0.23985762499999996
SGPTL,6265,0.0005208003849517251,4.538131109188548e-05,0.23989562499999995
SGPTL,6266,0.000544698293932111,4.538131109188548e-05,0.23993325
SGPTL,6267,0.000578603634096897,4.538131109188548e-05,0.23997112500000028
SGPTL,6268,0.0005556282212115793,4.538131109188548e-05,0.240008875
SGPTL,6269,0.0005803810303253165,4.538131109188548e-05,0.240048292
SGPTL,6270,0.0005738794948313419,4.538131109188548e-05,0.2400857089999997
SGPTL,6271,0.0005754705762335277,4.538131109188548e-05,0.24012245900000018
SGPTL,6272,0.0005620187801935739,4.538131109188548e-05,0.24016037500000031
SGPTL,6273,0.000504533378426375,4.538131109188548e-05,0.2401972920000004
SGPTL,6274,0.0005164940946191798,4.538131109188548e-05,0.24023379199999972
SGPTL,6275,0.0004903989891595906,4.538131109188548e-05,0.24027174999999978
SGPTL,6276,0.00048196177115356065,4.538131109188548e-05,0.24031179199999997
SGPTL,6277,0.0004925627294616319,4.538131109188548e-05,0.2403489590000003
SGPTL,6278,0.0004976705016397354,4.538131109188548e-05,0.24038720899999966
SGPTL,6279,0.0005420862473508592,4.538131109188548e-05,0.24042416700000047
SGPTL,6280,0.0005230785278436123,4.538131109188548e-05,0.24046108399999966
SGPTL,6281,0.0005272036380403744,4.538131109188548e-05,0.24049770900000045
SGPTL,6282,0.0005237398616197986,4.538131109188548e-05,0.24053670899999968
SGPTL,6283,0.000530884491872774,4.538131109188548e-05,0.2405716670000002
SGPTL,6284,0.0005076371118344358,4.538131109188548e-05,0.24060900000000007
SGPTL,6285,0.0004699526352167638,4.538131109188548e-05,0.24064762500000025
SGPTL,6286,0.00045231710203341713,4.538131109188548e-05,0.24068608400000002
SGPTL,6287,0.00042041600486819597,4.538131109188548e-05,0.24072254200000032
SGPTL,6288,0.0004228802136332366,4.538131109188548e-05,0.2407617919999998
SGPTL,6289,0.00046901302694868363,4.538131109188548e-05,0.2408004589999999
SGPTL,6290,0.0005307781177339432,4.538131109188548e-05,0.24083987499999981
SGPTL,6291,0.0005681243352557708,4.538131109188548e-05,0.24087737500000017
SGPTL,6292,0.0005521735357421065,4.538131109188548e-05,0.2409139170000003
SGPTL,6293,0.0005181707867869534,4.538131109188548e-05,0.24095187500000037
SGPTL,6294,0.0005153402842523747,4.538131109188548e-05,0.24098904199999982
SGPTL,6295,0.0004988536565062596,4.538131109188548e-05,0.24102566699999972
SGPTL,6296,0.0004465051850470747,4.538131109188548e-05,0.24106379200000028
SGPTL,6297,0.0004818841498841486,4.538131109188548e-05,0.2411004590000001
SGPTL,6298,0.00048472202096583317,4.538131109188548e-05,0.24113866700000042
SGPTL,6299,0.000496477700353104,4.538131109188548e-05,0.24117687499999985
SGPTL,6300,0.0004992078536607547,4.538131109188548e-05,0.24121587499999997
SGPTL,6301,0.0004964023321134547,4.538131109188548e-05,0.24125262500000044
SGPTL,6302,0.0005125225884949902,4.538131109188548e-05,0.24129070900000027
SGPTL,6303,0.000494534959062598,4.538131109188548e-05,0.24132733400000017
SGPTL,6304,0.00045485993180127693,4.538131109188548e-05,0.24136520900000047
SGPTL,6305,0.0004275943653224701,4.538131109188548e-05,0.24140349999999966
SGPTL,6306,0.000447942177845162,4.538131109188548e-05,0.24144245899999994
SGPTL,6307,0.0004405212164668715,4.538131109188548e-05,0.2414793340000001
SGPTL,6308,0.0004557712454893448,4.538131109188548e-05,0.2415172090000004
SGPTL,6309,0.00046170152586100244,4.538131109188548e-05,0.24155391700000006
SGPTL,6310,0.0004449260412782152,4.538131109188548e-05,0.24159037500000036
SGPTL,6311,0.00044533250809619673,4.538131109188548e-05,0.24162824999999977
SGPTL,6312,0.00045253413163814926,4.538131109188548e-05,0.24166474999999998
SGPTL,6313,0.00044690989681495097,4.538131109188548e-05,0.2417024999999997
SGPTL,6314,0.0004324848305161666,4.538131109188548e-05,0.2417394589999997
SGPTL,6315,0.00046331502695595717,4.538131109188548e-05,0.24177616700000026
SGPTL,6316,0.00045520128043508024,4.538131109188548e-05,0.2418140839999996
SGPTL,6317,0.00043734413860518906,4.538131109188548e-05,0.24185091699999983
SGPTL,6318,0.0004195093428618346,4.538131109188548e-05,0.24188741700000005
SGPTL,6319,0.0003829637587893231,4.538131109188548e-05,0.2419253750000001
SGPTL,6320,0.00037531364914045184,4.538131109188548e-05,0.2419622920000002
SGPTL,6321,0.0003785408323415673,4.538131109188548e-05,0.2419987920000004
SGPTL,6322,0.00036912754281992477,4.538131109188548e-05,0.2420367920000004
SGPTL,6323,0.0003628217582989368,4.538131109188548e-05,0.24207366699999966
SGPTL,6324,0.0003813055258836684,4.538131109188548e-05,0.2421100420000002
SGPTL,6325,0.0003997453758266545,4.538131109188548e-05,0.2421471249999998
SGPTL,6326,0.00040728483071661437,4.538131109188548e-05,0.24218412499999964
SGPTL,6327,0.0004152786898876659,4.538131109188548e-05,0.24222104199999972
SGPTL,6328,0.00041638174657210314,4.538131109188548e-05,0.24225895899999994
SGPTL,6329,0.0004365874115292989,4.538131109188548e-05,0.24229604200000043
SGPTL,6330,0.0004227254162603167,4.538131109188548e-05,0.24234062499999975
SGPTL,6331,0.00043351263791935324,4.538131109188548e-05,0.24237833399999964
SGPTL,6332,0.0004009832677471792,4.538131109188548e-05,0.2424167500000003
SGPTL,6333,0.00039208632425058454,4.538131109188548e-05,0.2424557089999997
SGPTL,6334,0.00038946719914534356,4.538131109188548e-05,0.24249366699999975
SGPTL,6335,0.00039666110519021025,4.538131109188548e-05,0.24253124999999986
SGPTL,6336,0.00041419638785589186,4.538131109188548e-05,0.24256862499999965
SGPTL,6337,0.0004474570898551633,4.538131109188548e-05,0.2426076669999997
SGPTL,6338,0.00047176368229773225,4.538131109188548e-05,0.24264529199999973
SGPTL,6339,0.00042248661631116846,4.538131109188548e-05,0.2426845000000002
SGPTL,6340,0.0004295081463543404,4.538131109188548e-05,0.2427219169999999
SGPTL,6341,0.0004312655921907549,4.538131109188548e-05,0.24275829200000043
SGPTL,6342,0.0004241240806499569,4.538131109188548e-05,0.24279612499999992
SGPTL,6343,0.0004179313150141084,4.538131109188548e-05,0.24283300000000008
SGPTL,6344,0.0004421354248420606,4.538131109188548e-05,0.24286958400000014
SGPTL,6345,0.0004559339219754044,4.538131109188548e-05,0.24290774999999964
SGPTL,6346,0.0004695391999325338,4.538131109188548e-05,0.2429447920000003
SGPTL,6347,0.0004947844387515055,4.538131109188548e-05,0.2429812499999997
SGPTL,6348,0.0004897175247675634,4.538131109188548e-05,0.24301949999999994
SGPTL,6349,0.0004631459825512607,4.538131109188548e-05,0.24305662500000036
SGPTL,6350,0.0004602407495815086,4.538131109188548e-05,0.24309337499999994
SGPTL,6351,0.0004500430744918127,4.538131109188548e-05,0.24313137499999993
SGPTL,6352,0.0004829157410732865,4.538131109188548e-05,0.24316929200000015
SGPTL,6353,0.00045519252711945235,4.538131109188548e-05,0.24320641699999967
SGPTL,6354,0.00045480435596845226,4.538131109188548e-05,0.2432433749999996
SGPTL,6355,0.0004849217916742532,4.538131109188548e-05,0.24328120900000005
SGPTL,6356,0.00046979471106456394,4.538131109188548e-05,0.24331829199999966
SGPTL,6357,0.000464262010555494,4.538131109188548e-05,0.24335666700000047
SGPTL,6358,0.00045465425001189885,4.538131109188548e-05,0.24339437500000027
SGPTL,6359,0.00045649540244907527,4.538131109188548e-05,0.2434333750000004
SGPTL,6360,0.0004975509187181704,4.538131109188548e-05,0.2434722090000001
SGPTL,6361,0.0005120800697948624,4.538131109188548e-05,0.24351158400000017
SGPTL,6362,0.0005115858694648701,4.538131109188548e-05,0.24354904199999972
SGPTL,6363,0.0005257859251914798,4.538131109188548e-05,0.2435856249999997
SGPTL,6364,0.0005573840441264188,4.538131109188548e-05,0.24362341700000023
SGPTL,6365,0.0005832377332313232,4.538131109188548e-05,0.24366025000000047
SGPTL,6366,0.0005470481432665597,4.538131109188548e-05,0.24369670899999996
SGPTL,6367,0.0005449994886976839,4.538131109188548e-05,0.24373454200000033
SGPTL,6368,0.0005543534753065238,4.538131109188548e-05,0.2437714590000004
SGPTL,6369,0.0005352414675892092,4.538131109188548e-05,0.2438080420000004
SGPTL,6370,0.0005312829284811471,4.538131109188548e-05,0.2438459169999998
SGPTL,6371,0.000525837049628386,4.538131109188548e-05,0.24388308400000014
SGPTL,6372,0.00047793953454200455,4.538131109188548e-05,0.24392116699999988
SGPTL,6373,0.0004610554283308588,4.538131109188548e-05,0.24395924999999963
SGPTL,6374,0.0004978994197082365,4.538131109188548e-05,0.2439961669999997
SGPTL,6375,0.000523957805271813,4.538131109188548e-05,0.24403362500000014
SGPTL,6376,0.0005253499344806123,4.538131109188548e-05,0.2440714589999997
SGPTL,6377,0.0005271523452248239,4.538131109188548e-05,0.2441083749999997
SGPTL,6378,0.0005540677538919958,4.538131109188548e-05,0.24414491699999985
SGPTL,6379,0.000572519244030012,4.538131109188548e-05,0.24418295899999976
SGPTL,6380,0.0005221903037468945,4.538131109188548e-05,0.24421975000000007
SGPTL,6381,0.0004973028109798161,4.538131109188548e-05,0.24425654200000047
SGPTL,6382,0.000509493192403232,4.538131109188548e-05,0.2442944589999998
SGPTL,6383,0.0005187274841684797,4.538131109188548e-05,0.24433141699999972
SGPTL,6384,0.0005103347417527715,4.538131109188548e-05,0.24436875000000047
SGPTL,6385,0.0005043383489462538,4.538131109188548e-05,0.244407292
SGPTL,6386,0.0005187314279824218,4.538131109188548e-05,0.24444487500000012
SGPTL,6387,0.0005165008824579154,4.538131109188548e-05,0.24448329199999996
SGPTL,6388,0.0005033695038765273,4.538131109188548e-05,0.2445217089999998
SGPTL,6389,0.0005051681417693743,4.538131109188548e-05,0.2445600419999998
SGPTL,6390,0.0005035512312678847,4.538131109188548e-05,0.244599
SGPTL,6391,0.0005318841847303801,4.538131109188548e-05,0.2446363749999998
SGPTL,6392,0.0005320061113791574,4.538131109188548e-05,0.24467541699999984
SGPTL,6393,0.0005058922326028892,4.538131109188548e-05,0.24471320900000038
SGPTL,6394,0.0004719165008610915,4.538131109188548e-05,0.24474995899999996
SGPTL,6395,0.0004665538837993477,4.538131109188548e-05,0.2447878750000001
SGPTL,6396,0.00048752357003323255,4.538131109188548e-05,0.24482475000000026
SGPTL,6397,0.0004507909126691967,4.538131109188548e-05,0.2448629999999996
SGPTL,6398,0.000430008090155809,4.538131109188548e-05,0.24490016699999995
SGPTL,6399,0.0004492751491724789,4.538131109188548e-05,0.2449378339999999
SGPTL,6400,0.0004980582529772182,4.538131109188548e-05,0.24497479199999983
SGPTL,6401,0.0004918886057152516,4.538131109188548e-05,0.24501150000000038
SGPTL,6402,0.00048508607445141294,4.538131109188548e-05,0.24506362500000023
SGPTL,6403,0.0005040715934587769,4.538131109188548e-05,0.24510204200000008
SGPTL,6404,0.0005194957373440001,4.538131109188548e-05,0.24514049999999976
SGPTL,6405,0.00044793596919712186,4.538131109188548e-05,0.24517320899999984
SGPTL,6406,0.00043894829142065994,4.538131109188548e-05,0.24520970900000005
SGPTL,6407,0.0004409156035856121,4.538131109188548e-05,0.24524787500000045
SGPTL,6408,0.00044594795524410813,4.538131109188548e-05,0.24528479199999964
SGPTL,6409,0.00045401909885045555,4.538131109188548e-05,0.2453216669999998
SGPTL,6410,0.00043624788005347526,4.538131109188548e-05,0.24535983400000028
SGPTL,6411,0.0004480775887745203,4.538131109188548e-05,0.24539650000000002
SGPTL,6412,0.0004804655596051255,4.538131109188548e-05,0.2454329590000004
SGPTL,6413,0.0004823990988387372,4.538131109188548e-05,0.24547095900000038
SGPTL,6414,0.0005062164300451144,4.538131109188548e-05,0.2455077499999998
SGPTL,6415,0.0004988508218963794,4.538131109188548e-05,0.24554429199999994
SGPTL,6416,0.0005085581872719125,4.538131109188548e-05,0.24558229199999992
SGPTL,6417,0.00048772522484474834,4.538131109188548e-05,0.24562016700000022
SGPTL,6418,0.0004370146653536189,4.538131109188548e-05,0.24567112500000032
SGPTL,6419,0.00039897234593766484,4.538131109188548e-05,0.24570937499999967
SGPTL,6420,0.00036958128853425976,4.538131109188548e-05,0.2457471250000003
SGPTL,6421,0.00038748902190599566,4.538131109188548e-05,0.245785959
SGPTL,6422,0.00040322121616487294,4.538131109188548e-05,0.24582254199999998
SGPTL,6423,0.0004161950647383339,4.538131109188548e-05,0.24586237499999974
SGPTL,6424,0.0004458406714227259,4.538131109188548e-05,0.24590154200000036
SGPTL,6425,0.0004526400759725657,4.538131109188548e-05,0.24594108400000003
SGPTL,6426,0.0004520552211975115,4.538131109188548e-05,0.2459785840000004
SGPTL,6427,0.00047965639588598563,4.538131109188548e-05,0.2460150419999998
SGPTL,6428,0.0004988998699018143,4.538131109188548e-05,0.24605312500000043
SGPTL,6429,0.0005092420186161295,4.538131109188548e-05,0.2460901670000002
SGPTL,6430,0.0004894231637968538,4.538131109188548e-05,0.24612704200000035
SGPTL,6431,0.0005113699378203052,4.538131109188548e-05,0.24616458399999974
SGPTL,6432,0.0005044103631193231,4.538131109188548e-05,0.24620158400000047
SGPTL,6433,0.0005469196716409996,4.538131109188548e-05,0.24623949999999972
SGPTL,6434,0.000511614113062997,4.538131109188548e-05,0.2462785839999997
SGPTL,6435,0.0005076019839318491,4.538131109188548e-05,0.24631579199999987
SGPTL,6436,0.0005136710653586007,4.538131109188548e-05,0.2463535840000004
SGPTL,6437,0.0005360120563568938,4.538131109188548e-05,0.2463932919999996
SGPTL,6438,0.0005657898438147235,4.538131109188548e-05,0.24643279200000023
SGPTL,6439,0.0005493836067014257,4.538131109188548e-05,0.24646924999999964
SGPTL,6440,0.0005232818435700892,4.538131109188548e-05,0.2465069169999996
SGPTL,6441,0.0004956569959368995,4.538131109188548e-05,0.24654441699999996
SGPTL,6442,0.0004846354241263562,4.538131109188548e-05,0.24658200000000008
SGPTL,6443,0.0004732233701827404,4.538131109188548e-05,0.24662104200000012
SGPTL,6444,0.00046165688211408096,4.538131109188548e-05,0.246659792
SGPTL,6445,0.0004745602841680352,4.538131109188548e-05,0.24669754199999971
SGPTL,6446,0.0004947612415060476,4.538131109188548e-05,0.24673687499999986
SGPTL,6447,0.0005097711344934641,4.538131109188548e-05,0.24677558399999988
SGPTL,6448,0.00048017853054971305,4.538131109188548e-05,0.24681495899999994
SGPTL,6449,0.0004922068852044603,4.538131109188548e-05,0.2468524590000003
SGPTL,6450,0.0005253910818818763,4.538131109188548e-05,0.24688900000000036
SGPTL,6451,0.0005216635123963531,4.538131109188548e-05,0.24692716699999995
SGPTL,6452,0.0005003606711795339,4.538131109188548e-05,0.24696395900000034
SGPTL,6453,0.00046628911525958827,4.538131109188548e-05,0.24700029200000007
SGPTL,6454,0.0004925352214399936,4.538131109188548e-05,0.24703812500000044
SGPTL,6455,0.0005339586258628071,4.538131109188548e-05,0.24707479200000027
SGPTL,6456,0.0005575168867519853,4.538131109188548e-05,0.2471148750000003
SGPTL,6457,0.0005805481782927835,4.538131109188548e-05,0.24715329200000014
SGPTL,6458,0.0005830014049363896,4.538131109188548e-05,0.24719087500000025
SGPTL,6459,0.0005617155799848561,4.538131109188548e-05,0.24722845900000046
SGPTL,6460,0.0005624633363152665,4.538131109188548e-05,0.24726587500000008
SGPTL,6461,0.0005400350789361852,4.538131109188548e-05,0.24730525000000014
SGPTL,6462,0.0005530095386505618,4.538131109188548e-05,0.2473416249999998
SGPTL,6463,0.0005183838367313065,4.538131109188548e-05,0.2473796669999997
SGPTL,6464,0.00048688481165681807,4.538131109188548e-05,0.24741649999999993
SGPTL,6465,0.00047388866386288697,4.538131109188548e-05,0.24745316699999975
SGPTL,6466,0.0004885557709415345,4.538131109188548e-05,0.24749154199999968
SGPTL,6467,0.0004914626992298388,4.538131109188548e-05,0.24752841699999983
SGPTL,6468,0.0005001543644271855,4.538131109188548e-05,0.24756475000000044
SGPTL,6469,0.0005109242456826646,4.538131109188548e-05,0.24760258400000001
SGPTL,6470,0.0004994724852296351,4.538131109188548e-05,0.2476396249999997
SGPTL,6471,0.0004925311542509636,4.538131109188548e-05,0.2476762920000004
SGPTL,6472,0.00048813806383440905,4.538131109188548e-05,0.2477142920000004
SGPTL,6473,0.0005030698820078783,4.538131109188548e-05,0.24775116699999966
SGPTL,6474,0.0005176201713987805,4.538131109188548e-05,0.24778783400000037
SGPTL,6475,0.0005242129002691609,4.538131109188548e-05,0.24782795900000032
SGPTL,6476,0.0005425322168353119,4.538131109188548e-05,0.24786724999999965
SGPTL,6477,0.0005588856712619439,4.538131109188548e-05,0.24790400000000012
SGPTL,6478,0.0005853973400047341,4.538131109188548e-05,0.24794220899999964
SGPTL,6479,0.0005624943169646457,4.538131109188548e-05,0.24797899999999995
SGPTL,6480,0.0005237666935196117,4.538131109188548e-05,0.24801625000000005
SGPTL,6481,0.000509904890479751,4.538131109188548e-05,0.24805429199999995
SGPTL,6482,0.00048004429792447567,4.538131109188548e-05,0.2480914590000003
SGPTL,6483,0.0004661124749896217,4.538131109188548e-05,0.24812883400000008
SGPTL,6484,0.0004321173915387,4.538131109188548e-05,0.24816666700000045
SGPTL,6485,0.00043280051894845073,4.538131109188548e-05,0.24820362500000037
SGPTL,6486,0.0004524254388518223,4.538131109188548e-05,0.24824004199999994
SGPTL,6487,0.0004794497225555361,4.538131109188548e-05,0.24827841699999986
SGPTL,6488,0.0004968642639233689,4.538131109188548e-05,0.24831595900000014
SGPTL,6489,0.0005002238166527118,4.538131109188548e-05,0.24835362500000002
SGPTL,6490,0.0005109815658317363,4.538131109188548e-05,0.24839233400000005
SGPTL,6491,0.000492637400626883,4.538131109188548e-05,0.2484292090000002
SGPTL,6492,0.00045299576189572477,4.538131109188548e-05,0.24846699999999977
SGPTL,6493,0.0004399156777390445,4.538131109188548e-05,0.24850499999999975
SGPTL,6494,0.00041749222236697747,4.538131109188548e-05,0.2485418749999999
SGPTL,6495,0.00040174309738816305,4.538131109188548e-05,0.24857837500000013
SGPTL,6496,0.00044100380815259577,4.538131109188548e-05,0.24861608400000001
SGPTL,6497,0.0004396175419716375,4.538131109188548e-05,0.24865291700000025
SGPTL,6498,0.0004263774064530157,4.538131109188548e-05,0.24868920900000013
SGPTL,6499,0.00042341446695814966,4.538131109188548e-05,0.24872708400000043
SGPTL,6500,0.0004084435932791841,4.538131109188548e-05,0.24876383400000002
SGPTL,6501,0.00039789706817172643,4.538131109188548e-05,0.24880037500000007
SGPTL,6502,0.0004182005655473109,4.538131109188548e-05,0.24883841699999998
SGPTL,6503,0.0004419810028777338,4.538131109188548e-05,0.24887520900000037
SGPTL,6504,0.0004583570936613768,4.538131109188548e-05,0.2489115420000001
SGPTL,6505,0.0004251851011281005,4.538131109188548e-05,0.248949584
SGPTL,6506,0.0004172130559751963,4.538131109188548e-05,0.24898633400000048
SGPTL,6507,0.00041792022718634136,4.538131109188548e-05,0.24902308400000006
SGPTL,6508,0.0004407490495554889,4.538131109188548e-05,0.2490610000000002
SGPTL,6509,0.00040756225192706275,4.538131109188548e-05,0.24909804199999996
SGPTL,6510,0.00041146340852371566,4.538131109188548e-05,0.24913604199999995
SGPTL,6511,0.0004134070655130717,4.538131109188548e-05,0.24917379199999967
SGPTL,6512,0.0003829429513908522,4.538131109188548e-05,0.2492107499999996
SGPTL,6513,0.0003515337258852558,4.538131109188548e-05,0.2492486249999999
SGPTL,6514,0.0003471005344426459,4.538131109188548e-05,0.24928645900000035
SGPTL,6515,0.00033757179264792825,4.538131109188548e-05,0.24932362499999972
SGPTL,6516,0.0003368586791543393,4.538131109188548e-05,0.24936533400000016
SGPTL,6517,0.0003581170024076208,4.538131109188548e-05,0.24940254200000034
SGPTL,6518,0.0003590282174847914,4.538131109188548e-05,0.24943937499999969
SGPTL,6519,0.0003537734218606037,4.538131109188548e-05,0.24947758400000009
SGPTL,6520,0.0003666853588246699,4.538131109188548e-05,0.24951458399999993
SGPTL,6521,0.00041170785260380427,4.538131109188548e-05,0.24955104200000022
SGPTL,6522,0.000452557662311337,4.538131109188548e-05,0.24958895900000044
SGPTL,6523,0.0004703828479404315,4.538131109188548e-05,0.24962608399999997
SGPTL,6524,0.0004739861441334092,4.538131109188548e-05,0.24966237499999977
SGPTL,6525,0.00047109322898153394,4.538131109188548e-05,0.2497004589999996
SGPTL,6526,0.000500215785744107,4.538131109188548e-05,0.2497374170000004
SGPTL,6527,0.0005137936156476286,4.538131109188548e-05,0.2497738749999998
SGPTL,6528,0.0005175285279672703,4.538131109188548e-05,0.2498117500000001
SGPTL,6529,0.0005120259327764387,4.538131109188548e-05,0.2498491249999999
SGPTL,6530,0.0005080426999877208,4.538131109188548e-05,0.24988712499999988
SGPTL,6531,0.0004816546359325269,4.538131109188548e-05,0.2499250420000001
SGPTL,6532,0.0004784297220379319,4.538131109188548e-05,0.24996170899999992
SGPTL,6533,0.0004837532831469815,4.538131109188548e-05,0.24999804199999964
SGPTL,6534,0.0004865635321098516,4.538131109188548e-05,0.25003595899999986
SGPTL,6535,0.000538458917471063,4.538131109188548e-05,0.25007254199999984
SGPTL,6536,0.0005605443585334768,4.538131109188548e-05,0.2501091249999998
SGPTL,6537,0.0005354096824017329,4.538131109188548e-05,0.25014704200000004
SGPTL,6538,0.0004690791795560756,4.538131109188548e-05,0.2501840839999998
SGPTL,6539,0.00045535496276549736,4.538131109188548e-05,0.250220584
SGPTL,6540,0.0004690734157428711,4.538131109188548e-05,0.250258584
SGPTL,6541,0.00048139040104100417,4.538131109188548e-05,0.2502953750000003
SGPTL,6542,0.00048167198367643493,4.538131109188548e-05,0.25033295899999963
SGPTL,6543,0.0005218794135379845,4.538131109188548e-05,0.25037070900000025
SGPTL,6544,0.0005427338435253226,4.538131109188548e-05,0.25040825000000044
SGPTL,6545,0.0005414972068431556,4.538131109188548e-05,0.25044737500000025
SGPTL,6546,0.000543102846165322,4.538131109188548e-05,0.25048508400000014
SGPTL,6547,0.0005274187680401887,4.538131109188548e-05,0.25052450000000004
SGPTL,6548,0.0005319370775789256,4.538131109188548e-05,0.2505614999999999
SGPTL,6549,0.0005491563266279975,4.538131109188548e-05,0.25059791700000034
SGPTL,6550,0.0004964831568687877,4.538131109188548e-05,0.25063595900000024
SGPTL,6551,0.00047629717702935004,4.538131109188548e-05,0.2506729999999999
SGPTL,6552,0.00043529519907714587,4.538131109188548e-05,0.25070937500000046
SGPTL,6553,0.00044271872675771817,4.538131109188548e-05,0.25074724999999987
SGPTL,6554,0.000446525013807042,4.538131109188548e-05,0.25078433400000044
SGPTL,6555,0.0004931939746701808,4.538131109188548e-05,0.25082079199999985
SGPTL,6556,0.0005241463592933204,4.538131109188548e-05,0.25085870900000007
SGPTL,6557,0.0005326563828842446,4.538131109188548e-05,0.2508957089999999
SGPTL,6558,0.0005222043600570103,4.538131109188548e-05,0.2509321250000003
SGPTL,6559,0.0005066857593347684,4.538131109188548e-05,0.2509702090000001
SGPTL,6560,0.00048404233677223907,4.538131109188548e-05,0.2510074170000003
SGPTL,6561,0.0005074298265139721,4.538131109188548e-05,0.25104400000000027
SGPTL,6562,0.0005022991168672775,4.538131109188548e-05,0.25108137500000005
SGPTL,6563,0.0005022020562843732,4.538131109188548e-05,0.2511185840000003
SGPTL,6564,0.0004954178197431602,4.538131109188548e-05,0.2511564169999998
SGPTL,6565,0.000508930446553979,4.538131109188548e-05,0.2511942920000001
SGPTL,6566,0.0005244636540657766,4.538131109188548e-05,0.25123112500000033
SGPTL,6567,0.0005383334695676645,4.538131109188548e-05,0.2512675839999998
SGPTL,6568,0.0005849680182112849,4.538131109188548e-05,0.2513053750000003
SGPTL,6569,0.0006172286991166231,4.538131109188548e-05,0.2513425419999997
SGPTL,6570,0.0005529463249120958,4.538131109188548e-05,0.25137904199999994
SGPTL,6571,0.0005258928067921609,4.538131109188548e-05,0.2514172920000002
SGPTL,6572,0.0004706529651719027,4.538131109188548e-05,0.2514537920000004
SGPTL,6573,0.000439547070851809,4.538131109188548e-05,0.2514909169999999
SGPTL,6574,0.0004312294614452483,4.538131109188548e-05,0.25152883400000015
SGPTL,6575,0.00040070836474948024,4.538131109188548e-05,0.25156562500000046
SGPTL,6576,0.00039070575476207736,4.538131109188548e-05,0.2516022920000003
SGPTL,6577,0.00040642682902847227,4.538131109188548e-05,0.25164029200000027
SGPTL,6578,0.0004271275901557292,4.538131109188548e-05,0.2516772500000002
SGPTL,6579,0.00042897116510598465,4.538131109188548e-05,0.2517137920000003
SGPTL,6580,0.00043232520778735406,4.538131109188548e-05,0.2517517500000004
SGPTL,6581,0.00046316552440517356,4.538131109188548e-05,0.2517887500000002
SGPTL,6582,0.00047241716988066784,4.538131109188548e-05,0.2518292500000001
SGPTL,6583,0.0004638792748790088,4.538131109188548e-05,0.251867292
SGPTL,6584,0.0004890577333389601,4.538131109188548e-05,0.2519059590000001
SGPTL,6585,0.0004929523408323533,4.538131109188548e-05,0.2519448750000004
SGPTL,6586,0.0005011241716563752,4.538131109188548e-05,0.25198187500000024
SGPTL,6587,0.00047253193266394433,4.538131109188548e-05,0.2520184170000004
SGPTL,6588,0.0004595577164725473,4.538131109188548e-05,0.25205624999999987
SGPTL,6589,0.00044925860431543896,4.538131109188548e-05,0.2520929589999996
SGPTL,6590,0.0004419853693096165,4.538131109188548e-05,0.252129375
SGPTL,6591,0.00045500677576804094,4.538131109188548e-05,0.25216704199999995
SGPTL,6592,0.00042673502573453703,4.538131109188548e-05,0.2522066670000003
SGPTL,6593,0.0004334866542328175,4.538131109188548e-05,0.25224358400000035
SGPTL,6594,0.0004675277624481833,4.538131109188548e-05,0.2522817919999998
SGPTL,6595,0.00047035481127633005,4.538131109188548e-05,0.25231991700000034
SGPTL,6596,0.0005108972445397875,4.538131109188548e-05,0.25235916699999983
SGPTL,6597,0.000505552392183084,4.538131109188548e-05,0.2523958750000004
SGPTL,6598,0.0004739661194068656,4.538131109188548e-05,0.2524342920000002
SGPTL,6599,0.0004757190285278323,4.538131109188548e-05,0.25247204199999995
SGPTL,6600,0.0004656274910259661,4.538131109188548e-05,0.25251316700000004
SGPTL,6601,0.00048722268585521533,4.538131109188548e-05,0.25255262499999986
SGPTL,6602,0.0004978111067310831,4.538131109188548e-05,0.2525900840000004
SGPTL,6603,0.0005111700892730386,4.538131109188548e-05,0.252628584
SGPTL,6604,0.00047377943945758894,4.538131109188548e-05,0.25266579200000017
SGPTL,6605,0.0004472678091536064,4.538131109188548e-05,0.25270362499999965
SGPTL,6606,0.0004503432857616563,4.538131109188548e-05,0.25274037500000013
SGPTL,6607,0.00045359885444296033,4.538131109188548e-05,0.2527767919999997
SGPTL,6608,0.0004596895504596077,4.538131109188548e-05,0.25281474999999975
SGPTL,6609,0.0004621556635906465,4.538131109188548e-05,0.25285166699999984
SGPTL,6610,0.00046273447958311564,4.538131109188548e-05,0.2528882499999998
SGPTL,6611,0.00046378329012730646,4.538131109188548e-05,0.252926542
SGPTL,6612,0.0005140104267855605,4.538131109188548e-05,0.25296324999999964
SGPTL,6613,0.0005491250698446137,4.538131109188548e-05,0.25300112499999994
SGPTL,6614,0.0005267093398639844,4.538131109188548e-05,0.25303933400000034
SGPTL,6615,0.0005153877476691271,4.538131109188548e-05,0.25307691700000046
SGPTL,6616,0.0005288679448245404,4.538131109188548e-05,0.25311445899999985
SGPTL,6617,0.0005074262343218727,4.538131109188548e-05,0.2531510419999998
SGPTL,6618,0.0004901351152262201,4.538131109188548e-05,0.25318895900000005
SGPTL,6619,0.0005074919142948886,4.538131109188548e-05,0.2532257920000003
SGPTL,6620,0.00048174334248640704,4.538131109188548e-05,0.2532622919999996
SGPTL,6621,0.0004992705731527991,4.538131109188548e-05,0.2533007920000001
SGPTL,6622,0.0005438524550915869,4.538131109188548e-05,0.2533380420000002
SGPTL,6623,0.0005468912233190792,4.538131109188548e-05,0.25337474999999987
SGPTL,6624,0.0005632244911404349,4.538131109188548e-05,0.25341262500000017
SGPTL,6625,0.0005246790821269443,4.538131109188548e-05,0.25344970899999986
SGPTL,6626,0.0005137651203939164,4.538131109188548e-05,0.25348629199999984
SGPTL,6627,0.0005210846505252498,4.538131109188548e-05,0.2535241250000002
SGPTL,6628,0.000516075281790318,4.538131109188548e-05,0.2535609169999997
SGPTL,6629,0.0004925693920214691,4.538131109188548e-05,0.25359774999999996
SGPTL,6630,0.0004988201417235327,4.538131109188548e-05,0.2536358749999996
SGPTL,6631,0.0005155214006697939,4.538131109188548e-05,0.25367349999999966
SGPTL,6632,0.0005303245624761477,4.538131109188548e-05,0.2537107089999999
SGPTL,6633,0.0005047896900656212,4.538131109188548e-05,0.25374725
SGPTL,6634,0.00048726102885687794,4.538131109188548e-05,0.2537851670000002
SGPTL,6635,0.0005089895886518647,4.538131109188548e-05,0.2538217500000002
SGPTL,6636,0.0005219253164505666,4.538131109188548e-05,0.2538604170000003
SGPTL,6637,0.0005149757283913203,4.538131109188548e-05,0.2538974999999999
SGPTL,6638,0.0005048887461827078,4.538131109188548e-05,0.25393566700000036
SGPTL,6639,0.0005111890878310987,4.538131109188548e-05,0.2539724589999999
SGPTL,6640,0.000479131720923176,4.538131109188548e-05,0.25400983399999966
SGPTL,6641,0.0005011501698151122,4.538131109188548e-05,0.2540479170000003
SGPTL,6642,0.0005148667206493762,4.538131109188548e-05,0.2540857919999997
SGPTL,6643,0.0005407471623337656,4.538131109188548e-05,0.2541228750000002
SGPTL,6644,0.0005175544734135062,4.538131109188548e-05,0.25416054200000016
SGPTL,6645,0.0005072152664926666,4.538131109188548e-05,0.2541987500000005
SGPTL,6646,0.0004940975356917399,4.538131109188548e-05,0.25423583400000016
SGPTL,6647,0.0004990459349931697,4.538131109188548e-05,0.25427333399999963
SGPTL,6648,0.0005160871318992122,4.538131109188548e-05,0.25431170900000044
SGPTL,6649,0.0005144785579545008,4.538131109188548e-05,0.2543485419999998
SGPTL,6650,0.0005189358090575968,4.538131109188548e-05,0.2543856670000002
SGPTL,6651,0.0005389537924260779,4.538131109188548e-05,0.25442795900000004
SGPTL,6652,0.000526482466608913,4.538131109188548e-05,0.2544677919999998
SGPTL,6653,0.000521959338656508,4.538131109188548e-05,0.2545056250000002
SGPTL,6654,0.0005497460373242724,4.538131109188548e-05,0.2545447919999999
SGPTL,6655,0.00053787766247404,4.538131109188548e-05,0.25458174999999983
SGPTL,6656,0.0004779202451039577,4.538131109188548e-05,0.25461825000000005
SGPTL,6657,0.0004746289830697137,4.538131109188548e-05,0.25465629199999995
SGPTL,6658,0.0004788057709190774,4.538131109188548e-05,0.2546934590000003
SGPTL,6659,0.0004866056340724345,4.538131109188548e-05,0.2547299169999997
SGPTL,6660,0.0004751676255532189,4.538131109188548e-05,0.25476820899999986
SGPTL,6661,0.0004520299489958468,4.538131109188548e-05,0.2548052500000004
SGPTL,6662,0.00044371574103774236,4.538131109188548e-05,0.25484174999999976
SGPTL,6663,0.0004642981558604653,4.538131109188548e-05,0.2548797089999999
SGPTL,6664,0.00046384231469387416,4.538131109188548e-05,0.25491670899999974
SGPTL,6665,0.0004576634104198618,4.538131109188548e-05,0.2549532499999998
SGPTL,6666,0.00048547449412805754,4.538131109188548e-05,0.2549914590000002
SGPTL,6667,0.0004953324363130562,4.538131109188548e-05,0.25502954199999994
SGPTL,6668,0.0004934475729170273,4.538131109188548e-05,0.25506683399999996
SGPTL,6669,0.0005248129720705208,4.538131109188548e-05,0.2551038339999998
SGPTL,6670,0.0004939436573501155,4.538131109188548e-05,0.25514179199999987
SGPTL,6671,0.0004505841126003496,4.538131109188548e-05,0.25517912499999973
SGPTL,6672,0.0004344869622858738,4.538131109188548e-05,0.2552154169999996
SGPTL,6673,0.00043400300726648133,4.538131109188548e-05,0.2552534169999996
SGPTL,6674,0.00043844464011844053,4.538131109188548e-05,0.2552903339999997
SGPTL,6675,0.0004538911093181497,4.538131109188548e-05,0.25532687499999973
SGPTL,6676,0.0004378721144782105,4.538131109188548e-05,0.2553648339999999
SGPTL,6677,0.0004382917872516323,4.538131109188548e-05,0.2554018339999997
SGPTL,6678,0.0004570734279003563,4.538131109188548e-05,0.25543854200000027
SGPTL,6679,0.0004393272291720596,4.538131109188548e-05,0.25547670899999986
SGPTL,6680,0.0004276617083296408,4.538131109188548e-05,0.25551345900000033
SGPTL,6681,0.00041326904747518434,4.538131109188548e-05,0.2555500420000003
SGPTL,6682,0.0004132458398575789,4.538131109188548e-05,0.25558800000000037
SGPTL,6683,0.0004244528751227161,4.538131109188548e-05,0.2556253340000003
SGPTL,6684,0.00041013370651143966,4.538131109188548e-05,0.2556630000000002
SGPTL,6685,0.0004298022433870674,4.538131109188548e-05,0.25570020900000046
SGPTL,6686,0.00040711827415917945,4.538131109188548e-05,0.25573995900000046
SGPTL,6687,0.0004221215618962493,4.538131109188548e-05,0.25577704200000007
SGPTL,6688,0.00044153142918945676,4.538131109188548e-05,0.25581395900000015
SGPTL,6689,0.00043723791564831416,4.538131109188548e-05,0.25585183400000044
SGPTL,6690,0.00040817886536848036,4.538131109188548e-05,0.2558911249999998
SGPTL,6691,0.00039876422540641165,4.538131109188548e-05,0.2559277499999997
SGPTL,6692,0.0003989711647314209,4.538131109188548e-05,0.25596558400000013
SGPTL,6693,0.0003905323023163376,4.538131109188548e-05,0.256002584
SGPTL,6694,0.0003737162265773364,4.538131109188548e-05,0.25603900000000035
SGPTL,6695,0.00038661763246228276,4.538131109188548e-05,0.2560766670000003
SGPTL,6696,0.0004131789336225822,4.538131109188548e-05,0.2561137090000001
SGPTL,6697,0.00042095279875153935,4.538131109188548e-05,0.2561501670000004
SGPTL,6698,0.0004414900655524967,4.538131109188548e-05,0.25618829200000004
SGPTL,6699,0.0004441425972718793,4.538131109188548e-05,0.2562249999999997
SGPTL,6700,0.00045259713464274043,4.538131109188548e-05,0.2562631670000002
SGPTL,6701,0.0004595127136952648,4.538131109188548e-05,0.25630366700000007
SGPTL,6702,0.0004332956553994016,4.538131109188548e-05,0.2563408340000004
SGPTL,6703,0.0004387227811801786,4.538131109188548e-05,0.2563785000000003
SGPTL,6704,0.00043593144238474046,4.538131109188548e-05,0.25641625
SGPTL,6705,0.0004722164685884156,4.538131109188548e-05,0.2564529999999996
SGPTL,6706,0.00048474806456666464,4.538131109188548e-05,0.25649004200000025
SGPTL,6707,0.0004911916638619118,4.538131109188548e-05,0.2565278339999999
SGPTL,6708,0.0004562411255122356,4.538131109188548e-05,0.25657041699999983
SGPTL,6709,0.0004745697719181763,4.538131109188548e-05,0.2566079590000001
SGPTL,6710,0.0005139093859916066,4.538131109188548e-05,0.25664433399999975
SGPTL,6711,0.0004987619560961054,4.538131109188548e-05,0.25668233399999973
SGPTL,6712,0.0005066391860037989,4.538131109188548e-05,0.2567188749999998
SGPTL,6713,0.0005024676091331948,4.538131109188548e-05,0.256755375
SGPTL,6714,0.0005164060863678266,4.538131109188548e-05,0.25679345899999984
SGPTL,6715,0.0005157442363397102,4.538131109188548e-05,0.25683012500000046
SGPTL,6716,0.00048645225505961065,4.538131109188548e-05,0.25686645900000027
SGPTL,6717,0.00047606658468168916,4.538131109188548e-05,0.25690412500000015
SGPTL,6718,0.0004630987584388624,4.538131109188548e-05,0.2569410000000003
SGPTL,6719,0.00044605065790825904,4.538131109188548e-05,0.2569774169999999
SGPTL,6720,0.00046703908416523277,4.538131109188548e-05,0.25701450000000037
SGPTL,6721,0.0004929860821869525,4.538131109188548e-05,0.25705175000000047
SGPTL,6722,0.0004953156582714335,4.538131109188548e-05,0.2570885839999999
SGPTL,6723,0.0004826544395619692,4.538131109188548e-05,0.2571265839999999
SGPTL,6724,0.0005310237235300885,4.538131109188548e-05,0.2571632089999998
SGPTL,6725,0.0005362925413578967,4.538131109188548e-05,0.2572009590000004
SGPTL,6726,0.0005383836617154358,4.538131109188548e-05,0.25723874999999996
SGPTL,6727,0.0005450578452204091,4.538131109188548e-05,0.25727537499999986
SGPTL,6728,0.0005220915225980782,4.538131109188548e-05,0.25731383399999963
SGPTL,6729,0.0005069770979160282,4.538131109188548e-05,0.25735158400000024
SGPTL,6730,0.000495643351714703,4.538131109188548e-05,0.2573904589999998
SGPTL,6731,0.0004945762376764584,4.538131109188548e-05,0.25743166699999964
SGPTL,6732,0.0005115066694076909,4.538131109188548e-05,0.25746895899999966
SGPTL,6733,0.0005290730802673949,4.538131109188548e-05,0.2575052920000003
SGPTL,6734,0.0005268571136665123,4.538131109188548e-05,0.2575433340000002
SGPTL,6735,0.0005649487737464653,4.538131109188548e-05,0.2575801670000004
SGPTL,6736,0.0005377203104823813,4.538131109188548e-05,0.2576166249999998
SGPTL,6737,0.0004971847752863745,4.538131109188548e-05,0.25765458399999996
SGPTL,6738,0.0004860471988639148,4.538131109188548e-05,0.2576915839999998
SGPTL,6739,0.000523984596007665,4.538131109188548e-05,0.2577289589999996
SGPTL,6740,0.0005384126550269652,4.538131109188548e-05,0.257767125
SGPTL,6741,0.0005485961226425751,4.538131109188548e-05,0.25780445899999993
SGPTL,6742,0.0005417483145322421,4.538131109188548e-05,0.25784233400000023
SGPTL,6743,0.0005199704398539673,4.538131109188548e-05,0.25788004200000003
SGPTL,6744,0.000496915023241451,4.538131109188548e-05,0.2579167919999996
SGPTL,6745,0.0004845391985908165,4.538131109188548e-05,0.25795329199999983
SGPTL,6746,0.00047903354927614217,4.538131109188548e-05,0.25799133399999974
SGPTL,6747,0.0005136496950344238,4.538131109188548e-05,0.25802783399999996
SGPTL,6748,0.0005045895268727119,4.538131109188548e-05,0.2580643340000002
SGPTL,6749,0.0005058442771308513,4.538131109188548e-05,0.25810220900000047
SGPTL,6750,0.0005325695747857573,4.538131109188548e-05,0.2581391670000004
SGPTL,6751,0.0005358259627801232,4.538131109188548e-05,0.2581761250000003
SGPTL,6752,0.0005010652953005845,4.538131109188548e-05,0.25821404199999964
SGPTL,6753,0.0004889004991497359,4.538131109188548e-05,0.25825145900000024
SGPTL,6754,0.000481543658589656,4.538131109188548e-05,0.25828779199999996
SGPTL,6755,0.0004775304867123964,4.538131109188548e-05,0.25832575
SGPTL,6756,0.00043385599984824275,4.538131109188548e-05,0.25836229200000016
SGPTL,6757,0.0004230594387499842,4.538131109188548e-05,0.25840016700000046
SGPTL,6758,0.0004222419817132561,4.538131109188548e-05,0.2584372090000002
SGPTL,6759,0.00043412234923323467,4.538131109188548e-05,0.2584734590000002
SGPTL,6760,0.0004468465630700358,4.538131109188548e-05,0.25851129199999967
SGPTL,6761,0.0004672679807851132,4.538131109188548e-05,0.258548792
SGPTL,6762,0.0004972992758913719,4.538131109188548e-05,0.25858687499999977
SGPTL,6763,0.0004964760144137159,4.538131109188548e-05,0.25862374999999993
SGPTL,6764,0.00045799881511054963,4.538131109188548e-05,0.25866008399999973
SGPTL,6765,0.0004495476591039882,4.538131109188548e-05,0.2586977920000004
SGPTL,6766,0.00044686581513464496,4.538131109188548e-05,0.2587347089999996
SGPTL,6767,0.0004624707818323692,4.538131109188548e-05,0.25877120899999984
SGPTL,6768,0.0004791182539047867,4.538131109188548e-05,0.258809125
SGPTL,6769,0.0004850092517916238,4.538131109188548e-05,0.2588457919999998
SGPTL,6770,0.0005000929309124658,4.538131109188548e-05,0.2588823749999998
SGPTL,6771,0.0005002405270451149,4.538131109188548e-05,0.2589204589999996
SGPTL,6772,0.0005063524858435198,4.538131109188548e-05,0.2589575000000002
SGPTL,6773,0.0004697160379310006,4.538131109188548e-05,0.25899583400000026
SGPTL,6774,0.0004522704767264685,4.538131109188548e-05,0.2590333339999997
SGPTL,6775,0.0004141200523812838,4.538131109188548e-05,0.25907187500000006
SGPTL,6776,0.0004447834154004404,4.538131109188548e-05,0.2591096669999997
SGPTL,6777,0.0004692922125038024,4.538131109188548e-05,0.2591483339999998
SGPTL,6778,0.0005079455171006497,4.538131109188548e-05,0.25918766699999995
SGPTL,6779,0.0005203155916611024,4.538131109188548e-05,0.2592248340000003
SGPTL,6780,0.0005453007468951832,4.538131109188548e-05,0.2592612499999998
SGPTL,6781,0.0005664868401695777,4.538131109188548e-05,0.2592993339999996
SGPTL,6782,0.0005270800425778432,4.538131109188548e-05,0.25933616699999984
SGPTL,6783,0.0004631159787804595,4.538131109188548e-05,0.2593725840000003
SGPTL,6784,0.0004302071931396867,4.538131109188548e-05,0.25941112499999974
SGPTL,6785,0.00040666660536148314,4.538131109188548e-05,0.259448667
SGPTL,6786,0.00041681917043856487,4.538131109188548e-05,0.25948520900000016
SGPTL,6787,0.0004137154067613835,4.538131109188548e-05,0.25952304199999965
SGPTL,6788,0.00043416710102217593,4.538131109188548e-05,0.2595597920000001
SGPTL,6789,0.00047381985886785216,4.538131109188548e-05,0.2595963750000001
SGPTL,6790,0.0005285792552498503,4.538131109188548e-05,0.2596342500000004
SGPTL,6791,0.0005618108651685993,4.538131109188548e-05,0.25967141699999985
SGPTL,6792,0.0005665727858801262,4.538131109188548e-05,0.2597088750000003
SGPTL,6793,0.0005493580747342186,4.538131109188548e-05,0.2597469170000002
SGPTL,6794,0.0005154881231661523,4.538131109188548e-05,0.2597838750000001
SGPTL,6795,0.0004734028227539877,4.538131109188548e-05,0.2598214590000003
SGPTL,6796,0.0004922940398981446,4.538131109188548e-05,0.25985950000000013
SGPTL,6797,0.0005285142356588057,4.538131109188548e-05,0.25989633400000045
SGPTL,6798,0.0005460816680753489,4.538131109188548e-05,0.2599327090000001
SGPTL,6799,0.0005316082862327765,4.538131109188548e-05,0.25997062500000023
SGPTL,6800,0.0005015764094411512,4.538131109188548e-05,0.26000745899999966
SGPTL,6801,0.0005124320697427187,4.538131109188548e-05,0.2600439589999999
SGPTL,6802,0.000506350319580573,4.538131109188548e-05,0.2600822090000001
SGPTL,6803,0.0004606623938787635,4.538131109188548e-05,0.26011904200000036
SGPTL,6804,0.00046391938722400994,4.538131109188548e-05,0.2601555839999996
SGPTL,6805,0.00047321403744815527,4.538131109188548e-05,0.2601934589999999
SGPTL,6806,0.0004973759405655365,4.538131109188548e-05,0.26023095900000026
SGPTL,6807,0.00048309173445781894,4.538131109188548e-05,0.2602683749999999
SGPTL,6808,0.0004794260009055584,4.538131109188548e-05,0.26030574999999967
SGPTL,6809,0.0005282589454072006,4.538131109188548e-05,0.26034391700000015
SGPTL,6810,0.0005378750176192604,4.538131109188548e-05,0.26038099999999975
SGPTL,6811,0.0005234859015352811,4.538131109188548e-05,0.2604175839999998
SGPTL,6812,0.0005576027359663893,4.538131109188548e-05,0.26045537500000027
SGPTL,6813,0.0005433611102798608,4.538131109188548e-05,0.2604921669999998
SGPTL,6814,0.0005085221322702616,4.538131109188548e-05,0.260528667
SGPTL,6815,0.000500479499318196,4.538131109188548e-05,0.2605663749999998
SGPTL,6816,0.0005109572852473043,4.538131109188548e-05,0.26060337499999964
SGPTL,6817,0.0005286010567189248,4.538131109188548e-05,0.2606399169999998
SGPTL,6818,0.0005428967886833558,4.538131109188548e-05,0.2606779589999997
SGPTL,6819,0.0005399345176582138,4.538131109188548e-05,0.26071483399999984
SGPTL,6820,0.0005493913443261889,4.538131109188548e-05,0.2607513749999999
SGPTL,6821,0.0005472983086303174,4.538131109188548e-05,0.26079529200000007
SGPTL,6822,0.0005498088498725462,4.538131109188548e-05,0.2608393339999999
SGPTL,6823,0.0005369633166036891,4.538131109188548e-05,0.2608808749999998
SGPTL,6824,0.000560874974824932,4.538131109188548e-05,0.2609192089999999
SGPTL,6825,0.0005420014899981673,4.538131109188548e-05,0.260956459
SGPTL,6826,0.0004897585118863734,4.538131109188548e-05,0.26099520899999984
SGPTL,6827,0.00044157271648304075,4.538131109188548e-05,0.26103308400000014
SGPTL,6828,0.0004114004912438851,4.538131109188548e-05,0.2610724590000002
SGPTL,6829,0.0004162423508415891,4.538131109188548e-05,0.2611106249999997
SGPTL,6830,0.00042710211228058625,4.538131109188548e-05,0.26115012500000034
SGPTL,6831,0.00043826742755115333,4.538131109188548e-05,0.26118783400000023
SGPTL,6832,0.00046508418102186866,4.538131109188548e-05,0.26122695900000004
SGPTL,6833,0.0004694707522849839,4.538131109188548e-05,0.26126408400000045
SGPTL,6834,0.000498321184680961,4.538131109188548e-05,0.26130758399999987
SGPTL,6835,0.0005126524010687916,4.538131109188548e-05,0.2613475420000002
SGPTL,6836,0.0005338361590001561,4.538131109188548e-05,0.2613850419999997
SGPTL,6837,0.0005583983769483769,4.538131109188548e-05,0.2614217090000004
SGPTL,6838,0.00057931697637148,4.538131109188548e-05,0.2614597500000002
SGPTL,6839,0.0005667332685184157,4.538131109188548e-05,0.2614971669999999
SGPTL,6840,0.0005410277851911616,4.538131109188548e-05,0.2615364170000003
SGPTL,6841,0.0005154309721437933,4.538131109188548e-05,0.2615757089999997
SGPTL,6842,0.000442213570633454,4.538131109188548e-05,0.2616142090000002
SGPTL,6843,0.0004384465514353231,4.538131109188548e-05,0.26165229199999995
SGPTL,6844,0.00044282990942079437,4.538131109188548e-05,0.2616892499999999
SGPTL,6845,0.000420734108510068,4.538131109188548e-05,0.26172758399999996
SGPTL,6846,0.00038277851475210234,4.538131109188548e-05,0.26176529199999976
SGPTL,6847,0.00039432280355766736,4.538131109188548e-05,0.2618018339999999
SGPTL,6848,0.00042598443897001737,4.538131109188548e-05,0.2618398749999997
SGPTL,6849,0.00047288216640639646,4.538131109188548e-05,0.26187700000000014
SGPTL,6850,0.0004678243807993976,4.538131109188548e-05,0.2619135840000002
SGPTL,6851,0.000442832062536036,4.538131109188548e-05,0.26195179199999963
SGPTL,6852,0.0004441220959812142,4.538131109188548e-05,0.2619888750000001
SGPTL,6853,0.00043808423559310583,4.538131109188548e-05,0.26202537500000034
SGPTL,6854,0.0004320759462150825,4.538131109188548e-05,0.2620636669999996
SGPTL,6855,0.00042595264102240904,4.538131109188548e-05,0.26210095899999963
SGPTL,6856,0.00043167156491574765,4.538131109188548e-05,0.26213854199999975
SGPTL,6857,0.0004446847638202023,4.538131109188548e-05,0.2621762089999997
SGPTL,6858,0.0004448743121572285,4.538131109188548e-05,0.26221475000000005
SGPTL,6859,0.0004213029177624339,4.538131109188548e-05,0.2622522089999997
SGPTL,6860,0.00041919582705229885,4.538131109188548e-05,0.2622909169999996
SGPTL,6861,0.00040246627095674725,4.538131109188548e-05,0.2623253339999998
SGPTL,6862,0.0004115877460604267,4.538131109188548e-05,0.2623630840000004
SGPTL,6863,0.0004380809605846192,4.538131109188548e-05,0.2624027919999996
SGPTL,6864,0.0004484652039842274,4.538131109188548e-05,0.26244008399999963
SGPTL,6865,0.0004328281318977112,4.538131109188548e-05,0.26247816700000026
SGPTL,6866,0.0004400901782817268,4.538131109188548e-05,0.26253050000000044
SGPTL,6867,0.000426051972565622,4.538131109188548e-05,0.26256979199999986
SGPTL,6868,0.000400882893913046,4.538131109188548e-05,0.2626077090000001
SGPTL,6869,0.00037642725122388754,4.538131109188548e-05,0.2626474999999999
SGPTL,6870,0.0003752971650936576,4.538131109188548e-05,0.26268491699999963
SGPTL,6871,0.000390473770375932,4.538131109188548e-05,0.26272145899999977
SGPTL,6872,0.00036710460393285516,4.538131109188548e-05,0.262759709
SGPTL,6873,0.00035559101028659335,4.538131109188548e-05,0.2627967919999996
SGPTL,6874,0.0003867632681338051,4.538131109188548e-05,0.2628333749999996
SGPTL,6875,0.0003969535523391521,4.538131109188548e-05,0.2628717089999997
SGPTL,6876,0.0004197646265131638,4.538131109188548e-05,0.26290858399999983
SGPTL,6877,0.0004285581085812229,4.538131109188548e-05,0.26294695899999976
SGPTL,6878,0.00041634523041156335,4.538131109188548e-05,0.26298462499999964
SGPTL,6879,0.0004042933835743945,4.538131109188548e-05,0.26302362499999976
SGPTL,6880,0.00042970478793114,4.538131109188548e-05,0.2630682919999998
SGPTL,6881,0.00044766991805977874,4.538131109188548e-05,0.26310733399999986
SGPTL,6882,0.00045125131489820447,4.538131109188548e-05,0.26314595900000004
SGPTL,6883,0.0004399515346298344,4.538131109188548e-05,0.26318287500000004
SGPTL,6884,0.00043378491094259175,4.538131109188548e-05,0.2632217499999996
SGPTL,6885,0.0004041059863488794,4.538131109188548e-05,0.26326066699999995
SGPTL,6886,0.00038138848707047757,4.538131109188548e-05,0.263302167
SGPTL,6887,0.00042994073592295123,4.538131109188548e-05,0.2633388339999998
SGPTL,6888,0.00041767338608833526,4.538131109188548e-05,0.26337691700000043
SGPTL,6889,0.00043833688596128795,4.538131109188548e-05,0.26341449999999966
SGPTL,6890,0.000474138382450473,4.538131109188548e-05,0.2634529590000003
SGPTL,6891,0.00047985509452908026,4.538131109188548e-05,0.26349145899999993
SGPTL,6892,0.0004525694736241537,4.538131109188548e-05,0.2635298749999997
SGPTL,6893,0.00048480877930412447,4.538131109188548e-05,0.2635690000000004
SGPTL,6894,0.0005248910030521969,4.538131109188548e-05,0.2636069169999997
SGPTL,6895,0.0004905791185110253,4.538131109188548e-05,0.2636463339999997
SGPTL,6896,0.0004957479196683323,4.538131109188548e-05,0.2636839169999998
SGPTL,6897,0.0005028678722613922,4.538131109188548e-05,0.2637228340000002
SGPTL,6898,0.0004927518364872263,4.538131109188548e-05,0.2637599589999997
SGPTL,6899,0.0005445702650019868,4.538131109188548e-05,0.2637979589999997
SGPTL,6900,0.0004992375178032304,4.538131109188548e-05,0.26383466700000024
SGPTL,6901,0.0005258122990201564,4.538131109188548e-05,0.2638720000000001
SGPTL,6902,0.0004895962925064445,4.538131109188548e-05,0.2639101249999998
SGPTL,6903,0.0005095696959698248,4.538131109188548e-05,0.2639467499999997
SGPTL,6904,0.0005289144062183837,4.538131109188548e-05,0.2639834170000004
SGPTL,6905,0.0005243092718942854,4.538131109188548e-05,0.2640212919999998
SGPTL,6906,0.0004765566306035307,4.538131109188548e-05,0.26405816699999995
SGPTL,6907,0.0004756907773681984,4.538131109188548e-05,0.26409479199999986
SGPTL,6908,0.0004833924959146696,4.538131109188548e-05,0.26413279199999984
SGPTL,6909,0.0005159651614854432,4.538131109188548e-05,0.264171417
SGPTL,6910,0.0005006180566669016,4.538131109188548e-05,0.26420854200000043
SGPTL,6911,0.0004919494008963632,4.538131109188548e-05,0.2642462090000004
SGPTL,6912,0.000504012454664915,4.538131109188548e-05,0.2642840839999998
SGPTL,6913,0.0005251416944571652,4.538131109188548e-05,0.2643209999999998
SGPTL,6914,0.0005403018075793575,4.538131109188548e-05,0.2643576249999997
SGPTL,6915,0.0005186481945451682,4.538131109188548e-05,0.2643955
SGPTL,6916,0.0005415226317302402,4.538131109188548e-05,0.26443220899999975
SGPTL,6917,0.000548784938730229,4.538131109188548e-05,0.26446870899999997
SGPTL,6918,0.0005369127637484539,4.538131109188548e-05,0.2645069170000003
SGPTL,6919,0.0005011654193802784,4.538131109188548e-05,0.2645437089999998
SGPTL,6920,0.0005016833708286761,4.538131109188548e-05,0.26458012500000017
SGPTL,6921,0.0005140369104557063,4.538131109188548e-05,0.2646180840000003
SGPTL,6922,0.0005183427375188288,4.538131109188548e-05,0.26465504200000023
SGPTL,6923,0.0005155407308019555,4.538131109188548e-05,0.26469166700000013
SGPTL,6924,0.0005348128434679023,4.538131109188548e-05,0.26472937499999993
SGPTL,6925,0.0005220477987610828,4.538131109188548e-05,0.26476633399999994
SGPTL,6926,0.0004936397817614235,4.538131109188548e-05,0.26480270900000047
SGPTL,6927,0.00046403561124153114,4.538131109188548e-05,0.26484070900000045
SGPTL,6928,0.0004702161936966931,4.538131109188548e-05,0.2648777090000003
SGPTL,6929,0.0004923841455637401,4.538131109188548e-05,0.26491675000000026
SGPTL,6930,0.0004991595690155837,4.538131109188548e-05,0.2649549999999996
SGPTL,6931,0.0004951808346875808,4.538131109188548e-05,0.26499249999999996
SGPTL,6932,0.0005094887062131459,4.538131109188548e-05,0.26502954199999973
SGPTL,6933,0.0005112119257271175,4.538131109188548e-05,0.26506745899999995
SGPTL,6934,0.0004904789023596479,4.538131109188548e-05,0.26510533400000025
SGPTL,6935,0.0005088420052232756,4.538131109188548e-05,0.2651423340000001
SGPTL,6936,0.00044106368305651955,4.538131109188548e-05,0.2651786669999998
SGPTL,6937,0.0004535897793029875,4.538131109188548e-05,0.26521658400000003
SGPTL,6938,0.0004893462361517109,4.538131109188548e-05,0.2652534590000002
SGPTL,6939,0.00044724095575787715,4.538131109188548e-05,0.26528983399999984
SGPTL,6940,0.0004170820143549747,4.538131109188548e-05,0.26532791700000047
SGPTL,6941,0.00041687409607327197,4.538131109188548e-05,0.26536479199999974
SGPTL,6942,0.0004557220762242409,4.538131109188548e-05,0.2654010839999996
SGPTL,6943,0.0004789848890385251,4.538131109188548e-05,0.2654390839999996
SGPTL,6944,0.0004721621599559356,4.538131109188548e-05,0.2654758749999999
SGPTL,6945,0.00043384594003637034,4.538131109188548e-05,0.26551225000000045
SGPTL,6946,0.00046633272817731,4.538131109188548e-05,0.265550084
SGPTL,6947,0.0004401164241718547,4.538131109188548e-05,0.2655865420000003
SGPTL,6948,0.00043323553583496377,4.538131109188548e-05,0.2656212499999997
SGPTL,6949,0.0004217690125920548,4.538131109188548e-05,0.26565891699999966
SGPTL,6950,0.00044202187048703045,4.538131109188548e-05,0.2656960420000001
SGPTL,6951,0.00043649894223918295,4.538131109188548e-05,0.2657345839999996
SGPTL,6952,0.0004427675590612523,4.538131109188548e-05,0.26576829199999974
SGPTL,6953,0.0004875943964601781,4.538131109188548e-05,0.2658048749999997
SGPTL,6954,0.0005086732458381427,4.538131109188548e-05,0.265848375
SGPTL,6955,0.000538103687679925,4.538131109188548e-05,0.2658855840000003
SGPTL,6956,0.0005295641027733833,4.538131109188548e-05,0.26592358400000027
SGPTL,6957,0.0005519018303870027,4.538131109188548e-05,0.26596050000000027
SGPTL,6958,0.0005456355836621629,4.538131109188548e-05,0.26599804199999966
SGPTL,6959,0.0005183393069478903,4.538131109188548e-05,0.26603620900000013
SGPTL,6960,0.0004897278807560745,4.538131109188548e-05,0.2660792919999997
SGPTL,6961,0.0004692325798960617,4.538131109188548e-05,0.26611724999999975
SGPTL,6962,0.0004622443429340706,4.538131109188548e-05,0.26615641700000037
SGPTL,6963,0.00046317551005836677,4.538131109188548e-05,0.26619499999999974
SGPTL,6964,0.00047869879899975487,4.538131109188548e-05,0.2662337920000004
SGPTL,6965,0.0004962225437394885,4.538131109188548e-05,0.26627158400000006
SGPTL,6966,0.00048691465233874354,4.538131109188548e-05,0.26630970899999973
SGPTL,6967,0.0005023800271017898,4.538131109188548e-05,0.2663469169999999
SGPTL,6968,0.0005219221989496425,4.538131109188548e-05,0.26638466699999963
SGPTL,6969,0.0005639947296600667,4.538131109188548e-05,0.26642258399999985
SGPTL,6970,0.0005919152231426139,4.538131109188548e-05,0.2664594170000001
SGPTL,6971,0.0006168322586506125,4.538131109188548e-05,0.26649600000000007
SGPTL,6972,0.0005715534367010111,4.538131109188548e-05,0.2665340839999999
SGPTL,6973,0.0005324178613914654,4.538131109188548e-05,0.26657158400000025
SGPTL,6974,0.0005378839067475827,4.538131109188548e-05,0.2666104589999998
SGPTL,6975,0.0005110579337990195,4.538131109188548e-05,0.2666489590000003
SGPTL,6976,0.0004712389625092239,4.538131109188548e-05,0.266687417
SGPTL,6977,0.0004465659486496687,4.538131109188548e-05,0.26672649999999987
SGPTL,6978,0.0004655933806949619,4.538131109188548e-05,0.2667642499999996
SGPTL,6979,0.000471446505942108,4.538131109188548e-05,0.26680349999999997
SGPTL,6980,0.0005057081272843433,4.538131109188548e-05,0.26684070900000023
SGPTL,6981,0.0005371253926651498,4.538131109188548e-05,0.26687720900000045
SGPTL,6982,0.0005568738889045743,4.538131109188548e-05,0.26691441699999974
SGPTL,6983,0.0005730324337072101,4.538131109188548e-05,0.26695250000000037
SGPTL,6984,0.0005431793601056167,4.538131109188548e-05,0.26699129200000016
SGPTL,6985,0.0005231176784625813,4.538131109188548e-05,0.2670301669999997
SGPTL,6986,0.0005410212966419081,4.538131109188548e-05,0.2670677499999998
SGPTL,6987,0.0005551232166889353,4.538131109188548e-05,0.26710679199999987
SGPTL,6988,0.0005498449581748943,4.538131109188548e-05,0.26714758399999994
SGPTL,6989,0.0005177320616243097,4.538131109188548e-05,0.26718483400000004
SGPTL,6990,0.0005094407323311678,4.538131109188548e-05,0.2672227500000002
SGPTL,6991,0.000483950093483676,4.538131109188548e-05,0.26725975
SGPTL,6992,0.0004999514229415691,4.538131109188548e-05,0.26729629200000016
SGPTL,6993,0.0005003630392121927,4.538131109188548e-05,0.2673340839999998
SGPTL,6994,0.0004952871191719055,4.538131109188548e-05,0.2673708340000003
SGPTL,6995,0.0005332513862508215,4.538131109188548e-05,0.26740941699999965
SGPTL,6996,0.0005361305364131042,4.538131109188548e-05,0.2674470419999997
SGPTL,6997,0.0005207566296849819,4.538131109188548e-05,0.2674866250000001
SGPTL,6998,0.0004935526360512199,4.538131109188548e-05,0.2675254589999998
SGPTL,6999,0.0004971506450708318,4.538131109188548e-05,0.26756495900000044
SGPTL,7000,0.0005290232416348406,4.538131109188548e-05,0.2676023340000002
SGPTL,7001,0.0005402123035007644,4.538131109188548e-05,0.2676613750000003
SGPTL,7002,0.0005797020287034993,4.538131109188548e-05,0.26770104199999967
SGPTL,7003,0.0006010541228405053,4.538131109188548e-05,0.26773908400000046
SGPTL,7004,0.0005730658022822244,4.538131109188548e-05,0.26777570900000036
SGPTL,7005,0.0005302613083542074,4.538131109188548e-05,0.2678137500000002
SGPTL,7006,0.0005088905574672786,4.538131109188548e-05,0.26785045899999993
SGPTL,7007,0.0004748619733350168,4.538131109188548e-05,0.2678884589999999
SGPTL,7008,0.00044056211635878917,4.538131109188548e-05,0.2679253749999999
SGPTL,7009,0.0004177903406694661,4.538131109188548e-05,0.2679618340000003
SGPTL,7010,0.0004606199365562169,4.538131109188548e-05,0.26799983400000027
SGPTL,7011,0.00048012697651755865,4.538131109188548e-05,0.2680368340000001
SGPTL,7012,0.00046551072908584956,4.538131109188548e-05,0.2680732920000004
SGPTL,7013,0.0004954274152813021,4.538131109188548e-05,0.2681114170000001
SGPTL,7014,0.0004859150486073993,4.538131109188548e-05,0.26814958399999966
SGPTL,7015,0.0004917963641219991,4.538131109188548e-05,0.2681887920000001
SGPTL,7016,0.0004714303837660694,4.538131109188548e-05,0.2682254999999998
SGPTL,7017,0.0004652406179461721,4.538131109188548e-05,0.26826362500000034
SGPTL,7018,0.00048213721670786747,4.538131109188548e-05,0.2683003340000001
SGPTL,7019,0.0004833013461560398,4.538131109188548e-05,0.26833704199999975
SGPTL,7020,0.0004604746146157357,4.538131109188548e-05,0.2683748340000003
SGPTL,7021,0.0004521255239136046,4.538131109188548e-05,0.26841229199999983
SGPTL,7022,0.00044328198276688546,4.538131109188548e-05,0.26844879200000005
SGPTL,7023,0.0004164570891742603,4.538131109188548e-05,0.2684870420000003
SGPTL,7024,0.00043994634895483387,4.538131109188548e-05,0.2685240000000002
SGPTL,7025,0.0004446426631485867,4.538131109188548e-05,0.2685606250000001
SGPTL,7026,0.0004583539604239295,4.538131109188548e-05,0.26859870899999994
SGPTL,7027,0.000466462295934722,4.538131109188548e-05,0.2686355840000001
SGPTL,7028,0.00047716567890532247,4.538131109188548e-05,0.2686723750000004
SGPTL,7029,0.0005127385254444228,4.538131109188548e-05,0.26871029199999974
SGPTL,7030,0.0005456595026294142,4.538131109188548e-05,0.26874741700000015
SGPTL,7031,0.0005604350587788964,4.538131109188548e-05,0.2687837919999998
SGPTL,7032,0.000568262948998921,4.538131109188548e-05,0.2688220000000001
SGPTL,7033,0.0005481254052324136,4.538131109188548e-05,0.2688590419999999
SGPTL,7034,0.00048779119476072275,4.538131109188548e-05,0.2688972500000002
SGPTL,7035,0.0004584371678524324,4.538131109188548e-05,0.2689347089999998
SGPTL,7036,0.000451553942164562,4.538131109188548e-05,0.2689712499999999
SGPTL,7037,0.00045622927680311065,4.538131109188548e-05,0.2690092919999998
SGPTL,7038,0.00043434194896652123,4.538131109188548e-05,0.26904616699999995
SGPTL,7039,0.0004548432652802248,4.538131109188548e-05,0.2690825840000004
SGPTL,7040,0.00048288119069983537,4.538131109188548e-05,0.26912054200000046
SGPTL,7041,0.0004718496153404139,4.538131109188548e-05,0.26915741699999973
SGPTL,7042,0.0004853674309788225,4.538131109188548e-05,0.2691944590000004
SGPTL,7043,0.0004834497684633732,4.538131109188548e-05,0.2692326249999999
SGPTL,7044,0.0004458340497803803,4.538131109188548e-05,0.26926979200000023
SGPTL,7045,0.0004213146463707407,4.538131109188548e-05,0.26930750000000003
SGPTL,7046,0.0003967233083455035,4.538131109188548e-05,0.2693455
SGPTL,7047,0.00037962272594072033,4.538131109188548e-05,0.2693823750000002
SGPTL,7048,0.00036768005184706354,4.538131109188548e-05,0.26941895900000024
SGPTL,7049,0.0003784938415156702,4.538131109188548e-05,0.26945683399999965
SGPTL,7050,0.0003871021358707871,4.538131109188548e-05,0.2694940419999998
SGPTL,7051,0.00039702546132569516,4.538131109188548e-05,0.2695303339999997
SGPTL,7052,0.00038325120972171334,4.538131109188548e-05,0.26956845900000026
SGPTL,7053,0.0003916954121074845,4.538131109188548e-05,0.2696057920000001
SGPTL,7054,0.00040038040334566816,4.538131109188548e-05,0.2696436249999996
SGPTL,7055,0.00039874633011383054,4.538131109188548e-05,0.2696866250000003
SGPTL,7056,0.0003846815808681292,4.538131109188548e-05,0.269725792
SGPTL,7057,0.0003982978529997183,4.538131109188548e-05,0.2697639589999996
SGPTL,7058,0.0004116001600125152,4.538131109188548e-05,0.2698023340000004
SGPTL,7059,0.00043762334332098085,4.538131109188548e-05,0.2698404999999999
SGPTL,7060,0.00039950918926634493,4.538131109188548e-05,0.2698794590000002
SGPTL,7061,0.0003815828765769691,4.538131109188548e-05,0.26991970899999984
SGPTL,7062,0.00038765375974092464,4.538131109188548e-05,0.26995745900000045
SGPTL,7063,0.0004244338749124221,4.538131109188548e-05,0.2699939999999996
SGPTL,7064,0.00044621667052235914,4.538131109188548e-05,0.27003224999999986
SGPTL,7065,0.00042400590323343756,4.538131109188548e-05,0.27006949999999996
SGPTL,7066,0.00039588610389396095,4.538131109188548e-05,0.27010770900000036
SGPTL,7067,0.00038114103392716814,4.538131109188548e-05,0.2701462499999998
SGPTL,7068,0.00040489400230514505,4.538131109188548e-05,0.27018358399999975
SGPTL,7069,0.00043854092773232267,4.538131109188548e-05,0.27022141700000013
SGPTL,7070,0.00045444809625605487,4.538131109188548e-05,0.2702602919999997
SGPTL,7071,0.00043250023904706225,4.538131109188548e-05,0.27029845900000016
SGPTL,7072,0.0004253512094125611,4.538131109188548e-05,0.27033737500000043
SGPTL,7073,0.0004191521004968113,4.538131109188548e-05,0.2703767920000004
SGPTL,7074,0.0004369694457382334,4.538131109188548e-05,0.2704145000000002
SGPTL,7075,0.0004596053317384996,4.538131109188548e-05,0.27045399999999997
SGPTL,7076,0.00043959377090385665,4.538131109188548e-05,0.27049154200000025
SGPTL,7077,0.0004454237978248621,4.538131109188548e-05,0.27052812500000023
SGPTL,7078,0.0005051775094098154,4.538131109188548e-05,0.27056637500000047
SGPTL,7079,0.0005174311103806062,4.538131109188548e-05,0.27060329199999966
SGPTL,7080,0.0004988709016073845,4.538131109188548e-05,0.2706404170000001
SGPTL,7081,0.0005098852075224869,4.538131109188548e-05,0.270678792
SGPTL,7082,0.0005242139168448734,4.538131109188548e-05,0.2707161669999998
SGPTL,7083,0.0005117311520739243,4.538131109188548e-05,0.2707523749999998
SGPTL,7084,0.0004965975095512221,4.538131109188548e-05,0.2707905840000002
SGPTL,7085,0.0005060130620813119,4.538131109188548e-05,0.2708275000000002
SGPTL,7086,0.000514543398937306,4.538131109188548e-05,0.2708835839999999
SGPTL,7087,0.0005114535721200131,4.538131109188548e-05,0.2709216249999997
SGPTL,7088,0.0005039826203983022,4.538131109188548e-05,0.27095954199999994
SGPTL,7089,0.0005142293907809403,4.538131109188548e-05,0.2709977920000002
SGPTL,7090,0.0005239059364401388,4.538131109188548e-05,0.27103516699999997
SGPTL,7091,0.0004704811953235577,4.538131109188548e-05,0.271077
SGPTL,7092,0.0004618607774449224,4.538131109188548e-05,0.27113112500000014
SGPTL,7093,0.000470462514106762,4.538131109188548e-05,0.271169542
SGPTL,7094,0.00045831265637641394,4.538131109188548e-05,0.271206834
SGPTL,7095,0.00045654828415830906,4.538131109188548e-05,0.27124487499999983
SGPTL,7096,0.0004766244681553289,4.538131109188548e-05,0.2712817919999999
SGPTL,7097,0.0005188020564048657,4.538131109188548e-05,0.27132066700000035
SGPTL,7098,0.0004988766271878387,4.538131109188548e-05,0.27135854199999976
SGPTL,7099,0.0004961923734716489,4.538131109188548e-05,0.27139512499999974
SGPTL,7100,0.0005243735467641564,4.538131109188548e-05,0.27143225000000015
SGPTL,7101,0.0005303886701846228,4.538131109188548e-05,0.2714705420000003
SGPTL,7102,0.0005148187007670835,4.538131109188548e-05,0.27150783400000034
SGPTL,7103,0.000495787751653598,4.538131109188548e-05,0.27154433399999967
SGPTL,7104,0.00045620595597339886,4.538131109188548e-05,0.2715824590000002
SGPTL,7105,0.00046629996773273064,4.538131109188548e-05,0.2716197090000003
SGPTL,7106,0.000504520588451296,4.538131109188548e-05,0.27165929199999983
SGPTL,7107,0.0005143163786822669,4.538131109188548e-05,0.2716985000000003
SGPTL,7108,0.0005309809184772529,4.538131109188548e-05,0.2717372090000003
SGPTL,7109,0.0005348097568980137,4.538131109188548e-05,0.27177462499999994
SGPTL,7110,0.0005027889912139205,4.538131109188548e-05,0.27181112500000015
SGPTL,7111,0.0004940813849583225,4.538131109188548e-05,0.27184916700000006
SGPTL,7112,0.00047435620984837,4.538131109188548e-05,0.27188608400000014
SGPTL,7113,0.0004656392484845284,4.538131109188548e-05,0.2719227499999999
SGPTL,7114,0.0004606814495811129,4.538131109188548e-05,0.2719607919999998
SGPTL,7115,0.0005010954883553076,4.538131109188548e-05,0.27199799999999996
SGPTL,7116,0.0005607811061998369,4.538131109188548e-05,0.27203433399999977
SGPTL,7117,0.0005636380686213638,4.538131109188548e-05,0.2720727500000004
SGPTL,7118,0.0005538875758190898,4.538131109188548e-05,0.2721107920000003
SGPTL,7119,0.0005447041678552367,4.538131109188548e-05,0.27215041699999976
SGPTL,7120,0.0005735723876871823,4.538131109188548e-05,0.2721894169999999
SGPTL,7121,0.0005758138550078229,4.538131109188548e-05,0.2722270419999999
SGPTL,7122,0.0005273961433194252,4.538131109188548e-05,0.2722662920000003
SGPTL,7123,0.0005394862479177753,4.538131109188548e-05,0.27230579200000005
SGPTL,7124,0.0004901923867304259,4.538131109188548e-05,0.2723426250000003
SGPTL,7125,0.00045171468789084734,4.538131109188548e-05,0.272381459
SGPTL,7126,0.0004908976147772748,4.538131109188548e-05,0.27241941700000005
SGPTL,7127,0.000525970226347594,4.538131109188548e-05,0.27245866700000043
SGPTL,7128,0.0005334686581712766,4.538131109188548e-05,0.272497542
SGPTL,7129,0.0004895594375300405,4.538131109188548e-05,0.27253708399999965
SGPTL,7130,0.0005166548579849106,4.538131109188548e-05,0.27257450000000016
SGPTL,7131,0.0005158477686446616,4.538131109188548e-05,0.2726117090000004
SGPTL,7132,0.0005318268420160255,4.538131109188548e-05,0.2726498340000001
SGPTL,7133,0.00048155659235282755,4.538131109188548e-05,0.2726874170000002
SGPTL,7134,0.00045810590574979493,4.538131109188548e-05,0.2727249169999997
SGPTL,7135,0.000450859671480508,4.538131109188548e-05,0.27276445900000024
SGPTL,7136,0.0004564280576824231,4.538131109188548e-05,0.2728020840000003
SGPTL,7137,0.0004380170831712604,4.538131109188548e-05,0.27283875
SGPTL,7138,0.0004612729155935025,4.538131109188548e-05,0.2728761249999998
SGPTL,7139,0.0004933498695089966,4.538131109188548e-05,0.27291329200000014
SGPTL,7140,0.0004880153125987885,4.538131109188548e-05,0.27295087500000026
SGPTL,7141,0.0004873455812715033,4.538131109188548e-05,0.27298887500000024
SGPTL,7142,0.0005078636358193389,4.538131109188548e-05,0.2730265420000002
SGPTL,7143,0.00046682579780776834,4.538131109188548e-05,0.2730640839999996
SGPTL,7144,0.0004467651316542032,4.538131109188548e-05,0.2731032090000003
SGPTL,7145,0.00043539872916920075,4.538131109188548e-05,0.2731410839999997
SGPTL,7146,0.00043248505798798575,4.538131109188548e-05,0.27317933399999994
SGPTL,7147,0.00043663708268737444,4.538131109188548e-05,0.2732163749999996
SGPTL,7148,0.0004469021182522681,4.538131109188548e-05,0.27325291699999976
SGPTL,7149,0.00043746697377144983,4.538131109188548e-05,0.27329137500000034
SGPTL,7150,0.0004408499380796904,4.538131109188548e-05,0.2733285419999998
SGPTL,7151,0.00047353431486962805,4.538131109188548e-05,0.27336525000000034
SGPTL,7152,0.0004994699134583946,4.538131109188548e-05,0.27340333400000016
SGPTL,7153,0.0005406204434179607,4.538131109188548e-05,0.27344070899999995
SGPTL,7154,0.0005553715286041871,4.538131109188548e-05,0.2734774590000004
SGPTL,7155,0.0005282683587215509,4.538131109188548e-05,0.2735157499999996
SGPTL,7156,0.0005365983400298369,4.538131109188548e-05,0.273552542
SGPTL,7157,0.0004952482215319076,4.538131109188548e-05,0.273590875
SGPTL,7158,0.0004907352908987139,4.538131109188548e-05,0.2736292090000001
SGPTL,7159,0.00046419227268268415,4.538131109188548e-05,0.27366683400000014
SGPTL,7160,0.00045707088059288026,4.538131109188548e-05,0.27370595899999994
SGPTL,7161,0.0004391892225497074,4.538131109188548e-05,0.27374287499999994
SGPTL,7162,0.0004569884169565164,4.538131109188548e-05,0.27378091699999985
SGPTL,7163,0.00047909776321164443,4.538131109188548e-05,0.27381804200000026
SGPTL,7164,0.00048126267043668847,4.538131109188548e-05,0.27385445899999983
SGPTL,7165,0.00047820604461623617,4.538131109188548e-05,0.27389254200000046
SGPTL,7166,0.00047353764873214743,4.538131109188548e-05,0.27392945899999965
SGPTL,7167,0.00046790804854279777,4.538131109188548e-05,0.27396595899999987
SGPTL,7168,0.000499179302521302,4.538131109188548e-05,0.2740040840000004
SGPTL,7169,0.0005014789917816564,4.538131109188548e-05,0.27404108400000027
SGPTL,7170,0.0005029640568507965,4.538131109188548e-05,0.27407845900000005
SGPTL,7171,0.0005210680142608837,4.538131109188548e-05,0.2741165419999998
SGPTL,7172,0.0005258204745119954,4.538131109188548e-05,0.27415370900000013
SGPTL,7173,0.0005259084839850381,4.538131109188548e-05,0.2741929589999996
SGPTL,7174,0.0005325797641035912,4.538131109188548e-05,0.27423087499999976
SGPTL,7175,0.0005560714784484944,4.538131109188548e-05,0.2742703750000004
SGPTL,7176,0.0005348787714467562,4.538131109188548e-05,0.27430820899999997
SGPTL,7177,0.0004661538956465261,4.538131109188548e-05,0.2743473339999998
SGPTL,7178,0.00045544233956151814,4.538131109188548e-05,0.27438504200000047
SGPTL,7179,0.0004612974452038454,4.538131109188548e-05,0.2744240839999996
SGPTL,7180,0.00046913908904766544,4.538131109188548e-05,0.2744613339999997
SGPTL,7181,0.0004847847708639996,4.538131109188548e-05,0.2744997920000003
SGPTL,7182,0.0005139802404641181,4.538131109188548e-05,0.27453679200000014
SGPTL,7183,0.0005339453320050147,4.538131109188548e-05,0.27457345899999996
SGPTL,7184,0.0005627556132505873,4.538131109188548e-05,0.27461158399999963
SGPTL,7185,0.0005551195918342966,4.538131109188548e-05,0.27464870900000005
SGPTL,7186,0.0005195476134427501,4.538131109188548e-05,0.27468533399999995
SGPTL,7187,0.00047295952215842263,4.538131109188548e-05,0.27472337499999977
SGPTL,7188,0.00042276168977228856,4.538131109188548e-05,0.2747603749999996
SGPTL,7189,0.0004265332070396699,4.538131109188548e-05,0.2747986669999998
SGPTL,7190,0.00044121911123484736,4.538131109188548e-05,0.2748364590000003
SGPTL,7191,0.00044960061147514274,4.538131109188548e-05,0.27487300000000037
SGPTL,7192,0.00046916272108443735,4.538131109188548e-05,0.2749097090000001
SGPTL,7193,0.0005153087179368132,4.538131109188548e-05,0.27494791700000043
SGPTL,7194,0.000505765867290453,4.538131109188548e-05,0.2749849170000003
SGPTL,7195,0.0004815891056919597,4.538131109188548e-05,0.2750215420000002
SGPTL,7196,0.00045356737470170216,4.538131109188548e-05,0.27505954200000016
SGPTL,7197,0.0004474060615551334,4.538131109188548e-05,0.27509679200000026
SGPTL,7198,0.00046945733019021496,4.538131109188548e-05,0.2751349169999999
SGPTL,7199,0.0005001471082126674,4.538131109188548e-05,0.27517295899999983
SGPTL,7200,0.0005489164362795229,4.538131109188548e-05,0.2752101250000001
SGPTL,7201,0.0005767754994194796,4.538131109188548e-05,0.27524658400000046
SGPTL,7202,0.0005413405801042437,4.538131109188548e-05,0.27528491700000046
SGPTL,7203,0.0005235542565893425,4.538131109188548e-05,0.2753221669999997
SGPTL,7204,0.0005205547074653705,4.538131109188548e-05,0.27535879200000046
SGPTL,7205,0.0005379642568819065,4.538131109188548e-05,0.27539691700000013
SGPTL,7206,0.000528502744154391,4.538131109188548e-05,0.27543404199999966
SGPTL,7207,0.0004866512362657893,4.538131109188548e-05,0.2754704170000002
SGPTL,7208,0.0005090788369963573,4.538131109188548e-05,0.27550866700000043
SGPTL,7209,0.0004898619815314476,4.538131109188548e-05,0.2755467920000001
SGPTL,7210,0.00047726089537758476,4.538131109188548e-05,0.2755847090000003
SGPTL,7211,0.0005125112911423813,4.538131109188548e-05,0.2756237500000003
SGPTL,7212,0.0005339473488887858,4.538131109188548e-05,0.2756734999999999
SGPTL,7213,0.0005353445876072893,4.538131109188548e-05,0.2757115419999998
SGPTL,7214,0.0005065778742250338,4.538131109188548e-05,0.27574933400000035
SGPTL,7215,0.0004870053059176094,4.538131109188548e-05,0.27578670900000013
SGPTL,7216,0.00047972095323745023,4.538131109188548e-05,0.27582383399999966
SGPTL,7217,0.00045474714149174034,4.538131109188548e-05,0.2758617919999997
SGPTL,7218,0.00047284699481875414,4.538131109188548e-05,0.27590083399999976
SGPTL,7219,0.00048490298221226524,4.538131109188548e-05,0.27593849999999964
SGPTL,7220,0.00047822547508991065,4.538131109188548e-05,0.2759766250000002
SGPTL,7221,0.0004668404608862975,4.538131109188548e-05,0.27601345899999963
SGPTL,7222,0.00047138616581099413,4.538131109188548e-05,0.2760517499999997
SGPTL,7223,0.0004574297791537507,4.538131109188548e-05,0.2760903749999999
SGPTL,7224,0.00046900467843791205,4.538131109188548e-05,0.2761273339999999
SGPTL,7225,0.0004487810299911299,4.538131109188548e-05,0.27616495899999993
SGPTL,7226,0.0004793938739484638,4.538131109188548e-05,0.27620329199999993
SGPTL,7227,0.0004646370387435539,4.538131109188548e-05,0.2762403750000004
SGPTL,7228,0.000446848688480328,4.538131109188548e-05,0.2762786669999997
SGPTL,7229,0.00043148878086096687,4.538131109188548e-05,0.2763184169999997
SGPTL,7230,0.0004188692991742293,4.538131109188548e-05,0.276355959
SGPTL,7231,0.00040489017161693397,4.538131109188548e-05,0.2763946669999999
SGPTL,7232,0.00040598143584746893,4.538131109188548e-05,0.276432625
SGPTL,7233,0.00043720347644926605,4.538131109188548e-05,0.27647200000000005
SGPTL,7234,0.00044885676690542553,4.538131109188548e-05,0.2765110420000001
SGPTL,7235,0.00042814857270978557,4.538131109188548e-05,0.27655070900000034
SGPTL,7236,0.00042596307971853875,4.538131109188548e-05,0.2765880840000001
SGPTL,7237,0.0004256474802013521,4.538131109188548e-05,0.2766247919999998
SGPTL,7238,0.0004471825057938972,4.538131109188548e-05,0.2766628750000004
SGPTL,7239,0.00044808951030717026,4.538131109188548e-05,0.27669987500000026
SGPTL,7240,0.0004126743584853543,4.538131109188548e-05,0.2767364170000004
SGPTL,7241,0.00042474599395903034,4.538131109188548e-05,0.27677462499999983
SGPTL,7242,0.0004304301181665693,4.538131109188548e-05,0.2768127500000004
SGPTL,7243,0.0004588619941463534,4.538131109188548e-05,0.27685008400000033
SGPTL,7244,0.00043836680164588415,4.538131109188548e-05,0.27688670900000023
SGPTL,7245,0.0003977473332534842,4.538131109188548e-05,0.276924792
SGPTL,7246,0.00040496972839942913,4.538131109188548e-05,0.2769619590000003
SGPTL,7247,0.00037340896057913575,4.538131109188548e-05,0.27699829200000003
SGPTL,7248,0.0003836853545513552,4.538131109188548e-05,0.27703633399999994
SGPTL,7249,0.0003948935831967759,4.538131109188548e-05,0.2770733749999996
SGPTL,7250,0.0003925925240479966,4.538131109188548e-05,0.277109834
SGPTL,7251,0.0003793315027207367,4.538131109188548e-05,0.2771483339999996
SGPTL,7252,0.0003353910673871141,4.538131109188548e-05,0.27718475
SGPTL,7253,0.00034467235574142663,4.538131109188548e-05,0.27722291700000046
SGPTL,7254,0.0003503899080357087,4.538131109188548e-05,0.277260042
SGPTL,7255,0.0003577054074415109,4.538131109188548e-05,0.27729633399999987
SGPTL,7256,0.00040102185620272124,4.538131109188548e-05,0.27733433399999985
SGPTL,7257,0.00044329172375690007,4.538131109188548e-05,0.27737124999999985
SGPTL,7258,0.0005223323636704968,4.538131109188548e-05,0.27740804200000024
SGPTL,7259,0.0005396416606064935,4.538131109188548e-05,0.27744620899999983
SGPTL,7260,0.0005510839030540282,4.538131109188548e-05,0.27748316699999975
SGPTL,7261,0.0005038145935356564,4.538131109188548e-05,0.2775245000000002
SGPTL,7262,0.0004765201394907326,4.538131109188548e-05,0.2775622499999999
SGPTL,7263,0.000501194526326465,4.538131109188548e-05,0.2776004170000004
SGPTL,7264,0.0004952787217578081,4.538131109188548e-05,0.27763745900000014
SGPTL,7265,0.0004977340726077806,4.538131109188548e-05,0.2776741249999999
SGPTL,7266,0.0004678415128589464,4.538131109188548e-05,0.2777123750000001
SGPTL,7267,0.0004390934155578119,4.538131109188548e-05,0.2777492920000002
SGPTL,7268,0.0004248621298010846,4.538131109188548e-05,0.2777858750000002
SGPTL,7269,0.0004504588074925042,4.538131109188548e-05,0.2778238340000003
SGPTL,7270,0.00047609403328952027,4.538131109188548e-05,0.27786154200000013
SGPTL,7271,0.0004585235894969397,4.538131109188548e-05,0.2778987920000002
SGPTL,7272,0.00046459275442289893,4.538131109188548e-05,0.27793541700000013
SGPTL,7273,0.0004823778996103645,4.538131109188548e-05,0.2779734170000001
SGPTL,7274,0.0004732163600575934,4.538131109188548e-05,0.2780104999999997
SGPTL,7275,0.0004449400630424094,4.538131109188548e-05,0.2780499169999997
SGPTL,7276,0.0004506380734428106,4.538131109188548e-05,0.27808849999999996
SGPTL,7277,0.00047118092415399104,4.538131109188548e-05,0.2781265839999998
SGPTL,7278,0.00048824578290851406,4.538131109188548e-05,0.278165542
SGPTL,7279,0.0005266731179589534,4.538131109188548e-05,0.2782023750000002
SGPTL,7280,0.0004991730680399264,4.538131109188548e-05,0.27824154199999995
SGPTL,7281,0.00046824127170808083,4.538131109188548e-05,0.2782807089999997
SGPTL,7282,0.0004333147040862517,4.538131109188548e-05,0.2783247089999996
SGPTL,7283,0.0004321742710762244,4.538131109188548e-05,0.27836124999999967
SGPTL,7284,0.0004265222708825789,4.538131109188548e-05,0.2783993750000002
SGPTL,7285,0.0004293829677035621,4.538131109188548e-05,0.2784359590000003
SGPTL,7286,0.00048669065142981083,4.538131109188548e-05,0.2784740000000001
SGPTL,7287,0.0005439171665611031,4.538131109188548e-05,0.27851120900000037
SGPTL,7288,0.0005863944692761081,4.538131109188548e-05,0.2785477500000004
SGPTL,7289,0.0005638411079036398,4.538131109188548e-05,0.278585917
SGPTL,7290,0.000565412837439272,4.538131109188548e-05,0.27862291699999986
SGPTL,7291,0.0005514123688312722,4.538131109188548e-05,0.2786594170000001
SGPTL,7292,0.0005249608504365177,4.538131109188548e-05,0.278697459
SGPTL,7293,0.0004918505253483918,4.538131109188548e-05,0.2787347499999999
SGPTL,7294,0.0005214905949606496,4.538131109188548e-05,0.27877312499999984
SGPTL,7295,0.0005277554186802202,4.538131109188548e-05,0.2788112920000003
SGPTL,7296,0.0004968819258046597,4.538131109188548e-05,0.2788498749999997
SGPTL,7297,0.000491653814396642,4.538131109188548e-05,0.2788878749999997
SGPTL,7298,0.000515794058885799,4.538131109188548e-05,0.2789340840000003
SGPTL,7299,0.0005101318303375457,4.538131109188548e-05,0.2789733339999998
SGPTL,7300,0.000533374062407832,4.538131109188548e-05,0.279010542
SGPTL,7301,0.000547757391770709,4.538131109188548e-05,0.27904979200000035
SGPTL,7302,0.0005812884414817532,4.538131109188548e-05,0.2790872499999999
SGPTL,7303,0.0005913234554020264,4.538131109188548e-05,0.2791253339999997
SGPTL,7304,0.0005891184013870898,4.538131109188548e-05,0.2791622499999997
SGPTL,7305,0.0005805813077928157,4.538131109188548e-05,0.27919879199999986
SGPTL,7306,0.0005604980694502437,4.538131109188548e-05,0.27923695900000034
SGPTL,7307,0.0004996167332413926,4.538131109188548e-05,0.27927416699999963
SGPTL,7308,0.00047543110675296596,4.538131109188548e-05,0.2793106249999999
SGPTL,7309,0.00044047460763629864,4.538131109188548e-05,0.2793487920000004
SGPTL,7310,0.000431215847002564,4.538131109188548e-05,0.2793857089999996
SGPTL,7311,0.0004474243534868805,4.538131109188548e-05,0.27942195900000044
SGPTL,7312,0.00045315564712922196,4.538131109188548e-05,0.2794600840000001
SGPTL,7313,0.0004227653926485164,4.538131109188548e-05,0.27949816699999985
SGPTL,7314,0.0004223677332111375,4.538131109188548e-05,0.27953537500000003
SGPTL,7315,0.0004575697492066322,4.538131109188548e-05,0.2795733340000002
SGPTL,7316,0.0004842904783370905,4.538131109188548e-05,0.2796114999999997
SGPTL,7317,0.0004968623592784827,4.538131109188548e-05,0.2796487499999998
SGPTL,7318,0.00046812681372698783,4.538131109188548e-05,0.27968550000000025
SGPTL,7319,0.0004550819573863052,4.538131109188548e-05,0.2797234590000004
SGPTL,7320,0.00048561423675153037,4.538131109188548e-05,0.2797605000000001
SGPTL,7321,0.0005082298005327779,4.538131109188548e-05,0.2797970420000002
SGPTL,7322,0.0004595978183343785,4.538131109188548e-05,0.2798350840000001
SGPTL,7323,0.0004560264121993285,4.538131109188548e-05,0.2798721669999997
SGPTL,7324,0.00045585520966029414,4.538131109188548e-05,0.27990866699999994
SGPTL,7325,0.00042984538690316043,4.538131109188548e-05,0.2799467499999997
SGPTL,7326,0.0004274406801707542,4.538131109188548e-05,0.27998437499999973
SGPTL,7327,0.0004345927946669548,4.538131109188548e-05,0.28002358400000027
SGPTL,7328,0.000423961250889171,4.538131109188548e-05,0.28006091700000013
SGPTL,7329,0.00044228376521049384,4.538131109188548e-05,0.2800981250000003
SGPTL,7330,0.0004693069630012925,4.538131109188548e-05,0.2801350840000003
SGPTL,7331,0.0004719676095328307,4.538131109188548e-05,0.28017333399999966
SGPTL,7332,0.00047865126784296663,4.538131109188548e-05,0.2802109169999998
SGPTL,7333,0.00048153978296694433,4.538131109188548e-05,0.2802497500000003
SGPTL,7334,0.0005117425805925002,4.538131109188548e-05,0.28028758399999987
SGPTL,7335,0.0004917883403536827,4.538131109188548e-05,0.28032650000000015
SGPTL,7336,0.0004716037592997768,4.538131109188548e-05,0.2803659999999999
SGPTL,7337,0.0005102035789894543,4.538131109188548e-05,0.28040316700000023
SGPTL,7338,0.000502798824575823,4.538131109188548e-05,0.2804473749999996
SGPTL,7339,0.0005159414261075579,4.538131109188548e-05,0.2804850840000004
SGPTL,7340,0.0004989857026473921,4.538131109188548e-05,0.28052354200000007
SGPTL,7341,0.0005095142733757552,4.538131109188548e-05,0.2805606669999996
SGPTL,7342,0.0004856525359651087,4.538131109188548e-05,0.28059720899999974
SGPTL,7343,0.0004814872746927712,4.538131109188548e-05,0.2806353340000003
SGPTL,7344,0.00046679664891047246,4.538131109188548e-05,0.28067204199999995
SGPTL,7345,0.0004612518247439912,4.538131109188548e-05,0.2807089999999999
SGPTL,7346,0.0004786605423072743,4.538131109188548e-05,0.2807489170000004
SGPTL,7347,0.0004888763928658779,4.538131109188548e-05,0.28078674999999986
SGPTL,7348,0.0004991289841194124,4.538131109188548e-05,0.28082412499999965
SGPTL,7349,0.0005310711932715595,4.538131109188548e-05,0.2808675420000002
SGPTL,7350,0.000521146070546985,4.538131109188548e-05,0.2809055420000002
SGPTL,7351,0.0005500324771208209,4.538131109188548e-05,0.28094433399999996
SGPTL,7352,0.0005870779359380407,4.538131109188548e-05,0.280983
SGPTL,7353,0.0005955462946867218,4.538131109188548e-05,0.2810221669999997
SGPTL,7354,0.0005776500663108308,4.538131109188548e-05,0.281060042
SGPTL,7355,0.0005590725913606764,4.538131109188548e-05,0.2810994170000001
SGPTL,7356,0.0005371518201182646,4.538131109188548e-05,0.2811365419999996
SGPTL,7357,0.0005207061294729698,4.538131109188548e-05,0.2811730419999998
SGPTL,7358,0.0005073734479905667,4.538131109188548e-05,0.28121112500000045
SGPTL,7359,0.0004952112760006067,4.538131109188548e-05,0.2812481670000002
SGPTL,7360,0.0004807451253197037,4.538131109188548e-05,0.2812847500000002
SGPTL,7361,0.0004766429017506457,4.538131109188548e-05,0.2813229169999998
SGPTL,7362,0.0004731974264688965,4.538131109188548e-05,0.28135995900000044
SGPTL,7363,0.00047592154985665047,4.538131109188548e-05,0.2813964999999996
SGPTL,7364,0.0004818776092483379,4.538131109188548e-05,0.2814345840000003
SGPTL,7365,0.0005066343929722716,4.538131109188548e-05,0.2814717919999996
SGPTL,7366,0.0005679084325556083,4.538131109188548e-05,0.28151008399999977
SGPTL,7367,0.0005801054738880929,4.538131109188548e-05,0.28154808399999975
SGPTL,7368,0.0005646049414287369,4.538131109188548e-05,0.2815851250000003
SGPTL,7369,0.000521495474909095,4.538131109188548e-05,0.2816217500000002
SGPTL,7370,0.0005046733345013266,4.538131109188548e-05,0.28165995899999974
SGPTL,7371,0.00047372730856110046,4.538131109188548e-05,0.28169691699999966
SGPTL,7372,0.0004929302230398669,4.538131109188548e-05,0.2817342089999997
SGPTL,7373,0.00046933060497300616,4.538131109188548e-05,0.2817722500000004
SGPTL,7374,0.00045578339987728533,4.538131109188548e-05,0.28180912499999966
SGPTL,7375,0.00045496404063571916,4.538131109188548e-05,0.28184558400000004
SGPTL,7376,0.00046518433539555204,4.538131109188548e-05,0.28188362499999986
SGPTL,7377,0.0004713146054569073,4.538131109188548e-05,0.2819204590000002
SGPTL,7378,0.00046605160827217773,4.538131109188548e-05,0.28195908400000036
SGPTL,7379,0.00044569046299636206,4.538131109188548e-05,0.2819974590000003
SGPTL,7380,0.00047214335252920847,4.538131109188548e-05,0.28203633399999983
SGPTL,7381,0.0004580463417891423,4.538131109188548e-05,0.2820736249999998
SGPTL,7382,0.0004927113521924209,4.538131109188548e-05,0.28211254200000013
SGPTL,7383,0.00046651298643407557,4.538131109188548e-05,0.28215012500000025
SGPTL,7384,0.0004883790790484177,4.538131109188548e-05,0.2821892090000002
SGPTL,7385,0.0004851061450132921,4.538131109188548e-05,0.28222683400000026
SGPTL,7386,0.00048677573181410416,4.538131109188548e-05,0.2822633339999996
SGPTL,7387,0.0004706414522854807,4.538131109188548e-05,0.28230145900000014
SGPTL,7388,0.0004765185641188996,4.538131109188548e-05,0.2823390840000002
SGPTL,7389,0.0004520461836956535,4.538131109188548e-05,0.2823780420000004
SGPTL,7390,0.00045587525146140173,4.538131109188548e-05,0.28241708400000043
SGPTL,7391,0.0004893693074556893,4.538131109188548e-05,0.2824545839999999
SGPTL,7392,0.0005255130961328014,4.538131109188548e-05,0.2824935420000001
SGPTL,7393,0.0005666632327550047,4.538131109188548e-05,0.2825310840000004
SGPTL,7394,0.0005655850803836238,4.538131109188548e-05,0.28256762500000043
SGPTL,7395,0.0005374541767753094,4.538131109188548e-05,0.28260570900000026
SGPTL,7396,0.0005197584710261438,4.538131109188548e-05,0.2826426670000002
SGPTL,7397,0.00048038987742127226,4.538131109188548e-05,0.2826791250000005
SGPTL,7398,0.0004981181348149288,4.538131109188548e-05,0.28271991699999965
SGPTL,7399,0.00047290188531667887,4.538131109188548e-05,0.2827592919999997
SGPTL,7400,0.00047068260983196275,4.538131109188548e-05,0.2827958749999997
SGPTL,7401,0.0004949839178101101,4.538131109188548e-05,0.28283429200000043
SGPTL,7402,0.0004994712489971853,4.538131109188548e-05,0.2828712089999996
SGPTL,7403,0.00047810189748398457,4.538131109188548e-05,0.2829077919999996
SGPTL,7404,0.0004842176055348535,4.538131109188548e-05,0.2829457089999998
SGPTL,7405,0.0004815348058688773,4.538131109188548e-05,0.28298254200000006
SGPTL,7406,0.000470857429117455,4.538131109188548e-05,0.28301912500000004
SGPTL,7407,0.0004419761588643212,4.538131109188548e-05,0.28305716699999994
SGPTL,7408,0.000378187481396397,4.538131109188548e-05,0.2830942089999997
SGPTL,7409,0.0003539485716363977,4.538131109188548e-05,0.2831307089999999
SGPTL,7410,0.0003514795568213547,4.538131109188548e-05,0.2831688750000003
SGPTL,7411,0.0003466174429065383,4.538131109188548e-05,0.2832058340000003
SGPTL,7412,0.0003405437892234353,4.538131109188548e-05,0.28324229199999973
SGPTL,7413,0.00032815591992640947,4.538131109188548e-05,0.28328054199999997
SGPTL,7414,0.00032133541887624517,4.538131109188548e-05,0.2833174170000001
SGPTL,7415,0.0003319209072683016,4.538131109188548e-05,0.2833538750000004
SGPTL,7416,0.00036210189244823,4.538131109188548e-05,0.283391709
SGPTL,7417,0.00039826102158802,4.538131109188548e-05,0.28342845900000047
SGPTL,7418,0.0004184010427419338,4.538131109188548e-05,0.28346679200000047
SGPTL,7419,0.0004476199486276311,4.538131109188548e-05,0.28350445900000043
SGPTL,7420,0.0004553153808610766,4.538131109188548e-05,0.2835423749999997
SGPTL,7421,0.0004269425322487308,4.538131109188548e-05,0.2835804590000004
SGPTL,7422,0.00039429971304838496,4.538131109188548e-05,0.2836176669999997
SGPTL,7423,0.00040341822244283065,4.538131109188548e-05,0.2836542920000005
SGPTL,7424,0.0004116845877626396,4.538131109188548e-05,0.28369241700000014
SGPTL,7425,0.00044371474411830647,4.538131109188548e-05,0.2837294589999999
SGPTL,7426,0.0004386558033322441,4.538131109188548e-05,0.2837658750000003
SGPTL,7427,0.00046529025750530195,4.538131109188548e-05,0.2838038340000004
SGPTL,7428,0.0004714621380064177,4.538131109188548e-05,0.28384108399999963
SGPTL,7429,0.0004565380472951741,4.538131109188548e-05,0.28387775000000026
SGPTL,7430,0.0004325426358913198,4.538131109188548e-05,0.2839163339999997
SGPTL,7431,0.00041666264365791683,4.538131109188548e-05,0.2839535839999998
SGPTL,7432,0.00039071601384921273,4.538131109188548e-05,0.2839933339999998
SGPTL,7433,0.000393328455469133,4.538131109188548e-05,0.28403312499999966
SGPTL,7434,0.0004096069850723083,4.538131109188548e-05,0.2840710419999999
SGPTL,7435,0.0003829226157465726,4.538131109188548e-05,0.2841093749999999
SGPTL,7436,0.00041313412423393814,4.538131109188548e-05,0.2841461670000003
SGPTL,7437,0.0004420268339409006,4.538131109188548e-05,0.2841826669999996
SGPTL,7438,0.0004522125879884431,4.538131109188548e-05,0.28422087499999993
SGPTL,7439,0.00047502985025404953,4.538131109188548e-05,0.2842577500000001
SGPTL,7440,0.00048486393884239476,4.538131109188548e-05,0.2842942500000003
SGPTL,7441,0.0004367179867261761,4.538131109188548e-05,0.28433237499999997
SGPTL,7442,0.00043603383444112964,4.538131109188548e-05,0.284369334
SGPTL,7443,0.00046556318338342173,4.538131109188548e-05,0.2844063339999998
SGPTL,7444,0.000457583019406016,4.538131109188548e-05,0.28444437499999964
SGPTL,7445,0.0004588255133524122,4.538131109188548e-05,0.2844833339999999
SGPTL,7446,0.0005134439291309967,4.538131109188548e-05,0.28452016700000016
SGPTL,7447,0.0004930543603038906,4.538131109188548e-05,0.2845582499999999
SGPTL,7448,0.0005269414896871272,4.538131109188548e-05,0.28460745900000006
SGPTL,7449,0.0005747916782905538,4.538131109188548e-05,0.2846480419999997
SGPTL,7450,0.0005985233349081742,4.538131109188548e-05,0.28468508400000037
SGPTL,7451,0.0005706033411756462,4.538131109188548e-05,0.2847226669999996
SGPTL,7452,0.0005614775131745908,4.538131109188548e-05,0.2847608340000001
SGPTL,7453,0.000530974279439933,4.538131109188548e-05,0.28479804200000025
SGPTL,7454,0.0004902113920053353,4.538131109188548e-05,0.2848367500000002
SGPTL,7455,0.00045874017771430076,4.538131109188548e-05,0.28487470900000034
SGPTL,7456,0.0004033741503002286,4.538131109188548e-05,0.2849139169999999
SGPTL,7457,0.0003786875726730088,4.538131109188548e-05,0.28495291700000003
SGPTL,7458,0.00038824754950472773,4.538131109188548e-05,0.28499037500000046
SGPTL,7459,0.0004292721904013419,4.538131109188548e-05,0.28502787499999993
SGPTL,7460,0.00046638365730844455,4.538131109188548e-05,0.28506545900000013
SGPTL,7461,0.0004919923444819396,4.538131109188548e-05,0.28510975000000016
SGPTL,7462,0.000557976896134571,4.538131109188548e-05,0.28517516700000023
SGPTL,7463,0.0005441006141406746,4.538131109188548e-05,0.2852154589999998
SGPTL,7464,0.000535733954289519,4.538131109188548e-05,0.2852585000000003
SGPTL,7465,0.0005135311534505416,4.538131109188548e-05,0.28529629199999995
SGPTL,7466,0.0005419848424677021,4.538131109188548e-05,0.28533387500000007
SGPTL,7467,0.0005537513869406929,4.538131109188548e-05,0.28537487500000047
SGPTL,7468,0.0005229719112476161,4.538131109188548e-05,0.2854147920000001
SGPTL,7469,0.0005175331558855412,4.538131109188548e-05,0.2854524999999999
SGPTL,7470,0.0005436995126602007,4.538131109188548e-05,0.2854930839999996
SGPTL,7471,0.0005515306733898662,4.538131109188548e-05,0.28553020900000003
SGPTL,7472,0.0005457948545988245,4.538131109188548e-05,0.28556704200000027
SGPTL,7473,0.0005330355274297816,4.538131109188548e-05,0.2856052499999997
SGPTL,7474,0.000529207819415678,4.538131109188548e-05,0.2856425419999997
SGPTL,7475,0.0005172897332550441,4.538131109188548e-05,0.2856805419999997
SGPTL,7476,0.0005238333022319352,4.538131109188548e-05,0.2857196670000004
SGPTL,7477,0.0005240442721423655,4.538131109188548e-05,0.2857574999999999
SGPTL,7478,0.0005025410995531665,4.538131109188548e-05,0.2857972919999998
SGPTL,7479,0.0005262077204579718,4.538131109188548e-05,0.2858345419999999
SGPTL,7480,0.0005244332969840393,4.538131109188548e-05,0.28587166700000033
SGPTL,7481,0.0004931319644523313,4.538131109188548e-05,0.28591020899999986
SGPTL,7482,0.0004961840608346257,4.538131109188548e-05,0.2859494170000003
SGPTL,7483,0.0004849863209650529,4.538131109188548e-05,0.28598750000000006
SGPTL,7484,0.0005097175808268517,4.538131109188548e-05,0.2860260840000004
SGPTL,7485,0.0005075057216048506,4.538131109188548e-05,0.28606479200000035
SGPTL,7486,0.0004895063410672584,4.538131109188548e-05,0.2861038340000004
SGPTL,7487,0.00046100614731736655,4.538131109188548e-05,0.2861413749999997
SGPTL,7488,0.00046168046477457203,4.538131109188548e-05,0.2861794590000004
SGPTL,7489,0.00046386813896193146,4.538131109188548e-05,0.28621629199999976
SGPTL,7490,0.0004614875886237435,4.538131109188548e-05,0.2862528339999999
SGPTL,7491,0.00045919592798426834,4.538131109188548e-05,0.28629079199999996
SGPTL,7492,0.0004518082200175577,4.538131109188548e-05,0.2863277919999998
SGPTL,7493,0.0004393599519110225,4.538131109188548e-05,0.2863643749999998
SGPTL,7494,0.00047158328146723605,4.538131109188548e-05,0.2864025840000002
SGPTL,7495,0.0004956689554240779,4.538131109188548e-05,0.28644433400000047
SGPTL,7496,0.00047682867033249643,4.538131109188548e-05,0.28648120899999974
SGPTL,7497,0.0004977231745579846,4.538131109188548e-05,0.2865193340000003
SGPTL,7498,0.0005152974126214627,4.538131109188548e-05,0.28655666700000015
SGPTL,7499,0.0005211935633573361,4.538131109188548e-05,0.2865957090000002
SGPTL,7500,0.00047833181851864026,4.538131109188548e-05,0.28663287500000045
SGPTL,7501,0.0004459838268926486,4.538131109188548e-05,0.28667216699999987
SGPTL,7502,0.0004158307961235064,4.538131109188548e-05,0.28671141700000025
SGPTL,7503,0.0004229288624286731,4.538131109188548e-05,0.2867482920000004
SGPTL,7504,0.0004556546437166631,4.538131109188548e-05,0.2867865839999997
SGPTL,7505,0.0004501077703080725,4.538131109188548e-05,0.28682374999999993
SGPTL,7506,0.0004562276655537545,4.538131109188548e-05,0.2868624999999998
SGPTL,7507,0.0004920222918531891,4.538131109188548e-05,0.28690029200000033
SGPTL,7508,0.0005597632546265885,4.538131109188548e-05,0.2869401250000001
SGPTL,7509,0.0005405915291127883,4.538131109188548e-05,0.2869790840000004
SGPTL,7510,0.0005398924841351072,4.538131109188548e-05,0.28701795899999993
SGPTL,7511,0.0005142270920663883,4.538131109188548e-05,0.2870574589999997
SGPTL,7512,0.00047478147920365643,4.538131109188548e-05,0.2870948750000002
SGPTL,7513,0.0004316826410990515,4.538131109188548e-05,0.28713254200000016
SGPTL,7514,0.0004173660645516719,4.538131109188548e-05,0.2871701250000003
SGPTL,7515,0.00038219193664179585,4.538131109188548e-05,0.2872086249999999
SGPTL,7516,0.00037554153903984755,4.538131109188548e-05,0.28724675000000044
SGPTL,7517,0.0003929397302631088,4.538131109188548e-05,0.2872856669999999
SGPTL,7518,0.0004226171887777852,4.538131109188548e-05,0.28732254200000007
SGPTL,7519,0.0004357921830315803,4.538131109188548e-05,0.2873615420000002
SGPTL,7520,0.0004473131497637617,4.538131109188548e-05,0.28740245899999994
SGPTL,7521,0.00047273998223396063,4.538131109188548e-05,0.2874417090000003
SGPTL,7522,0.0005024396161539268,4.538131109188548e-05,0.28748087499999997
SGPTL,7523,0.0005531848675579543,4.538131109188548e-05,0.28751779200000005
SGPTL,7524,0.0005682326259102144,4.538131109188548e-05,0.28755612500000005
SGPTL,7525,0.0005616364126705964,4.538131109188548e-05,0.28759308400000005
SGPTL,7526,0.0005165110538203344,4.538131109188548e-05,0.2876305840000004
SGPTL,7527,0.0004961401162146828,4.538131109188548e-05,0.2876692089999997
SGPTL,7528,0.0004842005454535059,4.538131109188548e-05,0.2877068750000005
SGPTL,7529,0.000469232396138608,4.538131109188548e-05,0.28775033400000005
SGPTL,7530,0.00045921893467304464,4.538131109188548e-05,0.2877956250000002
SGPTL,7531,0.0004662376784476674,4.538131109188548e-05,0.28783349999999963
SGPTL,7532,0.0004759286427156173,4.538131109188548e-05,0.28787066699999997
SGPTL,7533,0.0005231540479138097,4.538131109188548e-05,0.28792783400000044
SGPTL,7534,0.0005433674063519689,4.538131109188548e-05,0.28796508399999965
SGPTL,7535,0.0005575570049263234,4.538131109188548e-05,0.2880012919999997
SGPTL,7536,0.0005358068471708055,4.538131109188548e-05,0.2880378339999998
SGPTL,7537,0.00052535984210067,4.538131109188548e-05,0.28807666700000034
SGPTL,7538,0.000495708524909988,4.538131109188548e-05,0.28811362500000026
SGPTL,7539,0.0004829103560248793,4.538131109188548e-05,0.28815304200000025
SGPTL,7540,0.00047038989086334304,4.538131109188548e-05,0.28818995900000033
SGPTL,7541,0.0004479904772918264,4.538131109188548e-05,0.28822875000000003
SGPTL,7542,0.0004719375608783771,4.538131109188548e-05,0.28826662500000033
SGPTL,7543,0.00047389808968634206,4.538131109188548e-05,0.2883054170000001
SGPTL,7544,0.0005071499811710733,4.538131109188548e-05,0.28834195900000026
SGPTL,7545,0.0005059414638417525,4.538131109188548e-05,0.2883808339999998
SGPTL,7546,0.0005344357940764155,4.538131109188548e-05,0.2884184999999997
SGPTL,7547,0.000534150041770376,4.538131109188548e-05,0.2884562920000002
SGPTL,7548,0.0005128250174755156,4.538131109188548e-05,0.2884957090000002
SGPTL,7549,0.0005102815979363129,4.538131109188548e-05,0.28853300000000015
SGPTL,7550,0.0005153758685627619,4.538131109188548e-05,0.28857116699999974
SGPTL,7551,0.0005095770027108149,4.538131109188548e-05,0.28860795900000014
SGPTL,7552,0.0004864091507741364,4.538131109188548e-05,0.28864487500000013
SGPTL,7553,0.0004485234080398026,4.538131109188548e-05,0.28868558400000044
SGPTL,7554,0.0004629005698486566,4.538131109188548e-05,0.28872500000000034
SGPTL,7555,0.0004547380878370255,4.538131109188548e-05,0.28876241700000005
SGPTL,7556,0.0004138424918740391,4.538131109188548e-05,0.28879933400000013
SGPTL,7557,0.0004250846322704227,4.538131109188548e-05,0.28883758400000037
SGPTL,7558,0.00042890412450713455,4.538131109188548e-05,0.28887537499999993
SGPTL,7559,0.0004379427651235446,4.538131109188548e-05,0.28891750000000016
SGPTL,7560,0.00043783763884475135,4.538131109188548e-05,0.2889563749999997
SGPTL,7561,0.00046460364304734547,4.538131109188548e-05,0.2889955420000003
SGPTL,7562,0.0004868028369919841,4.538131109188548e-05,0.2890324169999996
SGPTL,7563,0.000490579677602021,4.538131109188548e-05,0.28907099999999986
SGPTL,7564,0.00048532664034528494,4.538131109188548e-05,0.2891095840000002
SGPTL,7565,0.0004920110451089865,4.538131109188548e-05,0.2891490000000001
SGPTL,7566,0.0005350163885484704,4.538131109188548e-05,0.2891858340000004
SGPTL,7567,0.0005223923931980679,4.538131109188548e-05,0.2892237919999996
SGPTL,7568,0.0004701361328303122,4.538131109188548e-05,0.28926099999999977
SGPTL,7569,0.0004753399962746929,4.538131109188548e-05,0.28929758399999983
SGPTL,7570,0.0005206681163576476,4.538131109188548e-05,0.2893355839999998
SGPTL,7571,0.0005678330731671011,4.538131109188548e-05,0.28937254199999973
SGPTL,7572,0.0005955938391810633,4.538131109188548e-05,0.28941149999999993
SGPTL,7573,0.0006190536938373015,4.538131109188548e-05,0.2894491669999999
SGPTL,7574,0.000549935660298928,4.538131109188548e-05,0.2894869169999996
SGPTL,7575,0.0005258747960392718,4.538131109188548e-05,0.28952470900000016
SGPTL,7576,0.0004841206561394529,4.538131109188548e-05,0.28956241699999996
SGPTL,7577,0.00042746587264508307,4.538131109188548e-05,0.28959933400000004
SGPTL,7578,0.00039387837266069425,4.538131109188548e-05,0.2896382089999996
SGPTL,7579,0.00038249890330499525,4.538131109188548e-05,0.28967604199999997
SGPTL,7580,0.0003994407520355736,4.538131109188548e-05,0.28971483399999975
SGPTL,7581,0.00040924107907702734,4.538131109188548e-05,0.28975237499999995
SGPTL,7582,0.00042966247823339465,4.538131109188548e-05,0.28978995900000015
SGPTL,7583,0.0004431654318945988,4.538131109188548e-05,0.289826959
SGPTL,7584,0.0004772786287010611,4.538131109188548e-05,0.289863542
SGPTL,7585,0.0004642406555368517,4.538131109188548e-05,0.28990204200000047
SGPTL,7586,0.00042480937764821647,4.538131109188548e-05,0.2899413749999997
SGPTL,7587,0.0003906868491956317,4.538131109188548e-05,0.28998008399999975
SGPTL,7588,0.0004034082616204415,4.538131109188548e-05,0.29001808399999973
SGPTL,7589,0.0004077000403417408,4.538131109188548e-05,0.2900572920000002
SGPTL,7590,0.0003874805883512522,4.538131109188548e-05,0.29010183399999967
SGPTL,7591,0.0003900707830337691,4.538131109188548e-05,0.29014108400000005
SGPTL,7592,0.0003925241193516449,4.538131109188548e-05,0.29017783399999963
SGPTL,7593,0.00040430136595603905,4.538131109188548e-05,0.29021591700000027
SGPTL,7594,0.0004118124672618517,4.538131109188548e-05,0.2902530419999998
SGPTL,7595,0.000417193983337949,4.538131109188548e-05,0.29029041700000047
SGPTL,7596,0.00041642970836996973,4.538131109188548e-05,0.29032841700000045
SGPTL,7597,0.0004312331679330317,4.538131109188548e-05,0.29036537500000037
SGPTL,7598,0.00044511264642688175,4.538131109188548e-05,0.2904019169999996
SGPTL,7599,0.00043232549249672125,4.538131109188548e-05,0.2904399169999996
SGPTL,7600,0.00044012119384517767,4.538131109188548e-05,0.29047708399999994
SGPTL,7601,0.00044797392101769695,4.538131109188548e-05,0.2905144589999997
SGPTL,7602,0.00042826869368606246,4.538131109188548e-05,0.29055250000000044
SGPTL,7603,0.0004627148352365218,4.538131109188548e-05,0.2905902920000001
SGPTL,7604,0.00044728882791300606,4.538131109188548e-05,0.2906284589999997
SGPTL,7605,0.0004420400177855832,4.538131109188548e-05,0.29066583400000034
SGPTL,7606,0.0004282354288076551,4.538131109188548e-05,0.29070229199999975
SGPTL,7607,0.00042531196936890225,4.538131109188548e-05,0.2907403750000004
SGPTL,7608,0.0004239758151589612,4.538131109188548e-05,0.2907795000000002
SGPTL,7609,0.00041094397981544795,4.538131109188548e-05,0.2908167500000003
SGPTL,7610,0.00039096730495913334,4.538131109188548e-05,0.29085487499999996
SGPTL,7611,0.00038690607023439405,4.538131109188548e-05,0.29089179200000004
SGPTL,7612,0.0003997093412375641,4.538131109188548e-05,0.29092966700000034
SGPTL,7613,0.00039872368428239824,4.538131109188548e-05,0.2909678339999999
SGPTL,7614,0.00043906311729813297,4.538131109188548e-05,0.29100554199999973
SGPTL,7615,0.00046562287012852366,4.538131109188548e-05,0.2910432089999997
SGPTL,7616,0.00048810801584076025,4.538131109188548e-05,0.29108083399999973
SGPTL,7617,0.0005145813884923633,4.538131109188548e-05,0.29112000000000027
SGPTL,7618,0.000514294639645474,4.538131109188548e-05,0.29115749999999974
SGPTL,7619,0.0005035368246191219,4.538131109188548e-05,0.29119695899999964
SGPTL,7620,0.0004589634819571753,4.538131109188548e-05,0.2912343340000003
SGPTL,7621,0.00043779214462924543,4.538131109188548e-05,0.291271042
SGPTL,7622,0.00045528221669743907,4.538131109188548e-05,0.2913092920000002
SGPTL,7623,0.00046327639055521175,4.538131109188548e-05,0.2913459999999999
SGPTL,7624,0.0004669980632834303,4.538131109188548e-05,0.29138429200000004
SGPTL,7625,0.0004614823491120301,4.538131109188548e-05,0.29142199999999985
SGPTL,7626,0.00045250790146944553,4.538131109188548e-05,0.29146079199999964
SGPTL,7627,0.00045142306606438254,4.538131109188548e-05,0.2914989590000001
SGPTL,7628,0.0004490273082344842,4.538131109188548e-05,0.29153516700000015
SGPTL,7629,0.00046015162266099807,4.538131109188548e-05,0.2915709590000004
SGPTL,7630,0.0004809145185380448,4.538131109188548e-05,0.2916078339999997
SGPTL,7631,0.0004961455416203631,4.538131109188548e-05,0.2916459170000003
SGPTL,7632,0.0004999723217924412,4.538131109188548e-05,0.2916828340000004
SGPTL,7633,0.0005383258103337507,4.538131109188548e-05,0.291719584
SGPTL,7634,0.0005132667552536496,4.538131109188548e-05,0.2917579589999999
SGPTL,7635,0.0005134373923521007,4.538131109188548e-05,0.29179524999999984
SGPTL,7636,0.0005410537721726172,4.538131109188548e-05,0.29183329199999974
SGPTL,7637,0.0005321471496211316,4.538131109188548e-05,0.29187133399999965
SGPTL,7638,0.0005034983902885148,4.538131109188548e-05,0.2919105420000001
SGPTL,7639,0.000485569460370483,4.538131109188548e-05,0.2919480840000004
SGPTL,7640,0.0004738220211764066,4.538131109188548e-05,0.2919861250000002
SGPTL,7641,0.0004670150705350373,4.538131109188548e-05,0.2920239589999998
SGPTL,7642,0.0004946055585093312,4.538131109188548e-05,0.29206275000000037
SGPTL,7643,0.0005309160060551488,4.538131109188548e-05,0.2921017499999996
SGPTL,7644,0.0005829612194474532,4.538131109188548e-05,0.29213924999999996
SGPTL,7645,0.0005942149334297042,4.538131109188548e-05,0.29217650000000006
SGPTL,7646,0.0006174166892998212,4.538131109188548e-05,0.2922134999999999
SGPTL,7647,0.0005847217164245411,4.538131109188548e-05,0.29225133400000036
SGPTL,7648,0.0005560844092742379,4.538131109188548e-05,0.29228820899999963
SGPTL,7649,0.0005468585671652981,4.538131109188548e-05,0.29232550000000046
SGPTL,7650,0.0005308086639366216,4.538131109188548e-05,0.29236350000000044
SGPTL,7651,0.0005333152666837648,4.538131109188548e-05,0.29240045900000045
SGPTL,7652,0.0005088198718805614,4.538131109188548e-05,0.2924369589999998
SGPTL,7653,0.0004987107400680202,4.538131109188548e-05,0.2924752919999998
SGPTL,7654,0.0004813679367274837,4.538131109188548e-05,0.2925124170000002
SGPTL,7655,0.0005037907333427238,4.538131109188548e-05,0.2925489170000004
SGPTL,7656,0.0005023914070545477,4.538131109188548e-05,0.29258687500000047
SGPTL,7657,0.0005025106700162763,4.538131109188548e-05,0.292625084
SGPTL,7658,0.0005105370206457405,4.538131109188548e-05,0.29266258400000034
SGPTL,7659,0.0005095830692527503,4.538131109188548e-05,0.2926991670000003
SGPTL,7660,0.0005034250655633343,4.538131109188548e-05,0.292737292
SGPTL,7661,0.0004944624414287002,4.538131109188548e-05,0.2927741250000002
SGPTL,7662,0.0004844218836388414,4.538131109188548e-05,0.2928115
SGPTL,7663,0.0005132480780569715,4.538131109188548e-05,0.2928495419999999
SGPTL,7664,0.0005346772990375559,4.538131109188548e-05,0.2928861249999999
SGPTL,7665,0.0005787116661855052,4.538131109188548e-05,0.29292316699999965
SGPTL,7666,0.0005861832639919573,4.538131109188548e-05,0.2929612920000002
SGPTL,7667,0.0005546807754828187,4.538131109188548e-05,0.2929982500000001
SGPTL,7668,0.0005009228704708768,4.538131109188548e-05,0.29303458399999993
SGPTL,7669,0.0004842284453390189,4.538131109188548e-05,0.2930727500000003
SGPTL,7670,0.00045965764861310987,4.538131109188548e-05,0.2931102919999997
SGPTL,7671,0.0004425667531848809,4.538131109188548e-05,0.2931490840000004
SGPTL,7672,0.00045564336793502136,4.538131109188548e-05,0.29318812500000035
SGPTL,7673,0.00045752954310795957,4.538131109188548e-05,0.29322583400000024
SGPTL,7674,0.0004474848668922782,4.538131109188548e-05,0.2932631670000001
SGPTL,7675,0.00045016545756082493,4.538131109188548e-05,0.29329970900000024
SGPTL,7676,0.0004499472704393437,4.538131109188548e-05,0.29334133399999995
SGPTL,7677,0.0004861627601031593,4.538131109188548e-05,0.29338087500000043
SGPTL,7678,0.0004739298336069453,4.538131109188548e-05,0.29341850000000047
SGPTL,7679,0.00047477034341825153,4.538131109188548e-05,0.29345512500000037
SGPTL,7680,0.00048741638554616884,4.538131109188548e-05,0.29349345900000046
SGPTL,7681,0.0004618134653526784,4.538131109188548e-05,0.2935306249999998
SGPTL,7682,0.0004306580236219659,4.538131109188548e-05,0.293568209
SGPTL,7683,0.000469698801796925,4.538131109188548e-05,0.2936063339999997
SGPTL,7684,0.00047470832403417873,4.538131109188548e-05,0.29364304200000024
SGPTL,7685,0.0004486135130734592,4.538131109188548e-05,0.2936797499999999
SGPTL,7686,0.00042430791972081217,4.538131109188548e-05,0.2937179590000003
SGPTL,7687,0.00040006934250702564,4.538131109188548e-05,0.29375474999999973
SGPTL,7688,0.00039338480083550564,4.538131109188548e-05,0.2937923749999998
SGPTL,7689,0.00039357471588341575,4.538131109188548e-05,0.29383054200000025
SGPTL,7690,0.00039314145725333205,4.538131109188548e-05,0.2938737500000004
SGPTL,7691,0.0004104639702395829,4.538131109188548e-05,0.29391783400000016
SGPTL,7692,0.00041558810605724084,4.538131109188548e-05,0.29395862500000014
SGPTL,7693,0.0004391754127828218,4.538131109188548e-05,0.29399683399999965
SGPTL,7694,0.00045355618257136854,4.538131109188548e-05,0.29403687499999975
SGPTL,7695,0.00048354490461299804,4.538131109188548e-05,0.29407504200000023
SGPTL,7696,0.0005128539892429451,4.538131109188548e-05,0.2941134590000001
SGPTL,7697,0.00047960016460590893,4.538131109188548e-05,0.2941509169999996
SGPTL,7698,0.00048467685592124,4.538131109188548e-05,0.29418979200000006
SGPTL,7699,0.0005157700854967473,4.538131109188548e-05,0.2942249170000002
SGPTL,7700,0.00045935591170520595,4.538131109188548e-05,0.2942618340000003
SGPTL,7701,0.00044618414305719334,4.538131109188548e-05,0.2943001670000003
SGPTL,7702,0.0004540664163936725,4.538131109188548e-05,0.29433708400000036
SGPTL,7703,0.00048260308785219586,4.538131109188548e-05,0.2943736250000004
SGPTL,7704,0.0005123988489663667,4.538131109188548e-05,0.294411792
SGPTL,7705,0.00048482240810621136,4.538131109188548e-05,0.2944487499999999
SGPTL,7706,0.0004753628718314751,4.538131109188548e-05,0.29448541699999975
SGPTL,7707,0.0004832381261654639,4.538131109188548e-05,0.29452341699999973
SGPTL,7708,0.00045414267031818056,4.538131109188548e-05,0.29456054200000015
SGPTL,7709,0.00042802274251130257,4.538131109188548e-05,0.2945971250000001
SGPTL,7710,0.0004419954906282886,4.538131109188548e-05,0.29463550000000005
SGPTL,7711,0.00043500131307228074,4.538131109188548e-05,0.2946720840000001
SGPTL,7712,0.0004490548537963157,4.538131109188548e-05,0.29470874999999985
SGPTL,7713,0.00042830039244368123,4.538131109188548e-05,0.29474708399999994
SGPTL,7714,0.0004552658239789231,4.538131109188548e-05,0.29479183399999975
SGPTL,7715,0.0005035959410428781,4.538131109188548e-05,0.2948282500000001
SGPTL,7716,0.0005445798871925867,4.538131109188548e-05,0.2948667089999999
SGPTL,7717,0.0005555317445367081,4.538131109188548e-05,0.29490404199999976
SGPTL,7718,0.0005453021092161059,4.538131109188548e-05,0.2949409169999999
SGPTL,7719,0.0005270939203958491,4.538131109188548e-05,0.2949789169999999
SGPTL,7720,0.0005190114818465208,4.538131109188548e-05,0.295015834
SGPTL,7721,0.0005408829032034213,4.538131109188548e-05,0.29505258400000045
SGPTL,7722,0.000536824579525863,4.538131109188548e-05,0.2950906670000002
SGPTL,7723,0.000554919284252442,4.538131109188548e-05,0.29512750000000043
SGPTL,7724,0.000550834273507439,4.538131109188548e-05,0.29516412500000033
SGPTL,7725,0.0005530725603186681,4.538131109188548e-05,0.29520250000000026
SGPTL,7726,0.0005605089339253411,4.538131109188548e-05,0.295239542
SGPTL,7727,0.0005445414222462475,4.538131109188548e-05,0.2952759589999996
SGPTL,7728,0.0005071231856288438,4.538131109188548e-05,0.2953142089999998
SGPTL,7729,0.0005219684813755343,4.538131109188548e-05,0.2953513750000001
SGPTL,7730,0.0005422351381239032,4.538131109188548e-05,0.2953955419999996
SGPTL,7731,0.0005405516092915619,4.538131109188548e-05,0.2954329590000002
SGPTL,7732,0.0005440934628191396,4.538131109188548e-05,0.2954709170000003
SGPTL,7733,0.000518111432746382,4.538131109188548e-05,0.2955079170000001
SGPTL,7734,0.0004924267535448834,4.538131109188548e-05,0.29554550000000024
SGPTL,7735,0.0004960908043210033,4.538131109188548e-05,0.2955844169999997
SGPTL,7736,0.0005106078559657945,4.538131109188548e-05,0.29562250000000034
SGPTL,7737,0.00048755249193010997,4.538131109188548e-05,0.2956607499999997
SGPTL,7738,0.00047526412827925135,4.538131109188548e-05,0.2956980419999997
SGPTL,7739,0.00045694755817971,4.538131109188548e-05,0.29573537500000047
SGPTL,7740,0.0004658059652935531,4.538131109188548e-05,0.29577341700000037
SGPTL,7741,0.000489590314214583,4.538131109188548e-05,0.2958111250000002
SGPTL,7742,0.0005069720543890988,4.538131109188548e-05,0.2958487500000002
SGPTL,7743,0.000511869614029159,4.538131109188548e-05,0.2958867500000002
SGPTL,7744,0.0005357121470197512,4.538131109188548e-05,0.2959240420000002
SGPTL,7745,0.0005234205453898966,4.538131109188548e-05,0.2959627920000001
SGPTL,7746,0.0005464591890049775,4.538131109188548e-05,0.29600062500000046
SGPTL,7747,0.0005263217538384879,4.538131109188548e-05,0.2960396249999997
SGPTL,7748,0.0005165303738510207,4.538131109188548e-05,0.2960792090000002
SGPTL,7749,0.0005242196616499495,4.538131109188548e-05,0.2961166669999997
SGPTL,7750,0.0005307449732125935,4.538131109188548e-05,0.2961535419999999
SGPTL,7751,0.0005275377840696649,4.538131109188548e-05,0.29619166700000044
SGPTL,7752,0.0005023462858180228,4.538131109188548e-05,0.29623029199999973
SGPTL,7753,0.0004942809908374812,4.538131109188548e-05,0.29626820899999995
SGPTL,7754,0.00046920263937177964,4.538131109188548e-05,0.29630716700000015
SGPTL,7755,0.0004640163099787209,4.538131109188548e-05,0.2963463339999999
SGPTL,7756,0.00044728181106723497,4.538131109188548e-05,0.29638399999999976
SGPTL,7757,0.0004722714442109144,4.538131109188548e-05,0.296423334
SGPTL,7758,0.0004987723580822667,4.538131109188548e-05,0.2964607499999996
SGPTL,7759,0.0004972776002656332,4.538131109188548e-05,0.29649733399999967
SGPTL,7760,0.0005316076283410354,4.538131109188548e-05,0.29653533399999965
SGPTL,7761,0.0005188824734418951,4.538131109188548e-05,0.29657229200000046
SGPTL,7762,0.00046791018487479796,4.538131109188548e-05,0.29660891700000036
SGPTL,7763,0.00044900806879910604,4.538131109188548e-05,0.29664629200000014
SGPTL,7764,0.0004435896855383703,4.538131109188548e-05,0.2966837919999996
SGPTL,7765,0.0004059455939970924,4.538131109188548e-05,0.2967208750000001
SGPTL,7766,0.00037329360961191327,4.538131109188548e-05,0.2967584170000004
SGPTL,7767,0.00035712102739893226,4.538131109188548e-05,0.2968020420000004
SGPTL,7768,0.00035364898438561276,4.538131109188548e-05,0.296855667
SGPTL,7769,0.0003415102058836883,4.538131109188548e-05,0.29689516699999974
SGPTL,7770,0.0003474305727022564,4.538131109188548e-05,0.2969334589999999
SGPTL,7771,0.00035572594963717563,4.538131109188548e-05,0.29696966699999994
SGPTL,7772,0.00035814391598565365,4.538131109188548e-05,0.29700612500000023
SGPTL,7773,0.00040010375051680036,4.538131109188548e-05,0.29704308400000023
SGPTL,7774,0.0004305152422079406,4.538131109188548e-05,0.29708145900000016
SGPTL,7775,0.000475115562400763,4.538131109188548e-05,0.29711854199999976
SGPTL,7776,0.00048606298523368174,4.538131109188548e-05,0.29715512499999974
SGPTL,7777,0.00046691088623895816,4.538131109188548e-05,0.297193375
SGPTL,7778,0.00042053544156295253,4.538131109188548e-05,0.29723058400000024
SGPTL,7779,0.00040933733434900255,4.538131109188548e-05,0.2972702500000004
SGPTL,7780,0.0004076224001294815,4.538131109188548e-05,0.2973078339999997
SGPTL,7781,0.00039365090812992776,4.538131109188548e-05,0.29734745900000004
SGPTL,7782,0.0003831039690327387,4.538131109188548e-05,0.29738549999999986
SGPTL,7783,0.0003698049860378916,4.538131109188548e-05,0.2974235839999997
SGPTL,7784,0.00037986415951163366,4.538131109188548e-05,0.2974623750000003
SGPTL,7785,0.00038207402845946703,4.538131109188548e-05,0.29750100000000046
SGPTL,7786,0.00040896884934493727,4.538131109188548e-05,0.29753950000000007
SGPTL,7787,0.0004265564192995619,4.538131109188548e-05,0.2975758339999999
SGPTL,7788,0.00043180163323830456,4.538131109188548e-05,0.2976151250000001
SGPTL,7789,0.0004245718802613485,4.538131109188548e-05,0.2976539589999998
SGPTL,7790,0.0004361240971124669,4.538131109188548e-05,0.2976935420000002
SGPTL,7791,0.0004620839934039722,4.538131109188548e-05,0.29772995899999977
SGPTL,7792,0.0004341480696194999,4.538131109188548e-05,0.2977730000000003
SGPTL,7793,0.0004418926487113062,4.538131109188548e-05,0.29781062500000033
SGPTL,7794,0.00046127168517107187,4.538131109188548e-05,0.29785058399999986
SGPTL,7795,0.000478078308757679,4.538131109188548e-05,0.2978891250000002
SGPTL,7796,0.0005006118291814854,4.538131109188548e-05,0.2979275000000001
SGPTL,7797,0.0005071383008989905,4.538131109188548e-05,0.2979653750000004
SGPTL,7798,0.0004906956522263695,4.538131109188548e-05,0.2980024590000001
SGPTL,7799,0.0004658938085757569,4.538131109188548e-05,0.2980389590000003
SGPTL,7800,0.00046423687381080825,4.538131109188548e-05,0.29807704200000007
SGPTL,7801,0.00045519541286731524,4.538131109188548e-05,0.29811391700000023
SGPTL,7802,0.00044576638317073147,4.538131109188548e-05,0.29815045900000037
SGPTL,7803,0.0004683346391520793,4.538131109188548e-05,0.29818824999999993
SGPTL,7804,0.0005012495149234741,4.538131109188548e-05,0.298225167
SGPTL,7805,0.0005058903709280749,4.538131109188548e-05,0.29826154199999966
SGPTL,7806,0.00045200408842127615,4.538131109188548e-05,0.29829970900000014
SGPTL,7807,0.00046601049426286956,4.538131109188548e-05,0.2983362920000001
SGPTL,7808,0.0005084659221810117,4.538131109188548e-05,0.29837279200000033
SGPTL,7809,0.0005065933062122774,4.538131109188548e-05,0.298410917
SGPTL,7810,0.0004974242712081356,4.538131109188548e-05,0.29844779200000016
SGPTL,7811,0.0005044200525428089,4.538131109188548e-05,0.29848454199999974
SGPTL,7812,0.00047464978237043987,4.538131109188548e-05,0.2985223750000001
SGPTL,7813,0.0004837613600878754,4.538131109188548e-05,0.29855954200000046
SGPTL,7814,0.0004755637450761796,4.538131109188548e-05,0.2985972920000002
SGPTL,7815,0.0004555917141164656,4.538131109188548e-05,0.29863529200000016
SGPTL,7816,0.0004534587803528556,4.538131109188548e-05,0.2986721670000003
SGPTL,7817,0.0004865813604801872,4.538131109188548e-05,0.29870916700000016
SGPTL,7818,0.00048729035890082706,4.538131109188548e-05,0.2987467920000002
SGPTL,7819,0.0005292191146262226,4.538131109188548e-05,0.2987835419999998
SGPTL,7820,0.0005427321784703398,4.538131109188548e-05,0.298820042
SGPTL,7821,0.0004993814730887003,4.538131109188548e-05,0.298858042
SGPTL,7822,0.0005122136660429266,4.538131109188548e-05,0.2988946669999999
SGPTL,7823,0.0005563501217311639,4.538131109188548e-05,0.29893124999999987
SGPTL,7824,0.0004977903070022549,4.538131109188548e-05,0.2989690420000004
SGPTL,7825,0.0004903765511714564,4.538131109188548e-05,0.29900604200000025
SGPTL,7826,0.0004880924484176319,4.538131109188548e-05,0.29904254200000047
SGPTL,7827,0.0005212166026766774,4.538131109188548e-05,0.2990804169999999
SGPTL,7828,0.0005128252778623388,4.538131109188548e-05,0.2991169170000001
SGPTL,7829,0.0005376157154592942,4.538131109188548e-05,0.2991537089999996
SGPTL,7830,0.0005864434804152552,4.538131109188548e-05,0.29919150000000005
SGPTL,7831,0.0006084014185887554,4.538131109188548e-05,0.2992283340000004
SGPTL,7832,0.0005110939006836013,4.538131109188548e-05,0.2992647919999998
SGPTL,7833,0.000507522794234827,4.538131109188548e-05,0.2993018750000003
SGPTL,7834,0.0005010492109054354,4.538131109188548e-05,0.2993392090000002
SGPTL,7835,0.0004986223763787656,4.538131109188548e-05,0.29937758400000014
SGPTL,7836,0.0005117224184256752,4.538131109188548e-05,0.29941470899999967
SGPTL,7837,0.000491467104816623,4.538131109188548e-05,0.2994526249999998
SGPTL,7838,0.0004901191266406535,4.538131109188548e-05,0.2994898749999999
SGPTL,7839,0.0005080902031846524,4.538131109188548e-05,0.2995263750000001
SGPTL,7840,0.0004901293022798736,4.538131109188548e-05,0.29956400000000016
SGPTL,7841,0.0004928344172212551,4.538131109188548e-05,0.299601
SGPTL,7842,0.00046635125629612695,4.538131109188548e-05,0.29964566700000006
SGPTL,7843,0.000489385925503516,4.538131109188548e-05,0.2996832500000002
SGPTL,7844,0.0004978269687436754,4.538131109188548e-05,0.29972125000000016
SGPTL,7845,0.0004545795129207164,4.538131109188548e-05,0.29975816700000024
SGPTL,7846,0.00045743131112496727,4.538131109188548e-05,0.2997950840000003
SGPTL,7847,0.00045882526320539796,4.538131109188548e-05,0.29983375000000034
SGPTL,7848,0.00044420631147179535,4.538131109188548e-05,0.2998713750000004
SGPTL,7849,0.0004149509794788564,4.538131109188548e-05,0.2999100419999996
SGPTL,7850,0.00042046434813580724,4.538131109188548e-05,0.299948584
SGPTL,7851,0.00045795488504229986,4.538131109188548e-05,0.2999851250000001
SGPTL,7852,0.00048522258861405376,4.538131109188548e-05,0.3000237090000004
SGPTL,7853,0.0004885038008135556,4.538131109188548e-05,0.3000601249999999
SGPTL,7854,0.0004761685471330601,4.538131109188548e-05,0.30009966700000046
SGPTL,7855,0.00047585772226921286,4.538131109188548e-05,0.3001383339999997
SGPTL,7856,0.0005146258876080889,4.538131109188548e-05,0.3001776249999999
SGPTL,7857,0.0004809002540331342,4.538131109188548e-05,0.30021512500000025
SGPTL,7858,0.000472461585353523,4.538131109188548e-05,0.3002516670000004
SGPTL,7859,0.0004318881279696818,4.538131109188548e-05,0.3002895839999997
SGPTL,7860,0.0004290358438514552,4.538131109188548e-05,0.3003266670000002
SGPTL,7861,0.00043692700694175635,4.538131109188548e-05,0.3003630839999998
SGPTL,7862,0.00043169999099346157,4.538131109188548e-05,0.3004014589999997
SGPTL,7863,0.0004791108757298268,4.538131109188548e-05,0.30043816700000026
SGPTL,7864,0.00047760375104233255,4.538131109188548e-05,0.30047587500000006
SGPTL,7865,0.0005072746089791469,4.538131109188548e-05,0.3005136249999998
SGPTL,7866,0.0004796428795805774,4.538131109188548e-05,0.3005507500000002
SGPTL,7867,0.0005128620851981847,4.538131109188548e-05,0.3005881669999999
SGPTL,7868,0.0005094146839681457,4.538131109188548e-05,0.3006260000000003
SGPTL,7869,0.0005270705083066929,4.538131109188548e-05,0.30066349999999975
SGPTL,7870,0.0005459216833836322,4.538131109188548e-05,0.3007008750000004
SGPTL,7871,0.0005413347801888069,4.538131109188548e-05,0.3007382500000002
SGPTL,7872,0.0005050020530963373,4.538131109188548e-05,0.3007757919999996
SGPTL,7873,0.0004835739853306098,4.538131109188548e-05,0.3008133339999999
SGPTL,7874,0.00046832755941617066,4.538131109188548e-05,0.3008510419999997
SGPTL,7875,0.00044375536411545013,4.538131109188548e-05,0.30088808400000033
SGPTL,7876,0.00042449088272333846,4.538131109188548e-05,0.30092437500000013
SGPTL,7877,0.0004221145285201455,4.538131109188548e-05,0.3009622089999997
SGPTL,7878,0.00048328011186526965,4.538131109188548e-05,0.30099954200000045
SGPTL,7879,0.00047167887259602637,4.538131109188548e-05,0.30103629200000004
SGPTL,7880,0.00045959567142128677,4.538131109188548e-05,0.30107291699999994
SGPTL,7881,0.0004279631211763224,4.538131109188548e-05,0.30111095899999984
SGPTL,7882,0.00046769885022968083,4.538131109188548e-05,0.30114787499999984
SGPTL,7883,0.000523564985981162,4.538131109188548e-05,0.301184417
SGPTL,7884,0.0005101682482551162,4.538131109188548e-05,0.30122237500000004
SGPTL,7885,0.0005412602070962169,4.538131109188548e-05,0.3012590839999998
SGPTL,7886,0.0005189946617876195,4.538131109188548e-05,0.3012972500000002
SGPTL,7887,0.0004838952190548973,4.538131109188548e-05,0.3013348340000004
SGPTL,7888,0.00047478248349563934,4.538131109188548e-05,0.301373667
SGPTL,7889,0.0004936104791672946,4.538131109188548e-05,0.30141083400000035
SGPTL,7890,0.0005159820510995949,4.538131109188548e-05,0.30144899999999986
SGPTL,7891,0.000518850816219496,4.538131109188548e-05,0.3014855000000001
SGPTL,7892,0.0005224994152261964,4.538131109188548e-05,0.30152412500000025
SGPTL,7893,0.0005055141926257889,4.538131109188548e-05,0.3015614170000003
SGPTL,7894,0.0004904438611663675,4.538131109188548e-05,0.30159970900000044
SGPTL,7895,0.0005304168968827128,4.538131109188548e-05,0.30163633400000034
SGPTL,7896,0.0005287796765349739,4.538131109188548e-05,0.3016727499999998
SGPTL,7897,0.0004924822889680325,4.538131109188548e-05,0.3017108750000004
SGPTL,7898,0.0004546487617269612,4.538131109188548e-05,0.30174762499999996
SGPTL,7899,0.0004440940358190204,4.538131109188548e-05,0.3017847500000004
SGPTL,7900,0.00045142216691296255,4.538131109188548e-05,0.30182270899999963
SGPTL,7901,0.00047169749514708315,4.538131109188548e-05,0.30185966700000044
SGPTL,7902,0.0005025468715773584,4.538131109188548e-05,0.30189812500000013
SGPTL,7903,0.0005803699941306917,4.538131109188548e-05,0.301935834
SGPTL,7904,0.0005691167142609643,4.538131109188548e-05,0.30197275
SGPTL,7905,0.000559250700447933,4.538131109188548e-05,0.3020110840000001
SGPTL,7906,0.0006091892902344576,4.538131109188548e-05,0.3020478750000004
SGPTL,7907,0.0006171232878520172,4.538131109188548e-05,0.302084625
SGPTL,7908,0.0005911640247435734,4.538131109188548e-05,0.3021225420000002
SGPTL,7909,0.0005871069406970797,4.538131109188548e-05,0.3021594170000004
SGPTL,7910,0.0005663327986491495,4.538131109188548e-05,0.30219600000000035
SGPTL,7911,0.0005524943917349923,4.538131109188548e-05,0.3022339169999997
SGPTL,7912,0.0005420050401943044,4.538131109188548e-05,0.30227079199999984
SGPTL,7913,0.00047612215107717404,4.538131109188548e-05,0.3023072090000003
SGPTL,7914,0.0004434178539434175,4.538131109188548e-05,0.3023450839999997
SGPTL,7915,0.00044441061465350096,4.538131109188548e-05,0.3023817089999996
SGPTL,7916,0.0004568834700298119,4.538131109188548e-05,0.3024184999999999
SGPTL,7917,0.00045961273401395886,4.538131109188548e-05,0.3024561669999999
SGPTL,7918,0.0004788891424603037,4.538131109188548e-05,0.30249291700000036
SGPTL,7919,0.00048299660025685753,4.538131109188548e-05,0.30253120899999963
SGPTL,7920,0.0005010202846560396,4.538131109188548e-05,0.30256895900000025
SGPTL,7921,0.0004964381636265447,4.538131109188548e-05,0.30260787499999964
SGPTL,7922,0.0005267745315715722,4.538131109188548e-05,0.30264458400000027
SGPTL,7923,0.0005344464281666905,4.538131109188548e-05,0.30268237499999984
SGPTL,7924,0.0005174342888987216,4.538131109188548e-05,0.3027197499999996
SGPTL,7925,0.0004894734293987568,4.538131109188548e-05,0.30275754200000016
SGPTL,7926,0.0004682348826721139,4.538131109188548e-05,0.3027948340000002
SGPTL,7927,0.0004468867033824431,4.538131109188548e-05,0.3028312089999998
SGPTL,7928,0.0004295654277628458,4.538131109188548e-05,0.30286912499999996
SGPTL,7929,0.0003985123711098826,4.538131109188548e-05,0.30290637500000006
SGPTL,7930,0.0004150885202118815,4.538131109188548e-05,0.3029432090000004
SGPTL,7931,0.00045674398056139154,4.538131109188548e-05,0.30298104199999987
SGPTL,7932,0.0005714390116278167,4.538131109188548e-05,0.3030174170000004
SGPTL,7933,0.0005909370769008326,4.538131109188548e-05,0.3030542089999999
SGPTL,7934,0.0005632700490028064,4.538131109188548e-05,0.3030922089999999
SGPTL,7935,0.0004966677892168647,4.538131109188548e-05,0.30312920899999973
SGPTL,7936,0.00043769353022682367,4.538131109188548e-05,0.30316570899999995
SGPTL,7937,0.0004029642472525019,4.538131109188548e-05,0.30320370899999993
SGPTL,7938,0.0003883654277254678,4.538131109188548e-05,0.30324083400000035
SGPTL,7939,0.00036789209749743534,4.538131109188548e-05,0.3032785840000001
SGPTL,7940,0.0003686765819563842,4.538131109188548e-05,0.3033161670000002
SGPTL,7941,0.0003757009663647448,4.538131109188548e-05,0.3033535839999999
SGPTL,7942,0.00037887532549341074,4.538131109188548e-05,0.303391167
SGPTL,7943,0.00036503225389239446,4.538131109188548e-05,0.30343020900000006
SGPTL,7944,0.00036049864098020024,4.538131109188548e-05,0.30346679200000004
SGPTL,7945,0.00036329565424120247,4.538131109188548e-05,0.303504792
SGPTL,7946,0.0003744266923628725,4.538131109188548e-05,0.3035415840000004
SGPTL,7947,0.0003894797514225612,4.538131109188548e-05,0.30357858400000026
SGPTL,7948,0.00037483157421736024,4.538131109188548e-05,0.3036165420000003
SGPTL,7949,0.00035944283633648766,4.538131109188548e-05,0.3036531250000003
SGPTL,7950,0.00035121653316294577,4.538131109188548e-05,0.3036897500000002
SGPTL,7951,0.00036176716070235315,4.538131109188548e-05,0.3037276249999996
SGPTL,7952,0.0004253710099446639,4.538131109188548e-05,0.3037643750000001
SGPTL,7953,0.0004161903903170394,4.538131109188548e-05,0.3038029169999996
SGPTL,7954,0.0003901526710434755,4.538131109188548e-05,0.30384066700000023
SGPTL,7955,0.0003857489525458391,4.538131109188548e-05,0.30387841699999996
SGPTL,7956,0.000386349746554826,4.538131109188548e-05,0.30391720899999974
SGPTL,7957,0.0003852212518171694,4.538131109188548e-05,0.3039557500000001
SGPTL,7958,0.00040049761571836484,4.538131109188548e-05,0.30399437500000026
SGPTL,7959,0.000393249949131258,4.538131109188548e-05,0.30403304200000036
SGPTL,7960,0.00041230013991189196,4.538131109188548e-05,0.304071542
SGPTL,7961,0.00041595978128960986,4.538131109188548e-05,0.3041105420000001
SGPTL,7962,0.0004105912919092347,4.538131109188548e-05,0.30414799999999964
SGPTL,7963,0.00040523312085660734,4.538131109188548e-05,0.3041873749999997
SGPTL,7964,0.0004185084688541618,4.538131109188548e-05,0.30422441700000036
SGPTL,7965,0.00042831932398068595,4.538131109188548e-05,0.30426087499999976
SGPTL,7966,0.00042151597309514344,4.538131109188548e-05,0.304298792
SGPTL,7967,0.00044389178920578587,4.538131109188548e-05,0.3043357919999998
SGPTL,7968,0.00046942776274061515,4.538131109188548e-05,0.30437974999999984
SGPTL,7969,0.0004900810139125689,4.538131109188548e-05,0.30442170899999965
SGPTL,7970,0.00047997582049852383,4.538131109188548e-05,0.3044721250000002
SGPTL,7971,0.0004398004436878544,4.538131109188548e-05,0.30451379199999984
SGPTL,7972,0.00042568396529030217,4.538131109188548e-05,0.30455308400000014
SGPTL,7973,0.00041440523868985224,4.538131109188548e-05,0.3045910420000002
SGPTL,7974,0.0004046131766917149,4.538131109188548e-05,0.3046287919999999
SGPTL,7975,0.0004774680746972848,4.538131109188548e-05,0.30466620899999963
SGPTL,7976,0.0005039907835946433,4.538131109188548e-05,0.30470408399999993
SGPTL,7977,0.00048289793221401034,4.538131109188548e-05,0.30474233400000017
SGPTL,7978,0.0005000064154128125,4.538131109188548e-05,0.3047804169999999
SGPTL,7979,0.0005283938811266875,4.538131109188548e-05,0.30481800000000003
SGPTL,7980,0.0005251390289529034,4.538131109188548e-05,0.30485450000000025
SGPTL,7981,0.0005081114163116851,4.538131109188548e-05,0.3048929170000001
SGPTL,7982,0.000540297160541936,4.538131109188548e-05,0.30492975000000033
SGPTL,7983,0.0005361957997289668,4.538131109188548e-05,0.30496629200000047
SGPTL,7984,0.0005209377905019963,4.538131109188548e-05,0.30500458399999975
SGPTL,7985,0.00047933665880317555,4.538131109188548e-05,0.30504120899999965
SGPTL,7986,0.0004280646993055637,4.538131109188548e-05,0.3050796250000003
SGPTL,7987,0.00041882591224173815,4.538131109188548e-05,0.305116709
SGPTL,7988,0.00041937019944393583,4.538131109188548e-05,0.3051535000000003
SGPTL,7989,0.0004503655960306219,4.538131109188548e-05,0.3051915420000002
SGPTL,7990,0.0004672289357534609,4.538131109188548e-05,0.30522870899999965
SGPTL,7991,0.0004871850558967328,4.538131109188548e-05,0.30526641700000035
SGPTL,7992,0.00048532128032685584,4.538131109188548e-05,0.3053046669999997
SGPTL,7993,0.0004860831282011979,4.538131109188548e-05,0.30534229199999974
SGPTL,7994,0.00048750521192841845,4.538131109188548e-05,0.30537941700000015
SGPTL,7995,0.0004974772354615631,4.538131109188548e-05,0.3054159590000003
SGPTL,7996,0.0004801391245357056,4.538131109188548e-05,0.30545391700000035
SGPTL,7997,0.00047730675264956446,4.538131109188548e-05,0.3054908750000003
SGPTL,7998,0.0004857496721122345,4.538131109188548e-05,0.30552858400000016
SGPTL,7999,0.0005238689888402703,4.538131109188548e-05,0.30556658400000014
SGPTL,8000,0.000560430550773372,4.538131109188548e-05,0.3056039589999999
SGPTL,8001,0.0005881898555517573,4.538131109188548e-05,0.305641209
