algorithm,iteration,gap,record_gap,time_s
IRLS,0,4.231708e-01,4.231708e-01,0.000000e+00
IRLS,1,7.059999e-02,7.059999e-02,7.962500e-05
IRLS,2,2.484601e-02,2.484601e-02,1.415830e-04
IRLS,3,1.176563e-02,1.176563e-02,1.906250e-04
IRLS,4,6.450048e-03,6.450048e-03,2.322500e-04
IRLS,5,3.869830e-03,3.869830e-03,2.727080e-04
IRLS,6,2.473720e-03,2.473720e-03,3.143330e-04
IRLS,7,1.658620e-03,1.658620e-03,3.536250e-04
IRLS,8,1.155035e-03,1.155035e-03,3.921670e-04
IRLS,9,8.299416e-04,8.299416e-04,4.312920e-04
IRLS,10,6.124753e-04,6.124753e-04,4.697500e-04
IRLS,11,4.625903e-04,4.625903e-04,5.083330e-04
IRLS,12,3.565799e-04,3.565799e-04,5.454580e-04
IRLS,13,2.798754e-04,2.798754e-04,5.837500e-04
IRLS,14,2.232396e-04,2.232396e-04,6.212920e-04
IRLS,15,1.806555e-04,1.806555e-04,6.593750e-04
IRLS,16,1.481094e-04,1.481094e-04,6.972080e-04
IRLS,17,1.228654e-04,1.228654e-04,7.358750e-04
IRLS,18,1.030227e-04,1.030227e-04,7.737080e-04
IRLS,19,8.723552e-05,8.723552e-05,8.118330e-04
IRLS,20,7.453555e-05,7.453555e-05,8.496670e-04
IRLS,21,6.421577e-05,6.421577e-05,8.871250e-04
IRLS,22,5.575223e-05,5.575223e-05,9.245000e-04
IRLS,23,4.875146e-05,4.875146e-05,9.620000e-04
IRLS,24,4.291457e-05,4.291457e-05,9.994170e-04
IRLS,25,3.801229e-05,3.801229e-05,1.037667e-03
IRLS,26,3.386652e-05,3.386652e-05,1.075250e-03
IRLS,27,3.033800e-05,3.033800e-05,1.112792e-03
IRLS,28,2.731654e-05,2.731654e-05,1.150125e-03
IRLS,29,2.471447e-05,2.471447e-05,1.187792e-03
IRLS,30,2.246152e-05,2.246152e-05,1.225667e-03
IRLS,31,2.050081e-05,2.050081e-05,1.263208e-03
IRLS,32,1.878614e-05,1.878614e-05,1.300792e-03
IRLS,33,1.727965e-05,1.727965e-05,1.339083e-03
IRLS,34,1.595023e-05,1.595023e-05,1.376708e-03
IRLS,35,1.477227e-05,1.477227e-05,1.414667e-03
IRLS,36,1.372432e-05,1.372432e-05,1.451958e-03
IRLS,37,1.278840e-05,1.278840e-05,1.489625e-03
IRLS,38,1.194937e-05,1.194937e-05,1.526708e-03
IRLS,39,1.119465e-05,1.119465e-05,1.564500e-03
IRLS,40,1.051339e-05,1.051339e-05,1.602083e-03
IRLS,41,9.896467e-06,9.896467e-06,1.639542e-03
IRLS,42,9.336082e-06,9.336082e-06,1.676542e-03
IRLS,43,8.825542e-06,8.825542e-06,1.714125e-03
IRLS,44,8.359083e-06,8.359083e-06,1.750875e-03
IRLS,45,7.931732e-06,7.931732e-06,1.789375e-03
IRLS,46,7.539176e-06,7.539176e-06,1.828250e-03
IRLS,47,7.177667e-06,7.177667e-06,1.865667e-03
IRLS,48,6.843940e-06,6.843940e-06,1.906083e-03
IRLS,49,6.535243e-06,6.535243e-06,1.944125e-03
IRLS,50,6.248988e-06,6.248988e-06,1.981000e-03
IRLS,51,5.982917e-06,5.982917e-06,2.018583e-03
IRLS,52,5.735098e-06,5.735098e-06,2.056417e-03
IRLS,53,5.503822e-06,5.503822e-06,2.094625e-03
IRLS,54,5.287575e-06,5.287575e-06,2.132167e-03
IRLS,55,5.085010e-06,5.085010e-06,2.169958e-03
IRLS,56,4.894929e-06,4.894929e-06,2.207000e-03
IRLS,57,4.716262e-06,4.716262e-06,2.245042e-03
IRLS,58,4.548051e-06,4.548051e-06,2.282208e-03
IRLS,59,4.389441e-06,4.389441e-06,2.320625e-03
IRLS,60,4.239659e-06,4.239659e-06,2.357750e-03
IRLS,61,4.098014e-06,4.098014e-06,2.395542e-03
IRLS,62,3.963881e-06,3.963881e-06,2.433792e-03
IRLS,63,3.836701e-06,3.836701e-06,2.471708e-03
IRLS,64,3.715983e-06,3.715983e-06,2.509292e-03
IRLS,65,3.601257e-06,3.601257e-06,2.547125e-03
IRLS,66,3.492112e-06,3.492112e-06,2.584208e-03
IRLS,67,3.388120e-06,3.388120e-06,2.623083e-03
IRLS,68,3.288935e-06,3.288935e-06,2.660208e-03
IRLS,69,3.194240e-06,3.194240e-06,2.697750e-03
IRLS,70,3.103747e-06,3.103747e-06,2.735333e-03
IRLS,71,3.017189e-06,3.017189e-06,2.772958e-03
IRLS,72,2.934323e-06,2.934323e-06,2.810000e-03
IRLS,73,2.854924e-06,2.854924e-06,2.850417e-03
IRLS,74,2.778787e-06,2.778787e-06,2.888208e-03
IRLS,75,2.705719e-06,2.705719e-06,2.926042e-03
IRLS,76,2.635546e-06,2.635546e-06,2.964375e-03
IRLS,77,2.568104e-06,2.568104e-06,3.002208e-03
IRLS,78,2.503243e-06,2.503243e-06,3.039417e-03
IRLS,79,2.440822e-06,2.440822e-06,3.077042e-03
IRLS,80,2.380711e-06,2.380711e-06,3.114208e-03
IRLS,81,2.322791e-06,2.322791e-06,3.152042e-03
IRLS,82,2.266947e-06,2.266947e-06,3.189667e-03
IRLS,83,2.213076e-06,2.213076e-06,3.227292e-03
IRLS,84,2.161085e-06,2.161085e-06,3.264917e-03
IRLS,85,2.110890e-06,2.110890e-06,3.302708e-03
IRLS,86,2.062388e-06,2.062388e-06,3.339875e-03
IRLS,87,2.015501e-06,2.015501e-06,3.378292e-03
IRLS,88,1.970153e-06,1.970153e-06,3.415792e-03
IRLS,89,1.926275e-06,1.926275e-06,3.453500e-03
IRLS,90,1.883800e-06,1.883800e-06,3.492875e-03
IRLS,91,1.842666e-06,1.842666e-06,3.531250e-03
IRLS,92,1.802815e-06,1.802815e-06,3.568542e-03
IRLS,93,1.764192e-06,1.764192e-06,3.606792e-03
IRLS,94,1.726744e-06,1.726744e-06,3.643875e-03
IRLS,95,1.690422e-06,1.690422e-06,3.681167e-03
IRLS,96,1.655180e-06,1.655180e-06,3.718208e-03
IRLS,97,1.620974e-06,1.620974e-06,3.758000e-03
IRLS,98,1.587762e-06,1.587762e-06,3.794833e-03
IRLS,99,1.555506e-06,1.555506e-06,3.834333e-03
IRLS,100,1.524166e-06,1.524166e-06,3.871792e-03
SGPTL,1,4.231708e-01,4.231708e-01,0.000000e+00
SGPTL,2,2.957729e-01,2.957729e-01,2.362503e-05
SGPTL,3,2.150647e-01,2.150647e-01,5.691702e-05
SGPTL,4,1.653666e-01,1.653666e-01,8.108403e-05
SGPTL,5,1.380208e-01,1.380208e-01,1.024170e-04
SGPTL,6,1.179400e-01,1.179400e-01,1.226670e-04
SGPTL,7,9.784898e-02,9.784898e-02,1.424170e-04
SGPTL,8,8.312340e-02,8.312340e-02,1.613750e-04
SGPTL,9,7.173086e-02,7.173086e-02,1.797091e-04
SGPTL,10,5.977804e-02,5.977804e-02,1.989171e-04
SGPTL,11,5.121572e-02,5.121572e-02,2.172500e-04
SGPTL,12,4.557577e-02,4.557577e-02,2.345420e-04
SGPTL,13,4.061815e-02,4.061815e-02,2.536670e-04
SGPTL,14,3.840535e-02,3.840535e-02,2.722920e-04
SGPTL,15,4.368199e-02,3.840535e-02,2.893750e-04
SGPTL,16,7.722646e-02,3.840535e-02,3.081670e-04
SGPTL,17,1.373628e-01,3.840535e-02,3.266670e-04
SGPTL,18,1.835995e-01,3.840535e-02,3.452920e-04
SGPTL,19,2.239823e-01,3.840535e-02,3.637091e-04
SGPTL,20,2.765989e-01,3.840535e-02,3.808340e-04
SGPTL,21,3.193268e-01,3.840535e-02,3.992500e-04
SGPTL,22,4.093261e-01,3.840535e-02,4.175420e-04
SGPTL,23,4.998031e-01,3.840535e-02,4.345840e-04
SGPTL,24,6.231419e-01,3.840535e-02,4.527500e-04
SGPTL,25,4.457538e-01,3.840535e-02,4.708750e-04
SGPTL,26,3.454863e-01,3.840535e-02,4.887920e-04
SGPTL,27,2.729269e-01,3.840535e-02,5.070000e-04
SGPTL,28,2.265586e-01,3.840535e-02,5.255420e-04
SGPTL,29,1.955412e-01,3.840535e-02,5.435840e-04
SGPTL,30,1.710011e-01,3.840535e-02,5.615000e-04
SGPTL,31,1.515961e-01,3.840535e-02,5.785000e-04
SGPTL,32,1.453375e-01,3.840535e-02,5.963750e-04
SGPTL,33,1.327605e-01,3.840535e-02,6.142500e-04
SGPTL,34,1.228643e-01,3.840535e-02,6.317500e-04
SGPTL,35,1.127895e-01,3.840535e-02,6.497500e-04
SGPTL,36,1.051877e-01,3.840535e-02,6.677090e-04
SGPTL,37,9.845828e-02,3.840535e-02,6.854590e-04
SGPTL,38,9.511850e-02,3.840535e-02,7.032920e-04
SGPTL,39,9.439754e-02,3.840535e-02,7.205840e-04
SGPTL,40,8.866143e-02,3.840535e-02,7.387920e-04
SGPTL,41,8.172304e-02,3.840535e-02,7.570420e-04
SGPTL,42,7.321235e-02,3.840535e-02,7.751670e-04
SGPTL,43,6.604063e-02,3.840535e-02,7.931250e-04
SGPTL,44,6.056697e-02,3.840535e-02,8.112920e-04
SGPTL,45,5.844802e-02,3.840535e-02,8.283340e-04
SGPTL,46,5.827187e-02,3.840535e-02,8.462500e-04
SGPTL,47,5.762456e-02,3.840535e-02,8.642090e-04
SGPTL,48,5.704510e-02,3.840535e-02,8.821670e-04
SGPTL,49,5.560585e-02,3.840535e-02,9.004170e-04
SGPTL,50,5.559728e-02,3.840535e-02,9.172920e-04
SGPTL,51,5.771574e-02,3.840535e-02,9.356251e-04
SGPTL,52,5.715936e-02,3.840535e-02,9.540000e-04
SGPTL,53,5.847497e-02,3.840535e-02,9.715000e-04
SGPTL,54,5.830411e-02,3.840535e-02,9.898750e-04
SGPTL,55,6.025369e-02,3.840535e-02,1.007709e-03
SGPTL,56,6.132846e-02,3.840535e-02,1.025667e-03
SGPTL,57,6.187844e-02,3.840535e-02,1.043667e-03
SGPTL,58,6.668135e-02,3.840535e-02,1.061375e-03
SGPTL,59,6.916462e-02,3.840535e-02,1.079417e-03
SGPTL,60,6.769639e-02,3.840535e-02,1.098000e-03
SGPTL,61,6.673757e-02,3.840535e-02,1.116084e-03
SGPTL,62,7.027746e-02,3.840535e-02,1.133084e-03
SGPTL,63,7.633706e-02,3.840535e-02,1.151209e-03
SGPTL,64,8.206601e-02,3.840535e-02,1.169417e-03
SGPTL,65,8.555593e-02,3.840535e-02,1.186209e-03
SGPTL,66,8.322068e-02,3.840535e-02,1.207542e-03
SGPTL,67,8.756180e-02,3.840535e-02,1.225959e-03
SGPTL,68,8.413854e-02,3.840535e-02,1.242875e-03
SGPTL,69,7.718178e-02,3.840535e-02,1.261000e-03
SGPTL,70,7.212734e-02,3.840535e-02,1.279250e-03
SGPTL,71,6.326604e-02,3.840535e-02,1.296250e-03
SGPTL,72,5.786682e-02,3.840535e-02,1.314667e-03
SGPTL,73,5.351446e-02,3.840535e-02,1.332500e-03
SGPTL,74,4.670475e-02,3.840535e-02,1.349625e-03
SGPTL,75,4.257159e-02,3.840535e-02,1.367667e-03
SGPTL,76,3.935639e-02,3.840535e-02,1.386250e-03
SGPTL,77,3.602803e-02,3.602803e-02,1.403834e-03
SGPTL,78,3.297392e-02,3.297392e-02,1.423209e-03
SGPTL,79,2.959593e-02,2.959593e-02,1.441750e-03
SGPTL,80,2.796563e-02,2.796563e-02,1.458792e-03
SGPTL,81,2.544585e-02,2.544585e-02,1.477125e-03
SGPTL,82,2.327156e-02,2.327156e-02,1.495792e-03
SGPTL,83,2.207406e-02,2.207406e-02,1.512625e-03
SGPTL,84,2.057954e-02,2.057954e-02,1.531250e-03
SGPTL,85,1.905211e-02,1.905211e-02,1.549500e-03
SGPTL,86,1.902158e-02,1.902158e-02,1.566500e-03
SGPTL,87,2.099831e-02,1.902158e-02,1.584750e-03
SGPTL,88,2.437309e-02,1.902158e-02,1.603042e-03
SGPTL,89,2.904785e-02,1.902158e-02,1.619792e-03
SGPTL,90,3.664022e-02,1.902158e-02,1.637959e-03
SGPTL,91,5.111670e-02,1.902158e-02,1.656292e-03
SGPTL,92,5.894048e-02,1.902158e-02,1.673250e-03
SGPTL,93,5.967677e-02,1.902158e-02,1.691917e-03
SGPTL,94,6.677625e-02,1.902158e-02,1.710625e-03
SGPTL,95,7.071816e-02,1.902158e-02,1.727250e-03
SGPTL,96,7.907140e-02,1.902158e-02,1.745292e-03
SGPTL,97,1.039794e-01,1.902158e-02,1.763667e-03
SGPTL,98,1.190446e-01,1.902158e-02,1.780875e-03
SGPTL,99,1.163452e-01,1.902158e-02,1.798917e-03
SGPTL,100,1.048625e-01,1.902158e-02,1.817292e-03
SGPTL,101,1.077583e-01,1.902158e-02,1.834084e-03
SGPTL,102,1.090143e-01,1.902158e-02,1.852375e-03
SGPTL,103,1.011720e-01,1.902158e-02,1.870459e-03
SGPTL,104,9.330258e-02,1.902158e-02,1.887417e-03
SGPTL,105,8.825513e-02,1.902158e-02,1.905875e-03
SGPTL,106,8.324737e-02,1.902158e-02,1.926750e-03
SGPTL,107,7.583646e-02,1.902158e-02,1.944750e-03
SGPTL,108,6.614267e-02,1.902158e-02,1.962834e-03
SGPTL,109,6.317069e-02,1.902158e-02,1.982084e-03
SGPTL,110,6.236994e-02,1.902158e-02,2.000792e-03
SGPTL,111,5.652414e-02,1.902158e-02,2.017709e-03
SGPTL,112,5.454784e-02,1.902158e-02,2.035834e-03
SGPTL,113,4.793949e-02,1.902158e-02,2.053875e-03
SGPTL,114,4.279927e-02,1.902158e-02,2.070667e-03
SGPTL,115,4.234116e-02,1.902158e-02,2.088834e-03
SGPTL,116,4.431205e-02,1.902158e-02,2.107084e-03
SGPTL,117,4.752119e-02,1.902158e-02,2.123959e-03
SGPTL,118,4.514182e-02,1.902158e-02,2.142084e-03
SGPTL,119,4.173599e-02,1.902158e-02,2.160334e-03
SGPTL,120,4.190092e-02,1.902158e-02,2.177167e-03
SGPTL,121,4.042638e-02,1.902158e-02,2.195292e-03
SGPTL,122,3.827026e-02,1.902158e-02,2.213750e-03
SGPTL,123,3.698454e-02,1.902158e-02,2.230959e-03
SGPTL,124,3.671154e-02,1.902158e-02,2.249084e-03
SGPTL,125,3.894387e-02,1.902158e-02,2.267250e-03
SGPTL,126,4.065286e-02,1.902158e-02,2.284250e-03
SGPTL,127,4.547709e-02,1.902158e-02,2.302375e-03
SGPTL,128,4.067574e-02,1.902158e-02,2.320584e-03
SGPTL,129,3.965429e-02,1.902158e-02,2.340500e-03
SGPTL,130,3.738589e-02,1.902158e-02,2.360125e-03
SGPTL,131,3.449837e-02,1.902158e-02,2.378667e-03
SGPTL,132,3.362572e-02,1.902158e-02,2.396000e-03
SGPTL,133,3.099328e-02,1.902158e-02,2.414292e-03
SGPTL,134,2.817260e-02,1.902158e-02,2.432542e-03
SGPTL,135,2.635151e-02,1.902158e-02,2.449375e-03
SGPTL,136,2.496369e-02,1.902158e-02,2.467667e-03
SGPTL,137,2.366338e-02,1.902158e-02,2.485834e-03
SGPTL,138,2.124001e-02,1.902158e-02,2.502750e-03
SGPTL,139,1.940856e-02,1.902158e-02,2.520584e-03
SGPTL,140,1.799453e-02,1.799453e-02,2.539000e-03
SGPTL,141,1.774546e-02,1.774546e-02,2.556000e-03
SGPTL,142,1.721689e-02,1.721689e-02,2.574375e-03
SGPTL,143,1.606048e-02,1.606048e-02,2.592709e-03
SGPTL,144,1.516045e-02,1.516045e-02,2.609709e-03
SGPTL,145,1.420477e-02,1.420477e-02,2.628334e-03
SGPTL,146,1.290602e-02,1.290602e-02,2.646584e-03
SGPTL,147,1.191289e-02,1.191289e-02,2.663584e-03
SGPTL,148,1.142194e-02,1.142194e-02,2.682000e-03
SGPTL,149,1.086271e-02,1.086271e-02,2.700792e-03
SGPTL,150,1.046363e-02,1.046363e-02,2.722667e-03
SGPTL,151,1.019332e-02,1.019332e-02,2.739792e-03
SGPTL,152,9.776914e-03,9.776914e-03,2.758042e-03
SGPTL,153,9.693260e-03,9.693260e-03,2.776500e-03
SGPTL,154,1.109795e-02,9.693260e-03,2.793250e-03
SGPTL,155,1.237585e-02,9.693260e-03,2.811417e-03
SGPTL,156,1.396196e-02,9.693260e-03,2.829500e-03
SGPTL,157,1.871353e-02,9.693260e-03,2.847250e-03
SGPTL,158,2.391932e-02,9.693260e-03,2.865417e-03
SGPTL,159,2.872231e-02,9.693260e-03,2.883584e-03
SGPTL,160,3.305775e-02,9.693260e-03,2.900584e-03
SGPTL,161,3.672369e-02,9.693260e-03,2.918750e-03
SGPTL,162,4.018128e-02,9.693260e-03,2.936792e-03
SGPTL,163,4.320518e-02,9.693260e-03,2.953625e-03
SGPTL,164,5.409263e-02,9.693260e-03,2.971667e-03
SGPTL,165,6.259165e-02,9.693260e-03,2.989709e-03
SGPTL,166,7.118305e-02,9.693260e-03,3.006584e-03
SGPTL,167,6.979314e-02,9.693260e-03,3.024542e-03
SGPTL,168,6.975868e-02,9.693260e-03,3.042500e-03
SGPTL,169,6.720967e-02,9.693260e-03,3.059334e-03
SGPTL,170,6.973229e-02,9.693260e-03,3.077375e-03
SGPTL,171,7.191245e-02,9.693260e-03,3.095209e-03
SGPTL,172,8.140964e-02,9.693260e-03,3.112209e-03
SGPTL,173,7.723865e-02,9.693260e-03,3.131042e-03
SGPTL,174,6.334965e-02,9.693260e-03,3.152875e-03
SGPTL,175,6.077220e-02,9.693260e-03,3.169792e-03
SGPTL,176,5.905001e-02,9.693260e-03,3.187625e-03
SGPTL,177,5.545917e-02,9.693260e-03,3.205334e-03
SGPTL,178,5.139839e-02,9.693260e-03,3.222709e-03
SGPTL,179,4.745775e-02,9.693260e-03,3.240375e-03
SGPTL,180,4.199814e-02,9.693260e-03,3.257875e-03
SGPTL,181,3.855845e-02,9.693260e-03,3.275500e-03
SGPTL,182,3.676582e-02,9.693260e-03,3.293417e-03
SGPTL,183,3.687359e-02,9.693260e-03,3.311250e-03
SGPTL,184,3.824968e-02,9.693260e-03,3.328292e-03
SGPTL,185,3.511269e-02,9.693260e-03,3.345959e-03
SGPTL,186,3.405318e-02,9.693260e-03,3.363750e-03
SGPTL,187,3.225966e-02,9.693260e-03,3.381084e-03
SGPTL,188,3.018376e-02,9.693260e-03,3.398834e-03
SGPTL,189,3.101999e-02,9.693260e-03,3.416875e-03
SGPTL,190,3.181675e-02,9.693260e-03,3.434209e-03
SGPTL,191,3.043589e-02,9.693260e-03,3.452084e-03
SGPTL,192,2.895630e-02,9.693260e-03,3.470042e-03
SGPTL,193,2.755593e-02,9.693260e-03,3.487375e-03
SGPTL,194,2.584041e-02,9.693260e-03,3.505250e-03
SGPTL,195,2.440314e-02,9.693260e-03,3.523084e-03
SGPTL,196,2.439457e-02,9.693260e-03,3.540334e-03
SGPTL,197,2.535911e-02,9.693260e-03,3.558000e-03
SGPTL,198,2.477464e-02,9.693260e-03,3.575875e-03
SGPTL,199,2.468688e-02,9.693260e-03,3.593167e-03
SGPTL,200,2.566434e-02,9.693260e-03,3.611250e-03
SGPTL,201,2.682703e-02,9.693260e-03,3.629709e-03
SGPTL,202,2.593288e-02,9.693260e-03,3.648667e-03
SGPTL,203,2.687691e-02,9.693260e-03,3.666667e-03
SGPTL,204,2.788276e-02,9.693260e-03,3.684459e-03
SGPTL,205,2.857415e-02,9.693260e-03,3.701750e-03
SGPTL,206,2.758299e-02,9.693260e-03,3.719584e-03
SGPTL,207,2.658637e-02,9.693260e-03,3.737167e-03
SGPTL,208,2.820773e-02,9.693260e-03,3.754375e-03
SGPTL,209,3.077266e-02,9.693260e-03,3.772334e-03
SGPTL,210,3.140016e-02,9.693260e-03,3.790334e-03
SGPTL,211,3.353100e-02,9.693260e-03,3.807459e-03
SGPTL,212,3.391753e-02,9.693260e-03,3.825084e-03
SGPTL,213,3.322773e-02,9.693260e-03,3.843084e-03
SGPTL,214,3.306183e-02,9.693260e-03,3.860209e-03
SGPTL,215,3.209097e-02,9.693260e-03,3.878125e-03
SGPTL,216,2.984183e-02,9.693260e-03,3.895875e-03
SGPTL,217,2.827023e-02,9.693260e-03,3.913250e-03
SGPTL,218,2.730612e-02,9.693260e-03,3.931000e-03
SGPTL,219,2.562116e-02,9.693260e-03,3.948542e-03
SGPTL,220,2.295898e-02,9.693260e-03,3.966084e-03
SGPTL,221,2.177107e-02,9.693260e-03,3.983917e-03
SGPTL,222,2.042214e-02,9.693260e-03,4.001375e-03
SGPTL,223,1.878304e-02,9.693260e-03,4.019042e-03
SGPTL,224,1.758780e-02,9.693260e-03,4.036750e-03
SGPTL,225,1.672878e-02,9.693260e-03,4.054167e-03
SGPTL,226,1.546742e-02,9.693260e-03,4.071917e-03
SGPTL,227,1.399771e-02,9.693260e-03,4.089750e-03
SGPTL,228,1.304926e-02,9.693260e-03,4.107167e-03
SGPTL,229,1.231361e-02,9.693260e-03,4.124834e-03
SGPTL,230,1.130443e-02,9.693260e-03,4.142750e-03
SGPTL,231,1.018103e-02,9.693260e-03,4.160417e-03
SGPTL,232,9.333695e-03,9.333695e-03,4.178584e-03
SGPTL,233,8.677860e-03,8.677860e-03,4.199667e-03
SGPTL,234,7.783316e-03,7.783316e-03,4.218959e-03
SGPTL,235,7.044774e-03,7.044774e-03,4.237084e-03
SGPTL,236,6.474305e-03,6.474305e-03,4.254042e-03
SGPTL,237,6.143637e-03,6.143637e-03,4.272584e-03
SGPTL,238,5.787712e-03,5.787712e-03,4.290917e-03
SGPTL,239,5.535302e-03,5.535302e-03,4.307792e-03
SGPTL,240,5.200595e-03,5.200595e-03,4.325750e-03
SGPTL,241,4.797915e-03,4.797915e-03,4.343875e-03
SGPTL,242,4.855762e-03,4.797915e-03,4.360667e-03
SGPTL,243,5.224085e-03,4.797915e-03,4.378834e-03
SGPTL,244,5.943313e-03,4.797915e-03,4.396834e-03
SGPTL,245,7.442515e-03,4.797915e-03,4.413792e-03
SGPTL,246,9.934311e-03,4.797915e-03,4.431959e-03
SGPTL,247,1.172085e-02,4.797915e-03,4.450459e-03
SGPTL,248,1.391564e-02,4.797915e-03,4.467375e-03
SGPTL,249,1.634571e-02,4.797915e-03,4.485875e-03
SGPTL,250,1.616205e-02,4.797915e-03,4.504334e-03
SGPTL,251,1.858349e-02,4.797915e-03,4.521084e-03
SGPTL,252,2.296722e-02,4.797915e-03,4.539125e-03
SGPTL,253,2.595089e-02,4.797915e-03,4.557209e-03
SGPTL,254,2.791278e-02,4.797915e-03,4.575125e-03
SGPTL,255,3.325269e-02,4.797915e-03,4.593042e-03
SGPTL,256,3.725804e-02,4.797915e-03,4.609792e-03
SGPTL,257,4.344167e-02,4.797915e-03,4.627667e-03
SGPTL,258,3.837450e-02,4.797915e-03,4.645417e-03
SGPTL,259,3.915960e-02,4.797915e-03,4.662709e-03
SGPTL,260,3.933804e-02,4.797915e-03,4.680709e-03
SGPTL,261,3.722365e-02,4.797915e-03,4.698209e-03
SGPTL,262,4.045831e-02,4.797915e-03,4.715834e-03
SGPTL,263,4.231050e-02,4.797915e-03,4.733792e-03
SGPTL,264,4.088621e-02,4.797915e-03,4.751209e-03
SGPTL,265,4.140669e-02,4.797915e-03,4.768667e-03
SGPTL,266,4.659383e-02,4.797915e-03,4.786459e-03
SGPTL,267,4.480772e-02,4.797915e-03,4.803750e-03
SGPTL,268,4.223580e-02,4.797915e-03,4.821375e-03
SGPTL,269,3.880971e-02,4.797915e-03,4.839667e-03
SGPTL,270,3.765861e-02,4.797915e-03,4.857834e-03
SGPTL,271,3.623366e-02,4.797915e-03,4.874917e-03
SGPTL,272,3.041068e-02,4.797915e-03,4.892750e-03
SGPTL,273,2.961255e-02,4.797915e-03,4.910292e-03
SGPTL,274,3.050718e-02,4.797915e-03,4.928125e-03
SGPTL,275,3.126012e-02,4.797915e-03,4.945917e-03
SGPTL,276,3.392201e-02,4.797915e-03,4.964000e-03
SGPTL,277,3.521943e-02,4.797915e-03,4.980584e-03
SGPTL,278,3.748597e-02,4.797915e-03,4.998417e-03
SGPTL,279,3.749656e-02,4.797915e-03,5.016459e-03
SGPTL,280,3.249980e-02,4.797915e-03,5.033542e-03
SGPTL,281,3.206496e-02,4.797915e-03,5.051542e-03
SGPTL,282,2.859641e-02,4.797915e-03,5.069542e-03
SGPTL,283,2.663124e-02,4.797915e-03,5.086417e-03
SGPTL,284,2.667536e-02,4.797915e-03,5.104417e-03
SGPTL,285,2.562163e-02,4.797915e-03,5.122334e-03
SGPTL,286,2.595333e-02,4.797915e-03,5.139125e-03
SGPTL,287,2.449715e-02,4.797915e-03,5.156875e-03
SGPTL,288,2.431321e-02,4.797915e-03,5.174834e-03
SGPTL,289,2.365128e-02,4.797915e-03,5.191875e-03
SGPTL,290,2.233787e-02,4.797915e-03,5.209917e-03
SGPTL,291,2.174935e-02,4.797915e-03,5.227834e-03
SGPTL,292,2.088722e-02,4.797915e-03,5.244875e-03
SGPTL,293,2.010760e-02,4.797915e-03,5.262834e-03
SGPTL,294,1.952316e-02,4.797915e-03,5.280792e-03
SGPTL,295,1.741474e-02,4.797915e-03,5.297500e-03
SGPTL,296,1.608360e-02,4.797915e-03,5.315375e-03
SGPTL,297,1.509709e-02,4.797915e-03,5.333417e-03
SGPTL,298,1.407670e-02,4.797915e-03,5.350292e-03
SGPTL,299,1.459176e-02,4.797915e-03,5.368292e-03
SGPTL,300,1.404699e-02,4.797915e-03,5.386250e-03
SGPTL,301,1.404359e-02,4.797915e-03,5.403084e-03
SGPTL,302,1.322864e-02,4.797915e-03,5.421084e-03
SGPTL,303,1.285724e-02,4.797915e-03,5.439375e-03
SGPTL,304,1.313517e-02,4.797915e-03,5.456000e-03
SGPTL,305,1.294892e-02,4.797915e-03,5.472500e-03
SGPTL,306,1.262382e-02,4.797915e-03,5.490417e-03
SGPTL,307,1.269447e-02,4.797915e-03,5.508042e-03
SGPTL,308,1.318930e-02,4.797915e-03,5.524959e-03
SGPTL,309,1.290019e-02,4.797915e-03,5.543792e-03
SGPTL,310,1.257750e-02,4.797915e-03,5.565125e-03
SGPTL,311,1.281557e-02,4.797915e-03,5.581750e-03
SGPTL,312,1.311972e-02,4.797915e-03,5.599625e-03
SGPTL,313,1.287104e-02,4.797915e-03,5.617167e-03
SGPTL,314,1.203011e-02,4.797915e-03,5.634500e-03
SGPTL,315,1.209212e-02,4.797915e-03,5.652334e-03
SGPTL,316,1.240886e-02,4.797915e-03,5.670334e-03
SGPTL,317,1.389727e-02,4.797915e-03,5.687250e-03
SGPTL,318,1.597091e-02,4.797915e-03,5.705000e-03
SGPTL,319,1.498397e-02,4.797915e-03,5.722500e-03
SGPTL,320,1.430776e-02,4.797915e-03,5.739542e-03
SGPTL,321,1.393642e-02,4.797915e-03,5.757459e-03
SGPTL,322,1.366034e-02,4.797915e-03,5.775459e-03
SGPTL,323,1.390103e-02,4.797915e-03,5.792459e-03
SGPTL,324,1.445998e-02,4.797915e-03,5.810375e-03
SGPTL,325,1.498505e-02,4.797915e-03,5.828084e-03
SGPTL,326,1.515497e-02,4.797915e-03,5.845292e-03
SGPTL,327,1.647338e-02,4.797915e-03,5.863167e-03
SGPTL,328,1.687515e-02,4.797915e-03,5.881000e-03
SGPTL,329,1.684483e-02,4.797915e-03,5.898000e-03
SGPTL,330,1.828673e-02,4.797915e-03,5.915792e-03
SGPTL,331,1.895589e-02,4.797915e-03,5.933084e-03
SGPTL,332,1.643321e-02,4.797915e-03,5.950834e-03
SGPTL,333,1.614429e-02,4.797915e-03,5.971042e-03
SGPTL,334,1.605048e-02,4.797915e-03,5.989209e-03
SGPTL,335,1.623913e-02,4.797915e-03,6.007042e-03
SGPTL,336,1.593989e-02,4.797915e-03,6.023834e-03
SGPTL,337,1.529866e-02,4.797915e-03,6.041750e-03
SGPTL,338,1.587317e-02,4.797915e-03,6.059417e-03
SGPTL,339,1.629917e-02,4.797915e-03,6.076792e-03
SGPTL,340,1.650458e-02,4.797915e-03,6.094709e-03
SGPTL,341,1.618864e-02,4.797915e-03,6.112375e-03
SGPTL,342,1.541661e-02,4.797915e-03,6.129709e-03
SGPTL,343,1.490212e-02,4.797915e-03,6.147667e-03
SGPTL,344,1.370890e-02,4.797915e-03,6.165250e-03
SGPTL,345,1.357067e-02,4.797915e-03,6.182750e-03
SGPTL,346,1.505488e-02,4.797915e-03,6.200709e-03
SGPTL,347,1.687075e-02,4.797915e-03,6.218042e-03
SGPTL,348,1.830921e-02,4.797915e-03,6.235667e-03
SGPTL,349,1.712133e-02,4.797915e-03,6.253667e-03
SGPTL,350,1.551115e-02,4.797915e-03,6.271500e-03
SGPTL,351,1.518892e-02,4.797915e-03,6.288375e-03
SGPTL,352,1.461843e-02,4.797915e-03,6.306167e-03
SGPTL,353,1.310783e-02,4.797915e-03,6.327084e-03
SGPTL,354,1.109327e-02,4.797915e-03,6.347500e-03
SGPTL,355,9.933418e-03,4.797915e-03,6.365000e-03
SGPTL,356,9.475672e-03,4.797915e-03,6.382875e-03
SGPTL,357,8.640572e-03,4.797915e-03,6.400334e-03
SGPTL,358,7.666215e-03,4.797915e-03,6.417917e-03
SGPTL,359,6.968692e-03,4.797915e-03,6.436000e-03
SGPTL,360,6.387635e-03,4.797915e-03,6.456167e-03
SGPTL,361,5.874904e-03,4.797915e-03,6.472917e-03
SGPTL,362,5.536228e-03,4.797915e-03,6.490750e-03
SGPTL,363,5.118997e-03,4.797915e-03,6.508500e-03
SGPTL,364,4.850234e-03,4.797915e-03,6.525792e-03
SGPTL,365,4.565853e-03,4.565853e-03,6.544334e-03
SGPTL,366,4.285770e-03,4.285770e-03,6.562625e-03
SGPTL,367,4.056207e-03,4.056207e-03,6.580584e-03
SGPTL,368,3.890176e-03,3.890176e-03,6.598750e-03
SGPTL,369,3.704130e-03,3.704130e-03,6.616792e-03
SGPTL,370,3.500139e-03,3.500139e-03,6.633875e-03
SGPTL,371,3.282306e-03,3.282306e-03,6.652000e-03
SGPTL,372,3.081606e-03,3.081606e-03,6.669792e-03
SGPTL,373,2.905918e-03,2.905918e-03,6.687292e-03
SGPTL,374,2.708114e-03,2.708114e-03,6.705250e-03
SGPTL,375,2.647482e-03,2.647482e-03,6.723125e-03
SGPTL,376,2.708428e-03,2.647482e-03,6.740334e-03
SGPTL,377,2.787189e-03,2.647482e-03,6.758250e-03
SGPTL,378,3.050927e-03,2.647482e-03,6.776000e-03
SGPTL,379,3.357958e-03,2.647482e-03,6.793292e-03
SGPTL,380,3.761087e-03,2.647482e-03,6.811000e-03
SGPTL,381,4.454653e-03,2.647482e-03,6.828334e-03
SGPTL,382,4.999817e-03,2.647482e-03,6.845959e-03
SGPTL,383,5.153746e-03,2.647482e-03,6.863667e-03
SGPTL,384,6.087005e-03,2.647482e-03,6.881209e-03
SGPTL,385,7.404753e-03,2.647482e-03,6.898709e-03
SGPTL,386,8.439133e-03,2.647482e-03,6.916375e-03
SGPTL,387,8.720195e-03,2.647482e-03,6.934000e-03
SGPTL,388,9.023575e-03,2.647482e-03,6.951667e-03
SGPTL,389,1.058276e-02,2.647482e-03,6.969500e-03
SGPTL,390,1.200892e-02,2.647482e-03,6.986917e-03
SGPTL,391,1.275234e-02,2.647482e-03,7.004792e-03
SGPTL,392,1.485207e-02,2.647482e-03,7.021417e-03
SGPTL,393,1.557039e-02,2.647482e-03,7.039250e-03
SGPTL,394,1.537494e-02,2.647482e-03,7.057417e-03
SGPTL,395,1.752169e-02,2.647482e-03,7.074292e-03
SGPTL,396,1.705689e-02,2.647482e-03,7.092292e-03
SGPTL,397,1.809791e-02,2.647482e-03,7.110417e-03
SGPTL,398,1.971618e-02,2.647482e-03,7.127334e-03
SGPTL,399,2.224045e-02,2.647482e-03,7.145500e-03
SGPTL,400,2.121445e-02,2.647482e-03,7.163875e-03
SGPTL,401,2.038283e-02,2.647482e-03,7.183959e-03
SGPTL,402,2.011979e-02,2.647482e-03,7.203625e-03
SGPTL,403,1.873514e-02,2.647482e-03,7.222125e-03
SGPTL,404,1.826032e-02,2.647482e-03,7.240375e-03
SGPTL,405,2.042995e-02,2.647482e-03,7.257250e-03
SGPTL,406,2.172585e-02,2.647482e-03,7.275459e-03
SGPTL,407,2.242393e-02,2.647482e-03,7.293500e-03
SGPTL,408,2.101736e-02,2.647482e-03,7.310417e-03
SGPTL,409,2.069131e-02,2.647482e-03,7.328584e-03
SGPTL,410,2.214471e-02,2.647482e-03,7.346709e-03
SGPTL,411,2.253075e-02,2.647482e-03,7.363584e-03
SGPTL,412,2.034369e-02,2.647482e-03,7.381834e-03
SGPTL,413,1.846188e-02,2.647482e-03,7.399875e-03
SGPTL,414,1.809500e-02,2.647482e-03,7.416834e-03
SGPTL,415,1.924931e-02,2.647482e-03,7.434959e-03
SGPTL,416,1.948349e-02,2.647482e-03,7.453084e-03
SGPTL,417,1.817673e-02,2.647482e-03,7.470084e-03
SGPTL,418,1.749802e-02,2.647482e-03,7.488292e-03
SGPTL,419,1.752648e-02,2.647482e-03,7.506375e-03
SGPTL,420,1.817574e-02,2.647482e-03,7.523084e-03
SGPTL,421,1.866334e-02,2.647482e-03,7.541459e-03
SGPTL,422,1.931970e-02,2.647482e-03,7.559500e-03
SGPTL,423,1.984791e-02,2.647482e-03,7.576417e-03
SGPTL,424,1.988289e-02,2.647482e-03,7.594584e-03
SGPTL,425,1.983490e-02,2.647482e-03,7.611125e-03
SGPTL,426,1.976498e-02,2.647482e-03,7.629459e-03
SGPTL,427,2.043364e-02,2.647482e-03,7.646459e-03
SGPTL,428,2.047064e-02,2.647482e-03,7.664542e-03
SGPTL,429,2.160408e-02,2.647482e-03,7.682792e-03
SGPTL,430,2.132593e-02,2.647482e-03,7.699667e-03
SGPTL,431,2.047668e-02,2.647482e-03,7.717459e-03
SGPTL,432,2.169294e-02,2.647482e-03,7.735500e-03
SGPTL,433,2.253672e-02,2.647482e-03,7.752375e-03
SGPTL,434,2.151078e-02,2.647482e-03,7.770459e-03
SGPTL,435,2.020191e-02,2.647482e-03,7.788584e-03
SGPTL,436,1.977734e-02,2.647482e-03,7.805750e-03
SGPTL,437,2.053205e-02,2.647482e-03,7.823584e-03
SGPTL,438,2.041994e-02,2.647482e-03,7.841667e-03
SGPTL,439,2.098293e-02,2.647482e-03,7.858584e-03
SGPTL,440,2.222623e-02,2.647482e-03,7.876459e-03
SGPTL,441,2.295138e-02,2.647482e-03,7.894417e-03
SGPTL,442,2.131421e-02,2.647482e-03,7.911417e-03
SGPTL,443,2.003620e-02,2.647482e-03,7.929500e-03
SGPTL,444,1.966530e-02,2.647482e-03,7.947459e-03
SGPTL,445,1.957412e-02,2.647482e-03,7.964375e-03
SGPTL,446,1.913435e-02,2.647482e-03,7.982250e-03
SGPTL,447,1.756172e-02,2.647482e-03,8.000209e-03
SGPTL,448,1.559362e-02,2.647482e-03,8.017209e-03
SGPTL,449,1.522340e-02,2.647482e-03,8.035250e-03
SGPTL,450,1.448986e-02,2.647482e-03,8.053209e-03
SGPTL,451,1.384099e-02,2.647482e-03,8.069959e-03
SGPTL,452,1.341450e-02,2.647482e-03,8.088084e-03
SGPTL,453,1.244279e-02,2.647482e-03,8.106000e-03
SGPTL,454,1.197816e-02,2.647482e-03,8.123292e-03
SGPTL,455,1.220831e-02,2.647482e-03,8.141167e-03
SGPTL,456,1.125326e-02,2.647482e-03,8.159125e-03
SGPTL,457,1.090530e-02,2.647482e-03,8.177417e-03
SGPTL,458,1.005976e-02,2.647482e-03,8.196542e-03
SGPTL,459,9.387914e-03,2.647482e-03,8.214750e-03
SGPTL,460,9.285272e-03,2.647482e-03,8.231500e-03
SGPTL,461,8.763041e-03,2.647482e-03,8.249542e-03
SGPTL,462,8.203055e-03,2.647482e-03,8.267584e-03
SGPTL,463,7.747286e-03,2.647482e-03,8.284459e-03
SGPTL,464,7.402702e-03,2.647482e-03,8.302209e-03
SGPTL,465,7.420764e-03,2.647482e-03,8.320084e-03
SGPTL,466,7.742445e-03,2.647482e-03,8.337042e-03
SGPTL,467,7.642606e-03,2.647482e-03,8.354917e-03
SGPTL,468,7.399802e-03,2.647482e-03,8.372834e-03
SGPTL,469,7.017743e-03,2.647482e-03,8.389875e-03
SGPTL,470,6.837007e-03,2.647482e-03,8.407875e-03
SGPTL,471,6.765212e-03,2.647482e-03,8.425792e-03
SGPTL,472,6.341825e-03,2.647482e-03,8.442625e-03
SGPTL,473,5.866635e-03,2.647482e-03,8.460500e-03
SGPTL,474,5.724572e-03,2.647482e-03,8.478459e-03
SGPTL,475,5.674205e-03,2.647482e-03,8.495250e-03
SGPTL,476,5.568839e-03,2.647482e-03,8.513042e-03
SGPTL,477,5.716547e-03,2.647482e-03,8.530750e-03
SGPTL,478,5.442609e-03,2.647482e-03,8.547667e-03
SGPTL,479,5.036718e-03,2.647482e-03,8.565417e-03
SGPTL,480,4.943515e-03,2.647482e-03,8.583334e-03
SGPTL,481,4.624673e-03,2.647482e-03,8.600209e-03
SGPTL,482,4.556459e-03,2.647482e-03,8.618209e-03
SGPTL,483,4.590951e-03,2.647482e-03,8.636250e-03
SGPTL,484,4.403796e-03,2.647482e-03,8.652959e-03
SGPTL,485,4.318476e-03,2.647482e-03,8.670709e-03
SGPTL,486,3.932438e-03,2.647482e-03,8.688834e-03
SGPTL,487,3.621135e-03,2.647482e-03,8.707875e-03
SGPTL,488,3.274799e-03,2.647482e-03,8.725875e-03
SGPTL,489,3.114103e-03,2.647482e-03,8.744042e-03
SGPTL,490,3.138644e-03,2.647482e-03,8.760875e-03
SGPTL,491,3.172650e-03,2.647482e-03,8.778750e-03
SGPTL,492,3.301257e-03,2.647482e-03,8.796667e-03
SGPTL,493,3.580176e-03,2.647482e-03,8.813542e-03
SGPTL,494,3.675381e-03,2.647482e-03,8.831459e-03
SGPTL,495,3.715987e-03,2.647482e-03,8.849500e-03
SGPTL,496,3.835010e-03,2.647482e-03,8.866375e-03
SGPTL,497,3.930900e-03,2.647482e-03,8.884084e-03
SGPTL,498,3.781490e-03,2.647482e-03,8.902250e-03
SGPTL,499,3.712028e-03,2.647482e-03,8.919334e-03
SGPTL,500,3.357579e-03,2.647482e-03,8.937292e-03
SGPTL,501,3.411230e-03,2.647482e-03,8.955250e-03
SGPTL,502,3.321530e-03,2.647482e-03,8.972042e-03
SGPTL,503,3.192912e-03,2.647482e-03,8.990042e-03
SGPTL,504,3.191983e-03,2.647482e-03,9.008417e-03
SGPTL,505,3.376592e-03,2.647482e-03,9.025584e-03
SGPTL,506,3.631450e-03,2.647482e-03,9.043542e-03
SGPTL,507,3.731202e-03,2.647482e-03,9.061542e-03
SGPTL,508,4.067776e-03,2.647482e-03,9.078334e-03
SGPTL,509,4.232226e-03,2.647482e-03,9.096500e-03
SGPTL,510,3.924699e-03,2.647482e-03,9.114584e-03
SGPTL,511,3.865132e-03,2.647482e-03,9.131500e-03
SGPTL,512,3.735175e-03,2.647482e-03,9.149417e-03
SGPTL,513,3.643834e-03,2.647482e-03,9.167417e-03
SGPTL,514,3.483224e-03,2.647482e-03,9.184250e-03
SGPTL,515,3.234319e-03,2.647482e-03,9.201875e-03
SGPTL,516,3.237358e-03,2.647482e-03,9.219542e-03
SGPTL,517,3.433214e-03,2.647482e-03,9.236667e-03
SGPTL,518,3.762869e-03,2.647482e-03,9.254375e-03
SGPTL,519,4.077831e-03,2.647482e-03,9.271750e-03
SGPTL,520,4.282861e-03,2.647482e-03,9.289125e-03
SGPTL,521,4.260643e-03,2.647482e-03,9.307209e-03
SGPTL,522,4.102092e-03,2.647482e-03,9.325209e-03
SGPTL,523,3.797671e-03,2.647482e-03,9.342167e-03
SGPTL,524,3.487383e-03,2.647482e-03,9.360000e-03
SGPTL,525,3.432316e-03,2.647482e-03,9.377834e-03
SGPTL,526,3.630249e-03,2.647482e-03,9.395500e-03
SGPTL,527,3.700855e-03,2.647482e-03,9.413000e-03
SGPTL,528,3.981437e-03,2.647482e-03,9.430542e-03
SGPTL,529,4.448932e-03,2.647482e-03,9.447542e-03
SGPTL,530,4.687760e-03,2.647482e-03,9.465209e-03
SGPTL,531,4.815348e-03,2.647482e-03,9.482959e-03
SGPTL,532,4.851402e-03,2.647482e-03,9.499917e-03
SGPTL,533,5.050711e-03,2.647482e-03,9.517667e-03
SGPTL,534,4.547127e-03,2.647482e-03,9.535375e-03
SGPTL,535,4.294895e-03,2.647482e-03,9.552500e-03
SGPTL,536,4.007353e-03,2.647482e-03,9.570375e-03
SGPTL,537,3.825378e-03,2.647482e-03,9.587834e-03
SGPTL,538,3.748267e-03,2.647482e-03,9.605542e-03
SGPTL,539,3.711143e-03,2.647482e-03,9.623250e-03
SGPTL,540,3.862384e-03,2.647482e-03,9.641084e-03
SGPTL,541,4.248822e-03,2.647482e-03,9.658542e-03
SGPTL,542,4.507228e-03,2.647482e-03,9.676125e-03
SGPTL,543,5.077920e-03,2.647482e-03,9.693417e-03
SGPTL,544,5.373736e-03,2.647482e-03,9.710750e-03
SGPTL,545,4.997155e-03,2.647482e-03,9.728417e-03
SGPTL,546,4.967626e-03,2.647482e-03,9.745834e-03
SGPTL,547,4.501720e-03,2.647482e-03,9.763459e-03
SGPTL,548,4.513719e-03,2.647482e-03,9.781375e-03
SGPTL,549,4.394123e-03,2.647482e-03,9.798625e-03
SGPTL,550,4.198703e-03,2.647482e-03,9.816000e-03
SGPTL,551,4.060318e-03,2.647482e-03,9.833709e-03
SGPTL,552,3.930042e-03,2.647482e-03,9.851042e-03
SGPTL,553,4.150606e-03,2.647482e-03,9.868417e-03
SGPTL,554,4.517453e-03,2.647482e-03,9.886000e-03
SGPTL,555,4.572595e-03,2.647482e-03,9.903542e-03
SGPTL,556,4.859919e-03,2.647482e-03,9.921250e-03
SGPTL,557,5.176391e-03,2.647482e-03,9.939042e-03
SGPTL,558,4.984003e-03,2.647482e-03,9.955917e-03
SGPTL,559,4.697871e-03,2.647482e-03,9.973875e-03
SGPTL,560,4.309221e-03,2.647482e-03,9.991334e-03
SGPTL,561,4.142019e-03,2.647482e-03,1.000833e-02
SGPTL,562,3.734463e-03,2.647482e-03,1.002625e-02
SGPTL,563,3.757460e-03,2.647482e-03,1.004342e-02
SGPTL,564,3.820264e-03,2.647482e-03,1.006113e-02
SGPTL,565,3.864554e-03,2.647482e-03,1.007883e-02
SGPTL,566,3.848223e-03,2.647482e-03,1.009604e-02
SGPTL,567,3.872757e-03,2.647482e-03,1.011354e-02
SGPTL,568,4.006626e-03,2.647482e-03,1.013104e-02
SGPTL,569,4.275974e-03,2.647482e-03,1.014817e-02
SGPTL,570,4.342235e-03,2.647482e-03,1.016588e-02
SGPTL,571,4.546602e-03,2.647482e-03,1.018313e-02
SGPTL,572,4.446095e-03,2.647482e-03,1.020071e-02
SGPTL,573,4.038404e-03,2.647482e-03,1.021850e-02
SGPTL,574,3.767518e-03,2.647482e-03,1.023658e-02
SGPTL,575,3.847061e-03,2.647482e-03,1.025325e-02
SGPTL,576,3.946145e-03,2.647482e-03,1.027108e-02
SGPTL,577,4.069783e-03,2.647482e-03,1.028896e-02
SGPTL,578,4.034292e-03,2.647482e-03,1.030604e-02
SGPTL,579,3.770208e-03,2.647482e-03,1.032404e-02
SGPTL,580,3.626631e-03,2.647482e-03,1.034188e-02
SGPTL,581,3.465155e-03,2.647482e-03,1.035950e-02
SGPTL,582,3.601451e-03,2.647482e-03,1.037729e-02
SGPTL,583,3.681245e-03,2.647482e-03,1.039425e-02
SGPTL,584,3.985472e-03,2.647482e-03,1.041192e-02
SGPTL,585,4.091879e-03,2.647482e-03,1.042950e-02
SGPTL,586,4.072527e-03,2.647482e-03,1.044663e-02
SGPTL,587,4.226838e-03,2.647482e-03,1.046438e-02
SGPTL,588,4.490282e-03,2.647482e-03,1.048158e-02
SGPTL,589,4.753081e-03,2.647482e-03,1.049917e-02
SGPTL,590,4.431811e-03,2.647482e-03,1.051679e-02
SGPTL,591,4.613945e-03,2.647482e-03,1.053450e-02
SGPTL,592,4.358846e-03,2.647482e-03,1.055250e-02
SGPTL,593,4.464534e-03,2.647482e-03,1.057121e-02
SGPTL,594,4.967954e-03,2.647482e-03,1.059138e-02
SGPTL,595,5.419182e-03,2.647482e-03,1.060933e-02
SGPTL,596,5.227818e-03,2.647482e-03,1.062767e-02
SGPTL,597,5.272153e-03,2.647482e-03,1.064579e-02
SGPTL,598,4.776684e-03,2.647482e-03,1.066271e-02
SGPTL,599,4.435901e-03,2.647482e-03,1.068050e-02
SGPTL,600,4.275322e-03,2.647482e-03,1.069804e-02
SGPTL,601,4.149820e-03,2.647482e-03,1.071508e-02
SGPTL,602,4.003768e-03,2.647482e-03,1.073283e-02
SGPTL,603,3.794108e-03,2.647482e-03,1.075025e-02
SGPTL,604,3.730124e-03,2.647482e-03,1.076779e-02
SGPTL,605,3.934491e-03,2.647482e-03,1.078558e-02
SGPTL,606,4.069874e-03,2.647482e-03,1.080329e-02
SGPTL,607,4.125973e-03,2.647482e-03,1.082113e-02
SGPTL,608,4.319181e-03,2.647482e-03,1.083871e-02
SGPTL,609,4.273928e-03,2.647482e-03,1.085629e-02
SGPTL,610,4.071202e-03,2.647482e-03,1.087404e-02
SGPTL,611,3.898329e-03,2.647482e-03,1.089054e-02
SGPTL,612,4.127752e-03,2.647482e-03,1.090829e-02
SGPTL,613,4.013079e-03,2.647482e-03,1.092617e-02
SGPTL,614,4.116103e-03,2.647482e-03,1.094521e-02
SGPTL,615,4.128322e-03,2.647482e-03,1.096354e-02
SGPTL,616,3.982095e-03,2.647482e-03,1.098158e-02
SGPTL,617,4.068216e-03,2.647482e-03,1.099829e-02
SGPTL,618,4.281214e-03,2.647482e-03,1.101604e-02
SGPTL,619,4.270748e-03,2.647482e-03,1.103400e-02
SGPTL,620,4.111586e-03,2.647482e-03,1.105183e-02
SGPTL,621,4.086582e-03,2.647482e-03,1.106950e-02
SGPTL,622,4.239780e-03,2.647482e-03,1.108708e-02
SGPTL,623,4.422340e-03,2.647482e-03,1.110421e-02
SGPTL,624,4.476957e-03,2.647482e-03,1.112196e-02
SGPTL,625,4.452753e-03,2.647482e-03,1.113963e-02
SGPTL,626,4.809718e-03,2.647482e-03,1.115729e-02
SGPTL,627,4.540555e-03,2.647482e-03,1.117508e-02
SGPTL,628,4.216745e-03,2.647482e-03,1.119296e-02
SGPTL,629,4.091679e-03,2.647482e-03,1.121025e-02
SGPTL,630,4.138907e-03,2.647482e-03,1.123321e-02
SGPTL,631,4.164646e-03,2.647482e-03,1.125104e-02
SGPTL,632,3.991179e-03,2.647482e-03,1.126842e-02
SGPTL,633,3.982819e-03,2.647482e-03,1.128621e-02
SGPTL,634,4.083265e-03,2.647482e-03,1.130408e-02
SGPTL,635,4.299521e-03,2.647482e-03,1.132171e-02
SGPTL,636,4.287915e-03,2.647482e-03,1.133938e-02
SGPTL,637,4.357323e-03,2.647482e-03,1.135713e-02
SGPTL,638,4.242693e-03,2.647482e-03,1.137438e-02
SGPTL,639,4.231649e-03,2.647482e-03,1.139192e-02
SGPTL,640,4.595120e-03,2.647482e-03,1.140942e-02
SGPTL,641,4.537134e-03,2.647482e-03,1.142650e-02
SGPTL,642,4.573669e-03,2.647482e-03,1.144421e-02
SGPTL,643,4.495345e-03,2.647482e-03,1.146150e-02
SGPTL,644,4.474920e-03,2.647482e-03,1.147896e-02
SGPTL,645,4.191984e-03,2.647482e-03,1.149533e-02
SGPTL,646,4.152577e-03,2.647482e-03,1.151171e-02
SGPTL,647,3.850190e-03,2.647482e-03,1.152942e-02
SGPTL,648,3.660584e-03,2.647482e-03,1.154708e-02
SGPTL,649,3.940325e-03,2.647482e-03,1.156429e-02
SGPTL,650,3.942536e-03,2.647482e-03,1.158179e-02
SGPTL,651,3.969618e-03,2.647482e-03,1.159938e-02
SGPTL,652,4.083103e-03,2.647482e-03,1.161671e-02
SGPTL,653,4.648168e-03,2.647482e-03,1.163417e-02
SGPTL,654,5.303449e-03,2.647482e-03,1.165171e-02
SGPTL,655,5.339908e-03,2.647482e-03,1.166904e-02
SGPTL,656,5.052834e-03,2.647482e-03,1.168675e-02
SGPTL,657,4.892971e-03,2.647482e-03,1.170454e-02
SGPTL,658,3.765569e-03,2.647482e-03,1.172229e-02
SGPTL,659,3.817198e-03,2.647482e-03,1.173992e-02
SGPTL,660,3.888898e-03,2.647482e-03,1.175754e-02
SGPTL,661,3.948653e-03,2.647482e-03,1.177471e-02
SGPTL,662,4.029912e-03,2.647482e-03,1.179229e-02
SGPTL,663,4.191332e-03,2.647482e-03,1.180971e-02
SGPTL,664,4.141268e-03,2.647482e-03,1.182663e-02
SGPTL,665,3.849124e-03,2.647482e-03,1.184425e-02
SGPTL,666,4.057901e-03,2.647482e-03,1.186200e-02
SGPTL,667,3.893628e-03,2.647482e-03,1.187908e-02
SGPTL,668,4.044197e-03,2.647482e-03,1.189663e-02
SGPTL,669,3.997536e-03,2.647482e-03,1.191421e-02
SGPTL,670,3.852068e-03,2.647482e-03,1.193129e-02
SGPTL,671,3.983275e-03,2.647482e-03,1.194867e-02
SGPTL,672,3.976278e-03,2.647482e-03,1.196617e-02
SGPTL,673,4.394233e-03,2.647482e-03,1.198375e-02
SGPTL,674,4.867267e-03,2.647482e-03,1.200171e-02
SGPTL,675,4.406530e-03,2.647482e-03,1.201958e-02
SGPTL,676,4.439901e-03,2.647482e-03,1.203658e-02
SGPTL,677,4.428894e-03,2.647482e-03,1.205425e-02
SGPTL,678,4.605532e-03,2.647482e-03,1.207221e-02
SGPTL,679,4.630573e-03,2.647482e-03,1.208937e-02
SGPTL,680,4.358331e-03,2.647482e-03,1.210713e-02
SGPTL,681,4.420791e-03,2.647482e-03,1.212488e-02
SGPTL,682,4.439656e-03,2.647482e-03,1.214200e-02
SGPTL,683,4.346053e-03,2.647482e-03,1.215983e-02
SGPTL,684,4.445827e-03,2.647482e-03,1.217721e-02
SGPTL,685,4.420794e-03,2.647482e-03,1.219488e-02
SGPTL,686,4.063220e-03,2.647482e-03,1.221225e-02
SGPTL,687,3.745211e-03,2.647482e-03,1.222983e-02
SGPTL,688,3.624569e-03,2.647482e-03,1.224696e-02
SGPTL,689,3.420864e-03,2.647482e-03,1.226471e-02
SGPTL,690,3.034735e-03,2.647482e-03,1.228204e-02
SGPTL,691,2.699636e-03,2.647482e-03,1.229958e-02
SGPTL,692,2.447607e-03,2.447607e-03,1.231750e-02
SGPTL,693,2.223179e-03,2.223179e-03,1.233500e-02
SGPTL,694,2.037789e-03,2.037789e-03,1.235258e-02
SGPTL,695,1.878259e-03,1.878259e-03,1.237046e-02
SGPTL,696,1.785142e-03,1.785142e-03,1.238775e-02
SGPTL,697,1.725486e-03,1.725486e-03,1.240542e-02
SGPTL,698,1.749058e-03,1.725486e-03,1.242313e-02
SGPTL,699,1.812351e-03,1.725486e-03,1.244042e-02
SGPTL,700,1.874470e-03,1.725486e-03,1.245792e-02
SGPTL,701,1.957709e-03,1.725486e-03,1.247558e-02
SGPTL,702,2.042354e-03,1.725486e-03,1.249296e-02
SGPTL,703,2.170603e-03,1.725486e-03,1.251050e-02
SGPTL,704,2.387874e-03,1.725486e-03,1.252817e-02
SGPTL,705,2.438737e-03,1.725486e-03,1.254554e-02
SGPTL,706,2.423037e-03,1.725486e-03,1.256313e-02
SGPTL,707,2.280269e-03,1.725486e-03,1.258079e-02
SGPTL,708,2.253196e-03,1.725486e-03,1.259833e-02
SGPTL,709,2.252212e-03,1.725486e-03,1.261583e-02
SGPTL,710,2.060000e-03,1.725486e-03,1.263346e-02
SGPTL,711,1.935360e-03,1.725486e-03,1.265092e-02
SGPTL,712,1.995207e-03,1.725486e-03,1.266808e-02
SGPTL,713,2.043614e-03,1.725486e-03,1.268588e-02
SGPTL,714,2.317408e-03,1.725486e-03,1.270313e-02
SGPTL,715,2.698412e-03,1.725486e-03,1.272058e-02
SGPTL,716,3.033407e-03,1.725486e-03,1.273821e-02
SGPTL,717,3.146524e-03,1.725486e-03,1.275575e-02
SGPTL,718,3.418701e-03,1.725486e-03,1.277292e-02
SGPTL,719,3.879430e-03,1.725486e-03,1.279054e-02
SGPTL,720,3.900413e-03,1.725486e-03,1.280792e-02
SGPTL,721,4.353898e-03,1.725486e-03,1.282550e-02
SGPTL,722,4.723263e-03,1.725486e-03,1.284308e-02
SGPTL,723,4.488275e-03,1.725486e-03,1.286104e-02
SGPTL,724,4.468213e-03,1.725486e-03,1.287904e-02
SGPTL,725,5.176758e-03,1.725486e-03,1.289696e-02
SGPTL,726,5.670511e-03,1.725486e-03,1.291363e-02
SGPTL,727,6.262203e-03,1.725486e-03,1.293154e-02
SGPTL,728,7.168471e-03,1.725486e-03,1.294954e-02
SGPTL,729,7.703693e-03,1.725486e-03,1.296638e-02
SGPTL,730,7.722146e-03,1.725486e-03,1.298408e-02
SGPTL,731,7.319218e-03,1.725486e-03,1.300167e-02
SGPTL,732,6.849738e-03,1.725486e-03,1.301954e-02
SGPTL,733,6.575106e-03,1.725486e-03,1.303763e-02
SGPTL,734,6.768915e-03,1.725486e-03,1.305425e-02
SGPTL,735,6.877382e-03,1.725486e-03,1.307246e-02
SGPTL,736,7.381548e-03,1.725486e-03,1.309067e-02
SGPTL,737,7.753723e-03,1.725486e-03,1.310738e-02
SGPTL,738,8.418319e-03,1.725486e-03,1.312533e-02
SGPTL,739,7.865606e-03,1.725486e-03,1.314325e-02
SGPTL,740,7.517243e-03,1.725486e-03,1.315996e-02
SGPTL,741,7.564603e-03,1.725486e-03,1.317800e-02
SGPTL,742,7.310190e-03,1.725486e-03,1.319804e-02
SGPTL,743,7.032320e-03,1.725486e-03,1.321475e-02
SGPTL,744,7.419284e-03,1.725486e-03,1.323292e-02
SGPTL,745,8.210701e-03,1.725486e-03,1.325104e-02
SGPTL,746,7.874706e-03,1.725486e-03,1.326792e-02
SGPTL,747,7.161678e-03,1.725486e-03,1.328600e-02
SGPTL,748,6.770997e-03,1.725486e-03,1.330400e-02
SGPTL,749,7.440544e-03,1.725486e-03,1.332117e-02
SGPTL,750,8.690205e-03,1.725486e-03,1.333888e-02
SGPTL,751,8.831599e-03,1.725486e-03,1.335713e-02
SGPTL,752,8.211001e-03,1.725486e-03,1.337383e-02
SGPTL,753,8.223515e-03,1.725486e-03,1.339217e-02
SGPTL,754,8.183223e-03,1.725486e-03,1.341004e-02
SGPTL,755,8.385560e-03,1.725486e-03,1.342688e-02
SGPTL,756,8.330633e-03,1.725486e-03,1.344479e-02
SGPTL,757,8.306503e-03,1.725486e-03,1.346242e-02
SGPTL,758,8.127823e-03,1.725486e-03,1.347979e-02
SGPTL,759,8.505344e-03,1.725486e-03,1.349758e-02
SGPTL,760,9.096541e-03,1.725486e-03,1.351550e-02
SGPTL,761,8.687099e-03,1.725486e-03,1.353371e-02
SGPTL,762,8.387953e-03,1.725486e-03,1.355450e-02
SGPTL,763,8.562042e-03,1.725486e-03,1.357296e-02
SGPTL,764,8.292037e-03,1.725486e-03,1.358954e-02
SGPTL,765,8.296100e-03,1.725486e-03,1.360754e-02
SGPTL,766,7.941505e-03,1.725486e-03,1.362600e-02
SGPTL,767,8.153285e-03,1.725486e-03,1.364275e-02
SGPTL,768,7.926358e-03,1.725486e-03,1.366079e-02
SGPTL,769,7.649011e-03,1.725486e-03,1.367888e-02
SGPTL,770,7.821616e-03,1.725486e-03,1.369650e-02
SGPTL,771,7.774671e-03,1.725486e-03,1.371400e-02
SGPTL,772,7.445204e-03,1.725486e-03,1.373208e-02
SGPTL,773,7.573494e-03,1.725486e-03,1.375004e-02
SGPTL,774,8.032518e-03,1.725486e-03,1.376679e-02
SGPTL,775,8.844197e-03,1.725486e-03,1.378492e-02
SGPTL,776,8.828610e-03,1.725486e-03,1.380275e-02
SGPTL,777,8.248429e-03,1.725486e-03,1.381971e-02
SGPTL,778,8.822493e-03,1.725486e-03,1.383767e-02
SGPTL,779,8.858123e-03,1.725486e-03,1.385600e-02
SGPTL,780,8.312620e-03,1.725486e-03,1.387288e-02
SGPTL,781,7.823934e-03,1.725486e-03,1.389100e-02
SGPTL,782,7.325505e-03,1.725486e-03,1.390896e-02
SGPTL,783,6.981031e-03,1.725486e-03,1.392583e-02
SGPTL,784,7.146266e-03,1.725486e-03,1.394400e-02
SGPTL,785,7.577726e-03,1.725486e-03,1.396192e-02
SGPTL,786,7.858073e-03,1.725486e-03,1.397979e-02
SGPTL,787,8.058316e-03,1.725486e-03,1.399754e-02
SGPTL,788,8.493375e-03,1.725486e-03,1.401562e-02
SGPTL,789,7.971846e-03,1.725486e-03,1.403396e-02
SGPTL,790,8.033940e-03,1.725486e-03,1.405263e-02
SGPTL,791,8.129629e-03,1.725486e-03,1.406942e-02
SGPTL,792,8.706057e-03,1.725486e-03,1.408758e-02
SGPTL,793,7.994831e-03,1.725486e-03,1.410608e-02
SGPTL,794,7.537529e-03,1.725486e-03,1.412267e-02
SGPTL,795,8.114894e-03,1.725486e-03,1.414083e-02
SGPTL,796,8.337536e-03,1.725486e-03,1.415900e-02
SGPTL,797,8.095368e-03,1.725486e-03,1.417575e-02
SGPTL,798,8.030648e-03,1.725486e-03,1.419388e-02
SGPTL,799,8.192500e-03,1.725486e-03,1.421204e-02
SGPTL,800,8.373528e-03,1.725486e-03,1.422883e-02
SGPTL,801,8.939071e-03,1.725486e-03,1.424696e-02
SGPTL,802,8.859609e-03,1.725486e-03,1.426521e-02
SGPTL,803,8.364813e-03,1.725486e-03,1.428213e-02
SGPTL,804,7.619851e-03,1.725486e-03,1.430008e-02
SGPTL,805,8.314297e-03,1.725486e-03,1.431825e-02
SGPTL,806,8.203871e-03,1.725486e-03,1.433496e-02
SGPTL,807,7.542166e-03,1.725486e-03,1.435304e-02
SGPTL,808,7.752030e-03,1.725486e-03,1.437125e-02
SGPTL,809,7.809174e-03,1.725486e-03,1.438850e-02
SGPTL,810,7.552464e-03,1.725486e-03,1.440679e-02
SGPTL,811,7.902220e-03,1.725486e-03,1.442479e-02
SGPTL,812,8.452570e-03,1.725486e-03,1.444183e-02
SGPTL,813,8.246932e-03,1.725486e-03,1.445988e-02
SGPTL,814,8.632525e-03,1.725486e-03,1.447833e-02
SGPTL,815,8.103100e-03,1.725486e-03,1.449496e-02
SGPTL,816,8.201936e-03,1.725486e-03,1.451333e-02
SGPTL,817,8.725681e-03,1.725486e-03,1.453163e-02
SGPTL,818,8.145142e-03,1.725486e-03,1.454867e-02
SGPTL,819,7.965559e-03,1.725486e-03,1.456713e-02
SGPTL,820,7.973364e-03,1.725486e-03,1.458567e-02
SGPTL,821,7.956502e-03,1.725486e-03,1.460246e-02
SGPTL,822,8.002131e-03,1.725486e-03,1.462075e-02
SGPTL,823,7.617606e-03,1.725486e-03,1.463779e-02
SGPTL,824,7.383883e-03,1.725486e-03,1.465600e-02
SGPTL,825,7.660986e-03,1.725486e-03,1.467388e-02
SGPTL,826,7.813429e-03,1.725486e-03,1.469238e-02
SGPTL,827,7.977357e-03,1.725486e-03,1.471054e-02
SGPTL,828,8.366997e-03,1.725486e-03,1.472717e-02
SGPTL,829,8.001595e-03,1.725486e-03,1.474567e-02
SGPTL,830,7.708008e-03,1.725486e-03,1.476363e-02
SGPTL,831,8.324137e-03,1.725486e-03,1.478021e-02
SGPTL,832,8.345211e-03,1.725486e-03,1.479833e-02
SGPTL,833,8.226030e-03,1.725486e-03,1.481700e-02
SGPTL,834,7.541915e-03,1.725486e-03,1.483383e-02
SGPTL,835,7.394717e-03,1.725486e-03,1.485200e-02
SGPTL,836,7.441051e-03,1.725486e-03,1.486996e-02
SGPTL,837,7.652497e-03,1.725486e-03,1.488717e-02
SGPTL,838,7.570355e-03,1.725486e-03,1.490508e-02
SGPTL,839,7.538776e-03,1.725486e-03,1.492275e-02
SGPTL,840,7.583899e-03,1.725486e-03,1.493975e-02
SGPTL,841,7.340581e-03,1.725486e-03,1.495779e-02
SGPTL,842,7.251044e-03,1.725486e-03,1.497629e-02
SGPTL,843,8.122416e-03,1.725486e-03,1.499279e-02
SGPTL,844,8.039696e-03,1.725486e-03,1.501067e-02
SGPTL,845,7.675982e-03,1.725486e-03,1.502833e-02
SGPTL,846,7.428468e-03,1.725486e-03,1.504642e-02
SGPTL,847,7.396236e-03,1.725486e-03,1.506438e-02
SGPTL,848,8.272222e-03,1.725486e-03,1.508113e-02
SGPTL,849,8.702345e-03,1.725486e-03,1.509900e-02
SGPTL,850,9.146598e-03,1.725486e-03,1.511713e-02
SGPTL,851,9.144721e-03,1.725486e-03,1.513471e-02
SGPTL,852,8.328910e-03,1.725486e-03,1.515242e-02
SGPTL,853,8.029157e-03,1.725486e-03,1.517063e-02
SGPTL,854,7.673704e-03,1.725486e-03,1.518875e-02
SGPTL,855,7.379685e-03,1.725486e-03,1.520571e-02
SGPTL,856,7.502587e-03,1.725486e-03,1.522392e-02
SGPTL,857,7.644226e-03,1.725486e-03,1.524208e-02
SGPTL,858,7.917912e-03,1.725486e-03,1.525879e-02
SGPTL,859,7.445819e-03,1.725486e-03,1.527692e-02
SGPTL,860,7.506241e-03,1.725486e-03,1.529488e-02
SGPTL,861,7.946096e-03,1.725486e-03,1.531517e-02
SGPTL,862,8.187644e-03,1.725486e-03,1.533583e-02
SGPTL,863,7.837236e-03,1.725486e-03,1.535392e-02
SGPTL,864,7.159729e-03,1.725486e-03,1.537192e-02
SGPTL,865,7.040636e-03,1.725486e-03,1.538975e-02
SGPTL,866,6.567677e-03,1.725486e-03,1.540758e-02
SGPTL,867,5.958874e-03,1.725486e-03,1.542433e-02
SGPTL,868,5.759747e-03,1.725486e-03,1.544233e-02
SGPTL,869,5.807323e-03,1.725486e-03,1.546221e-02
SGPTL,870,5.033392e-03,1.725486e-03,1.548063e-02
SGPTL,871,4.597653e-03,1.725486e-03,1.549813e-02
SGPTL,872,4.424979e-03,1.725486e-03,1.551613e-02
SGPTL,873,4.296942e-03,1.725486e-03,1.553388e-02
SGPTL,874,4.190725e-03,1.725486e-03,1.555079e-02
SGPTL,875,3.789534e-03,1.725486e-03,1.556879e-02
SGPTL,876,3.341761e-03,1.725486e-03,1.558671e-02
SGPTL,877,3.021672e-03,1.725486e-03,1.560358e-02
SGPTL,878,2.776843e-03,1.725486e-03,1.562117e-02
SGPTL,879,2.557112e-03,1.725486e-03,1.563917e-02
SGPTL,880,2.372931e-03,1.725486e-03,1.565671e-02
SGPTL,881,2.239080e-03,1.725486e-03,1.567438e-02
SGPTL,882,2.127042e-03,1.725486e-03,1.569196e-02
SGPTL,883,1.983863e-03,1.725486e-03,1.571000e-02
SGPTL,884,1.842229e-03,1.725486e-03,1.572704e-02
SGPTL,885,1.783472e-03,1.725486e-03,1.574500e-02
SGPTL,886,1.702204e-03,1.702204e-03,1.576325e-02
SGPTL,887,1.609713e-03,1.609713e-03,1.578142e-02
SGPTL,888,1.478451e-03,1.478451e-03,1.579963e-02
SGPTL,889,1.339818e-03,1.339818e-03,1.581683e-02
SGPTL,890,1.265218e-03,1.265218e-03,1.583563e-02
SGPTL,891,1.216065e-03,1.216065e-03,1.585417e-02
SGPTL,892,1.182622e-03,1.182622e-03,1.587079e-02
SGPTL,893,1.146223e-03,1.146223e-03,1.588900e-02
SGPTL,894,1.107276e-03,1.107276e-03,1.590717e-02
SGPTL,895,1.055248e-03,1.055248e-03,1.592400e-02
SGPTL,896,1.009192e-03,1.009192e-03,1.594221e-02
SGPTL,897,9.420837e-04,9.420837e-04,1.596054e-02
SGPTL,898,9.457061e-04,9.420837e-04,1.597917e-02
SGPTL,899,1.029214e-03,9.420837e-04,1.599763e-02
SGPTL,900,1.151696e-03,9.420837e-04,1.601608e-02
SGPTL,901,1.213983e-03,9.420837e-04,1.603288e-02
SGPTL,902,1.346148e-03,9.420837e-04,1.605088e-02
SGPTL,903,1.435021e-03,9.420837e-04,1.606933e-02
SGPTL,904,1.627534e-03,9.420837e-04,1.608621e-02
SGPTL,905,1.808822e-03,9.420837e-04,1.610438e-02
SGPTL,906,1.896164e-03,9.420837e-04,1.612267e-02
SGPTL,907,2.040481e-03,9.420837e-04,1.614013e-02
SGPTL,908,2.307456e-03,9.420837e-04,1.615800e-02
SGPTL,909,2.433210e-03,9.420837e-04,1.617567e-02
SGPTL,910,2.745046e-03,9.420837e-04,1.619346e-02
SGPTL,911,2.944859e-03,9.420837e-04,1.621033e-02
SGPTL,912,3.202469e-03,9.420837e-04,1.622804e-02
SGPTL,913,3.369351e-03,9.420837e-04,1.624563e-02
SGPTL,914,3.886550e-03,9.420837e-04,1.626271e-02
SGPTL,915,4.282261e-03,9.420837e-04,1.628050e-02
SGPTL,916,4.788953e-03,9.420837e-04,1.629779e-02
SGPTL,917,5.423193e-03,9.420837e-04,1.631513e-02
SGPTL,918,5.889830e-03,9.420837e-04,1.633271e-02
SGPTL,919,6.479575e-03,9.420837e-04,1.635021e-02
SGPTL,920,7.510449e-03,9.420837e-04,1.636733e-02
SGPTL,921,8.795070e-03,9.420837e-04,1.638517e-02
SGPTL,922,8.944549e-03,9.420837e-04,1.640238e-02
SGPTL,923,9.533888e-03,9.420837e-04,1.641979e-02
SGPTL,924,9.306472e-03,9.420837e-04,1.643758e-02
SGPTL,925,9.196963e-03,9.420837e-04,1.645492e-02
SGPTL,926,8.125511e-03,9.420837e-04,1.647238e-02
SGPTL,927,7.989618e-03,9.420837e-04,1.649021e-02
SGPTL,928,7.973758e-03,9.420837e-04,1.650763e-02
SGPTL,929,8.125320e-03,9.420837e-04,1.652517e-02
SGPTL,930,8.592079e-03,9.420837e-04,1.654271e-02
SGPTL,931,9.028086e-03,9.420837e-04,1.656004e-02
SGPTL,932,8.723399e-03,9.420837e-04,1.657750e-02
SGPTL,933,8.362992e-03,9.420837e-04,1.659529e-02
SGPTL,934,8.896246e-03,9.420837e-04,1.661246e-02
SGPTL,935,8.964258e-03,9.420837e-04,1.662983e-02
SGPTL,936,9.377778e-03,9.420837e-04,1.664771e-02
SGPTL,937,9.125177e-03,9.420837e-04,1.666542e-02
SGPTL,938,9.234035e-03,9.420837e-04,1.668288e-02
SGPTL,939,9.789145e-03,9.420837e-04,1.670067e-02
SGPTL,940,1.026746e-02,9.420837e-04,1.671842e-02
SGPTL,941,1.107868e-02,9.420837e-04,1.673588e-02
SGPTL,942,1.108214e-02,9.420837e-04,1.675342e-02
SGPTL,943,1.099951e-02,9.420837e-04,1.677079e-02
SGPTL,944,1.001950e-02,9.420837e-04,1.678863e-02
SGPTL,945,9.782538e-03,9.420837e-04,1.680642e-02
SGPTL,946,8.445301e-03,9.420837e-04,1.682338e-02
SGPTL,947,8.219529e-03,9.420837e-04,1.684096e-02
SGPTL,948,9.298575e-03,9.420837e-04,1.685867e-02
SGPTL,949,9.939281e-03,9.420837e-04,1.687588e-02
SGPTL,950,1.056631e-02,9.420837e-04,1.689358e-02
SGPTL,951,1.052745e-02,9.420837e-04,1.691129e-02
SGPTL,952,1.066843e-02,9.420837e-04,1.692858e-02
SGPTL,953,1.007239e-02,9.420837e-04,1.694621e-02
SGPTL,954,9.884553e-03,9.420837e-04,1.696346e-02
SGPTL,955,9.570064e-03,9.420837e-04,1.698113e-02
SGPTL,956,1.008387e-02,9.420837e-04,1.699754e-02
SGPTL,957,9.743409e-03,9.420837e-04,1.701521e-02
SGPTL,958,8.973068e-03,9.420837e-04,1.703283e-02
SGPTL,959,8.960496e-03,9.420837e-04,1.705029e-02
SGPTL,960,8.987923e-03,9.420837e-04,1.706783e-02
SGPTL,961,9.179735e-03,9.420837e-04,1.708563e-02
SGPTL,962,9.512198e-03,9.420837e-04,1.710279e-02
SGPTL,963,9.568508e-03,9.420837e-04,1.712054e-02
SGPTL,964,1.008035e-02,9.420837e-04,1.713846e-02
SGPTL,965,1.084928e-02,9.420837e-04,1.715504e-02
SGPTL,966,1.124345e-02,9.420837e-04,1.717287e-02
SGPTL,967,1.016451e-02,9.420837e-04,1.719046e-02
SGPTL,968,9.753867e-03,9.420837e-04,1.720763e-02
SGPTL,969,1.014237e-02,9.420837e-04,1.722542e-02
SGPTL,970,8.884805e-03,9.420837e-04,1.724271e-02
SGPTL,971,9.189332e-03,9.420837e-04,1.726000e-02
SGPTL,972,9.077167e-03,9.420837e-04,1.727779e-02
SGPTL,973,8.391173e-03,9.420837e-04,1.729933e-02
SGPTL,974,8.697268e-03,9.420837e-04,1.732121e-02
SGPTL,975,8.958424e-03,9.420837e-04,1.733825e-02
SGPTL,976,9.007616e-03,9.420837e-04,1.735613e-02
SGPTL,977,9.778053e-03,9.420837e-04,1.737358e-02
SGPTL,978,1.043783e-02,9.420837e-04,1.739075e-02
SGPTL,979,1.142062e-02,9.420837e-04,1.740850e-02
SGPTL,980,1.147467e-02,9.420837e-04,1.742579e-02
SGPTL,981,1.153123e-02,9.420837e-04,1.744333e-02
SGPTL,982,1.150843e-02,9.420837e-04,1.746129e-02
SGPTL,983,1.037664e-02,9.420837e-04,1.747854e-02
SGPTL,984,1.000201e-02,9.420837e-04,1.749604e-02
SGPTL,985,9.451379e-03,9.420837e-04,1.751392e-02
SGPTL,986,9.262857e-03,9.420837e-04,1.753121e-02
SGPTL,987,9.421687e-03,9.420837e-04,1.754875e-02
SGPTL,988,9.656384e-03,9.420837e-04,1.756654e-02
SGPTL,989,9.767830e-03,9.420837e-04,1.758396e-02
SGPTL,990,9.870283e-03,9.420837e-04,1.760154e-02
SGPTL,991,9.689896e-03,9.420837e-04,1.761921e-02
SGPTL,992,9.741144e-03,9.420837e-04,1.763667e-02
SGPTL,993,8.833239e-03,9.420837e-04,1.765425e-02
SGPTL,994,8.866676e-03,9.420837e-04,1.767200e-02
SGPTL,995,8.945416e-03,9.420837e-04,1.768938e-02
SGPTL,996,9.314144e-03,9.420837e-04,1.770850e-02
SGPTL,997,9.086088e-03,9.420837e-04,1.772692e-02
SGPTL,998,9.208758e-03,9.420837e-04,1.774454e-02
SGPTL,999,9.464661e-03,9.420837e-04,1.776221e-02
SGPTL,1000,9.862382e-03,9.420837e-04,1.777967e-02
SGPTL,1001,1.047965e-02,9.420837e-04,1.779708e-02
SGPTL,1002,1.144654e-02,9.420837e-04,1.781496e-02
SGPTL,1003,1.020309e-02,9.420837e-04,1.783246e-02
SGPTL,1004,9.541125e-03,9.420837e-04,1.785004e-02
SGPTL,1005,9.573819e-03,9.420837e-04,1.786783e-02
SGPTL,1006,9.465645e-03,9.420837e-04,1.788521e-02
SGPTL,1007,9.749089e-03,9.420837e-04,1.790254e-02
SGPTL,1008,9.791546e-03,9.420837e-04,1.792046e-02
SGPTL,1009,9.881927e-03,9.420837e-04,1.793783e-02
SGPTL,1010,9.392995e-03,9.420837e-04,1.795525e-02
SGPTL,1011,1.004231e-02,9.420837e-04,1.797296e-02
SGPTL,1012,9.912153e-03,9.420837e-04,1.799046e-02
SGPTL,1013,9.569688e-03,9.420837e-04,1.800796e-02
SGPTL,1014,9.267615e-03,9.420837e-04,1.802563e-02
SGPTL,1015,9.326694e-03,9.420837e-04,1.804338e-02
SGPTL,1016,8.978709e-03,9.420837e-04,1.806125e-02
SGPTL,1017,9.198593e-03,9.420837e-04,1.807913e-02
SGPTL,1018,9.148572e-03,9.420837e-04,1.809650e-02
SGPTL,1019,9.227702e-03,9.420837e-04,1.811425e-02
SGPTL,1020,1.024156e-02,9.420837e-04,1.813196e-02
SGPTL,1021,1.112774e-02,9.420837e-04,1.814929e-02
SGPTL,1022,1.119074e-02,9.420837e-04,1.816696e-02
SGPTL,1023,1.119785e-02,9.420837e-04,1.818450e-02
SGPTL,1024,1.092187e-02,9.420837e-04,1.820150e-02
SGPTL,1025,1.014131e-02,9.420837e-04,1.821958e-02
SGPTL,1026,1.012781e-02,9.420837e-04,1.823754e-02
SGPTL,1027,9.039793e-03,9.420837e-04,1.825429e-02
SGPTL,1028,8.766740e-03,9.420837e-04,1.827233e-02
SGPTL,1029,8.345409e-03,9.420837e-04,1.829029e-02
SGPTL,1030,8.396323e-03,9.420837e-04,1.830696e-02
SGPTL,1031,8.738044e-03,9.420837e-04,1.832458e-02
SGPTL,1032,9.211894e-03,9.420837e-04,1.834246e-02
SGPTL,1033,9.445596e-03,9.420837e-04,1.835967e-02
SGPTL,1034,1.035656e-02,9.420837e-04,1.837733e-02
SGPTL,1035,9.223546e-03,9.420837e-04,1.839488e-02
SGPTL,1036,8.254391e-03,9.420837e-04,1.841208e-02
SGPTL,1037,7.820585e-03,9.420837e-04,1.842971e-02
SGPTL,1038,7.684310e-03,9.420837e-04,1.844717e-02
SGPTL,1039,7.133102e-03,9.420837e-04,1.846438e-02
SGPTL,1040,7.127890e-03,9.420837e-04,1.848213e-02
SGPTL,1041,7.014273e-03,9.420837e-04,1.849933e-02
SGPTL,1042,6.726168e-03,9.420837e-04,1.851692e-02
SGPTL,1043,6.531849e-03,9.420837e-04,1.853442e-02
SGPTL,1044,6.086803e-03,9.420837e-04,1.855213e-02
SGPTL,1045,5.853154e-03,9.420837e-04,1.856933e-02
SGPTL,1046,5.979766e-03,9.420837e-04,1.858700e-02
SGPTL,1047,6.238687e-03,9.420837e-04,1.860467e-02
SGPTL,1048,5.827191e-03,9.420837e-04,1.862175e-02
SGPTL,1049,5.494808e-03,9.420837e-04,1.863958e-02
SGPTL,1050,5.463428e-03,9.420837e-04,1.865692e-02
SGPTL,1051,5.400037e-03,9.420837e-04,1.867442e-02
SGPTL,1052,5.429334e-03,9.420837e-04,1.869204e-02
SGPTL,1053,4.996650e-03,9.420837e-04,1.870929e-02
SGPTL,1054,4.649511e-03,9.420837e-04,1.872708e-02
SGPTL,1055,4.641587e-03,9.420837e-04,1.874458e-02
SGPTL,1056,4.685901e-03,9.420837e-04,1.876233e-02
SGPTL,1057,4.725497e-03,9.420837e-04,1.877958e-02
SGPTL,1058,4.472120e-03,9.420837e-04,1.879738e-02
SGPTL,1059,4.287995e-03,9.420837e-04,1.881400e-02
SGPTL,1060,4.272233e-03,9.420837e-04,1.883188e-02
SGPTL,1061,4.024220e-03,9.420837e-04,1.884954e-02
SGPTL,1062,3.607571e-03,9.420837e-04,1.886658e-02
SGPTL,1063,3.271594e-03,9.420837e-04,1.888442e-02
SGPTL,1064,3.137080e-03,9.420837e-04,1.890092e-02
SGPTL,1065,3.030692e-03,9.420837e-04,1.891867e-02
SGPTL,1066,3.006506e-03,9.420837e-04,1.893633e-02
SGPTL,1067,2.866873e-03,9.420837e-04,1.895392e-02
SGPTL,1068,2.895119e-03,9.420837e-04,1.897175e-02
SGPTL,1069,2.856342e-03,9.420837e-04,1.898825e-02
SGPTL,1070,2.782127e-03,9.420837e-04,1.900592e-02
SGPTL,1071,2.763432e-03,9.420837e-04,1.902363e-02
SGPTL,1072,2.767804e-03,9.420837e-04,1.904067e-02
SGPTL,1073,2.742631e-03,9.420837e-04,1.905846e-02
SGPTL,1074,2.672668e-03,9.420837e-04,1.907596e-02
SGPTL,1075,2.610164e-03,9.420837e-04,1.909383e-02
SGPTL,1076,2.455479e-03,9.420837e-04,1.911158e-02
SGPTL,1077,2.395046e-03,9.420837e-04,1.912963e-02
SGPTL,1078,2.359450e-03,9.420837e-04,1.914667e-02
SGPTL,1079,2.365051e-03,9.420837e-04,1.916429e-02
SGPTL,1080,2.428382e-03,9.420837e-04,1.918204e-02
SGPTL,1081,2.337535e-03,9.420837e-04,1.919913e-02
SGPTL,1082,2.126315e-03,9.420837e-04,1.921658e-02
SGPTL,1083,1.937255e-03,9.420837e-04,1.923421e-02
SGPTL,1084,1.840195e-03,9.420837e-04,1.925142e-02
SGPTL,1085,1.883796e-03,9.420837e-04,1.926904e-02
SGPTL,1086,1.915792e-03,9.420837e-04,1.928671e-02
SGPTL,1087,1.930321e-03,9.420837e-04,1.930479e-02
SGPTL,1088,1.831576e-03,9.420837e-04,1.932271e-02
SGPTL,1089,1.761550e-03,9.420837e-04,1.933908e-02
SGPTL,1090,1.702131e-03,9.420837e-04,1.935667e-02
SGPTL,1091,1.694887e-03,9.420837e-04,1.937375e-02
SGPTL,1092,1.653972e-03,9.420837e-04,1.939138e-02
SGPTL,1093,1.519866e-03,9.420837e-04,1.940908e-02
SGPTL,1094,1.488415e-03,9.420837e-04,1.942671e-02
SGPTL,1095,1.568134e-03,9.420837e-04,1.944425e-02
SGPTL,1096,1.575462e-03,9.420837e-04,1.946171e-02
SGPTL,1097,1.487061e-03,9.420837e-04,1.947858e-02
SGPTL,1098,1.432901e-03,9.420837e-04,1.949621e-02
SGPTL,1099,1.446505e-03,9.420837e-04,1.951383e-02
SGPTL,1100,1.525955e-03,9.420837e-04,1.953146e-02
SGPTL,1101,1.585394e-03,9.420837e-04,1.954938e-02
SGPTL,1102,1.543716e-03,9.420837e-04,1.956663e-02
SGPTL,1103,1.409772e-03,9.420837e-04,1.958429e-02
SGPTL,1104,1.425161e-03,9.420837e-04,1.960204e-02
SGPTL,1105,1.555478e-03,9.420837e-04,1.961925e-02
SGPTL,1106,1.638113e-03,9.420837e-04,1.963692e-02
SGPTL,1107,1.722948e-03,9.420837e-04,1.965438e-02
SGPTL,1108,1.612126e-03,9.420837e-04,1.967167e-02
SGPTL,1109,1.466648e-03,9.420837e-04,1.968938e-02
SGPTL,1110,1.338758e-03,9.420837e-04,1.970663e-02
SGPTL,1111,1.260295e-03,9.420837e-04,1.972413e-02
SGPTL,1112,1.199413e-03,9.420837e-04,1.974192e-02
SGPTL,1113,1.275554e-03,9.420837e-04,1.975933e-02
SGPTL,1114,1.346342e-03,9.420837e-04,1.977683e-02
SGPTL,1115,1.463002e-03,9.420837e-04,1.979450e-02
SGPTL,1116,1.512105e-03,9.420837e-04,1.981175e-02
SGPTL,1117,1.640733e-03,9.420837e-04,1.982925e-02
SGPTL,1118,1.613211e-03,9.420837e-04,1.984692e-02
SGPTL,1119,1.515126e-03,9.420837e-04,1.986429e-02
SGPTL,1120,1.440721e-03,9.420837e-04,1.988154e-02
SGPTL,1121,1.351002e-03,9.420837e-04,1.989917e-02
SGPTL,1122,1.301830e-03,9.420837e-04,1.991683e-02
SGPTL,1123,1.289972e-03,9.420837e-04,1.993388e-02
SGPTL,1124,1.322689e-03,9.420837e-04,1.995325e-02
SGPTL,1125,1.398981e-03,9.420837e-04,1.997117e-02
SGPTL,1126,1.514745e-03,9.420837e-04,1.998792e-02
SGPTL,1127,1.689763e-03,9.420837e-04,2.000554e-02
SGPTL,1128,1.669701e-03,9.420837e-04,2.002333e-02
SGPTL,1129,1.543610e-03,9.420837e-04,2.004075e-02
SGPTL,1130,1.492526e-03,9.420837e-04,2.005850e-02
SGPTL,1131,1.368730e-03,9.420837e-04,2.007638e-02
SGPTL,1132,1.343629e-03,9.420837e-04,2.009367e-02
SGPTL,1133,1.428220e-03,9.420837e-04,2.011150e-02
SGPTL,1134,1.480351e-03,9.420837e-04,2.012900e-02
SGPTL,1135,1.569894e-03,9.420837e-04,2.014613e-02
SGPTL,1136,1.666702e-03,9.420837e-04,2.016371e-02
SGPTL,1137,1.772799e-03,9.420837e-04,2.018133e-02
SGPTL,1138,1.817256e-03,9.420837e-04,2.019846e-02
SGPTL,1139,1.749097e-03,9.420837e-04,2.021613e-02
SGPTL,1140,1.616456e-03,9.420837e-04,2.023379e-02
SGPTL,1141,1.411980e-03,9.420837e-04,2.025092e-02
SGPTL,1142,1.386900e-03,9.420837e-04,2.026863e-02
SGPTL,1143,1.417390e-03,9.420837e-04,2.028638e-02
SGPTL,1144,1.284032e-03,9.420837e-04,2.030363e-02
SGPTL,1145,1.276375e-03,9.420837e-04,2.032150e-02
SGPTL,1146,1.323733e-03,9.420837e-04,2.033867e-02
SGPTL,1147,1.329517e-03,9.420837e-04,2.035617e-02
SGPTL,1148,1.301674e-03,9.420837e-04,2.037392e-02
SGPTL,1149,1.320834e-03,9.420837e-04,2.039117e-02
SGPTL,1150,1.361125e-03,9.420837e-04,2.040867e-02
SGPTL,1151,1.445667e-03,9.420837e-04,2.042625e-02
SGPTL,1152,1.415269e-03,9.420837e-04,2.044346e-02
SGPTL,1153,1.300081e-03,9.420837e-04,2.046113e-02
SGPTL,1154,1.307233e-03,9.420837e-04,2.047875e-02
SGPTL,1155,1.275662e-03,9.420837e-04,2.049625e-02
SGPTL,1156,1.325264e-03,9.420837e-04,2.051350e-02
SGPTL,1157,1.357689e-03,9.420837e-04,2.053113e-02
SGPTL,1158,1.438783e-03,9.420837e-04,2.054867e-02
SGPTL,1159,1.591876e-03,9.420837e-04,2.056575e-02
SGPTL,1160,1.543007e-03,9.420837e-04,2.058346e-02
SGPTL,1161,1.521815e-03,9.420837e-04,2.060092e-02
SGPTL,1162,1.527242e-03,9.420837e-04,2.061842e-02
SGPTL,1163,1.461278e-03,9.420837e-04,2.063604e-02
SGPTL,1164,1.523068e-03,9.420837e-04,2.065346e-02
SGPTL,1165,1.328133e-03,9.420837e-04,2.067063e-02
SGPTL,1166,1.196549e-03,9.420837e-04,2.068850e-02
SGPTL,1167,1.197751e-03,9.420837e-04,2.070571e-02
SGPTL,1168,1.181211e-03,9.420837e-04,2.072313e-02
SGPTL,1169,1.166038e-03,9.420837e-04,2.074071e-02
SGPTL,1170,1.131848e-03,9.420837e-04,2.075829e-02
SGPTL,1171,1.283628e-03,9.420837e-04,2.077517e-02
SGPTL,1172,1.285392e-03,9.420837e-04,2.079267e-02
SGPTL,1173,1.415055e-03,9.420837e-04,2.081046e-02
SGPTL,1174,1.469200e-03,9.420837e-04,2.082738e-02
SGPTL,1175,1.399137e-03,9.420837e-04,2.084521e-02
SGPTL,1176,1.375939e-03,9.420837e-04,2.086283e-02
SGPTL,1177,1.277937e-03,9.420837e-04,2.087983e-02
SGPTL,1178,1.231321e-03,9.420837e-04,2.089729e-02
SGPTL,1179,1.201118e-03,9.420837e-04,2.091475e-02
SGPTL,1180,1.148666e-03,9.420837e-04,2.093183e-02
SGPTL,1181,1.129538e-03,9.420837e-04,2.094946e-02
SGPTL,1182,1.253824e-03,9.420837e-04,2.096717e-02
SGPTL,1183,1.377025e-03,9.420837e-04,2.098429e-02
SGPTL,1184,1.429886e-03,9.420837e-04,2.100171e-02
SGPTL,1185,1.506044e-03,9.420837e-04,2.102425e-02
SGPTL,1186,1.496730e-03,9.420837e-04,2.104079e-02
SGPTL,1187,1.512340e-03,9.420837e-04,2.105842e-02
SGPTL,1188,1.402502e-03,9.420837e-04,2.107617e-02
SGPTL,1189,1.391176e-03,9.420837e-04,2.109329e-02
SGPTL,1190,1.545280e-03,9.420837e-04,2.111096e-02
SGPTL,1191,1.602948e-03,9.420837e-04,2.112863e-02
SGPTL,1192,1.538018e-03,9.420837e-04,2.114588e-02
SGPTL,1193,1.433156e-03,9.420837e-04,2.116358e-02
SGPTL,1194,1.420875e-03,9.420837e-04,2.118008e-02
SGPTL,1195,1.394603e-03,9.420837e-04,2.119788e-02
SGPTL,1196,1.392981e-03,9.420837e-04,2.121550e-02
SGPTL,1197,1.364940e-03,9.420837e-04,2.123254e-02
SGPTL,1198,1.406483e-03,9.420837e-04,2.125021e-02
SGPTL,1199,1.434708e-03,9.420837e-04,2.126658e-02
SGPTL,1200,1.396120e-03,9.420837e-04,2.128425e-02
SGPTL,1201,1.393627e-03,9.420837e-04,2.130188e-02
SGPTL,1202,1.479967e-03,9.420837e-04,2.131896e-02
SGPTL,1203,1.573615e-03,9.420837e-04,2.133683e-02
SGPTL,1204,1.582365e-03,9.420837e-04,2.135417e-02
SGPTL,1205,1.669633e-03,9.420837e-04,2.137154e-02
SGPTL,1206,1.682508e-03,9.420837e-04,2.138925e-02
SGPTL,1207,1.789167e-03,9.420837e-04,2.140700e-02
SGPTL,1208,1.931364e-03,9.420837e-04,2.142296e-02
SGPTL,1209,1.869848e-03,9.420837e-04,2.144067e-02
SGPTL,1210,1.699606e-03,9.420837e-04,2.145842e-02
SGPTL,1211,1.571611e-03,9.420837e-04,2.147563e-02
SGPTL,1212,1.565761e-03,9.420837e-04,2.149317e-02
SGPTL,1213,1.530177e-03,9.420837e-04,2.151092e-02
SGPTL,1214,1.516258e-03,9.420837e-04,2.152854e-02
SGPTL,1215,1.451259e-03,9.420837e-04,2.154629e-02
SGPTL,1216,1.431488e-03,9.420837e-04,2.156396e-02
SGPTL,1217,1.405360e-03,9.420837e-04,2.158167e-02
SGPTL,1218,1.331202e-03,9.420837e-04,2.159871e-02
SGPTL,1219,1.411790e-03,9.420837e-04,2.161646e-02
SGPTL,1220,1.445940e-03,9.420837e-04,2.163408e-02
SGPTL,1221,1.552447e-03,9.420837e-04,2.165129e-02
SGPTL,1222,1.545842e-03,9.420837e-04,2.166904e-02
SGPTL,1223,1.552065e-03,9.420837e-04,2.168629e-02
SGPTL,1224,1.525081e-03,9.420837e-04,2.170400e-02
SGPTL,1225,1.431585e-03,9.420837e-04,2.172175e-02
SGPTL,1226,1.480487e-03,9.420837e-04,2.173908e-02
SGPTL,1227,1.546524e-03,9.420837e-04,2.175654e-02
SGPTL,1228,1.510492e-03,9.420837e-04,2.177429e-02
SGPTL,1229,1.423019e-03,9.420837e-04,2.179146e-02
SGPTL,1230,1.586912e-03,9.420837e-04,2.180879e-02
SGPTL,1231,1.661864e-03,9.420837e-04,2.182650e-02
SGPTL,1232,1.723812e-03,9.420837e-04,2.184400e-02
SGPTL,1233,1.785129e-03,9.420837e-04,2.186100e-02
SGPTL,1234,1.854660e-03,9.420837e-04,2.187888e-02
SGPTL,1235,1.822256e-03,9.420837e-04,2.189625e-02
SGPTL,1236,1.688222e-03,9.420837e-04,2.191379e-02
SGPTL,1237,1.451440e-03,9.420837e-04,2.193150e-02
SGPTL,1238,1.326082e-03,9.420837e-04,2.194888e-02
SGPTL,1239,1.357953e-03,9.420837e-04,2.196604e-02
SGPTL,1240,1.275676e-03,9.420837e-04,2.198396e-02
SGPTL,1241,1.377360e-03,9.420837e-04,2.200125e-02
SGPTL,1242,1.393748e-03,9.420837e-04,2.201871e-02
SGPTL,1243,1.366567e-03,9.420837e-04,2.203646e-02
SGPTL,1244,1.453092e-03,9.420837e-04,2.205442e-02
SGPTL,1245,1.407172e-03,9.420837e-04,2.207575e-02
SGPTL,1246,1.371891e-03,9.420837e-04,2.209804e-02
SGPTL,1247,1.406736e-03,9.420837e-04,2.211492e-02
SGPTL,1248,1.395488e-03,9.420837e-04,2.213271e-02
SGPTL,1249,1.390797e-03,9.420837e-04,2.215042e-02
SGPTL,1250,1.336664e-03,9.420837e-04,2.216804e-02
SGPTL,1251,1.338499e-03,9.420837e-04,2.218758e-02
SGPTL,1252,1.310625e-03,9.420837e-04,2.220446e-02
SGPTL,1253,1.342591e-03,9.420837e-04,2.222217e-02
SGPTL,1254,1.359158e-03,9.420837e-04,2.223992e-02
SGPTL,1255,1.503254e-03,9.420837e-04,2.225708e-02
SGPTL,1256,1.451979e-03,9.420837e-04,2.227492e-02
SGPTL,1257,1.472585e-03,9.420837e-04,2.229263e-02
SGPTL,1258,1.453150e-03,9.420837e-04,2.230996e-02
SGPTL,1259,1.457545e-03,9.420837e-04,2.232796e-02
SGPTL,1260,1.479725e-03,9.420837e-04,2.234513e-02
SGPTL,1261,1.492239e-03,9.420837e-04,2.236263e-02
SGPTL,1262,1.432023e-03,9.420837e-04,2.238029e-02
SGPTL,1263,1.461291e-03,9.420837e-04,2.239763e-02
SGPTL,1264,1.371932e-03,9.420837e-04,2.241500e-02
SGPTL,1265,1.363205e-03,9.420837e-04,2.243267e-02
SGPTL,1266,1.360451e-03,9.420837e-04,2.245038e-02
SGPTL,1267,1.373801e-03,9.420837e-04,2.246729e-02
SGPTL,1268,1.426442e-03,9.420837e-04,2.248525e-02
SGPTL,1269,1.343940e-03,9.420837e-04,2.250254e-02
SGPTL,1270,1.371116e-03,9.420837e-04,2.251996e-02
SGPTL,1271,1.416533e-03,9.420837e-04,2.253767e-02
SGPTL,1272,1.443250e-03,9.420837e-04,2.255492e-02
SGPTL,1273,1.549939e-03,9.420837e-04,2.257250e-02
SGPTL,1274,1.452713e-03,9.420837e-04,2.259021e-02
SGPTL,1275,1.429549e-03,9.420837e-04,2.260763e-02
SGPTL,1276,1.397486e-03,9.420837e-04,2.262525e-02
SGPTL,1277,1.412017e-03,9.420837e-04,2.264283e-02
SGPTL,1278,1.450436e-03,9.420837e-04,2.266050e-02
SGPTL,1279,1.338852e-03,9.420837e-04,2.267758e-02
SGPTL,1280,1.322465e-03,9.420837e-04,2.269525e-02
SGPTL,1281,1.472791e-03,9.420837e-04,2.271183e-02
SGPTL,1282,1.574182e-03,9.420837e-04,2.272958e-02
SGPTL,1283,1.540615e-03,9.420837e-04,2.274717e-02
SGPTL,1284,1.545357e-03,9.420837e-04,2.276438e-02
SGPTL,1285,1.564974e-03,9.420837e-04,2.278221e-02
SGPTL,1286,1.533120e-03,9.420837e-04,2.279950e-02
SGPTL,1287,1.441594e-03,9.420837e-04,2.281704e-02
SGPTL,1288,1.393275e-03,9.420837e-04,2.283454e-02
SGPTL,1289,1.401982e-03,9.420837e-04,2.285204e-02
SGPTL,1290,1.381273e-03,9.420837e-04,2.286958e-02
SGPTL,1291,1.432046e-03,9.420837e-04,2.288738e-02
SGPTL,1292,1.444104e-03,9.420837e-04,2.290471e-02
SGPTL,1293,1.395375e-03,9.420837e-04,2.292238e-02
SGPTL,1294,1.367572e-03,9.420837e-04,2.294013e-02
SGPTL,1295,1.372215e-03,9.420837e-04,2.295783e-02
SGPTL,1296,1.451709e-03,9.420837e-04,2.297554e-02
SGPTL,1297,1.483962e-03,9.420837e-04,2.299325e-02
SGPTL,1298,1.569931e-03,9.420837e-04,2.301000e-02
SGPTL,1299,1.628810e-03,9.420837e-04,2.302775e-02
SGPTL,1300,1.593358e-03,9.420837e-04,2.304542e-02
SGPTL,1301,1.613767e-03,9.420837e-04,2.306313e-02
SGPTL,1302,1.707594e-03,9.420837e-04,2.308104e-02
SGPTL,1303,1.519837e-03,9.420837e-04,2.309892e-02
SGPTL,1304,1.672736e-03,9.420837e-04,2.311663e-02
SGPTL,1305,1.672173e-03,9.420837e-04,2.313392e-02
SGPTL,1306,1.650695e-03,9.420837e-04,2.315150e-02
SGPTL,1307,1.524634e-03,9.420837e-04,2.316929e-02
SGPTL,1308,1.485631e-03,9.420837e-04,2.318654e-02
SGPTL,1309,1.523372e-03,9.420837e-04,2.320425e-02
SGPTL,1310,1.561169e-03,9.420837e-04,2.322188e-02
SGPTL,1311,1.504037e-03,9.420837e-04,2.323958e-02
SGPTL,1312,1.528305e-03,9.420837e-04,2.325679e-02
SGPTL,1313,1.556094e-03,9.420837e-04,2.327463e-02
SGPTL,1314,1.464749e-03,9.420837e-04,2.329192e-02
SGPTL,1315,1.432545e-03,9.420837e-04,2.330938e-02
SGPTL,1316,1.458756e-03,9.420837e-04,2.332704e-02
SGPTL,1317,1.419102e-03,9.420837e-04,2.334429e-02
SGPTL,1318,1.334671e-03,9.420837e-04,2.336200e-02
SGPTL,1319,1.508708e-03,9.420837e-04,2.337996e-02
SGPTL,1320,1.479059e-03,9.420837e-04,2.339738e-02
SGPTL,1321,1.371452e-03,9.420837e-04,2.341508e-02
SGPTL,1322,1.321801e-03,9.420837e-04,2.343288e-02
SGPTL,1323,1.418323e-03,9.420837e-04,2.345042e-02
SGPTL,1324,1.358909e-03,9.420837e-04,2.346796e-02
SGPTL,1325,1.349920e-03,9.420837e-04,2.348567e-02
SGPTL,1326,1.401376e-03,9.420837e-04,2.350296e-02
SGPTL,1327,1.482455e-03,9.420837e-04,2.352046e-02
SGPTL,1328,1.537597e-03,9.420837e-04,2.353829e-02
SGPTL,1329,1.668241e-03,9.420837e-04,2.355575e-02
SGPTL,1330,1.696181e-03,9.420837e-04,2.357308e-02
SGPTL,1331,1.626738e-03,9.420837e-04,2.359092e-02
SGPTL,1332,1.696932e-03,9.420837e-04,2.360817e-02
SGPTL,1333,1.666771e-03,9.420837e-04,2.362575e-02
SGPTL,1334,1.552824e-03,9.420837e-04,2.364367e-02
SGPTL,1335,1.685288e-03,9.420837e-04,2.366146e-02
SGPTL,1336,1.685643e-03,9.420837e-04,2.367917e-02
SGPTL,1337,1.474389e-03,9.420837e-04,2.369600e-02
SGPTL,1338,1.361376e-03,9.420837e-04,2.371392e-02
SGPTL,1339,1.254452e-03,9.420837e-04,2.373158e-02
SGPTL,1340,1.287612e-03,9.420837e-04,2.374888e-02
SGPTL,1341,1.315187e-03,9.420837e-04,2.376650e-02
SGPTL,1342,1.316461e-03,9.420837e-04,2.378400e-02
SGPTL,1343,1.361746e-03,9.420837e-04,2.380167e-02
SGPTL,1344,1.426857e-03,9.420837e-04,2.381946e-02
SGPTL,1345,1.524466e-03,9.420837e-04,2.383696e-02
SGPTL,1346,1.658986e-03,9.420837e-04,2.385438e-02
SGPTL,1347,1.656938e-03,9.420837e-04,2.387208e-02
SGPTL,1348,1.594323e-03,9.420837e-04,2.388958e-02
SGPTL,1349,1.549556e-03,9.420837e-04,2.390725e-02
SGPTL,1350,1.400029e-03,9.420837e-04,2.392383e-02
SGPTL,1351,1.221209e-03,9.420837e-04,2.394175e-02
SGPTL,1352,1.191723e-03,9.420837e-04,2.395842e-02
SGPTL,1353,1.263404e-03,9.420837e-04,2.397633e-02
SGPTL,1354,1.444487e-03,9.420837e-04,2.399392e-02
SGPTL,1355,1.528036e-03,9.420837e-04,2.401083e-02
SGPTL,1356,1.516316e-03,9.420837e-04,2.402863e-02
SGPTL,1357,1.561444e-03,9.420837e-04,2.404613e-02
SGPTL,1358,1.702103e-03,9.420837e-04,2.406367e-02
SGPTL,1359,1.643108e-03,9.420837e-04,2.408138e-02
SGPTL,1360,1.519341e-03,9.420837e-04,2.409896e-02
SGPTL,1361,1.475371e-03,9.420837e-04,2.411638e-02
SGPTL,1362,1.442511e-03,9.420837e-04,2.413429e-02
SGPTL,1363,1.386275e-03,9.420837e-04,2.415163e-02
SGPTL,1364,1.367468e-03,9.420837e-04,2.416917e-02
SGPTL,1365,1.399537e-03,9.420837e-04,2.418688e-02
SGPTL,1366,1.334938e-03,9.420837e-04,2.420471e-02
SGPTL,1367,1.368948e-03,9.420837e-04,2.422204e-02
SGPTL,1368,1.412061e-03,9.420837e-04,2.423996e-02
SGPTL,1369,1.412889e-03,9.420837e-04,2.425792e-02
SGPTL,1370,1.379646e-03,9.420837e-04,2.427492e-02
SGPTL,1371,1.468956e-03,9.420837e-04,2.429283e-02
SGPTL,1372,1.429460e-03,9.420837e-04,2.431046e-02
SGPTL,1373,1.352076e-03,9.420837e-04,2.432767e-02
SGPTL,1374,1.279807e-03,9.420837e-04,2.434538e-02
SGPTL,1375,1.301572e-03,9.420837e-04,2.436271e-02
SGPTL,1376,1.345235e-03,9.420837e-04,2.438013e-02
SGPTL,1377,1.490675e-03,9.420837e-04,2.439788e-02
SGPTL,1378,1.589926e-03,9.420837e-04,2.441521e-02
SGPTL,1379,1.721898e-03,9.420837e-04,2.443454e-02
SGPTL,1380,1.695965e-03,9.420837e-04,2.445292e-02
SGPTL,1381,1.564650e-03,9.420837e-04,2.447071e-02
SGPTL,1382,1.544033e-03,9.420837e-04,2.448754e-02
SGPTL,1383,1.550652e-03,9.420837e-04,2.450525e-02
SGPTL,1384,1.425118e-03,9.420837e-04,2.452308e-02
SGPTL,1385,1.301170e-03,9.420837e-04,2.454075e-02
SGPTL,1386,1.222178e-03,9.420837e-04,2.455850e-02
SGPTL,1387,1.201884e-03,9.420837e-04,2.457513e-02
SGPTL,1388,1.192194e-03,9.420837e-04,2.459292e-02
SGPTL,1389,1.139015e-03,9.420837e-04,2.461058e-02
SGPTL,1390,1.117804e-03,9.420837e-04,2.462817e-02
SGPTL,1391,1.108465e-03,9.420837e-04,2.464558e-02
SGPTL,1392,1.188331e-03,9.420837e-04,2.466296e-02
SGPTL,1393,1.221308e-03,9.420837e-04,2.468088e-02
SGPTL,1394,1.287043e-03,9.420837e-04,2.469800e-02
SGPTL,1395,1.281329e-03,9.420837e-04,2.471546e-02
SGPTL,1396,1.390456e-03,9.420837e-04,2.473329e-02
SGPTL,1397,1.355031e-03,9.420837e-04,2.475058e-02
SGPTL,1398,1.370660e-03,9.420837e-04,2.476817e-02
SGPTL,1399,1.380582e-03,9.420837e-04,2.478579e-02
SGPTL,1400,1.344089e-03,9.420837e-04,2.480338e-02
SGPTL,1401,1.339266e-03,9.420837e-04,2.482096e-02
SGPTL,1402,1.417389e-03,9.420837e-04,2.483883e-02
SGPTL,1403,1.469821e-03,9.420837e-04,2.485671e-02
SGPTL,1404,1.604218e-03,9.420837e-04,2.487467e-02
SGPTL,1405,1.678800e-03,9.420837e-04,2.489829e-02
SGPTL,1406,1.622901e-03,9.420837e-04,2.492008e-02
SGPTL,1407,1.614610e-03,9.420837e-04,2.493783e-02
SGPTL,1408,1.519188e-03,9.420837e-04,2.495604e-02
SGPTL,1409,1.683078e-03,9.420837e-04,2.497400e-02
SGPTL,1410,1.597368e-03,9.420837e-04,2.499100e-02
SGPTL,1411,1.471374e-03,9.420837e-04,2.500871e-02
SGPTL,1412,1.504442e-03,9.420837e-04,2.502650e-02
SGPTL,1413,1.436452e-03,9.420837e-04,2.504421e-02
SGPTL,1414,1.383873e-03,9.420837e-04,2.506217e-02
SGPTL,1415,1.405697e-03,9.420837e-04,2.507988e-02
SGPTL,1416,1.492323e-03,9.420837e-04,2.509667e-02
SGPTL,1417,1.537659e-03,9.420837e-04,2.511450e-02
SGPTL,1418,1.510883e-03,9.420837e-04,2.513221e-02
SGPTL,1419,1.481703e-03,9.420837e-04,2.515000e-02
SGPTL,1420,1.438411e-03,9.420837e-04,2.516767e-02
SGPTL,1421,1.428578e-03,9.420837e-04,2.518546e-02
SGPTL,1422,1.404653e-03,9.420837e-04,2.520333e-02
SGPTL,1423,1.427554e-03,9.420837e-04,2.522113e-02
SGPTL,1424,1.484575e-03,9.420837e-04,2.523917e-02
SGPTL,1425,1.559139e-03,9.420837e-04,2.525700e-02
SGPTL,1426,1.600959e-03,9.420837e-04,2.527425e-02
SGPTL,1427,1.661953e-03,9.420837e-04,2.529213e-02
SGPTL,1428,1.634558e-03,9.420837e-04,2.530979e-02
SGPTL,1429,1.588929e-03,9.420837e-04,2.532688e-02
SGPTL,1430,1.592844e-03,9.420837e-04,2.534475e-02
SGPTL,1431,1.613129e-03,9.420837e-04,2.536275e-02
SGPTL,1432,1.598834e-03,9.420837e-04,2.537967e-02
SGPTL,1433,1.695725e-03,9.420837e-04,2.539754e-02
SGPTL,1434,1.696418e-03,9.420837e-04,2.541521e-02
SGPTL,1435,1.766436e-03,9.420837e-04,2.543229e-02
SGPTL,1436,1.847617e-03,9.420837e-04,2.545000e-02
SGPTL,1437,1.861987e-03,9.420837e-04,2.546783e-02
SGPTL,1438,1.655020e-03,9.420837e-04,2.548575e-02
SGPTL,1439,1.660253e-03,9.420837e-04,2.550354e-02
SGPTL,1440,1.606488e-03,9.420837e-04,2.552138e-02
SGPTL,1441,1.515362e-03,9.420837e-04,2.553858e-02
SGPTL,1442,1.531432e-03,9.420837e-04,2.555633e-02
SGPTL,1443,1.571967e-03,9.420837e-04,2.557404e-02
SGPTL,1444,1.532354e-03,9.420837e-04,2.559175e-02
SGPTL,1445,1.519346e-03,9.420837e-04,2.560942e-02
SGPTL,1446,1.522124e-03,9.420837e-04,2.562563e-02
SGPTL,1447,1.498730e-03,9.420837e-04,2.564342e-02
SGPTL,1448,1.429279e-03,9.420837e-04,2.566088e-02
SGPTL,1449,1.338232e-03,9.420837e-04,2.567838e-02
SGPTL,1450,1.377529e-03,9.420837e-04,2.569592e-02
SGPTL,1451,1.476613e-03,9.420837e-04,2.571333e-02
SGPTL,1452,1.536615e-03,9.420837e-04,2.573121e-02
SGPTL,1453,1.508537e-03,9.420837e-04,2.574896e-02
SGPTL,1454,1.500593e-03,9.420837e-04,2.576633e-02
SGPTL,1455,1.503696e-03,9.420837e-04,2.578429e-02
SGPTL,1456,1.582807e-03,9.420837e-04,2.580221e-02
SGPTL,1457,1.578332e-03,9.420837e-04,2.581908e-02
SGPTL,1458,1.602409e-03,9.420837e-04,2.583704e-02
SGPTL,1459,1.587132e-03,9.420837e-04,2.585471e-02
SGPTL,1460,1.532057e-03,9.420837e-04,2.587271e-02
SGPTL,1461,1.495249e-03,9.420837e-04,2.589046e-02
SGPTL,1462,1.430600e-03,9.420837e-04,2.590829e-02
SGPTL,1463,1.447072e-03,9.420837e-04,2.592613e-02
SGPTL,1464,1.336940e-03,9.420837e-04,2.594396e-02
SGPTL,1465,1.200279e-03,9.420837e-04,2.596096e-02
SGPTL,1466,1.124213e-03,9.420837e-04,2.598058e-02
SGPTL,1467,1.115580e-03,9.420837e-04,2.599850e-02
SGPTL,1468,1.116156e-03,9.420837e-04,2.601517e-02
SGPTL,1469,1.130390e-03,9.420837e-04,2.603313e-02
SGPTL,1470,1.215008e-03,9.420837e-04,2.605079e-02
SGPTL,1471,1.266872e-03,9.420837e-04,2.606775e-02
SGPTL,1472,1.391308e-03,9.420837e-04,2.608554e-02
SGPTL,1473,1.306325e-03,9.420837e-04,2.610308e-02
SGPTL,1474,1.247763e-03,9.420837e-04,2.612063e-02
SGPTL,1475,1.237609e-03,9.420837e-04,2.613846e-02
SGPTL,1476,1.240349e-03,9.420837e-04,2.615600e-02
SGPTL,1477,1.281702e-03,9.420837e-04,2.617354e-02
SGPTL,1478,1.197041e-03,9.420837e-04,2.619158e-02
SGPTL,1479,1.231669e-03,9.420837e-04,2.620938e-02
SGPTL,1480,1.290740e-03,9.420837e-04,2.622700e-02
SGPTL,1481,1.299691e-03,9.420837e-04,2.624471e-02
SGPTL,1482,1.325401e-03,9.420837e-04,2.626238e-02
SGPTL,1483,1.428195e-03,9.420837e-04,2.628017e-02
SGPTL,1484,1.357508e-03,9.420837e-04,2.629704e-02
SGPTL,1485,1.377784e-03,9.420837e-04,2.631479e-02
SGPTL,1486,1.485893e-03,9.420837e-04,2.633263e-02
SGPTL,1487,1.451593e-03,9.420837e-04,2.634967e-02
SGPTL,1488,1.548771e-03,9.420837e-04,2.636742e-02
SGPTL,1489,1.505561e-03,9.420837e-04,2.638542e-02
SGPTL,1490,1.355190e-03,9.420837e-04,2.640288e-02
SGPTL,1491,1.306326e-03,9.420837e-04,2.642063e-02
SGPTL,1492,1.341295e-03,9.420837e-04,2.643804e-02
SGPTL,1493,1.347992e-03,9.420837e-04,2.645558e-02
SGPTL,1494,1.297419e-03,9.420837e-04,2.647329e-02
SGPTL,1495,1.350821e-03,9.420837e-04,2.648958e-02
SGPTL,1496,1.357367e-03,9.420837e-04,2.650733e-02
SGPTL,1497,1.399228e-03,9.420837e-04,2.652475e-02
SGPTL,1498,1.455838e-03,9.420837e-04,2.654225e-02
SGPTL,1499,1.574619e-03,9.420837e-04,2.656004e-02
SGPTL,1500,1.675250e-03,9.420837e-04,2.657654e-02
SGPTL,1501,1.674856e-03,9.420837e-04,2.659429e-02
SGPTL,1502,1.678830e-03,9.420837e-04,2.661200e-02
SGPTL,1503,1.719298e-03,9.420837e-04,2.662908e-02
SGPTL,1504,1.727169e-03,9.420837e-04,2.664683e-02
SGPTL,1505,1.527784e-03,9.420837e-04,2.666417e-02
SGPTL,1506,1.511988e-03,9.420837e-04,2.668404e-02
SGPTL,1507,1.504226e-03,9.420837e-04,2.670192e-02
SGPTL,1508,1.594356e-03,9.420837e-04,2.671875e-02
SGPTL,1509,1.537175e-03,9.420837e-04,2.673642e-02
SGPTL,1510,1.488270e-03,9.420837e-04,2.675433e-02
SGPTL,1511,1.424477e-03,9.420837e-04,2.677183e-02
SGPTL,1512,1.522404e-03,9.420837e-04,2.678988e-02
SGPTL,1513,1.684941e-03,9.420837e-04,2.680783e-02
SGPTL,1514,1.636258e-03,9.420837e-04,2.682538e-02
SGPTL,1515,1.628030e-03,9.420837e-04,2.684342e-02
SGPTL,1516,1.702008e-03,9.420837e-04,2.686133e-02
SGPTL,1517,1.804703e-03,9.420837e-04,2.687875e-02
SGPTL,1518,1.775231e-03,9.420837e-04,2.689654e-02
SGPTL,1519,1.577320e-03,9.420837e-04,2.691467e-02
SGPTL,1520,1.535316e-03,9.420837e-04,2.693146e-02
SGPTL,1521,1.649589e-03,9.420837e-04,2.694938e-02
SGPTL,1522,1.583883e-03,9.420837e-04,2.696742e-02
SGPTL,1523,1.673497e-03,9.420837e-04,2.698421e-02
SGPTL,1524,1.552794e-03,9.420837e-04,2.700213e-02
SGPTL,1525,1.474928e-03,9.420837e-04,2.702029e-02
SGPTL,1526,1.459492e-03,9.420837e-04,2.703817e-02
SGPTL,1527,1.533671e-03,9.420837e-04,2.705563e-02
SGPTL,1528,1.431743e-03,9.420837e-04,2.707375e-02
SGPTL,1529,1.415733e-03,9.420837e-04,2.709125e-02
SGPTL,1530,1.381351e-03,9.420837e-04,2.710892e-02
SGPTL,1531,1.410883e-03,9.420837e-04,2.712696e-02
SGPTL,1532,1.412796e-03,9.420837e-04,2.714504e-02
SGPTL,1533,1.404147e-03,9.420837e-04,2.716292e-02
SGPTL,1534,1.370478e-03,9.420837e-04,2.718025e-02
SGPTL,1535,1.361857e-03,9.420837e-04,2.719688e-02
SGPTL,1536,1.326683e-03,9.420837e-04,2.721483e-02
SGPTL,1537,1.348298e-03,9.420837e-04,2.723321e-02
SGPTL,1538,1.371920e-03,9.420837e-04,2.725175e-02
SGPTL,1539,1.430952e-03,9.420837e-04,2.726954e-02
SGPTL,1540,1.583528e-03,9.420837e-04,2.728708e-02
SGPTL,1541,1.554687e-03,9.420837e-04,2.730408e-02
SGPTL,1542,1.467875e-03,9.420837e-04,2.732179e-02
SGPTL,1543,1.375569e-03,9.420837e-04,2.733933e-02
SGPTL,1544,1.305461e-03,9.420837e-04,2.735692e-02
SGPTL,1545,1.290684e-03,9.420837e-04,2.737413e-02
SGPTL,1546,1.238563e-03,9.420837e-04,2.739158e-02
SGPTL,1547,1.244515e-03,9.420837e-04,2.740800e-02
SGPTL,1548,1.366791e-03,9.420837e-04,2.742554e-02
SGPTL,1549,1.459056e-03,9.420837e-04,2.744338e-02
SGPTL,1550,1.466620e-03,9.420837e-04,2.746113e-02
SGPTL,1551,1.552791e-03,9.420837e-04,2.747875e-02
SGPTL,1552,1.653667e-03,9.420837e-04,2.749563e-02
SGPTL,1553,1.597323e-03,9.420837e-04,2.751325e-02
SGPTL,1554,1.527435e-03,9.420837e-04,2.753075e-02
SGPTL,1555,1.466687e-03,9.420837e-04,2.754792e-02
SGPTL,1556,1.437421e-03,9.420837e-04,2.756563e-02
SGPTL,1557,1.422233e-03,9.420837e-04,2.758313e-02
SGPTL,1558,1.513586e-03,9.420837e-04,2.760033e-02
SGPTL,1559,1.576952e-03,9.420837e-04,2.761788e-02
SGPTL,1560,1.736029e-03,9.420837e-04,2.763533e-02
SGPTL,1561,1.740006e-03,9.420837e-04,2.765304e-02
SGPTL,1562,1.714947e-03,9.420837e-04,2.767067e-02
SGPTL,1563,1.637398e-03,9.420837e-04,2.768867e-02
SGPTL,1564,1.584035e-03,9.420837e-04,2.770596e-02
SGPTL,1565,1.492229e-03,9.420837e-04,2.772358e-02
SGPTL,1566,1.455191e-03,9.420837e-04,2.774133e-02
SGPTL,1567,1.435281e-03,9.420837e-04,2.775875e-02
SGPTL,1568,1.283940e-03,9.420837e-04,2.777604e-02
SGPTL,1569,1.259503e-03,9.420837e-04,2.779371e-02
SGPTL,1570,1.315029e-03,9.420837e-04,2.781117e-02
SGPTL,1571,1.378784e-03,9.420837e-04,2.782858e-02
SGPTL,1572,1.445903e-03,9.420837e-04,2.784629e-02
SGPTL,1573,1.482428e-03,9.420837e-04,2.786408e-02
SGPTL,1574,1.311165e-03,9.420837e-04,2.788083e-02
SGPTL,1575,1.371804e-03,9.420837e-04,2.789854e-02
SGPTL,1576,1.428425e-03,9.420837e-04,2.791638e-02
SGPTL,1577,1.481051e-03,9.420837e-04,2.793346e-02
SGPTL,1578,1.417146e-03,9.420837e-04,2.795125e-02
SGPTL,1579,1.339584e-03,9.420837e-04,2.796892e-02
SGPTL,1580,1.280211e-03,9.420837e-04,2.798604e-02
SGPTL,1581,1.253059e-03,9.420837e-04,2.800375e-02
SGPTL,1582,1.349618e-03,9.420837e-04,2.802100e-02
SGPTL,1583,1.347165e-03,9.420837e-04,2.803833e-02
SGPTL,1584,1.305319e-03,9.420837e-04,2.805608e-02
SGPTL,1585,1.340210e-03,9.420837e-04,2.807375e-02
SGPTL,1586,1.393654e-03,9.420837e-04,2.809133e-02
SGPTL,1587,1.472710e-03,9.420837e-04,2.810908e-02
SGPTL,1588,1.421911e-03,9.420837e-04,2.812642e-02
SGPTL,1589,1.442002e-03,9.420837e-04,2.814388e-02
SGPTL,1590,1.495549e-03,9.420837e-04,2.816163e-02
SGPTL,1591,1.488287e-03,9.420837e-04,2.817900e-02
SGPTL,1592,1.499917e-03,9.420837e-04,2.819633e-02
SGPTL,1593,1.535777e-03,9.420837e-04,2.821388e-02
SGPTL,1594,1.564573e-03,9.420837e-04,2.823150e-02
SGPTL,1595,1.630384e-03,9.420837e-04,2.824838e-02
SGPTL,1596,1.662743e-03,9.420837e-04,2.826596e-02
SGPTL,1597,1.599166e-03,9.420837e-04,2.828358e-02
SGPTL,1598,1.501939e-03,9.420837e-04,2.830075e-02
SGPTL,1599,1.526452e-03,9.420837e-04,2.831846e-02
SGPTL,1600,1.526566e-03,9.420837e-04,2.833596e-02
SGPTL,1601,1.559592e-03,9.420837e-04,2.835350e-02
SGPTL,1602,1.507192e-03,9.420837e-04,2.837121e-02
SGPTL,1603,1.418625e-03,9.420837e-04,2.838863e-02
SGPTL,1604,1.306153e-03,9.420837e-04,2.840600e-02
SGPTL,1605,1.188612e-03,9.420837e-04,2.842375e-02
SGPTL,1606,1.260803e-03,9.420837e-04,2.844121e-02
SGPTL,1607,1.338440e-03,9.420837e-04,2.845867e-02
SGPTL,1608,1.251746e-03,9.420837e-04,2.847633e-02
SGPTL,1609,1.334503e-03,9.420837e-04,2.849358e-02
SGPTL,1610,1.384421e-03,9.420837e-04,2.851150e-02
SGPTL,1611,1.378831e-03,9.420837e-04,2.852942e-02
SGPTL,1612,1.346554e-03,9.420837e-04,2.854717e-02
SGPTL,1613,1.240833e-03,9.420837e-04,2.856483e-02
SGPTL,1614,1.256378e-03,9.420837e-04,2.858271e-02
SGPTL,1615,1.286190e-03,9.420837e-04,2.860058e-02
SGPTL,1616,1.286635e-03,9.420837e-04,2.861746e-02
SGPTL,1617,1.309711e-03,9.420837e-04,2.863521e-02
SGPTL,1618,1.444493e-03,9.420837e-04,2.865292e-02
SGPTL,1619,1.534651e-03,9.420837e-04,2.867017e-02
SGPTL,1620,1.399680e-03,9.420837e-04,2.868788e-02
SGPTL,1621,1.431383e-03,9.420837e-04,2.870563e-02
SGPTL,1622,1.636713e-03,9.420837e-04,2.872288e-02
SGPTL,1623,1.630653e-03,9.420837e-04,2.874079e-02
SGPTL,1624,1.446387e-03,9.420837e-04,2.875808e-02
SGPTL,1625,1.374939e-03,9.420837e-04,2.877558e-02
SGPTL,1626,1.300585e-03,9.420837e-04,2.879329e-02
SGPTL,1627,1.290514e-03,9.420837e-04,2.881054e-02
SGPTL,1628,1.348556e-03,9.420837e-04,2.882813e-02
SGPTL,1629,1.533302e-03,9.420837e-04,2.884604e-02
SGPTL,1630,1.787903e-03,9.420837e-04,2.886350e-02
SGPTL,1631,1.808081e-03,9.420837e-04,2.888088e-02
SGPTL,1632,1.942116e-03,9.420837e-04,2.889875e-02
SGPTL,1633,1.899130e-03,9.420837e-04,2.891600e-02
SGPTL,1634,1.863917e-03,9.420837e-04,2.893533e-02
SGPTL,1635,1.666200e-03,9.420837e-04,2.895338e-02
SGPTL,1636,1.485019e-03,9.420837e-04,2.897021e-02
SGPTL,1637,1.395364e-03,9.420837e-04,2.898804e-02
SGPTL,1638,1.441857e-03,9.420837e-04,2.900579e-02
SGPTL,1639,1.481034e-03,9.420837e-04,2.902271e-02
SGPTL,1640,1.620700e-03,9.420837e-04,2.904058e-02
SGPTL,1641,1.803041e-03,9.420837e-04,2.905792e-02
SGPTL,1642,1.726375e-03,9.420837e-04,2.907542e-02
SGPTL,1643,1.752576e-03,9.420837e-04,2.909288e-02
SGPTL,1644,1.633270e-03,9.420837e-04,2.911038e-02
SGPTL,1645,1.627627e-03,9.420837e-04,2.912725e-02
SGPTL,1646,1.578057e-03,9.420837e-04,2.914488e-02
SGPTL,1647,1.581679e-03,9.420837e-04,2.916233e-02
SGPTL,1648,1.437573e-03,9.420837e-04,2.917942e-02
SGPTL,1649,1.415386e-03,9.420837e-04,2.919729e-02
SGPTL,1650,1.410829e-03,9.420837e-04,2.921513e-02
SGPTL,1651,1.398431e-03,9.420837e-04,2.923283e-02
SGPTL,1652,1.427971e-03,9.420837e-04,2.925042e-02
SGPTL,1653,1.504891e-03,9.420837e-04,2.926838e-02
SGPTL,1654,1.549752e-03,9.420837e-04,2.928592e-02
SGPTL,1655,1.584318e-03,9.420837e-04,2.930300e-02
SGPTL,1656,1.555747e-03,9.420837e-04,2.932075e-02
SGPTL,1657,1.469811e-03,9.420837e-04,2.933813e-02
SGPTL,1658,1.412102e-03,9.420837e-04,2.935554e-02
SGPTL,1659,1.341775e-03,9.420837e-04,2.937312e-02
SGPTL,1660,1.387874e-03,9.420837e-04,2.939058e-02
SGPTL,1661,1.392297e-03,9.420837e-04,2.940750e-02
SGPTL,1662,1.446580e-03,9.420837e-04,2.942517e-02
SGPTL,1663,1.439245e-03,9.420837e-04,2.944321e-02
SGPTL,1664,1.507274e-03,9.420837e-04,2.945979e-02
SGPTL,1665,1.633558e-03,9.420837e-04,2.947738e-02
SGPTL,1666,1.646720e-03,9.420837e-04,2.949504e-02
SGPTL,1667,1.480601e-03,9.420837e-04,2.951229e-02
SGPTL,1668,1.342249e-03,9.420837e-04,2.953263e-02
SGPTL,1669,1.299983e-03,9.420837e-04,2.955058e-02
SGPTL,1670,1.239581e-03,9.420837e-04,2.956721e-02
SGPTL,1671,1.213292e-03,9.420837e-04,2.958488e-02
SGPTL,1672,1.285694e-03,9.420837e-04,2.960258e-02
SGPTL,1673,1.338194e-03,9.420837e-04,2.961988e-02
SGPTL,1674,1.272739e-03,9.420837e-04,2.963750e-02
SGPTL,1675,1.335491e-03,9.420837e-04,2.965533e-02
SGPTL,1676,1.313413e-03,9.420837e-04,2.967200e-02
SGPTL,1677,1.369518e-03,9.420837e-04,2.968992e-02
SGPTL,1678,1.396996e-03,9.420837e-04,2.970746e-02
SGPTL,1679,1.384703e-03,9.420837e-04,2.972458e-02
SGPTL,1680,1.254098e-03,9.420837e-04,2.974213e-02
SGPTL,1681,1.166610e-03,9.420837e-04,2.975983e-02
SGPTL,1682,1.092907e-03,9.420837e-04,2.977717e-02
SGPTL,1683,1.061395e-03,9.420837e-04,2.979525e-02
SGPTL,1684,9.840728e-04,9.420837e-04,2.981296e-02
SGPTL,1685,9.312520e-04,9.312520e-04,2.983096e-02
SGPTL,1686,9.307676e-04,9.307676e-04,2.984846e-02
SGPTL,1687,1.018411e-03,9.307676e-04,2.986596e-02
SGPTL,1688,1.119244e-03,9.307676e-04,2.988371e-02
SGPTL,1689,1.161442e-03,9.307676e-04,2.990108e-02
SGPTL,1690,1.149280e-03,9.307676e-04,2.991883e-02
SGPTL,1691,1.095480e-03,9.307676e-04,2.993638e-02
SGPTL,1692,1.232823e-03,9.307676e-04,2.995404e-02
SGPTL,1693,1.374087e-03,9.307676e-04,2.997171e-02
SGPTL,1694,1.454581e-03,9.307676e-04,2.998942e-02
SGPTL,1695,1.483263e-03,9.307676e-04,3.000663e-02
SGPTL,1696,1.342893e-03,9.307676e-04,3.002442e-02
SGPTL,1697,1.377316e-03,9.307676e-04,3.004175e-02
SGPTL,1698,1.329063e-03,9.307676e-04,3.005933e-02
SGPTL,1699,1.331871e-03,9.307676e-04,3.007725e-02
SGPTL,1700,1.377204e-03,9.307676e-04,3.009425e-02
SGPTL,1701,1.498917e-03,9.307676e-04,3.011208e-02
SGPTL,1702,1.502615e-03,9.307676e-04,3.012908e-02
SGPTL,1703,1.494308e-03,9.307676e-04,3.014658e-02
SGPTL,1704,1.435765e-03,9.307676e-04,3.016404e-02
SGPTL,1705,1.306987e-03,9.307676e-04,3.018117e-02
SGPTL,1706,1.358010e-03,9.307676e-04,3.019879e-02
SGPTL,1707,1.251019e-03,9.307676e-04,3.021625e-02
SGPTL,1708,1.351072e-03,9.307676e-04,3.023342e-02
SGPTL,1709,1.418531e-03,9.307676e-04,3.025125e-02
SGPTL,1710,1.441795e-03,9.307676e-04,3.026854e-02
SGPTL,1711,1.585158e-03,9.307676e-04,3.028608e-02
SGPTL,1712,1.587521e-03,9.307676e-04,3.030363e-02
SGPTL,1713,1.618997e-03,9.307676e-04,3.032117e-02
SGPTL,1714,1.657614e-03,9.307676e-04,3.033825e-02
SGPTL,1715,1.569689e-03,9.307676e-04,3.035588e-02
SGPTL,1716,1.516146e-03,9.307676e-04,3.037325e-02
SGPTL,1717,1.481869e-03,9.307676e-04,3.039038e-02
SGPTL,1718,1.447261e-03,9.307676e-04,3.040792e-02
SGPTL,1719,1.505750e-03,9.307676e-04,3.042529e-02
SGPTL,1720,1.674781e-03,9.307676e-04,3.044271e-02
SGPTL,1721,1.783547e-03,9.307676e-04,3.046033e-02
SGPTL,1722,1.656019e-03,9.307676e-04,3.047796e-02
SGPTL,1723,1.671733e-03,9.307676e-04,3.049513e-02
SGPTL,1724,1.715678e-03,9.307676e-04,3.051279e-02
SGPTL,1725,1.719979e-03,9.307676e-04,3.052917e-02
SGPTL,1726,1.606277e-03,9.307676e-04,3.054675e-02
SGPTL,1727,1.490686e-03,9.307676e-04,3.056433e-02
SGPTL,1728,1.454956e-03,9.307676e-04,3.058133e-02
SGPTL,1729,1.416301e-03,9.307676e-04,3.059892e-02
SGPTL,1730,1.445495e-03,9.307676e-04,3.061646e-02
SGPTL,1731,1.569637e-03,9.307676e-04,3.063333e-02
SGPTL,1732,1.731023e-03,9.307676e-04,3.065113e-02
SGPTL,1733,1.765799e-03,9.307676e-04,3.066871e-02
SGPTL,1734,1.810333e-03,9.307676e-04,3.068588e-02
SGPTL,1735,1.774380e-03,9.307676e-04,3.070346e-02
SGPTL,1736,1.655871e-03,9.307676e-04,3.072092e-02
SGPTL,1737,1.556552e-03,9.307676e-04,3.073804e-02
SGPTL,1738,1.428157e-03,9.307676e-04,3.075588e-02
SGPTL,1739,1.295745e-03,9.307676e-04,3.077329e-02
SGPTL,1740,1.177782e-03,9.307676e-04,3.079067e-02
SGPTL,1741,1.094887e-03,9.307676e-04,3.080854e-02
SGPTL,1742,1.010644e-03,9.307676e-04,3.082617e-02
SGPTL,1743,9.381335e-04,9.307676e-04,3.084283e-02
SGPTL,1744,8.798105e-04,8.798105e-04,3.086092e-02
SGPTL,1745,8.291572e-04,8.291572e-04,3.087858e-02
SGPTL,1746,7.695326e-04,7.695326e-04,3.089571e-02
SGPTL,1747,7.241607e-04,7.241607e-04,3.091358e-02
SGPTL,1748,6.737673e-04,6.737673e-04,3.093083e-02
SGPTL,1749,6.378976e-04,6.378976e-04,3.094808e-02
SGPTL,1750,5.809637e-04,5.809637e-04,3.096608e-02
SGPTL,1751,5.192652e-04,5.192652e-04,3.098342e-02
SGPTL,1752,5.024139e-04,5.024139e-04,3.100137e-02
SGPTL,1753,4.874255e-04,4.874255e-04,3.101933e-02
SGPTL,1754,4.611203e-04,4.611203e-04,3.103658e-02
SGPTL,1755,4.456991e-04,4.456991e-04,3.105438e-02
SGPTL,1756,4.393449e-04,4.393449e-04,3.107171e-02
SGPTL,1757,4.317710e-04,4.317710e-04,3.108942e-02
SGPTL,1758,4.320725e-04,4.317710e-04,3.110717e-02
SGPTL,1759,4.389457e-04,4.317710e-04,3.112442e-02
SGPTL,1760,4.252812e-04,4.252812e-04,3.114200e-02
SGPTL,1761,3.990042e-04,3.990042e-04,3.116179e-02
SGPTL,1762,3.983973e-04,3.983973e-04,3.117992e-02
SGPTL,1763,4.239653e-04,3.983973e-04,3.119654e-02
SGPTL,1764,4.392233e-04,3.983973e-04,3.121408e-02
SGPTL,1765,4.864012e-04,3.983973e-04,3.123188e-02
SGPTL,1766,5.112469e-04,3.983973e-04,3.124900e-02
SGPTL,1767,5.203190e-04,3.983973e-04,3.126663e-02
SGPTL,1768,5.349267e-04,3.983973e-04,3.128442e-02
SGPTL,1769,5.336651e-04,3.983973e-04,3.130146e-02
SGPTL,1770,5.281956e-04,3.983973e-04,3.131917e-02
SGPTL,1771,5.474230e-04,3.983973e-04,3.133658e-02
SGPTL,1772,5.688573e-04,3.983973e-04,3.135404e-02
SGPTL,1773,6.535297e-04,3.983973e-04,3.137167e-02
SGPTL,1774,7.884640e-04,3.983973e-04,3.138908e-02
SGPTL,1775,8.355013e-04,3.983973e-04,3.140608e-02
SGPTL,1776,8.890772e-04,3.983973e-04,3.142383e-02
SGPTL,1777,1.141110e-03,3.983973e-04,3.144158e-02
SGPTL,1778,1.306811e-03,3.983973e-04,3.145904e-02
SGPTL,1779,1.395046e-03,3.983973e-04,3.147679e-02
SGPTL,1780,1.529369e-03,3.983973e-04,3.149446e-02
SGPTL,1781,1.632294e-03,3.983973e-04,3.151217e-02
SGPTL,1782,1.850060e-03,3.983973e-04,3.152963e-02
SGPTL,1783,1.996138e-03,3.983973e-04,3.154708e-02
SGPTL,1784,2.095156e-03,3.983973e-04,3.156404e-02
SGPTL,1785,2.273860e-03,3.983973e-04,3.158179e-02
SGPTL,1786,2.199287e-03,3.983973e-04,3.159921e-02
SGPTL,1787,2.123221e-03,3.983973e-04,3.161625e-02
SGPTL,1788,2.072447e-03,3.983973e-04,3.163404e-02
SGPTL,1789,2.080424e-03,3.983973e-04,3.166025e-02
SGPTL,1790,2.002587e-03,3.983973e-04,3.168567e-02
SGPTL,1791,2.146803e-03,3.983973e-04,3.170354e-02
SGPTL,1792,2.217468e-03,3.983973e-04,3.172088e-02
SGPTL,1793,2.380315e-03,3.983973e-04,3.173867e-02
SGPTL,1794,2.297536e-03,3.983973e-04,3.175633e-02
SGPTL,1795,2.196093e-03,3.983973e-04,3.177396e-02
SGPTL,1796,2.253738e-03,3.983973e-04,3.179129e-02
SGPTL,1797,2.180148e-03,3.983973e-04,3.180888e-02
SGPTL,1798,2.122525e-03,3.983973e-04,3.182671e-02
SGPTL,1799,2.082044e-03,3.983973e-04,3.184454e-02
SGPTL,1800,2.070437e-03,3.983973e-04,3.186175e-02
SGPTL,1801,2.289794e-03,3.983973e-04,3.187963e-02
SGPTL,1802,2.446155e-03,3.983973e-04,3.189704e-02
SGPTL,1803,2.480481e-03,3.983973e-04,3.191467e-02
SGPTL,1804,2.319991e-03,3.983973e-04,3.193263e-02
SGPTL,1805,2.276932e-03,3.983973e-04,3.194988e-02
SGPTL,1806,2.372830e-03,3.983973e-04,3.196763e-02
SGPTL,1807,2.329050e-03,3.983973e-04,3.198504e-02
SGPTL,1808,2.260074e-03,3.983973e-04,3.200229e-02
SGPTL,1809,2.341644e-03,3.983973e-04,3.201975e-02
SGPTL,1810,2.488876e-03,3.983973e-04,3.203717e-02
SGPTL,1811,2.869587e-03,3.983973e-04,3.205417e-02
SGPTL,1812,2.937779e-03,3.983973e-04,3.207175e-02
SGPTL,1813,2.923705e-03,3.983973e-04,3.208942e-02
SGPTL,1814,2.608994e-03,3.983973e-04,3.210633e-02
SGPTL,1815,2.564693e-03,3.983973e-04,3.212400e-02
SGPTL,1816,2.575032e-03,3.983973e-04,3.214146e-02
SGPTL,1817,2.645433e-03,3.983973e-04,3.215846e-02
SGPTL,1818,2.621263e-03,3.983973e-04,3.217654e-02
SGPTL,1819,2.689383e-03,3.983973e-04,3.219371e-02
SGPTL,1820,2.778403e-03,3.983973e-04,3.221117e-02
SGPTL,1821,2.585008e-03,3.983973e-04,3.222871e-02
SGPTL,1822,2.668254e-03,3.983973e-04,3.224633e-02
SGPTL,1823,2.871854e-03,3.983973e-04,3.226333e-02
SGPTL,1824,2.801363e-03,3.983973e-04,3.228104e-02
SGPTL,1825,2.893503e-03,3.983973e-04,3.229867e-02
SGPTL,1826,2.977183e-03,3.983973e-04,3.231558e-02
SGPTL,1827,3.143173e-03,3.983973e-04,3.233321e-02
SGPTL,1828,3.404536e-03,3.983973e-04,3.235063e-02
SGPTL,1829,3.309942e-03,3.983973e-04,3.236763e-02
SGPTL,1830,3.048064e-03,3.983973e-04,3.238542e-02
SGPTL,1831,3.064551e-03,3.983973e-04,3.240279e-02
SGPTL,1832,3.196440e-03,3.983973e-04,3.242017e-02
SGPTL,1833,2.953716e-03,3.983973e-04,3.243796e-02
SGPTL,1834,2.765884e-03,3.983973e-04,3.245521e-02
SGPTL,1835,2.654186e-03,3.983973e-04,3.247275e-02
SGPTL,1836,2.737993e-03,3.983973e-04,3.249033e-02
SGPTL,1837,3.115895e-03,3.983973e-04,3.250804e-02
SGPTL,1838,3.193648e-03,3.983973e-04,3.252513e-02
SGPTL,1839,3.354621e-03,3.983973e-04,3.254296e-02
SGPTL,1840,3.277466e-03,3.983973e-04,3.256046e-02
SGPTL,1841,3.236108e-03,3.983973e-04,3.257796e-02
SGPTL,1842,2.774295e-03,3.983973e-04,3.259579e-02
SGPTL,1843,2.757392e-03,3.983973e-04,3.261296e-02
SGPTL,1844,2.602436e-03,3.983973e-04,3.263054e-02
SGPTL,1845,2.468838e-03,3.983973e-04,3.264825e-02
SGPTL,1846,2.668935e-03,3.983973e-04,3.266542e-02
SGPTL,1847,2.520918e-03,3.983973e-04,3.268292e-02
SGPTL,1848,2.588092e-03,3.983973e-04,3.270058e-02
SGPTL,1849,2.754213e-03,3.983973e-04,3.271796e-02
SGPTL,1850,3.079894e-03,3.983973e-04,3.273554e-02
SGPTL,1851,3.382577e-03,3.983973e-04,3.275283e-02
SGPTL,1852,3.334120e-03,3.983973e-04,3.277058e-02
SGPTL,1853,3.161966e-03,3.983973e-04,3.278738e-02
SGPTL,1854,2.859364e-03,3.983973e-04,3.280504e-02
SGPTL,1855,2.893652e-03,3.983973e-04,3.282267e-02
SGPTL,1856,2.770359e-03,3.983973e-04,3.283988e-02
SGPTL,1857,2.767712e-03,3.983973e-04,3.285767e-02
SGPTL,1858,2.737339e-03,3.983973e-04,3.287483e-02
SGPTL,1859,2.780243e-03,3.983973e-04,3.289217e-02
SGPTL,1860,2.841359e-03,3.983973e-04,3.290971e-02
SGPTL,1861,2.791996e-03,3.983973e-04,3.292721e-02
SGPTL,1862,2.832433e-03,3.983973e-04,3.294429e-02
SGPTL,1863,2.919258e-03,3.983973e-04,3.296188e-02
SGPTL,1864,2.888085e-03,3.983973e-04,3.297917e-02
SGPTL,1865,2.850715e-03,3.983973e-04,3.299662e-02
SGPTL,1866,2.767955e-03,3.983973e-04,3.301421e-02
SGPTL,1867,2.472584e-03,3.983973e-04,3.303188e-02
SGPTL,1868,2.345530e-03,3.983973e-04,3.304896e-02
SGPTL,1869,2.310353e-03,3.983973e-04,3.306683e-02
SGPTL,1870,2.329924e-03,3.983973e-04,3.308408e-02
SGPTL,1871,2.345624e-03,3.983973e-04,3.310163e-02
SGPTL,1872,2.274384e-03,3.983973e-04,3.311925e-02
SGPTL,1873,2.253485e-03,3.983973e-04,3.313658e-02
SGPTL,1874,2.390144e-03,3.983973e-04,3.315417e-02
SGPTL,1875,2.641593e-03,3.983973e-04,3.317150e-02
SGPTL,1876,2.782730e-03,3.983973e-04,3.318871e-02
SGPTL,1877,2.757731e-03,3.983973e-04,3.320654e-02
SGPTL,1878,2.822606e-03,3.983973e-04,3.322379e-02
SGPTL,1879,2.833590e-03,3.983973e-04,3.324117e-02
SGPTL,1880,3.002422e-03,3.983973e-04,3.325883e-02
SGPTL,1881,2.830758e-03,3.983973e-04,3.327625e-02
SGPTL,1882,2.901799e-03,3.983973e-04,3.329379e-02
SGPTL,1883,3.031832e-03,3.983973e-04,3.331158e-02
SGPTL,1884,3.102662e-03,3.983973e-04,3.332888e-02
SGPTL,1885,3.167904e-03,3.983973e-04,3.334638e-02
SGPTL,1886,2.865940e-03,3.983973e-04,3.336408e-02
SGPTL,1887,2.688441e-03,3.983973e-04,3.338129e-02
SGPTL,1888,2.686756e-03,3.983973e-04,3.340058e-02
SGPTL,1889,2.643746e-03,3.983973e-04,3.341871e-02
SGPTL,1890,2.613275e-03,3.983973e-04,3.343650e-02
SGPTL,1891,2.617645e-03,3.983973e-04,3.345333e-02
SGPTL,1892,2.639902e-03,3.983973e-04,3.347108e-02
SGPTL,1893,2.676975e-03,3.983973e-04,3.348871e-02
SGPTL,1894,2.760873e-03,3.983973e-04,3.350583e-02
SGPTL,1895,2.804133e-03,3.983973e-04,3.352329e-02
SGPTL,1896,2.950187e-03,3.983973e-04,3.354083e-02
SGPTL,1897,2.964581e-03,3.983973e-04,3.355804e-02
SGPTL,1898,2.690841e-03,3.983973e-04,3.357613e-02
SGPTL,1899,2.729432e-03,3.983973e-04,3.359333e-02
SGPTL,1900,2.806413e-03,3.983973e-04,3.361088e-02
SGPTL,1901,3.083264e-03,3.983973e-04,3.362854e-02
SGPTL,1902,3.152037e-03,3.983973e-04,3.364579e-02
SGPTL,1903,3.214700e-03,3.983973e-04,3.366333e-02
SGPTL,1904,3.190276e-03,3.983973e-04,3.368113e-02
SGPTL,1905,3.300902e-03,3.983973e-04,3.369846e-02
SGPTL,1906,3.222715e-03,3.983973e-04,3.371592e-02
SGPTL,1907,3.255259e-03,3.983973e-04,3.373371e-02
SGPTL,1908,3.307379e-03,3.983973e-04,3.375104e-02
SGPTL,1909,2.922280e-03,3.983973e-04,3.376888e-02
SGPTL,1910,2.649385e-03,3.983973e-04,3.378613e-02
SGPTL,1911,2.679948e-03,3.983973e-04,3.380363e-02
SGPTL,1912,2.771461e-03,3.983973e-04,3.382138e-02
SGPTL,1913,2.782116e-03,3.983973e-04,3.383858e-02
SGPTL,1914,2.880773e-03,3.983973e-04,3.385617e-02
SGPTL,1915,3.039157e-03,3.983973e-04,3.387396e-02
SGPTL,1916,3.037026e-03,3.983973e-04,3.389133e-02
SGPTL,1917,3.081593e-03,3.983973e-04,3.390883e-02
SGPTL,1918,2.804145e-03,3.983973e-04,3.392667e-02
SGPTL,1919,2.548061e-03,3.983973e-04,3.394392e-02
SGPTL,1920,2.474931e-03,3.983973e-04,3.396150e-02
SGPTL,1921,2.302852e-03,3.983973e-04,3.397917e-02
SGPTL,1922,2.339543e-03,3.983973e-04,3.399642e-02
SGPTL,1923,2.205176e-03,3.983973e-04,3.401375e-02
SGPTL,1924,2.329975e-03,3.983973e-04,3.403150e-02
SGPTL,1925,2.529563e-03,3.983973e-04,3.404875e-02
SGPTL,1926,2.830476e-03,3.983973e-04,3.406629e-02
SGPTL,1927,2.990593e-03,3.983973e-04,3.408438e-02
SGPTL,1928,2.995863e-03,3.983973e-04,3.410225e-02
SGPTL,1929,2.896539e-03,3.983973e-04,3.411904e-02
SGPTL,1930,2.811383e-03,3.983973e-04,3.413667e-02
SGPTL,1931,2.823233e-03,3.983973e-04,3.415417e-02
SGPTL,1932,2.632704e-03,3.983973e-04,3.417125e-02
SGPTL,1933,2.748288e-03,3.983973e-04,3.418888e-02
SGPTL,1934,2.691089e-03,3.983973e-04,3.420654e-02
SGPTL,1935,2.738479e-03,3.983973e-04,3.422354e-02
SGPTL,1936,2.916612e-03,3.983973e-04,3.424121e-02
SGPTL,1937,2.884200e-03,3.983973e-04,3.425854e-02
SGPTL,1938,2.892178e-03,3.983973e-04,3.427588e-02
SGPTL,1939,2.972778e-03,3.983973e-04,3.429375e-02
SGPTL,1940,2.813751e-03,3.983973e-04,3.431108e-02
SGPTL,1941,2.809623e-03,3.983973e-04,3.432863e-02
SGPTL,1942,2.903951e-03,3.983973e-04,3.434633e-02
SGPTL,1943,2.967840e-03,3.983973e-04,3.436413e-02
SGPTL,1944,2.742192e-03,3.983973e-04,3.438075e-02
SGPTL,1945,2.645783e-03,3.983973e-04,3.439863e-02
SGPTL,1946,2.572984e-03,3.983973e-04,3.441617e-02
SGPTL,1947,2.490735e-03,3.983973e-04,3.443342e-02
SGPTL,1948,2.668515e-03,3.983973e-04,3.445117e-02
SGPTL,1949,2.579137e-03,3.983973e-04,3.446879e-02
SGPTL,1950,2.515542e-03,3.983973e-04,3.448588e-02
SGPTL,1951,2.693066e-03,3.983973e-04,3.450379e-02
SGPTL,1952,2.917278e-03,3.983973e-04,3.452167e-02
SGPTL,1953,2.731265e-03,3.983973e-04,3.453858e-02
SGPTL,1954,2.951858e-03,3.983973e-04,3.455654e-02
SGPTL,1955,3.090953e-03,3.983973e-04,3.457425e-02
SGPTL,1956,3.257688e-03,3.983973e-04,3.459125e-02
SGPTL,1957,3.288710e-03,3.983973e-04,3.460904e-02
SGPTL,1958,2.971396e-03,3.983973e-04,3.462642e-02
SGPTL,1959,2.670202e-03,3.983973e-04,3.464383e-02
SGPTL,1960,2.643388e-03,3.983973e-04,3.466175e-02
SGPTL,1961,2.713844e-03,3.983973e-04,3.467904e-02
SGPTL,1962,2.613035e-03,3.983973e-04,3.469642e-02
SGPTL,1963,2.625591e-03,3.983973e-04,3.471421e-02
SGPTL,1964,2.837975e-03,3.983973e-04,3.473171e-02
SGPTL,1965,2.846146e-03,3.983973e-04,3.474913e-02
SGPTL,1966,2.744249e-03,3.983973e-04,3.476667e-02
SGPTL,1967,2.816068e-03,3.983973e-04,3.478425e-02
SGPTL,1968,2.819797e-03,3.983973e-04,3.480121e-02
SGPTL,1969,2.576404e-03,3.983973e-04,3.481896e-02
SGPTL,1970,2.658900e-03,3.983973e-04,3.483617e-02
SGPTL,1971,2.769138e-03,3.983973e-04,3.485363e-02
SGPTL,1972,2.823824e-03,3.983973e-04,3.487142e-02
SGPTL,1973,3.000446e-03,3.983973e-04,3.488863e-02
SGPTL,1974,2.799402e-03,3.983973e-04,3.490604e-02
SGPTL,1975,2.739713e-03,3.983973e-04,3.492392e-02
SGPTL,1976,2.723995e-03,3.983973e-04,3.494117e-02
SGPTL,1977,2.662117e-03,3.983973e-04,3.495875e-02
SGPTL,1978,2.690453e-03,3.983973e-04,3.497642e-02
SGPTL,1979,2.792917e-03,3.983973e-04,3.499404e-02
SGPTL,1980,2.961276e-03,3.983973e-04,3.501121e-02
SGPTL,1981,3.100273e-03,3.983973e-04,3.502892e-02
SGPTL,1982,3.102053e-03,3.983973e-04,3.504650e-02
SGPTL,1983,3.283645e-03,3.983973e-04,3.506367e-02
SGPTL,1984,3.083139e-03,3.983973e-04,3.508133e-02
SGPTL,1985,3.207051e-03,3.983973e-04,3.509883e-02
SGPTL,1986,2.911625e-03,3.983973e-04,3.511596e-02
SGPTL,1987,2.929332e-03,3.983973e-04,3.513367e-02
SGPTL,1988,3.126809e-03,3.983973e-04,3.515121e-02
SGPTL,1989,3.197166e-03,3.983973e-04,3.516842e-02
SGPTL,1990,3.012817e-03,3.983973e-04,3.518613e-02
SGPTL,1991,2.977231e-03,3.983973e-04,3.520338e-02
SGPTL,1992,3.064897e-03,3.983973e-04,3.522067e-02
SGPTL,1993,3.199757e-03,3.983973e-04,3.523838e-02
SGPTL,1994,3.301522e-03,3.983973e-04,3.525583e-02
SGPTL,1995,3.201643e-03,3.983973e-04,3.527321e-02
SGPTL,1996,2.889458e-03,3.983973e-04,3.529108e-02
SGPTL,1997,2.713002e-03,3.983973e-04,3.530825e-02
SGPTL,1998,2.794737e-03,3.983973e-04,3.532575e-02
SGPTL,1999,2.631565e-03,3.983973e-04,3.534350e-02
SGPTL,2000,2.447037e-03,3.983973e-04,3.536088e-02
SGPTL,2001,2.539801e-03,3.983973e-04,3.537825e-02
SGPTL,2002,2.702251e-03,3.983973e-04,3.539592e-02
SGPTL,2003,2.940642e-03,3.983973e-04,3.541313e-02
SGPTL,2004,3.232571e-03,3.983973e-04,3.543054e-02
SGPTL,2005,3.066552e-03,3.983973e-04,3.544704e-02
SGPTL,2006,2.960466e-03,3.983973e-04,3.546479e-02
SGPTL,2007,3.206795e-03,3.983973e-04,3.548275e-02
SGPTL,2008,2.878356e-03,3.983973e-04,3.549954e-02
SGPTL,2009,2.639934e-03,3.983973e-04,3.551713e-02
SGPTL,2010,2.656222e-03,3.983973e-04,3.553446e-02
SGPTL,2011,2.615858e-03,3.983973e-04,3.555217e-02
SGPTL,2012,2.457265e-03,3.983973e-04,3.556954e-02
SGPTL,2013,2.705522e-03,3.983973e-04,3.558696e-02
SGPTL,2014,2.917580e-03,3.983973e-04,3.560471e-02
SGPTL,2015,3.109362e-03,3.983973e-04,3.562213e-02
SGPTL,2016,3.107444e-03,3.983973e-04,3.564121e-02
SGPTL,2017,2.824830e-03,3.983973e-04,3.566396e-02
SGPTL,2018,2.987478e-03,3.983973e-04,3.568933e-02
SGPTL,2019,2.844053e-03,3.983973e-04,3.570729e-02
SGPTL,2020,2.788446e-03,3.983973e-04,3.572488e-02
SGPTL,2021,2.716370e-03,3.983973e-04,3.574129e-02
SGPTL,2022,2.577885e-03,3.983973e-04,3.575913e-02
SGPTL,2023,2.233964e-03,3.983973e-04,3.577688e-02
SGPTL,2024,2.045905e-03,3.983973e-04,3.579454e-02
SGPTL,2025,2.155699e-03,3.983973e-04,3.581125e-02
SGPTL,2026,2.194183e-03,3.983973e-04,3.582896e-02
SGPTL,2027,2.356454e-03,3.983973e-04,3.584646e-02
SGPTL,2028,2.743272e-03,3.983973e-04,3.586363e-02
SGPTL,2029,2.849486e-03,3.983973e-04,3.588133e-02
SGPTL,2030,2.928958e-03,3.983973e-04,3.589879e-02
SGPTL,2031,2.898989e-03,3.983973e-04,3.591625e-02
SGPTL,2032,2.949198e-03,3.983973e-04,3.593404e-02
SGPTL,2033,2.890884e-03,3.983973e-04,3.595133e-02
SGPTL,2034,2.861477e-03,3.983973e-04,3.597075e-02
SGPTL,2035,2.882957e-03,3.983973e-04,3.598850e-02
SGPTL,2036,2.840118e-03,3.983973e-04,3.600613e-02
SGPTL,2037,2.878834e-03,3.983973e-04,3.602283e-02
SGPTL,2038,3.013578e-03,3.983973e-04,3.604117e-02
SGPTL,2039,3.001966e-03,3.983973e-04,3.605892e-02
SGPTL,2040,3.068584e-03,3.983973e-04,3.607613e-02
SGPTL,2041,3.091085e-03,3.983973e-04,3.609379e-02
SGPTL,2042,3.227987e-03,3.983973e-04,3.611113e-02
SGPTL,2043,3.419203e-03,3.983973e-04,3.612833e-02
SGPTL,2044,3.252985e-03,3.983973e-04,3.614633e-02
SGPTL,2045,3.220195e-03,3.983973e-04,3.616367e-02
SGPTL,2046,2.936056e-03,3.983973e-04,3.618117e-02
SGPTL,2047,2.668560e-03,3.983973e-04,3.619875e-02
SGPTL,2048,2.837119e-03,3.983973e-04,3.621625e-02
SGPTL,2049,2.999975e-03,3.983973e-04,3.623333e-02
SGPTL,2050,2.922126e-03,3.983973e-04,3.625100e-02
SGPTL,2051,2.880390e-03,3.983973e-04,3.626833e-02
SGPTL,2052,2.938887e-03,3.983973e-04,3.628533e-02
SGPTL,2053,3.035476e-03,3.983973e-04,3.630308e-02
SGPTL,2054,3.060981e-03,3.983973e-04,3.632029e-02
SGPTL,2055,3.044570e-03,3.983973e-04,3.633767e-02
SGPTL,2056,2.910147e-03,3.983973e-04,3.635521e-02
SGPTL,2057,3.088066e-03,3.983973e-04,3.637279e-02
SGPTL,2058,2.867898e-03,3.983973e-04,3.638971e-02
SGPTL,2059,2.975373e-03,3.983973e-04,3.640725e-02
SGPTL,2060,3.123200e-03,3.983973e-04,3.642504e-02
SGPTL,2061,3.082893e-03,3.983973e-04,3.644271e-02
SGPTL,2062,3.091523e-03,3.983973e-04,3.646054e-02
SGPTL,2063,3.336030e-03,3.983973e-04,3.647725e-02
SGPTL,2064,3.340702e-03,3.983973e-04,3.649483e-02
SGPTL,2065,3.221621e-03,3.983973e-04,3.651233e-02
SGPTL,2066,3.012355e-03,3.983973e-04,3.652925e-02
SGPTL,2067,2.917148e-03,3.983973e-04,3.654675e-02
SGPTL,2068,2.987810e-03,3.983973e-04,3.656417e-02
SGPTL,2069,3.182977e-03,3.983973e-04,3.658125e-02
SGPTL,2070,3.062400e-03,3.983973e-04,3.659892e-02
SGPTL,2071,2.783935e-03,3.983973e-04,3.661629e-02
SGPTL,2072,2.584045e-03,3.983973e-04,3.663354e-02
SGPTL,2073,2.664824e-03,3.983973e-04,3.665113e-02
SGPTL,2074,2.681472e-03,3.983973e-04,3.666833e-02
SGPTL,2075,2.563231e-03,3.983973e-04,3.668571e-02
SGPTL,2076,2.549117e-03,3.983973e-04,3.670358e-02
SGPTL,2077,2.867923e-03,3.983973e-04,3.672083e-02
SGPTL,2078,2.846479e-03,3.983973e-04,3.673850e-02
SGPTL,2079,2.784622e-03,3.983973e-04,3.675617e-02
SGPTL,2080,2.733565e-03,3.983973e-04,3.677363e-02
SGPTL,2081,2.883371e-03,3.983973e-04,3.679108e-02
SGPTL,2082,2.696556e-03,3.983973e-04,3.680883e-02
SGPTL,2083,2.548187e-03,3.983973e-04,3.682608e-02
SGPTL,2084,2.490753e-03,3.983973e-04,3.684354e-02
SGPTL,2085,2.409754e-03,3.983973e-04,3.686121e-02
SGPTL,2086,2.505244e-03,3.983973e-04,3.687846e-02
SGPTL,2087,2.557457e-03,3.983973e-04,3.689592e-02
SGPTL,2088,2.505998e-03,3.983973e-04,3.691354e-02
SGPTL,2089,2.576307e-03,3.983973e-04,3.693108e-02
SGPTL,2090,2.525393e-03,3.983973e-04,3.694808e-02
SGPTL,2091,2.666713e-03,3.983973e-04,3.696567e-02
SGPTL,2092,2.850834e-03,3.983973e-04,3.698317e-02
SGPTL,2093,2.850325e-03,3.983973e-04,3.700017e-02
SGPTL,2094,2.924518e-03,3.983973e-04,3.701783e-02
SGPTL,2095,2.843186e-03,3.983973e-04,3.703542e-02
SGPTL,2096,2.829340e-03,3.983973e-04,3.705233e-02
SGPTL,2097,3.031796e-03,3.983973e-04,3.706996e-02
SGPTL,2098,3.046968e-03,3.983973e-04,3.708746e-02
SGPTL,2099,2.844824e-03,3.983973e-04,3.710450e-02
SGPTL,2100,2.764164e-03,3.983973e-04,3.712221e-02
SGPTL,2101,2.727837e-03,3.983973e-04,3.713950e-02
SGPTL,2102,2.826137e-03,3.983973e-04,3.715692e-02
SGPTL,2103,3.013610e-03,3.983973e-04,3.717488e-02
SGPTL,2104,3.155466e-03,3.983973e-04,3.719275e-02
SGPTL,2105,3.275185e-03,3.983973e-04,3.721021e-02
SGPTL,2106,3.226616e-03,3.983973e-04,3.722721e-02
SGPTL,2107,3.244320e-03,3.983973e-04,3.724488e-02
SGPTL,2108,3.288296e-03,3.983973e-04,3.726254e-02
SGPTL,2109,3.383505e-03,3.983973e-04,3.727946e-02
SGPTL,2110,3.507406e-03,3.983973e-04,3.729700e-02
SGPTL,2111,3.367119e-03,3.983973e-04,3.731454e-02
SGPTL,2112,3.141231e-03,3.983973e-04,3.733150e-02
SGPTL,2113,3.140927e-03,3.983973e-04,3.734917e-02
SGPTL,2114,3.225241e-03,3.983973e-04,3.736646e-02
SGPTL,2115,3.332300e-03,3.983973e-04,3.738342e-02
SGPTL,2116,3.332606e-03,3.983973e-04,3.740129e-02
SGPTL,2117,3.260686e-03,3.983973e-04,3.741854e-02
SGPTL,2118,3.229925e-03,3.983973e-04,3.743608e-02
SGPTL,2119,3.452492e-03,3.983973e-04,3.745367e-02
SGPTL,2120,3.168912e-03,3.983973e-04,3.747121e-02
SGPTL,2121,3.162398e-03,3.983973e-04,3.748888e-02
SGPTL,2122,3.107350e-03,3.983973e-04,3.750617e-02
SGPTL,2123,3.081442e-03,3.983973e-04,3.752300e-02
SGPTL,2124,2.968667e-03,3.983973e-04,3.754050e-02
SGPTL,2125,2.792258e-03,3.983973e-04,3.755813e-02
SGPTL,2126,2.869582e-03,3.983973e-04,3.757496e-02
SGPTL,2127,2.955643e-03,3.983973e-04,3.759242e-02
SGPTL,2128,3.028145e-03,3.983973e-04,3.760996e-02
SGPTL,2129,3.131146e-03,3.983973e-04,3.762717e-02
SGPTL,2130,3.188966e-03,3.983973e-04,3.764483e-02
SGPTL,2131,3.216640e-03,3.983973e-04,3.766204e-02
SGPTL,2132,2.993926e-03,3.983973e-04,3.767975e-02
SGPTL,2133,2.766558e-03,3.983973e-04,3.769767e-02
SGPTL,2134,2.563703e-03,3.983973e-04,3.771483e-02
SGPTL,2135,2.484742e-03,3.983973e-04,3.773225e-02
SGPTL,2136,2.588538e-03,3.983973e-04,3.775004e-02
SGPTL,2137,2.618543e-03,3.983973e-04,3.776738e-02
SGPTL,2138,2.716779e-03,3.983973e-04,3.778446e-02
SGPTL,2139,2.727881e-03,3.983973e-04,3.780200e-02
SGPTL,2140,2.725531e-03,3.983973e-04,3.781946e-02
SGPTL,2141,2.675178e-03,3.983973e-04,3.783633e-02
SGPTL,2142,2.843836e-03,3.983973e-04,3.785392e-02
SGPTL,2143,3.078616e-03,3.983973e-04,3.787342e-02
SGPTL,2144,3.060547e-03,3.983973e-04,3.789029e-02
SGPTL,2145,3.133793e-03,3.983973e-04,3.790821e-02
SGPTL,2146,2.767161e-03,3.983973e-04,3.792563e-02
SGPTL,2147,2.643307e-03,3.983973e-04,3.794296e-02
SGPTL,2148,2.697414e-03,3.983973e-04,3.796054e-02
SGPTL,2149,2.712292e-03,3.983973e-04,3.797813e-02
SGPTL,2150,2.609520e-03,3.983973e-04,3.799513e-02
SGPTL,2151,2.673702e-03,3.983973e-04,3.801288e-02
SGPTL,2152,2.669025e-03,3.983973e-04,3.803029e-02
SGPTL,2153,2.567895e-03,3.983973e-04,3.804775e-02
SGPTL,2154,2.596613e-03,3.983973e-04,3.806558e-02
SGPTL,2155,2.480432e-03,3.983973e-04,3.808288e-02
SGPTL,2156,2.541625e-03,3.983973e-04,3.810029e-02
SGPTL,2157,2.588103e-03,3.983973e-04,3.811800e-02
SGPTL,2158,2.758566e-03,3.983973e-04,3.813488e-02
SGPTL,2159,2.569467e-03,3.983973e-04,3.815238e-02
SGPTL,2160,2.813416e-03,3.983973e-04,3.816996e-02
SGPTL,2161,3.056377e-03,3.983973e-04,3.818779e-02
SGPTL,2162,2.942669e-03,3.983973e-04,3.820492e-02
SGPTL,2163,3.079741e-03,3.983973e-04,3.822242e-02
SGPTL,2164,3.130442e-03,3.983973e-04,3.823983e-02
SGPTL,2165,3.241695e-03,3.983973e-04,3.825729e-02
SGPTL,2166,2.972136e-03,3.983973e-04,3.827504e-02
SGPTL,2167,3.110372e-03,3.983973e-04,3.829238e-02
SGPTL,2168,2.883170e-03,3.983973e-04,3.831029e-02
SGPTL,2169,2.812261e-03,3.983973e-04,3.832700e-02
SGPTL,2170,2.874332e-03,3.983973e-04,3.834475e-02
SGPTL,2171,2.925317e-03,3.983973e-04,3.836233e-02
SGPTL,2172,3.127258e-03,3.983973e-04,3.837958e-02
SGPTL,2173,3.351796e-03,3.983973e-04,3.839767e-02
SGPTL,2174,3.234556e-03,3.983973e-04,3.841554e-02
SGPTL,2175,3.357915e-03,3.983973e-04,3.843233e-02
SGPTL,2176,2.892111e-03,3.983973e-04,3.845029e-02
SGPTL,2177,2.716173e-03,3.983973e-04,3.846808e-02
SGPTL,2178,2.738730e-03,3.983973e-04,3.848508e-02
SGPTL,2179,2.942254e-03,3.983973e-04,3.850288e-02
SGPTL,2180,2.833115e-03,3.983973e-04,3.852100e-02
SGPTL,2181,2.657154e-03,3.983973e-04,3.853779e-02
SGPTL,2182,2.452878e-03,3.983973e-04,3.855583e-02
SGPTL,2183,2.307651e-03,3.983973e-04,3.863663e-02
SGPTL,2184,2.272420e-03,3.983973e-04,3.865817e-02
SGPTL,2185,2.065385e-03,3.983973e-04,3.867854e-02
SGPTL,2186,1.959209e-03,3.983973e-04,3.869813e-02
SGPTL,2187,1.893166e-03,3.983973e-04,3.871617e-02
SGPTL,2188,1.904314e-03,3.983973e-04,3.873529e-02
SGPTL,2189,1.865188e-03,3.983973e-04,3.875454e-02
SGPTL,2190,1.807856e-03,3.983973e-04,3.877354e-02
SGPTL,2191,1.842239e-03,3.983973e-04,3.879150e-02
SGPTL,2192,1.822586e-03,3.983973e-04,3.881021e-02
SGPTL,2193,1.731516e-03,3.983973e-04,3.882929e-02
SGPTL,2194,1.648312e-03,3.983973e-04,3.884692e-02
SGPTL,2195,1.511570e-03,3.983973e-04,3.886563e-02
SGPTL,2196,1.355821e-03,3.983973e-04,3.888438e-02
SGPTL,2197,1.322691e-03,3.983973e-04,3.890163e-02
SGPTL,2198,1.225092e-03,3.983973e-04,3.892021e-02
SGPTL,2199,1.101532e-03,3.983973e-04,3.893892e-02
SGPTL,2200,1.039330e-03,3.983973e-04,3.895621e-02
SGPTL,2201,9.737669e-04,3.983973e-04,3.897488e-02
SGPTL,2202,8.926901e-04,3.983973e-04,3.899354e-02
SGPTL,2203,8.382857e-04,3.983973e-04,3.901088e-02
SGPTL,2204,8.203269e-04,3.983973e-04,3.902950e-02
SGPTL,2205,7.771786e-04,3.983973e-04,3.904833e-02
SGPTL,2206,7.404945e-04,3.983973e-04,3.906550e-02
SGPTL,2207,7.005811e-04,3.983973e-04,3.908417e-02
SGPTL,2208,6.726577e-04,3.983973e-04,3.910279e-02
SGPTL,2209,6.472549e-04,3.983973e-04,3.912008e-02
SGPTL,2210,6.138425e-04,3.983973e-04,3.913879e-02
SGPTL,2211,5.697684e-04,3.983973e-04,3.915717e-02
SGPTL,2212,5.161752e-04,3.983973e-04,3.917492e-02
SGPTL,2213,4.706457e-04,3.983973e-04,3.919338e-02
SGPTL,2214,4.455082e-04,3.983973e-04,3.921196e-02
SGPTL,2215,4.181178e-04,3.983973e-04,3.922904e-02
SGPTL,2216,3.929475e-04,3.929475e-04,3.924829e-02
SGPTL,2217,3.767188e-04,3.767188e-04,3.926721e-02
SGPTL,2218,3.502169e-04,3.502169e-04,3.928463e-02
SGPTL,2219,3.339762e-04,3.339762e-04,3.930263e-02
SGPTL,2220,3.259552e-04,3.259552e-04,3.932167e-02
SGPTL,2221,3.280915e-04,3.259552e-04,3.933971e-02
SGPTL,2222,3.374331e-04,3.259552e-04,3.935792e-02
SGPTL,2223,3.701645e-04,3.259552e-04,3.937671e-02
SGPTL,2224,3.871404e-04,3.259552e-04,3.939546e-02
SGPTL,2225,4.006150e-04,3.259552e-04,3.941254e-02
SGPTL,2226,3.984679e-04,3.259552e-04,3.943142e-02
SGPTL,2227,4.133681e-04,3.259552e-04,3.945021e-02
SGPTL,2228,4.336883e-04,3.259552e-04,3.946871e-02
SGPTL,2229,4.542583e-04,3.259552e-04,3.948700e-02
SGPTL,2230,4.796856e-04,3.259552e-04,3.950500e-02
SGPTL,2231,5.049790e-04,3.259552e-04,3.952329e-02
SGPTL,2232,5.176448e-04,3.259552e-04,3.954154e-02
SGPTL,2233,5.410106e-04,3.259552e-04,3.955879e-02
SGPTL,2234,6.184044e-04,3.259552e-04,3.957708e-02
SGPTL,2235,7.469696e-04,3.259552e-04,3.959521e-02
SGPTL,2236,8.613344e-04,3.259552e-04,3.961308e-02
SGPTL,2237,1.042075e-03,3.259552e-04,3.963142e-02
SGPTL,2238,1.243810e-03,3.259552e-04,3.965008e-02
SGPTL,2239,1.370600e-03,3.259552e-04,3.966733e-02
SGPTL,2240,1.728228e-03,3.259552e-04,3.968571e-02
SGPTL,2241,1.902343e-03,3.259552e-04,3.970363e-02
SGPTL,2242,2.083873e-03,3.259552e-04,3.972183e-02
SGPTL,2243,2.053272e-03,3.259552e-04,3.974025e-02
SGPTL,2244,2.062590e-03,3.259552e-04,3.975850e-02
SGPTL,2245,2.190809e-03,3.259552e-04,3.977571e-02
SGPTL,2246,2.271747e-03,3.259552e-04,3.979417e-02
SGPTL,2247,2.495456e-03,3.259552e-04,3.981254e-02
SGPTL,2248,2.911525e-03,3.259552e-04,3.983000e-02
SGPTL,2249,3.155123e-03,3.259552e-04,3.984833e-02
SGPTL,2250,3.271324e-03,3.259552e-04,3.986679e-02
SGPTL,2251,2.806474e-03,3.259552e-04,3.988417e-02
SGPTL,2252,2.668540e-03,3.259552e-04,3.990242e-02
SGPTL,2253,2.615808e-03,3.259552e-04,3.992042e-02
SGPTL,2254,2.629843e-03,3.259552e-04,3.993838e-02
SGPTL,2255,2.867586e-03,3.259552e-04,3.995675e-02
SGPTL,2256,3.011075e-03,3.259552e-04,3.997521e-02
SGPTL,2257,3.048065e-03,3.259552e-04,3.999350e-02
SGPTL,2258,2.972145e-03,3.259552e-04,4.001183e-02
SGPTL,2259,3.035872e-03,3.259552e-04,4.002888e-02
SGPTL,2260,3.105390e-03,3.259552e-04,4.004708e-02
SGPTL,2261,2.905154e-03,3.259552e-04,4.006542e-02
SGPTL,2262,2.828254e-03,3.259552e-04,4.008371e-02
SGPTL,2263,2.813274e-03,3.259552e-04,4.010204e-02
SGPTL,2264,2.828015e-03,3.259552e-04,4.011933e-02
SGPTL,2265,2.850596e-03,3.259552e-04,4.013788e-02
SGPTL,2266,2.949289e-03,3.259552e-04,4.015629e-02
SGPTL,2267,2.986452e-03,3.259552e-04,4.017467e-02
SGPTL,2268,3.103804e-03,3.259552e-04,4.019263e-02
SGPTL,2269,3.009661e-03,3.259552e-04,4.021117e-02
SGPTL,2270,3.003596e-03,3.259552e-04,4.022983e-02
SGPTL,2271,2.926314e-03,3.259552e-04,4.025196e-02
SGPTL,2272,3.085498e-03,3.259552e-04,4.027067e-02
SGPTL,2273,3.035276e-03,3.259552e-04,4.028975e-02
SGPTL,2274,3.164257e-03,3.259552e-04,4.030746e-02
SGPTL,2275,3.519873e-03,3.259552e-04,4.032600e-02
SGPTL,2276,3.416111e-03,3.259552e-04,4.034450e-02
SGPTL,2277,3.444910e-03,3.259552e-04,4.036192e-02
SGPTL,2278,3.738380e-03,3.259552e-04,4.038029e-02
SGPTL,2279,3.898780e-03,3.259552e-04,4.039821e-02
SGPTL,2280,4.115741e-03,3.259552e-04,4.041604e-02
SGPTL,2281,4.344554e-03,3.259552e-04,4.043438e-02
SGPTL,2282,4.474538e-03,3.259552e-04,4.045275e-02
SGPTL,2283,4.075694e-03,3.259552e-04,4.047008e-02
SGPTL,2284,4.095965e-03,3.259552e-04,4.048854e-02
SGPTL,2285,4.056769e-03,3.259552e-04,4.050633e-02
SGPTL,2286,4.085181e-03,3.259552e-04,4.052429e-02
SGPTL,2287,3.910216e-03,3.259552e-04,4.054258e-02
SGPTL,2288,4.050278e-03,3.259552e-04,4.056092e-02
SGPTL,2289,4.029432e-03,3.259552e-04,4.057808e-02
SGPTL,2290,4.070133e-03,3.259552e-04,4.059679e-02
SGPTL,2291,4.319696e-03,3.259552e-04,4.061513e-02
SGPTL,2292,4.084899e-03,3.259552e-04,4.063242e-02
SGPTL,2293,3.993059e-03,3.259552e-04,4.065083e-02
SGPTL,2294,3.987423e-03,3.259552e-04,4.066917e-02
SGPTL,2295,4.081959e-03,3.259552e-04,4.068683e-02
SGPTL,2296,3.884041e-03,3.259552e-04,4.070513e-02
SGPTL,2297,4.193706e-03,3.259552e-04,4.072358e-02
SGPTL,2298,3.999616e-03,3.259552e-04,4.074104e-02
SGPTL,2299,4.074731e-03,3.259552e-04,4.075942e-02
SGPTL,2300,4.161209e-03,3.259552e-04,4.077746e-02
SGPTL,2301,3.970679e-03,3.259552e-04,4.079538e-02
SGPTL,2302,3.988048e-03,3.259552e-04,4.081367e-02
SGPTL,2303,3.964642e-03,3.259552e-04,4.083183e-02
SGPTL,2304,3.884021e-03,3.259552e-04,4.084908e-02
SGPTL,2305,3.919968e-03,3.259552e-04,4.086733e-02
SGPTL,2306,4.008861e-03,3.259552e-04,4.088533e-02
SGPTL,2307,4.275454e-03,3.259552e-04,4.090317e-02
SGPTL,2308,4.051291e-03,3.259552e-04,4.092154e-02
SGPTL,2309,3.951823e-03,3.259552e-04,4.093963e-02
SGPTL,2310,3.791021e-03,3.259552e-04,4.095700e-02
SGPTL,2311,3.903666e-03,3.259552e-04,4.097542e-02
SGPTL,2312,3.769314e-03,3.259552e-04,4.099325e-02
SGPTL,2313,3.645241e-03,3.259552e-04,4.101100e-02
SGPTL,2314,3.540582e-03,3.259552e-04,4.102938e-02
SGPTL,2315,3.203685e-03,3.259552e-04,4.104750e-02
SGPTL,2316,2.954186e-03,3.259552e-04,4.106546e-02
SGPTL,2317,2.897856e-03,3.259552e-04,4.108413e-02
SGPTL,2318,2.850803e-03,3.259552e-04,4.110192e-02
SGPTL,2319,2.953395e-03,3.259552e-04,4.112021e-02
SGPTL,2320,3.134579e-03,3.259552e-04,4.113838e-02
SGPTL,2321,3.305109e-03,3.259552e-04,4.115554e-02
SGPTL,2322,3.456799e-03,3.259552e-04,4.117396e-02
SGPTL,2323,3.793924e-03,3.259552e-04,4.119179e-02
SGPTL,2324,3.547895e-03,3.259552e-04,4.120971e-02
SGPTL,2325,3.441281e-03,3.259552e-04,4.122817e-02
SGPTL,2326,3.449854e-03,3.259552e-04,4.124658e-02
SGPTL,2327,3.633383e-03,3.259552e-04,4.126367e-02
SGPTL,2328,3.727117e-03,3.259552e-04,4.128192e-02
SGPTL,2329,3.778509e-03,3.259552e-04,4.130004e-02
SGPTL,2330,3.895447e-03,3.259552e-04,4.131804e-02
SGPTL,2331,3.627158e-03,3.259552e-04,4.133642e-02
SGPTL,2332,3.506027e-03,3.259552e-04,4.135408e-02
SGPTL,2333,3.622408e-03,3.259552e-04,4.137221e-02
SGPTL,2334,3.955138e-03,3.259552e-04,4.139042e-02
SGPTL,2335,3.863825e-03,3.259552e-04,4.140808e-02
SGPTL,2336,3.672249e-03,3.259552e-04,4.142650e-02
SGPTL,2337,3.704371e-03,3.259552e-04,4.144483e-02
SGPTL,2338,4.160109e-03,3.259552e-04,4.146208e-02
SGPTL,2339,4.410793e-03,3.259552e-04,4.148042e-02
SGPTL,2340,4.244519e-03,3.259552e-04,4.149838e-02
SGPTL,2341,3.915668e-03,3.259552e-04,4.151638e-02
SGPTL,2342,4.110002e-03,3.259552e-04,4.153454e-02
SGPTL,2343,4.118842e-03,3.259552e-04,4.155275e-02
SGPTL,2344,3.980373e-03,3.259552e-04,4.156996e-02
SGPTL,2345,3.839741e-03,3.259552e-04,4.158808e-02
SGPTL,2346,3.987803e-03,3.259552e-04,4.160638e-02
SGPTL,2347,3.996595e-03,3.259552e-04,4.162433e-02
SGPTL,2348,3.807971e-03,3.259552e-04,4.164237e-02
SGPTL,2349,3.729672e-03,3.259552e-04,4.166063e-02
SGPTL,2350,3.755316e-03,3.259552e-04,4.167783e-02
SGPTL,2351,3.685884e-03,3.259552e-04,4.169579e-02
SGPTL,2352,3.762234e-03,3.259552e-04,4.171375e-02
SGPTL,2353,3.910703e-03,3.259552e-04,4.173175e-02
SGPTL,2354,4.080283e-03,3.259552e-04,4.175013e-02
SGPTL,2355,3.935823e-03,3.259552e-04,4.176829e-02
SGPTL,2356,4.033715e-03,3.259552e-04,4.178550e-02
SGPTL,2357,3.640808e-03,3.259552e-04,4.180400e-02
SGPTL,2358,3.501268e-03,3.259552e-04,4.182238e-02
SGPTL,2359,3.580528e-03,3.259552e-04,4.183963e-02
SGPTL,2360,3.572727e-03,3.259552e-04,4.185800e-02
SGPTL,2361,3.624797e-03,3.259552e-04,4.187625e-02
SGPTL,2362,3.634480e-03,3.259552e-04,4.189354e-02
SGPTL,2363,3.534603e-03,3.259552e-04,4.191175e-02
SGPTL,2364,3.901667e-03,3.259552e-04,4.192967e-02
SGPTL,2365,4.249007e-03,3.259552e-04,4.194767e-02
SGPTL,2366,4.247944e-03,3.259552e-04,4.196600e-02
SGPTL,2367,3.856097e-03,3.259552e-04,4.198438e-02
SGPTL,2368,3.633528e-03,3.259552e-04,4.200158e-02
SGPTL,2369,3.609543e-03,3.259552e-04,4.201983e-02
SGPTL,2370,3.561419e-03,3.259552e-04,4.203796e-02
SGPTL,2371,3.512984e-03,3.259552e-04,4.205583e-02
SGPTL,2372,3.599180e-03,3.259552e-04,4.207400e-02
SGPTL,2373,3.725619e-03,3.259552e-04,4.209225e-02
SGPTL,2374,3.694600e-03,3.259552e-04,4.210954e-02
SGPTL,2375,3.736774e-03,3.259552e-04,4.212758e-02
SGPTL,2376,3.930001e-03,3.259552e-04,4.214567e-02
SGPTL,2377,3.888246e-03,3.259552e-04,4.216329e-02
SGPTL,2378,3.512160e-03,3.259552e-04,4.218158e-02
SGPTL,2379,3.611367e-03,3.259552e-04,4.219975e-02
SGPTL,2380,3.528026e-03,3.259552e-04,4.221742e-02
SGPTL,2381,3.632864e-03,3.259552e-04,4.223558e-02
SGPTL,2382,3.732674e-03,3.259552e-04,4.225387e-02
SGPTL,2383,3.670362e-03,3.259552e-04,4.227104e-02
SGPTL,2384,3.772778e-03,3.259552e-04,4.228917e-02
SGPTL,2385,4.037626e-03,3.259552e-04,4.230725e-02
SGPTL,2386,3.667782e-03,3.259552e-04,4.232508e-02
SGPTL,2387,3.638211e-03,3.259552e-04,4.234338e-02
SGPTL,2388,3.326664e-03,3.259552e-04,4.236171e-02
SGPTL,2389,3.395446e-03,3.259552e-04,4.237900e-02
SGPTL,2390,3.249850e-03,3.259552e-04,4.239717e-02
SGPTL,2391,3.567127e-03,3.259552e-04,4.241521e-02
SGPTL,2392,3.842247e-03,3.259552e-04,4.243321e-02
SGPTL,2393,3.925395e-03,3.259552e-04,4.245133e-02
SGPTL,2394,3.977338e-03,3.259552e-04,4.246971e-02
SGPTL,2395,4.124087e-03,3.259552e-04,4.248688e-02
SGPTL,2396,4.023876e-03,3.259552e-04,4.250504e-02
SGPTL,2397,4.008405e-03,3.259552e-04,4.252308e-02
SGPTL,2398,3.758047e-03,3.259552e-04,4.254358e-02
SGPTL,2399,3.595506e-03,3.259552e-04,4.256225e-02
SGPTL,2400,3.514097e-03,3.259552e-04,4.258100e-02
SGPTL,2401,3.539845e-03,3.259552e-04,4.259817e-02
SGPTL,2402,3.402152e-03,3.259552e-04,4.261638e-02
SGPTL,2403,3.514950e-03,3.259552e-04,4.263450e-02
SGPTL,2404,3.975643e-03,3.259552e-04,4.265233e-02
SGPTL,2405,4.380781e-03,3.259552e-04,4.267058e-02
SGPTL,2406,4.252431e-03,3.259552e-04,4.268883e-02
SGPTL,2407,4.085848e-03,3.259552e-04,4.270596e-02
SGPTL,2408,4.164576e-03,3.259552e-04,4.272429e-02
SGPTL,2409,4.074829e-03,3.259552e-04,4.274233e-02
SGPTL,2410,4.057576e-03,3.259552e-04,4.275996e-02
SGPTL,2411,3.783493e-03,3.259552e-04,4.277808e-02
SGPTL,2412,3.379781e-03,3.259552e-04,4.279629e-02
SGPTL,2413,3.246695e-03,3.259552e-04,4.281375e-02
SGPTL,2414,3.328467e-03,3.259552e-04,4.283221e-02
SGPTL,2415,3.425800e-03,3.259552e-04,4.285038e-02
SGPTL,2416,3.819231e-03,3.259552e-04,4.286771e-02
SGPTL,2417,4.099553e-03,3.259552e-04,4.288604e-02
SGPTL,2418,4.015585e-03,3.259552e-04,4.290417e-02
SGPTL,2419,4.047023e-03,3.259552e-04,4.292217e-02
SGPTL,2420,3.908363e-03,3.259552e-04,4.294033e-02
SGPTL,2421,3.840793e-03,3.259552e-04,4.295863e-02
SGPTL,2422,4.156841e-03,3.259552e-04,4.297592e-02
SGPTL,2423,4.150668e-03,3.259552e-04,4.299417e-02
SGPTL,2424,4.128379e-03,3.259552e-04,4.301221e-02
SGPTL,2425,3.815016e-03,3.259552e-04,4.302979e-02
SGPTL,2426,3.796748e-03,3.259552e-04,4.304804e-02
SGPTL,2427,3.744119e-03,3.259552e-04,4.306625e-02
SGPTL,2428,3.720220e-03,3.259552e-04,4.308358e-02
SGPTL,2429,3.775486e-03,3.259552e-04,4.310188e-02
SGPTL,2430,3.681853e-03,3.259552e-04,4.312004e-02
SGPTL,2431,3.709563e-03,3.259552e-04,4.313763e-02
SGPTL,2432,3.646279e-03,3.259552e-04,4.315563e-02
SGPTL,2433,3.700339e-03,3.259552e-04,4.317333e-02
SGPTL,2434,3.836708e-03,3.259552e-04,4.319121e-02
SGPTL,2435,3.882013e-03,3.259552e-04,4.320950e-02
SGPTL,2436,4.000501e-03,3.259552e-04,4.322775e-02
SGPTL,2437,3.591878e-03,3.259552e-04,4.324492e-02
SGPTL,2438,3.602922e-03,3.259552e-04,4.326321e-02
SGPTL,2439,4.000274e-03,3.259552e-04,4.328117e-02
SGPTL,2440,3.918235e-03,3.259552e-04,4.329871e-02
SGPTL,2441,3.972324e-03,3.259552e-04,4.331700e-02
SGPTL,2442,4.059548e-03,3.259552e-04,4.333538e-02
SGPTL,2443,4.142295e-03,3.259552e-04,4.335263e-02
SGPTL,2444,3.966542e-03,3.259552e-04,4.337092e-02
SGPTL,2445,3.983359e-03,3.259552e-04,4.338896e-02
SGPTL,2446,4.005940e-03,3.259552e-04,4.340663e-02
SGPTL,2447,3.695257e-03,3.259552e-04,4.342496e-02
SGPTL,2448,3.692367e-03,3.259552e-04,4.344313e-02
SGPTL,2449,3.441807e-03,3.259552e-04,4.346088e-02
SGPTL,2450,3.361319e-03,3.259552e-04,4.347908e-02
SGPTL,2451,3.423138e-03,3.259552e-04,4.349738e-02
SGPTL,2452,3.738075e-03,3.259552e-04,4.351458e-02
SGPTL,2453,3.721319e-03,3.259552e-04,4.353279e-02
SGPTL,2454,3.681819e-03,3.259552e-04,4.355096e-02
SGPTL,2455,3.632748e-03,3.259552e-04,4.356925e-02
SGPTL,2456,3.711188e-03,3.259552e-04,4.358754e-02
SGPTL,2457,4.010065e-03,3.259552e-04,4.360600e-02
SGPTL,2458,3.659976e-03,3.259552e-04,4.362304e-02
SGPTL,2459,3.532975e-03,3.259552e-04,4.364117e-02
SGPTL,2460,3.552896e-03,3.259552e-04,4.365904e-02
SGPTL,2461,3.564455e-03,3.259552e-04,4.367704e-02
SGPTL,2462,3.556143e-03,3.259552e-04,4.369525e-02
SGPTL,2463,3.600582e-03,3.259552e-04,4.371338e-02
SGPTL,2464,3.832166e-03,3.259552e-04,4.373050e-02
SGPTL,2465,3.838048e-03,3.259552e-04,4.374854e-02
SGPTL,2466,4.096645e-03,3.259552e-04,4.376658e-02
SGPTL,2467,3.692520e-03,3.259552e-04,4.378421e-02
SGPTL,2468,3.659683e-03,3.259552e-04,4.380246e-02
SGPTL,2469,3.593019e-03,3.259552e-04,4.382083e-02
SGPTL,2470,3.752395e-03,3.259552e-04,4.383804e-02
SGPTL,2471,3.873248e-03,3.259552e-04,4.385629e-02
SGPTL,2472,4.144929e-03,3.259552e-04,4.387429e-02
SGPTL,2473,4.421200e-03,3.259552e-04,4.389171e-02
SGPTL,2474,4.571914e-03,3.259552e-04,4.390988e-02
SGPTL,2475,4.159872e-03,3.259552e-04,4.392792e-02
SGPTL,2476,4.090935e-03,3.259552e-04,4.394567e-02
SGPTL,2477,3.623466e-03,3.259552e-04,4.396396e-02
SGPTL,2478,3.410699e-03,3.259552e-04,4.398250e-02
SGPTL,2479,3.405036e-03,3.259552e-04,4.399958e-02
SGPTL,2480,3.628666e-03,3.259552e-04,4.401775e-02
SGPTL,2481,3.791545e-03,3.259552e-04,4.403571e-02
SGPTL,2482,3.730264e-03,3.259552e-04,4.405333e-02
SGPTL,2483,3.841484e-03,3.259552e-04,4.407150e-02
SGPTL,2484,3.973224e-03,3.259552e-04,4.408954e-02
SGPTL,2485,3.908485e-03,3.259552e-04,4.410713e-02
SGPTL,2486,3.755169e-03,3.259552e-04,4.412546e-02
SGPTL,2487,3.865267e-03,3.259552e-04,4.414371e-02
SGPTL,2488,3.692576e-03,3.259552e-04,4.416092e-02
SGPTL,2489,3.573680e-03,3.259552e-04,4.417908e-02
SGPTL,2490,3.479699e-03,3.259552e-04,4.419729e-02
SGPTL,2491,3.682962e-03,3.259552e-04,4.421517e-02
SGPTL,2492,3.599344e-03,3.259552e-04,4.423342e-02
SGPTL,2493,3.557744e-03,3.259552e-04,4.425167e-02
SGPTL,2494,3.520848e-03,3.259552e-04,4.426908e-02
SGPTL,2495,3.702382e-03,3.259552e-04,4.428750e-02
SGPTL,2496,4.029194e-03,3.259552e-04,4.430579e-02
SGPTL,2497,4.126454e-03,3.259552e-04,4.432325e-02
SGPTL,2498,3.909473e-03,3.259552e-04,4.434154e-02
SGPTL,2499,3.932486e-03,3.259552e-04,4.435950e-02
SGPTL,2500,3.782462e-03,3.259552e-04,4.437717e-02
SGPTL,2501,3.537045e-03,3.259552e-04,4.439546e-02
SGPTL,2502,3.227286e-03,3.259552e-04,4.441375e-02
SGPTL,2503,2.918536e-03,3.259552e-04,4.443088e-02
SGPTL,2504,2.832703e-03,3.259552e-04,4.444904e-02
SGPTL,2505,2.939138e-03,3.259552e-04,4.446708e-02
SGPTL,2506,2.979093e-03,3.259552e-04,4.448483e-02
SGPTL,2507,3.341180e-03,3.259552e-04,4.450308e-02
SGPTL,2508,3.673811e-03,3.259552e-04,4.452113e-02
SGPTL,2509,3.783710e-03,3.259552e-04,4.453900e-02
SGPTL,2510,3.748874e-03,3.259552e-04,4.455729e-02
SGPTL,2511,3.756827e-03,3.259552e-04,4.457554e-02
SGPTL,2512,3.657120e-03,3.259552e-04,4.459283e-02
SGPTL,2513,3.579386e-03,3.259552e-04,4.461113e-02
SGPTL,2514,3.363922e-03,3.259552e-04,4.462946e-02
SGPTL,2515,3.351727e-03,3.259552e-04,4.464696e-02
SGPTL,2516,3.420872e-03,3.259552e-04,4.466508e-02
SGPTL,2517,3.634722e-03,3.259552e-04,4.468308e-02
SGPTL,2518,3.900452e-03,3.259552e-04,4.470104e-02
SGPTL,2519,3.959234e-03,3.259552e-04,4.471929e-02
SGPTL,2520,4.193076e-03,3.259552e-04,4.473763e-02
SGPTL,2521,4.101876e-03,3.259552e-04,4.475500e-02
SGPTL,2522,3.814423e-03,3.259552e-04,4.477329e-02
SGPTL,2523,3.552824e-03,3.259552e-04,4.479125e-02
SGPTL,2524,3.405490e-03,3.259552e-04,4.480908e-02
SGPTL,2525,3.401552e-03,3.259552e-04,4.482742e-02
SGPTL,2526,3.509704e-03,3.259552e-04,4.484813e-02
SGPTL,2527,3.305443e-03,3.259552e-04,4.486654e-02
SGPTL,2528,3.517388e-03,3.259552e-04,4.488429e-02
SGPTL,2529,3.990119e-03,3.259552e-04,4.490250e-02
SGPTL,2530,4.433770e-03,3.259552e-04,4.492083e-02
SGPTL,2531,4.277271e-03,3.259552e-04,4.493804e-02
SGPTL,2532,4.183835e-03,3.259552e-04,4.495625e-02
SGPTL,2533,4.192352e-03,3.259552e-04,4.497442e-02
SGPTL,2534,4.235633e-03,3.259552e-04,4.499204e-02
SGPTL,2535,4.077204e-03,3.259552e-04,4.501029e-02
SGPTL,2536,4.061738e-03,3.259552e-04,4.502850e-02
SGPTL,2537,3.870583e-03,3.259552e-04,4.504567e-02
SGPTL,2538,3.688287e-03,3.259552e-04,4.506392e-02
SGPTL,2539,3.649432e-03,3.259552e-04,4.508200e-02
SGPTL,2540,3.836998e-03,3.259552e-04,4.509963e-02
SGPTL,2541,3.892939e-03,3.259552e-04,4.511783e-02
SGPTL,2542,3.544967e-03,3.259552e-04,4.513604e-02
SGPTL,2543,3.735642e-03,3.259552e-04,4.515321e-02
SGPTL,2544,3.760700e-03,3.259552e-04,4.517138e-02
SGPTL,2545,3.677441e-03,3.259552e-04,4.518954e-02
SGPTL,2546,3.763802e-03,3.259552e-04,4.520733e-02
SGPTL,2547,3.881759e-03,3.259552e-04,4.522546e-02
SGPTL,2548,3.918135e-03,3.259552e-04,4.524388e-02
SGPTL,2549,3.688931e-03,3.259552e-04,4.526108e-02
SGPTL,2550,3.639878e-03,3.259552e-04,4.527954e-02
SGPTL,2551,3.595110e-03,3.259552e-04,4.529733e-02
SGPTL,2552,3.360959e-03,3.259552e-04,4.531542e-02
SGPTL,2553,3.408753e-03,3.259552e-04,4.533371e-02
SGPTL,2554,3.175454e-03,3.259552e-04,4.535138e-02
SGPTL,2555,3.020909e-03,3.259552e-04,4.536958e-02
SGPTL,2556,2.760893e-03,3.259552e-04,4.538758e-02
SGPTL,2557,2.646908e-03,3.259552e-04,4.540500e-02
SGPTL,2558,2.464197e-03,3.259552e-04,4.542329e-02
SGPTL,2559,2.575616e-03,3.259552e-04,4.544146e-02
SGPTL,2560,2.652380e-03,3.259552e-04,4.545863e-02
SGPTL,2561,2.703830e-03,3.259552e-04,4.548388e-02
SGPTL,2562,2.511755e-03,3.259552e-04,4.551242e-02
SGPTL,2563,2.378652e-03,3.259552e-04,4.553108e-02
SGPTL,2564,2.277092e-03,3.259552e-04,4.554838e-02
SGPTL,2565,2.101477e-03,3.259552e-04,4.556675e-02
SGPTL,2566,2.001047e-03,3.259552e-04,4.558508e-02
SGPTL,2567,1.879936e-03,3.259552e-04,4.560242e-02
SGPTL,2568,1.812890e-03,3.259552e-04,4.562054e-02
SGPTL,2569,1.674037e-03,3.259552e-04,4.563854e-02
SGPTL,2570,1.572055e-03,3.259552e-04,4.565629e-02
SGPTL,2571,1.517692e-03,3.259552e-04,4.567450e-02
SGPTL,2572,1.480793e-03,3.259552e-04,4.569283e-02
SGPTL,2573,1.478364e-03,3.259552e-04,4.570992e-02
SGPTL,2574,1.412238e-03,3.259552e-04,4.572817e-02
SGPTL,2575,1.378281e-03,3.259552e-04,4.574621e-02
SGPTL,2576,1.324135e-03,3.259552e-04,4.576383e-02
SGPTL,2577,1.298991e-03,3.259552e-04,4.578225e-02
SGPTL,2578,1.324680e-03,3.259552e-04,4.580058e-02
SGPTL,2579,1.332909e-03,3.259552e-04,4.581758e-02
SGPTL,2580,1.202126e-03,3.259552e-04,4.583588e-02
SGPTL,2581,1.111034e-03,3.259552e-04,4.585383e-02
SGPTL,2582,1.099328e-03,3.259552e-04,4.587217e-02
SGPTL,2583,1.055638e-03,3.259552e-04,4.589067e-02
SGPTL,2584,1.040183e-03,3.259552e-04,4.590804e-02
SGPTL,2585,1.014943e-03,3.259552e-04,4.592621e-02
SGPTL,2586,9.921883e-04,3.259552e-04,4.594433e-02
SGPTL,2587,9.490997e-04,3.259552e-04,4.596208e-02
SGPTL,2588,8.842537e-04,3.259552e-04,4.598050e-02
SGPTL,2589,8.858890e-04,3.259552e-04,4.599888e-02
SGPTL,2590,8.677035e-04,3.259552e-04,4.601717e-02
SGPTL,2591,8.289795e-04,3.259552e-04,4.603538e-02
SGPTL,2592,8.180052e-04,3.259552e-04,4.605250e-02
SGPTL,2593,8.325393e-04,3.259552e-04,4.607083e-02
SGPTL,2594,8.334842e-04,3.259552e-04,4.608892e-02
SGPTL,2595,8.559955e-04,3.259552e-04,4.610675e-02
SGPTL,2596,8.348090e-04,3.259552e-04,4.612533e-02
SGPTL,2597,8.192331e-04,3.259552e-04,4.614383e-02
SGPTL,2598,8.008771e-04,3.259552e-04,4.616108e-02
SGPTL,2599,7.396203e-04,3.259552e-04,4.617933e-02
SGPTL,2600,7.308981e-04,3.259552e-04,4.619625e-02
SGPTL,2601,6.340217e-04,3.259552e-04,4.621400e-02
SGPTL,2602,5.746771e-04,3.259552e-04,4.623208e-02
SGPTL,2603,5.591661e-04,3.259552e-04,4.625017e-02
SGPTL,2604,5.350800e-04,3.259552e-04,4.626779e-02
SGPTL,2605,4.867135e-04,3.259552e-04,4.628596e-02
SGPTL,2606,4.485358e-04,3.259552e-04,4.630396e-02
SGPTL,2607,4.346481e-04,3.259552e-04,4.632150e-02
SGPTL,2608,4.249145e-04,3.259552e-04,4.633958e-02
SGPTL,2609,3.959345e-04,3.259552e-04,4.635763e-02
SGPTL,2610,3.855693e-04,3.259552e-04,4.637488e-02
SGPTL,2611,3.665160e-04,3.259552e-04,4.639325e-02
SGPTL,2612,3.426373e-04,3.259552e-04,4.641108e-02
SGPTL,2613,3.176313e-04,3.176313e-04,4.642963e-02
SGPTL,2614,3.027045e-04,3.027045e-04,4.644796e-02
SGPTL,2615,2.951203e-04,2.951203e-04,4.646587e-02
SGPTL,2616,2.835725e-04,2.835725e-04,4.648442e-02
SGPTL,2617,2.688419e-04,2.688419e-04,4.650288e-02
SGPTL,2618,2.493539e-04,2.493539e-04,4.652004e-02
SGPTL,2619,2.407208e-04,2.407208e-04,4.653838e-02
SGPTL,2620,2.322244e-04,2.322244e-04,4.655679e-02
SGPTL,2621,2.335484e-04,2.322244e-04,4.657433e-02
SGPTL,2622,2.319996e-04,2.319996e-04,4.659288e-02
SGPTL,2623,2.340839e-04,2.319996e-04,4.661121e-02
SGPTL,2624,2.366963e-04,2.319996e-04,4.662833e-02
SGPTL,2625,2.347982e-04,2.319996e-04,4.664658e-02
SGPTL,2626,2.321141e-04,2.319996e-04,4.666471e-02
SGPTL,2627,2.261642e-04,2.261642e-04,4.668238e-02
SGPTL,2628,2.060048e-04,2.060048e-04,4.670088e-02
SGPTL,2629,1.827114e-04,1.827114e-04,4.671938e-02
SGPTL,2630,1.867683e-04,1.827114e-04,4.673650e-02
SGPTL,2631,2.190991e-04,1.827114e-04,4.675483e-02
SGPTL,2632,3.099699e-04,1.827114e-04,4.677308e-02
SGPTL,2633,4.641147e-04,1.827114e-04,4.679033e-02
SGPTL,2634,6.366918e-04,1.827114e-04,4.680863e-02
SGPTL,2635,7.936245e-04,1.827114e-04,4.682675e-02
SGPTL,2636,1.020979e-03,1.827114e-04,4.684433e-02
SGPTL,2637,1.271821e-03,1.827114e-04,4.686250e-02
SGPTL,2638,1.568329e-03,1.827114e-04,4.688050e-02
SGPTL,2639,1.785027e-03,1.827114e-04,4.689854e-02
SGPTL,2640,1.923084e-03,1.827114e-04,4.691563e-02
SGPTL,2641,1.970354e-03,1.827114e-04,4.693392e-02
SGPTL,2642,2.038910e-03,1.827114e-04,4.695229e-02
SGPTL,2643,2.410329e-03,1.827114e-04,4.696942e-02
SGPTL,2644,3.220093e-03,1.827114e-04,4.698792e-02
SGPTL,2645,3.284515e-03,1.827114e-04,4.700596e-02
SGPTL,2646,3.075563e-03,1.827114e-04,4.702317e-02
SGPTL,2647,2.810619e-03,1.827114e-04,4.704163e-02
SGPTL,2648,2.693768e-03,1.827114e-04,4.705988e-02
SGPTL,2649,2.638822e-03,1.827114e-04,4.707692e-02
SGPTL,2650,2.653976e-03,1.827114e-04,4.709546e-02
SGPTL,2651,3.042926e-03,1.827114e-04,4.711429e-02
SGPTL,2652,3.047079e-03,1.827114e-04,4.713121e-02
SGPTL,2653,2.923376e-03,1.827114e-04,4.715213e-02
SGPTL,2654,2.898429e-03,1.827114e-04,4.717104e-02
SGPTL,2655,2.956799e-03,1.827114e-04,4.718800e-02
SGPTL,2656,3.138245e-03,1.827114e-04,4.720658e-02
SGPTL,2657,3.551600e-03,1.827114e-04,4.722529e-02
SGPTL,2658,3.402096e-03,1.827114e-04,4.724229e-02
SGPTL,2659,3.690766e-03,1.827114e-04,4.726079e-02
SGPTL,2660,3.869008e-03,1.827114e-04,4.727946e-02
SGPTL,2661,3.676311e-03,1.827114e-04,4.729650e-02
SGPTL,2662,3.338964e-03,1.827114e-04,4.731513e-02
SGPTL,2663,3.575363e-03,1.827114e-04,4.733413e-02
SGPTL,2664,3.593349e-03,1.827114e-04,4.735104e-02
SGPTL,2665,3.416073e-03,1.827114e-04,4.736925e-02
SGPTL,2666,3.555950e-03,1.827114e-04,4.738717e-02
SGPTL,2667,3.418867e-03,1.827114e-04,4.740471e-02
SGPTL,2668,3.652967e-03,1.827114e-04,4.742288e-02
SGPTL,2669,4.128112e-03,1.827114e-04,4.744100e-02
SGPTL,2670,4.413940e-03,1.827114e-04,4.745788e-02
SGPTL,2671,4.452253e-03,1.827114e-04,4.747629e-02
SGPTL,2672,4.541658e-03,1.827114e-04,4.749438e-02
SGPTL,2673,4.404670e-03,1.827114e-04,4.751213e-02
SGPTL,2674,4.385258e-03,1.827114e-04,4.753038e-02
SGPTL,2675,4.633696e-03,1.827114e-04,4.754875e-02
SGPTL,2676,4.453218e-03,1.827114e-04,4.756592e-02
SGPTL,2677,4.478616e-03,1.827114e-04,4.758413e-02
SGPTL,2678,4.744498e-03,1.827114e-04,4.760217e-02
SGPTL,2679,5.007793e-03,1.827114e-04,4.761971e-02
SGPTL,2680,5.279915e-03,1.827114e-04,4.763825e-02
SGPTL,2681,5.715865e-03,1.827114e-04,4.765646e-02
SGPTL,2682,5.614860e-03,1.827114e-04,4.767375e-02
SGPTL,2683,4.789303e-03,1.827114e-04,4.769200e-02
SGPTL,2684,4.308590e-03,1.827114e-04,4.771000e-02
SGPTL,2685,4.647217e-03,1.827114e-04,4.772754e-02
SGPTL,2686,4.743303e-03,1.827114e-04,4.774563e-02
SGPTL,2687,4.686192e-03,1.827114e-04,4.776375e-02
SGPTL,2688,4.840273e-03,1.827114e-04,4.778100e-02
SGPTL,2689,4.649366e-03,1.827114e-04,4.779921e-02
SGPTL,2690,4.656443e-03,1.827114e-04,4.781729e-02
SGPTL,2691,4.533357e-03,1.827114e-04,4.784033e-02
SGPTL,2692,4.853998e-03,1.827114e-04,4.785929e-02
SGPTL,2693,4.691122e-03,1.827114e-04,4.787625e-02
SGPTL,2694,4.919256e-03,1.827114e-04,4.789463e-02
SGPTL,2695,4.810032e-03,1.827114e-04,4.791292e-02
SGPTL,2696,4.673129e-03,1.827114e-04,4.793042e-02
SGPTL,2697,4.595823e-03,1.827114e-04,4.794825e-02
SGPTL,2698,4.435359e-03,1.827114e-04,4.796658e-02
SGPTL,2699,4.371139e-03,1.827114e-04,4.798475e-02
SGPTL,2700,4.478529e-03,1.827114e-04,4.800308e-02
SGPTL,2701,4.528035e-03,1.827114e-04,4.802133e-02
SGPTL,2702,4.583173e-03,1.827114e-04,4.803846e-02
SGPTL,2703,4.642620e-03,1.827114e-04,4.805671e-02
SGPTL,2704,4.593803e-03,1.827114e-04,4.807483e-02
SGPTL,2705,4.766416e-03,1.827114e-04,4.809271e-02
SGPTL,2706,4.437862e-03,1.827114e-04,4.811083e-02
SGPTL,2707,4.637345e-03,1.827114e-04,4.812883e-02
SGPTL,2708,4.597903e-03,1.827114e-04,4.814604e-02
SGPTL,2709,4.301175e-03,1.827114e-04,4.816413e-02
SGPTL,2710,4.091620e-03,1.827114e-04,4.818233e-02
SGPTL,2711,4.260203e-03,1.827114e-04,4.819913e-02
SGPTL,2712,4.271025e-03,1.827114e-04,4.821725e-02
SGPTL,2713,4.597858e-03,1.827114e-04,4.823521e-02
SGPTL,2714,4.736392e-03,1.827114e-04,4.825308e-02
SGPTL,2715,4.551560e-03,1.827114e-04,4.827117e-02
SGPTL,2716,4.539525e-03,1.827114e-04,4.828954e-02
SGPTL,2717,4.484464e-03,1.827114e-04,4.830671e-02
SGPTL,2718,4.500022e-03,1.827114e-04,4.832525e-02
SGPTL,2719,4.429319e-03,1.827114e-04,4.834350e-02
SGPTL,2720,4.167211e-03,1.827114e-04,4.836071e-02
SGPTL,2721,4.136564e-03,1.827114e-04,4.837892e-02
SGPTL,2722,4.125831e-03,1.827114e-04,4.839708e-02
SGPTL,2723,4.142741e-03,1.827114e-04,4.841471e-02
SGPTL,2724,4.167454e-03,1.827114e-04,4.843292e-02
SGPTL,2725,4.239929e-03,1.827114e-04,4.845133e-02
SGPTL,2726,4.304534e-03,1.827114e-04,4.846858e-02
SGPTL,2727,4.167186e-03,1.827114e-04,4.848696e-02
SGPTL,2728,4.389713e-03,1.827114e-04,4.850513e-02
SGPTL,2729,5.039523e-03,1.827114e-04,4.852288e-02
SGPTL,2730,4.862390e-03,1.827114e-04,4.854108e-02
SGPTL,2731,5.107271e-03,1.827114e-04,4.855925e-02
SGPTL,2732,5.102464e-03,1.827114e-04,4.857900e-02
SGPTL,2733,5.028741e-03,1.827114e-04,4.859804e-02
SGPTL,2734,5.220865e-03,1.827114e-04,4.861646e-02
SGPTL,2735,4.846894e-03,1.827114e-04,4.863358e-02
SGPTL,2736,4.576832e-03,1.827114e-04,4.865175e-02
SGPTL,2737,4.402718e-03,1.827114e-04,4.866996e-02
SGPTL,2738,4.400977e-03,1.827114e-04,4.868783e-02
SGPTL,2739,4.441462e-03,1.827114e-04,4.870592e-02
SGPTL,2740,4.361591e-03,1.827114e-04,4.872433e-02
SGPTL,2741,4.967468e-03,1.827114e-04,4.874267e-02
SGPTL,2742,5.213504e-03,1.827114e-04,4.876108e-02
SGPTL,2743,5.003408e-03,1.827114e-04,4.877813e-02
SGPTL,2744,5.232604e-03,1.827114e-04,4.879638e-02
SGPTL,2745,4.737011e-03,1.827114e-04,4.881446e-02
SGPTL,2746,4.636013e-03,1.827114e-04,4.883225e-02
SGPTL,2747,4.520831e-03,1.827114e-04,4.885050e-02
SGPTL,2748,4.393629e-03,1.827114e-04,4.886888e-02
SGPTL,2749,4.131124e-03,1.827114e-04,4.888604e-02
SGPTL,2750,4.172998e-03,1.827114e-04,4.890429e-02
SGPTL,2751,4.610450e-03,1.827114e-04,4.892238e-02
SGPTL,2752,4.452018e-03,1.827114e-04,4.894008e-02
SGPTL,2753,4.116351e-03,1.827114e-04,4.895825e-02
SGPTL,2754,3.950807e-03,1.827114e-04,4.897654e-02
SGPTL,2755,4.204613e-03,1.827114e-04,4.899371e-02
SGPTL,2756,4.640477e-03,1.827114e-04,4.901196e-02
SGPTL,2757,4.634561e-03,1.827114e-04,4.903013e-02
SGPTL,2758,4.391401e-03,1.827114e-04,4.904804e-02
SGPTL,2759,4.621321e-03,1.827114e-04,4.906621e-02
SGPTL,2760,4.950975e-03,1.827114e-04,4.908433e-02
SGPTL,2761,5.154488e-03,1.827114e-04,4.910167e-02
SGPTL,2762,5.196701e-03,1.827114e-04,4.911979e-02
SGPTL,2763,4.964240e-03,1.827114e-04,4.913788e-02
SGPTL,2764,4.697531e-03,1.827114e-04,4.915575e-02
SGPTL,2765,4.444668e-03,1.827114e-04,4.917425e-02
SGPTL,2766,4.507507e-03,1.827114e-04,4.919275e-02
SGPTL,2767,4.477426e-03,1.827114e-04,4.920996e-02
SGPTL,2768,4.494465e-03,1.827114e-04,4.922813e-02
SGPTL,2769,4.600734e-03,1.827114e-04,4.924621e-02
SGPTL,2770,4.502865e-03,1.827114e-04,4.926417e-02
SGPTL,2771,4.140180e-03,1.827114e-04,4.928233e-02
SGPTL,2772,4.179199e-03,1.827114e-04,4.930067e-02
SGPTL,2773,4.659435e-03,1.827114e-04,4.931775e-02
SGPTL,2774,4.598389e-03,1.827114e-04,4.933613e-02
SGPTL,2775,4.633357e-03,1.827114e-04,4.935463e-02
SGPTL,2776,4.716782e-03,1.827114e-04,4.937175e-02
SGPTL,2777,4.509181e-03,1.827114e-04,4.938988e-02
SGPTL,2778,4.313312e-03,1.827114e-04,4.940796e-02
SGPTL,2779,4.424055e-03,1.827114e-04,4.942546e-02
SGPTL,2780,4.321537e-03,1.827114e-04,4.944608e-02
SGPTL,2781,4.463659e-03,1.827114e-04,4.946454e-02
SGPTL,2782,4.327092e-03,1.827114e-04,4.948188e-02
SGPTL,2783,4.217993e-03,1.827114e-04,4.950004e-02
SGPTL,2784,4.257766e-03,1.827114e-04,4.951800e-02
SGPTL,2785,4.581216e-03,1.827114e-04,4.953558e-02
SGPTL,2786,4.616090e-03,1.827114e-04,4.955371e-02
SGPTL,2787,4.901857e-03,1.827114e-04,4.957188e-02
SGPTL,2788,5.228321e-03,1.827114e-04,4.958888e-02
SGPTL,2789,5.253648e-03,1.827114e-04,4.960696e-02
SGPTL,2790,4.869836e-03,1.827114e-04,4.962504e-02
SGPTL,2791,4.869488e-03,1.827114e-04,4.964283e-02
SGPTL,2792,4.835081e-03,1.827114e-04,4.966104e-02
SGPTL,2793,5.043797e-03,1.827114e-04,4.967921e-02
SGPTL,2794,4.987237e-03,1.827114e-04,4.969638e-02
SGPTL,2795,4.443152e-03,1.827114e-04,4.971450e-02
SGPTL,2796,4.187014e-03,1.827114e-04,4.973242e-02
SGPTL,2797,4.160542e-03,1.827114e-04,4.975021e-02
SGPTL,2798,4.269383e-03,1.827114e-04,4.976833e-02
SGPTL,2799,4.387407e-03,1.827114e-04,4.978658e-02
SGPTL,2800,4.816166e-03,1.827114e-04,4.980371e-02
SGPTL,2801,4.667838e-03,1.827114e-04,4.982200e-02
SGPTL,2802,4.804088e-03,1.827114e-04,4.984000e-02
SGPTL,2803,5.171447e-03,1.827114e-04,4.985767e-02
SGPTL,2804,4.987809e-03,1.827114e-04,4.987588e-02
SGPTL,2805,5.213809e-03,1.827114e-04,4.989400e-02
SGPTL,2806,4.952891e-03,1.827114e-04,4.991113e-02
SGPTL,2807,4.444505e-03,1.827114e-04,4.992942e-02
SGPTL,2808,4.131149e-03,1.827114e-04,4.994721e-02
SGPTL,2809,4.206749e-03,1.827114e-04,4.996463e-02
SGPTL,2810,4.391316e-03,1.827114e-04,4.998275e-02
SGPTL,2811,4.268776e-03,1.827114e-04,5.000075e-02
SGPTL,2812,4.323660e-03,1.827114e-04,5.001825e-02
SGPTL,2813,4.602149e-03,1.827114e-04,5.003646e-02
SGPTL,2814,5.089762e-03,1.827114e-04,5.005454e-02
SGPTL,2815,5.213576e-03,1.827114e-04,5.007196e-02
SGPTL,2816,5.026213e-03,1.827114e-04,5.008996e-02
SGPTL,2817,4.846872e-03,1.827114e-04,5.010838e-02
SGPTL,2818,4.805029e-03,1.827114e-04,5.012554e-02
SGPTL,2819,5.027085e-03,1.827114e-04,5.014367e-02
SGPTL,2820,4.857981e-03,1.827114e-04,5.016163e-02
SGPTL,2821,4.582981e-03,1.827114e-04,5.017896e-02
SGPTL,2822,4.509802e-03,1.827114e-04,5.019704e-02
SGPTL,2823,4.369178e-03,1.827114e-04,5.021504e-02
SGPTL,2824,4.037410e-03,1.827114e-04,5.023263e-02
SGPTL,2825,3.822465e-03,1.827114e-04,5.025067e-02
SGPTL,2826,3.943113e-03,1.827114e-04,5.026875e-02
SGPTL,2827,4.067221e-03,1.827114e-04,5.028638e-02
SGPTL,2828,4.364401e-03,1.827114e-04,5.030475e-02
SGPTL,2829,4.607143e-03,1.827114e-04,5.032279e-02
SGPTL,2830,4.245489e-03,1.827114e-04,5.034004e-02
SGPTL,2831,4.351251e-03,1.827114e-04,5.035796e-02
SGPTL,2832,4.670644e-03,1.827114e-04,5.037579e-02
SGPTL,2833,4.842582e-03,1.827114e-04,5.039321e-02
SGPTL,2834,4.777617e-03,1.827114e-04,5.041133e-02
SGPTL,2835,4.626886e-03,1.827114e-04,5.042929e-02
SGPTL,2836,4.778993e-03,1.827114e-04,5.044679e-02
SGPTL,2837,4.977141e-03,1.827114e-04,5.046504e-02
SGPTL,2838,4.659561e-03,1.827114e-04,5.048321e-02
SGPTL,2839,4.430576e-03,1.827114e-04,5.050113e-02
SGPTL,2840,4.330415e-03,1.827114e-04,5.051913e-02
SGPTL,2841,4.417653e-03,1.827114e-04,5.053708e-02
SGPTL,2842,4.745359e-03,1.827114e-04,5.055429e-02
SGPTL,2843,4.853513e-03,1.827114e-04,5.057225e-02
SGPTL,2844,5.326430e-03,1.827114e-04,5.059017e-02
SGPTL,2845,5.256788e-03,1.827114e-04,5.060792e-02
SGPTL,2846,5.175157e-03,1.827114e-04,5.062604e-02
SGPTL,2847,4.896851e-03,1.827114e-04,5.064408e-02
SGPTL,2848,4.806792e-03,1.827114e-04,5.066121e-02
SGPTL,2849,4.821370e-03,1.827114e-04,5.067929e-02
SGPTL,2850,4.850551e-03,1.827114e-04,5.069733e-02
SGPTL,2851,4.451329e-03,1.827114e-04,5.071513e-02
SGPTL,2852,4.464340e-03,1.827114e-04,5.073313e-02
SGPTL,2853,4.270654e-03,1.827114e-04,5.075138e-02
SGPTL,2854,4.343956e-03,1.827114e-04,5.076863e-02
SGPTL,2855,4.625936e-03,1.827114e-04,5.078675e-02
SGPTL,2856,4.868608e-03,1.827114e-04,5.080467e-02
SGPTL,2857,5.021346e-03,1.827114e-04,5.082213e-02
SGPTL,2858,4.713226e-03,1.827114e-04,5.084025e-02
SGPTL,2859,4.851401e-03,1.827114e-04,5.085833e-02
SGPTL,2860,4.871270e-03,1.827114e-04,5.087550e-02
SGPTL,2861,5.055172e-03,1.827114e-04,5.089354e-02
SGPTL,2862,4.890122e-03,1.827114e-04,5.091138e-02
SGPTL,2863,4.724434e-03,1.827114e-04,5.092883e-02
SGPTL,2864,4.395445e-03,1.827114e-04,5.094696e-02
SGPTL,2865,4.249998e-03,1.827114e-04,5.096504e-02
SGPTL,2866,4.591024e-03,1.827114e-04,5.098275e-02
SGPTL,2867,4.652822e-03,1.827114e-04,5.100071e-02
SGPTL,2868,4.645161e-03,1.827114e-04,5.101892e-02
SGPTL,2869,4.795593e-03,1.827114e-04,5.103608e-02
SGPTL,2870,5.067957e-03,1.827114e-04,5.105429e-02
SGPTL,2871,5.107567e-03,1.827114e-04,5.107225e-02
SGPTL,2872,5.079011e-03,1.827114e-04,5.108992e-02
SGPTL,2873,5.077912e-03,1.827114e-04,5.110796e-02
SGPTL,2874,4.483169e-03,1.827114e-04,5.112608e-02
SGPTL,2875,4.314050e-03,1.827114e-04,5.114342e-02
SGPTL,2876,4.499314e-03,1.827114e-04,5.116146e-02
SGPTL,2877,4.591299e-03,1.827114e-04,5.117946e-02
SGPTL,2878,4.910999e-03,1.827114e-04,5.119708e-02
SGPTL,2879,4.730733e-03,1.827114e-04,5.121521e-02
SGPTL,2880,4.527745e-03,1.827114e-04,5.123350e-02
SGPTL,2881,4.515465e-03,1.827114e-04,5.125067e-02
SGPTL,2882,4.629224e-03,1.827114e-04,5.126888e-02
SGPTL,2883,4.570990e-03,1.827114e-04,5.128667e-02
SGPTL,2884,4.301529e-03,1.827114e-04,5.130429e-02
SGPTL,2885,4.350435e-03,1.827114e-04,5.132829e-02
SGPTL,2886,4.448261e-03,1.827114e-04,5.135592e-02
SGPTL,2887,4.803073e-03,1.827114e-04,5.137404e-02
SGPTL,2888,4.903909e-03,1.827114e-04,5.139200e-02
SGPTL,2889,4.587350e-03,1.827114e-04,5.141050e-02
SGPTL,2890,4.192146e-03,1.827114e-04,5.142896e-02
SGPTL,2891,4.245950e-03,1.827114e-04,5.144596e-02
SGPTL,2892,4.288429e-03,1.827114e-04,5.146417e-02
SGPTL,2893,4.416618e-03,1.827114e-04,5.148213e-02
SGPTL,2894,4.678597e-03,1.827114e-04,5.149971e-02
SGPTL,2895,4.999738e-03,1.827114e-04,5.151804e-02
SGPTL,2896,4.836755e-03,1.827114e-04,5.153625e-02
SGPTL,2897,4.390542e-03,1.827114e-04,5.155333e-02
SGPTL,2898,4.219018e-03,1.827114e-04,5.157167e-02
SGPTL,2899,4.521942e-03,1.827114e-04,5.158967e-02
SGPTL,2900,4.611565e-03,1.827114e-04,5.160721e-02
SGPTL,2901,4.135084e-03,1.827114e-04,5.162942e-02
SGPTL,2902,4.143107e-03,1.827114e-04,5.164729e-02
SGPTL,2903,4.082486e-03,1.827114e-04,5.166563e-02
SGPTL,2904,3.995977e-03,1.827114e-04,5.168404e-02
SGPTL,2905,4.244129e-03,1.827114e-04,5.170217e-02
SGPTL,2906,4.512303e-03,1.827114e-04,5.171946e-02
SGPTL,2907,4.663798e-03,1.827114e-04,5.173771e-02
SGPTL,2908,4.560920e-03,1.827114e-04,5.175800e-02
SGPTL,2909,4.206961e-03,1.827114e-04,5.177517e-02
SGPTL,2910,4.010702e-03,1.827114e-04,5.179346e-02
SGPTL,2911,3.738130e-03,1.827114e-04,5.181158e-02
SGPTL,2912,3.724114e-03,1.827114e-04,5.182996e-02
SGPTL,2913,3.915801e-03,1.827114e-04,5.184817e-02
SGPTL,2914,3.801383e-03,1.827114e-04,5.186554e-02
SGPTL,2915,3.707571e-03,1.827114e-04,5.188379e-02
SGPTL,2916,3.492511e-03,1.827114e-04,5.190171e-02
SGPTL,2917,3.421382e-03,1.827114e-04,5.191946e-02
SGPTL,2918,3.206980e-03,1.827114e-04,5.193763e-02
SGPTL,2919,3.055561e-03,1.827114e-04,5.195567e-02
SGPTL,2920,2.961289e-03,1.827114e-04,5.197279e-02
SGPTL,2921,3.060610e-03,1.827114e-04,5.199100e-02
SGPTL,2922,3.100044e-03,1.827114e-04,5.200925e-02
SGPTL,2923,3.165562e-03,1.827114e-04,5.202692e-02
SGPTL,2924,3.266300e-03,1.827114e-04,5.204508e-02
SGPTL,2925,3.291224e-03,1.827114e-04,5.206325e-02
SGPTL,2926,3.210268e-03,1.827114e-04,5.208142e-02
SGPTL,2927,2.846633e-03,1.827114e-04,5.209983e-02
SGPTL,2928,2.570080e-03,1.827114e-04,5.211708e-02
SGPTL,2929,2.439914e-03,1.827114e-04,5.213550e-02
SGPTL,2930,2.427670e-03,1.827114e-04,5.215354e-02
SGPTL,2931,2.562103e-03,1.827114e-04,5.217104e-02
SGPTL,2932,2.691936e-03,1.827114e-04,5.218925e-02
SGPTL,2933,2.775202e-03,1.827114e-04,5.220750e-02
SGPTL,2934,2.864163e-03,1.827114e-04,5.222483e-02
SGPTL,2935,2.980981e-03,1.827114e-04,5.224308e-02
SGPTL,2936,3.045504e-03,1.827114e-04,5.226113e-02
SGPTL,2937,2.933591e-03,1.827114e-04,5.227938e-02
SGPTL,2938,2.792921e-03,1.827114e-04,5.229783e-02
SGPTL,2939,2.662105e-03,1.827114e-04,5.231500e-02
SGPTL,2940,2.700039e-03,1.827114e-04,5.233333e-02
SGPTL,2941,2.572274e-03,1.827114e-04,5.235142e-02
SGPTL,2942,2.365860e-03,1.827114e-04,5.236942e-02
SGPTL,2943,2.206790e-03,1.827114e-04,5.238775e-02
SGPTL,2944,2.263537e-03,1.827114e-04,5.240608e-02
SGPTL,2945,2.209252e-03,1.827114e-04,5.242433e-02
SGPTL,2946,2.080150e-03,1.827114e-04,5.244275e-02
SGPTL,2947,2.133336e-03,1.827114e-04,5.245979e-02
SGPTL,2948,2.137817e-03,1.827114e-04,5.247825e-02
SGPTL,2949,2.242540e-03,1.827114e-04,5.249675e-02
SGPTL,2950,2.420087e-03,1.827114e-04,5.251400e-02
SGPTL,2951,2.389566e-03,1.827114e-04,5.253246e-02
SGPTL,2952,2.439343e-03,1.827114e-04,5.255087e-02
SGPTL,2953,2.412330e-03,1.827114e-04,5.256800e-02
SGPTL,2954,2.338064e-03,1.827114e-04,5.258642e-02
SGPTL,2955,2.105951e-03,1.827114e-04,5.260488e-02
SGPTL,2956,2.076523e-03,1.827114e-04,5.262196e-02
SGPTL,2957,2.125670e-03,1.827114e-04,5.264033e-02
SGPTL,2958,2.048566e-03,1.827114e-04,5.265883e-02
SGPTL,2959,2.038470e-03,1.827114e-04,5.267592e-02
SGPTL,2960,1.935697e-03,1.827114e-04,5.269433e-02
SGPTL,2961,1.812551e-03,1.827114e-04,5.271279e-02
SGPTL,2962,1.776859e-03,1.827114e-04,5.273004e-02
SGPTL,2963,1.899596e-03,1.827114e-04,5.274838e-02
SGPTL,2964,1.970080e-03,1.827114e-04,5.276692e-02
SGPTL,2965,2.114595e-03,1.827114e-04,5.278413e-02
SGPTL,2966,2.091167e-03,1.827114e-04,5.280258e-02
SGPTL,2967,2.158554e-03,1.827114e-04,5.282125e-02
SGPTL,2968,2.211656e-03,1.827114e-04,5.283833e-02
SGPTL,2969,2.005027e-03,1.827114e-04,5.285679e-02
SGPTL,2970,1.788851e-03,1.827114e-04,5.287533e-02
SGPTL,2971,1.648836e-03,1.827114e-04,5.289263e-02
SGPTL,2972,1.593645e-03,1.827114e-04,5.291113e-02
SGPTL,2973,1.632912e-03,1.827114e-04,5.292967e-02
SGPTL,2974,1.722576e-03,1.827114e-04,5.294683e-02
SGPTL,2975,1.800164e-03,1.827114e-04,5.296525e-02
SGPTL,2976,1.814266e-03,1.827114e-04,5.298358e-02
SGPTL,2977,2.038218e-03,1.827114e-04,5.300083e-02
SGPTL,2978,2.235479e-03,1.827114e-04,5.301933e-02
SGPTL,2979,2.265740e-03,1.827114e-04,5.303771e-02
SGPTL,2980,2.206479e-03,1.827114e-04,5.305479e-02
SGPTL,2981,2.052790e-03,1.827114e-04,5.307325e-02
SGPTL,2982,1.942780e-03,1.827114e-04,5.309188e-02
SGPTL,2983,1.910004e-03,1.827114e-04,5.310887e-02
SGPTL,2984,2.121679e-03,1.827114e-04,5.312721e-02
SGPTL,2985,2.171466e-03,1.827114e-04,5.314575e-02
SGPTL,2986,2.138054e-03,1.827114e-04,5.316275e-02
SGPTL,2987,2.179033e-03,1.827114e-04,5.318129e-02
SGPTL,2988,1.988858e-03,1.827114e-04,5.319958e-02
SGPTL,2989,1.998781e-03,1.827114e-04,5.321675e-02
SGPTL,2990,2.097204e-03,1.827114e-04,5.323529e-02
SGPTL,2991,2.095244e-03,1.827114e-04,5.325375e-02
SGPTL,2992,2.156597e-03,1.827114e-04,5.327071e-02
SGPTL,2993,2.180681e-03,1.827114e-04,5.328900e-02
SGPTL,2994,2.266803e-03,1.827114e-04,5.330746e-02
SGPTL,2995,2.240972e-03,1.827114e-04,5.332446e-02
SGPTL,2996,2.117666e-03,1.827114e-04,5.334288e-02
SGPTL,2997,2.262805e-03,1.827114e-04,5.336129e-02
SGPTL,2998,2.197306e-03,1.827114e-04,5.337842e-02
SGPTL,2999,2.277591e-03,1.827114e-04,5.339671e-02
SGPTL,3000,2.139768e-03,1.827114e-04,5.341529e-02
SGPTL,3001,2.154202e-03,1.827114e-04,5.343250e-02
SGPTL,3002,2.125126e-03,1.827114e-04,5.345088e-02
SGPTL,3003,2.275550e-03,1.827114e-04,5.346954e-02
SGPTL,3004,2.230784e-03,1.827114e-04,5.348654e-02
SGPTL,3005,2.123808e-03,1.827114e-04,5.350488e-02
SGPTL,3006,2.249284e-03,1.827114e-04,5.352346e-02
SGPTL,3007,2.481516e-03,1.827114e-04,5.354054e-02
SGPTL,3008,2.542023e-03,1.827114e-04,5.355900e-02
SGPTL,3009,2.555610e-03,1.827114e-04,5.357733e-02
SGPTL,3010,2.417141e-03,1.827114e-04,5.359446e-02
SGPTL,3011,2.409242e-03,1.827114e-04,5.361321e-02
SGPTL,3012,2.357521e-03,1.827114e-04,5.363175e-02
SGPTL,3013,2.489387e-03,1.827114e-04,5.364871e-02
SGPTL,3014,2.417377e-03,1.827114e-04,5.366717e-02
SGPTL,3015,2.394974e-03,1.827114e-04,5.368575e-02
SGPTL,3016,2.363051e-03,1.827114e-04,5.370283e-02
SGPTL,3017,2.256797e-03,1.827114e-04,5.372146e-02
SGPTL,3018,2.131279e-03,1.827114e-04,5.374000e-02
SGPTL,3019,2.100674e-03,1.827114e-04,5.375704e-02
SGPTL,3020,1.990718e-03,1.827114e-04,5.377575e-02
SGPTL,3021,2.051243e-03,1.827114e-04,5.379438e-02
SGPTL,3022,1.913177e-03,1.827114e-04,5.381142e-02
SGPTL,3023,1.920205e-03,1.827114e-04,5.382992e-02
SGPTL,3024,1.926816e-03,1.827114e-04,5.384850e-02
SGPTL,3025,1.969055e-03,1.827114e-04,5.386550e-02
SGPTL,3026,2.127112e-03,1.827114e-04,5.388367e-02
SGPTL,3027,2.019270e-03,1.827114e-04,5.390208e-02
SGPTL,3028,2.033570e-03,1.827114e-04,5.391912e-02
SGPTL,3029,2.081551e-03,1.827114e-04,5.393788e-02
SGPTL,3030,2.180623e-03,1.827114e-04,5.395638e-02
SGPTL,3031,2.170171e-03,1.827114e-04,5.397329e-02
SGPTL,3032,2.199219e-03,1.827114e-04,5.399150e-02
SGPTL,3033,2.060719e-03,1.827114e-04,5.401004e-02
SGPTL,3034,2.005736e-03,1.827114e-04,5.402708e-02
SGPTL,3035,1.972328e-03,1.827114e-04,5.404821e-02
SGPTL,3036,1.770279e-03,1.827114e-04,5.406679e-02
SGPTL,3037,1.737033e-03,1.827114e-04,5.408400e-02
SGPTL,3038,1.765192e-03,1.827114e-04,5.410238e-02
SGPTL,3039,1.724601e-03,1.827114e-04,5.412042e-02
SGPTL,3040,1.756435e-03,1.827114e-04,5.413825e-02
SGPTL,3041,1.728996e-03,1.827114e-04,5.416633e-02
SGPTL,3042,1.782212e-03,1.827114e-04,5.418508e-02
SGPTL,3043,1.904974e-03,1.827114e-04,5.420233e-02
SGPTL,3044,1.982277e-03,1.827114e-04,5.422038e-02
SGPTL,3045,2.115244e-03,1.827114e-04,5.423858e-02
SGPTL,3046,2.117056e-03,1.827114e-04,5.425708e-02
SGPTL,3047,2.020252e-03,1.827114e-04,5.427513e-02
SGPTL,3048,1.969098e-03,1.827114e-04,5.429321e-02
SGPTL,3049,1.856641e-03,1.827114e-04,5.431163e-02
SGPTL,3050,1.855639e-03,1.827114e-04,5.432954e-02
SGPTL,3051,1.936437e-03,1.827114e-04,5.434704e-02
SGPTL,3052,1.893046e-03,1.827114e-04,5.436525e-02
SGPTL,3053,1.999298e-03,1.827114e-04,5.438313e-02
SGPTL,3054,2.141956e-03,1.827114e-04,5.440075e-02
SGPTL,3055,2.274725e-03,1.827114e-04,5.441900e-02
SGPTL,3056,2.205870e-03,1.827114e-04,5.443679e-02
SGPTL,3057,2.084341e-03,1.827114e-04,5.445508e-02
SGPTL,3058,2.075447e-03,1.827114e-04,5.447342e-02
SGPTL,3059,2.223946e-03,1.827114e-04,5.449054e-02
SGPTL,3060,2.196168e-03,1.827114e-04,5.450875e-02
SGPTL,3061,2.316810e-03,1.827114e-04,5.452713e-02
SGPTL,3062,2.348200e-03,1.827114e-04,5.454404e-02
SGPTL,3063,2.341534e-03,1.827114e-04,5.456225e-02
SGPTL,3064,2.369873e-03,1.827114e-04,5.458029e-02
SGPTL,3065,2.449730e-03,1.827114e-04,5.459796e-02
SGPTL,3066,2.485592e-03,1.827114e-04,5.461621e-02
SGPTL,3067,2.609451e-03,1.827114e-04,5.463454e-02
SGPTL,3068,2.645990e-03,1.827114e-04,5.465213e-02
SGPTL,3069,2.694042e-03,1.827114e-04,5.466925e-02
SGPTL,3070,2.536378e-03,1.827114e-04,5.468754e-02
SGPTL,3071,2.564707e-03,1.827114e-04,5.470463e-02
SGPTL,3072,2.341355e-03,1.827114e-04,5.472283e-02
SGPTL,3073,2.349279e-03,1.827114e-04,5.474083e-02
SGPTL,3074,2.394088e-03,1.827114e-04,5.475900e-02
SGPTL,3075,2.138992e-03,1.827114e-04,5.477725e-02
SGPTL,3076,2.148692e-03,1.827114e-04,5.479533e-02
SGPTL,3077,2.059084e-03,1.827114e-04,5.481242e-02
SGPTL,3078,2.034761e-03,1.827114e-04,5.483100e-02
SGPTL,3079,2.051735e-03,1.827114e-04,5.484938e-02
SGPTL,3080,2.171548e-03,1.827114e-04,5.486629e-02
SGPTL,3081,2.152764e-03,1.827114e-04,5.488442e-02
SGPTL,3082,2.059668e-03,1.827114e-04,5.490242e-02
SGPTL,3083,2.119763e-03,1.827114e-04,5.492013e-02
SGPTL,3084,2.272389e-03,1.827114e-04,5.493858e-02
SGPTL,3085,2.212158e-03,1.827114e-04,5.495692e-02
SGPTL,3086,2.033212e-03,1.827114e-04,5.497392e-02
SGPTL,3087,2.128799e-03,1.827114e-04,5.499217e-02
SGPTL,3088,2.194588e-03,1.827114e-04,5.501000e-02
SGPTL,3089,2.187316e-03,1.827114e-04,5.502788e-02
SGPTL,3090,2.138381e-03,1.827114e-04,5.504621e-02
SGPTL,3091,2.080995e-03,1.827114e-04,5.506463e-02
SGPTL,3092,1.953617e-03,1.827114e-04,5.508150e-02
SGPTL,3093,2.020817e-03,1.827114e-04,5.510000e-02
SGPTL,3094,2.178125e-03,1.827114e-04,5.511821e-02
SGPTL,3095,2.413565e-03,1.827114e-04,5.513633e-02
SGPTL,3096,2.285661e-03,1.827114e-04,5.515454e-02
SGPTL,3097,2.385500e-03,1.827114e-04,5.517229e-02
SGPTL,3098,2.295482e-03,1.827114e-04,5.519088e-02
SGPTL,3099,2.138360e-03,1.827114e-04,5.520946e-02
SGPTL,3100,2.113326e-03,1.827114e-04,5.522654e-02
SGPTL,3101,2.129071e-03,1.827114e-04,5.524496e-02
SGPTL,3102,2.043911e-03,1.827114e-04,5.526363e-02
SGPTL,3103,2.056614e-03,1.827114e-04,5.528088e-02
SGPTL,3104,2.041418e-03,1.827114e-04,5.529938e-02
SGPTL,3105,2.043259e-03,1.827114e-04,5.531779e-02
SGPTL,3106,2.109947e-03,1.827114e-04,5.533492e-02
SGPTL,3107,2.065624e-03,1.827114e-04,5.535346e-02
SGPTL,3108,2.185039e-03,1.827114e-04,5.537200e-02
SGPTL,3109,2.216215e-03,1.827114e-04,5.538908e-02
SGPTL,3110,2.159943e-03,1.827114e-04,5.540771e-02
SGPTL,3111,2.071044e-03,1.827114e-04,5.542625e-02
SGPTL,3112,2.190326e-03,1.827114e-04,5.544358e-02
SGPTL,3113,2.150462e-03,1.827114e-04,5.546208e-02
SGPTL,3114,1.983555e-03,1.827114e-04,5.548038e-02
SGPTL,3115,1.990868e-03,1.827114e-04,5.549813e-02
SGPTL,3116,2.161528e-03,1.827114e-04,5.551650e-02
SGPTL,3117,2.033903e-03,1.827114e-04,5.553392e-02
SGPTL,3118,1.959306e-03,1.827114e-04,5.555254e-02
SGPTL,3119,1.979222e-03,1.827114e-04,5.557100e-02
SGPTL,3120,2.109367e-03,1.827114e-04,5.558933e-02
SGPTL,3121,2.152757e-03,1.827114e-04,5.560775e-02
SGPTL,3122,2.188208e-03,1.827114e-04,5.562617e-02
SGPTL,3123,2.161690e-03,1.827114e-04,5.564400e-02
SGPTL,3124,2.117517e-03,1.827114e-04,5.566233e-02
SGPTL,3125,2.240142e-03,1.827114e-04,5.568092e-02
SGPTL,3126,2.292935e-03,1.827114e-04,5.569808e-02
SGPTL,3127,2.292639e-03,1.827114e-04,5.571667e-02
SGPTL,3128,2.205176e-03,1.827114e-04,5.573525e-02
SGPTL,3129,2.081058e-03,1.827114e-04,5.575354e-02
SGPTL,3130,2.072528e-03,1.827114e-04,5.577204e-02
SGPTL,3131,2.051047e-03,1.827114e-04,5.579046e-02
SGPTL,3132,2.032789e-03,1.827114e-04,5.580850e-02
SGPTL,3133,1.999590e-03,1.827114e-04,5.582696e-02
SGPTL,3134,2.064683e-03,1.827114e-04,5.584529e-02
SGPTL,3135,2.134350e-03,1.827114e-04,5.586233e-02
SGPTL,3136,2.037862e-03,1.827114e-04,5.588063e-02
SGPTL,3137,2.095132e-03,1.827114e-04,5.589904e-02
SGPTL,3138,2.402330e-03,1.827114e-04,5.591633e-02
SGPTL,3139,2.258147e-03,1.827114e-04,5.593475e-02
SGPTL,3140,2.234319e-03,1.827114e-04,5.595275e-02
SGPTL,3141,2.232700e-03,1.827114e-04,5.597108e-02
SGPTL,3142,2.221435e-03,1.827114e-04,5.598938e-02
SGPTL,3143,2.075473e-03,1.827114e-04,5.600775e-02
SGPTL,3144,2.186190e-03,1.827114e-04,5.602613e-02
SGPTL,3145,2.285097e-03,1.827114e-04,5.604354e-02
SGPTL,3146,2.299017e-03,1.827114e-04,5.606208e-02
SGPTL,3147,2.305542e-03,1.827114e-04,5.608071e-02
SGPTL,3148,2.408137e-03,1.827114e-04,5.609767e-02
SGPTL,3149,2.494094e-03,1.827114e-04,5.611613e-02
SGPTL,3150,2.387164e-03,1.827114e-04,5.613458e-02
SGPTL,3151,2.170245e-03,1.827114e-04,5.615179e-02
SGPTL,3152,2.083993e-03,1.827114e-04,5.617029e-02
SGPTL,3153,1.871240e-03,1.827114e-04,5.618888e-02
SGPTL,3154,1.784211e-03,1.827114e-04,5.620742e-02
SGPTL,3155,1.742689e-03,1.827114e-04,5.622579e-02
SGPTL,3156,1.828256e-03,1.827114e-04,5.624421e-02
SGPTL,3157,1.940508e-03,1.827114e-04,5.626204e-02
SGPTL,3158,1.961360e-03,1.827114e-04,5.628033e-02
SGPTL,3159,2.131584e-03,1.827114e-04,5.629871e-02
SGPTL,3160,2.321521e-03,1.827114e-04,5.631596e-02
SGPTL,3161,2.409959e-03,1.827114e-04,5.633446e-02
SGPTL,3162,2.662653e-03,1.827114e-04,5.635308e-02
SGPTL,3163,2.473406e-03,1.827114e-04,5.637450e-02
SGPTL,3164,2.178908e-03,1.827114e-04,5.639304e-02
SGPTL,3165,2.015836e-03,1.827114e-04,5.641171e-02
SGPTL,3166,1.890427e-03,1.827114e-04,5.642883e-02
SGPTL,3167,1.856961e-03,1.827114e-04,5.644763e-02
SGPTL,3168,1.943762e-03,1.827114e-04,5.646592e-02
SGPTL,3169,2.100730e-03,1.827114e-04,5.648313e-02
SGPTL,3170,2.210937e-03,1.827114e-04,5.650188e-02
SGPTL,3171,1.985578e-03,1.827114e-04,5.652017e-02
SGPTL,3172,1.983060e-03,1.827114e-04,5.653842e-02
SGPTL,3173,2.127788e-03,1.827114e-04,5.655667e-02
SGPTL,3174,2.326929e-03,1.827114e-04,5.657500e-02
SGPTL,3175,2.330713e-03,1.827114e-04,5.659221e-02
SGPTL,3176,2.238451e-03,1.827114e-04,5.661033e-02
SGPTL,3177,2.206380e-03,1.827114e-04,5.662833e-02
SGPTL,3178,2.327156e-03,1.827114e-04,5.664621e-02
SGPTL,3179,2.454619e-03,1.827114e-04,5.666421e-02
SGPTL,3180,2.238042e-03,1.827114e-04,5.668250e-02
SGPTL,3181,2.011481e-03,1.827114e-04,5.669975e-02
SGPTL,3182,2.025318e-03,1.827114e-04,5.671783e-02
SGPTL,3183,1.865714e-03,1.827114e-04,5.673592e-02
SGPTL,3184,1.795820e-03,1.827114e-04,5.675363e-02
SGPTL,3185,1.739419e-03,1.827114e-04,5.677188e-02
SGPTL,3186,1.841754e-03,1.827114e-04,5.679013e-02
SGPTL,3187,1.986746e-03,1.827114e-04,5.680729e-02
SGPTL,3188,2.120505e-03,1.827114e-04,5.682521e-02
SGPTL,3189,2.200974e-03,1.827114e-04,5.684325e-02
SGPTL,3190,2.454171e-03,1.827114e-04,5.686071e-02
SGPTL,3191,2.528220e-03,1.827114e-04,5.687879e-02
SGPTL,3192,2.563539e-03,1.827114e-04,5.689683e-02
SGPTL,3193,2.450839e-03,1.827114e-04,5.691450e-02
SGPTL,3194,2.495728e-03,1.827114e-04,5.693254e-02
SGPTL,3195,2.399987e-03,1.827114e-04,5.695058e-02
SGPTL,3196,2.196036e-03,1.827114e-04,5.696900e-02
SGPTL,3197,1.991202e-03,1.827114e-04,5.698708e-02
SGPTL,3198,1.923443e-03,1.827114e-04,5.700546e-02
SGPTL,3199,2.102785e-03,1.827114e-04,5.702304e-02
SGPTL,3200,2.107432e-03,1.827114e-04,5.704100e-02
SGPTL,3201,2.047135e-03,1.827114e-04,5.705917e-02
SGPTL,3202,2.082086e-03,1.827114e-04,5.707642e-02
SGPTL,3203,2.190989e-03,1.827114e-04,5.709429e-02
SGPTL,3204,2.252519e-03,1.827114e-04,5.711829e-02
SGPTL,3205,2.238080e-03,1.827114e-04,5.713658e-02
SGPTL,3206,2.276702e-03,1.827114e-04,5.715392e-02
SGPTL,3207,2.173540e-03,1.827114e-04,5.717217e-02
SGPTL,3208,2.037259e-03,1.827114e-04,5.719008e-02
SGPTL,3209,2.068484e-03,1.827114e-04,5.720825e-02
SGPTL,3210,2.052308e-03,1.827114e-04,5.722671e-02
SGPTL,3211,2.064804e-03,1.827114e-04,5.724375e-02
SGPTL,3212,2.007349e-03,1.827114e-04,5.726208e-02
SGPTL,3213,1.877287e-03,1.827114e-04,5.728021e-02
SGPTL,3214,1.816272e-03,1.827114e-04,5.729825e-02
SGPTL,3215,1.783392e-03,1.827114e-04,5.731654e-02
SGPTL,3216,1.741773e-03,1.827114e-04,5.733492e-02
SGPTL,3217,1.651196e-03,1.827114e-04,5.735221e-02
SGPTL,3218,1.714367e-03,1.827114e-04,5.737038e-02
SGPTL,3219,1.713536e-03,1.827114e-04,5.738846e-02
SGPTL,3220,1.820553e-03,1.827114e-04,5.740629e-02
SGPTL,3221,1.980395e-03,1.827114e-04,5.742471e-02
SGPTL,3222,2.185303e-03,1.827114e-04,5.744271e-02
SGPTL,3223,2.408144e-03,1.827114e-04,5.746088e-02
SGPTL,3224,2.267638e-03,1.827114e-04,5.747929e-02
SGPTL,3225,2.238158e-03,1.827114e-04,5.749633e-02
SGPTL,3226,2.250978e-03,1.827114e-04,5.751463e-02
SGPTL,3227,2.223372e-03,1.827114e-04,5.753263e-02
SGPTL,3228,2.134893e-03,1.827114e-04,5.755000e-02
SGPTL,3229,2.017742e-03,1.827114e-04,5.756829e-02
SGPTL,3230,2.086145e-03,1.827114e-04,5.758608e-02
SGPTL,3231,2.109707e-03,1.827114e-04,5.760358e-02
SGPTL,3232,1.988092e-03,1.827114e-04,5.762183e-02
SGPTL,3233,1.976842e-03,1.827114e-04,5.763971e-02
SGPTL,3234,1.853097e-03,1.827114e-04,5.765767e-02
SGPTL,3235,1.842133e-03,1.827114e-04,5.767608e-02
SGPTL,3236,1.828830e-03,1.827114e-04,5.769325e-02
SGPTL,3237,1.876380e-03,1.827114e-04,5.771171e-02
SGPTL,3238,1.866334e-03,1.827114e-04,5.772971e-02
SGPTL,3239,2.103707e-03,1.827114e-04,5.774729e-02
SGPTL,3240,2.375176e-03,1.827114e-04,5.776571e-02
SGPTL,3241,2.349205e-03,1.827114e-04,5.778408e-02
SGPTL,3242,2.462056e-03,1.827114e-04,5.780113e-02
SGPTL,3243,2.266326e-03,1.827114e-04,5.781921e-02
SGPTL,3244,2.183724e-03,1.827114e-04,5.783721e-02
SGPTL,3245,2.126944e-03,1.827114e-04,5.785475e-02
SGPTL,3246,2.189386e-03,1.827114e-04,5.787279e-02
SGPTL,3247,2.222501e-03,1.827114e-04,5.789067e-02
SGPTL,3248,2.304043e-03,1.827114e-04,5.790783e-02
SGPTL,3249,2.449025e-03,1.827114e-04,5.794104e-02
SGPTL,3250,2.530261e-03,1.827114e-04,5.797750e-02
SGPTL,3251,2.527543e-03,1.827114e-04,5.799600e-02
SGPTL,3252,2.371131e-03,1.827114e-04,5.801304e-02
SGPTL,3253,2.182921e-03,1.827114e-04,5.803150e-02
SGPTL,3254,2.128862e-03,1.827114e-04,5.804925e-02
SGPTL,3255,2.271795e-03,1.827114e-04,5.806700e-02
SGPTL,3256,2.308773e-03,1.827114e-04,5.808525e-02
SGPTL,3257,2.202256e-03,1.827114e-04,5.810342e-02
SGPTL,3258,2.239519e-03,1.827114e-04,5.812063e-02
SGPTL,3259,2.320172e-03,1.827114e-04,5.813883e-02
SGPTL,3260,2.387242e-03,1.827114e-04,5.815683e-02
SGPTL,3261,2.287635e-03,1.827114e-04,5.817442e-02
SGPTL,3262,2.291868e-03,1.827114e-04,5.819275e-02
SGPTL,3263,2.383603e-03,1.827114e-04,5.821063e-02
SGPTL,3264,2.205761e-03,1.827114e-04,5.822817e-02
SGPTL,3265,2.071913e-03,1.827114e-04,5.824646e-02
SGPTL,3266,2.101898e-03,1.827114e-04,5.826446e-02
SGPTL,3267,1.982817e-03,1.827114e-04,5.828192e-02
SGPTL,3268,2.101850e-03,1.827114e-04,5.830021e-02
SGPTL,3269,2.240455e-03,1.827114e-04,5.831829e-02
SGPTL,3270,2.132683e-03,1.827114e-04,5.833558e-02
SGPTL,3271,2.081404e-03,1.827114e-04,5.835375e-02
SGPTL,3272,2.208911e-03,1.827114e-04,5.837171e-02
SGPTL,3273,2.095829e-03,1.827114e-04,5.838921e-02
SGPTL,3274,1.892707e-03,1.827114e-04,5.840746e-02
SGPTL,3275,1.709279e-03,1.827114e-04,5.842554e-02
SGPTL,3276,1.732990e-03,1.827114e-04,5.844283e-02
SGPTL,3277,1.666530e-03,1.827114e-04,5.846125e-02
SGPTL,3278,1.650508e-03,1.827114e-04,5.847896e-02
SGPTL,3279,1.624477e-03,1.827114e-04,5.849679e-02
SGPTL,3280,1.684808e-03,1.827114e-04,5.851488e-02
SGPTL,3281,1.571528e-03,1.827114e-04,5.853317e-02
SGPTL,3282,1.563354e-03,1.827114e-04,5.855033e-02
SGPTL,3283,1.662858e-03,1.827114e-04,5.856871e-02
SGPTL,3284,1.809108e-03,1.827114e-04,5.858979e-02
SGPTL,3285,2.005416e-03,1.827114e-04,5.860663e-02
SGPTL,3286,2.111572e-03,1.827114e-04,5.862500e-02
SGPTL,3287,2.123544e-03,1.827114e-04,5.864271e-02
SGPTL,3288,2.427785e-03,1.827114e-04,5.866063e-02
SGPTL,3289,2.296192e-03,1.827114e-04,5.867900e-02
SGPTL,3290,2.229975e-03,1.827114e-04,5.869925e-02
SGPTL,3291,2.261052e-03,1.827114e-04,5.871600e-02
SGPTL,3292,2.143793e-03,1.827114e-04,5.873446e-02
SGPTL,3293,2.012234e-03,1.827114e-04,5.875229e-02
SGPTL,3294,2.059700e-03,1.827114e-04,5.877008e-02
SGPTL,3295,2.035592e-03,1.827114e-04,5.878846e-02
SGPTL,3296,1.932826e-03,1.827114e-04,5.880679e-02
SGPTL,3297,1.804606e-03,1.827114e-04,5.882392e-02
SGPTL,3298,1.733514e-03,1.827114e-04,5.884217e-02
SGPTL,3299,1.819743e-03,1.827114e-04,5.886000e-02
SGPTL,3300,1.973293e-03,1.827114e-04,5.887733e-02
SGPTL,3301,2.006012e-03,1.827114e-04,5.889554e-02
SGPTL,3302,2.108759e-03,1.827114e-04,5.891375e-02
SGPTL,3303,2.302316e-03,1.827114e-04,5.893063e-02
SGPTL,3304,2.393994e-03,1.827114e-04,5.894883e-02
SGPTL,3305,2.369585e-03,1.827114e-04,5.896675e-02
SGPTL,3306,2.349787e-03,1.827114e-04,5.898425e-02
SGPTL,3307,2.203174e-03,1.827114e-04,5.900242e-02
SGPTL,3308,2.220166e-03,1.827114e-04,5.902067e-02
SGPTL,3309,2.115449e-03,1.827114e-04,5.903788e-02
SGPTL,3310,2.112344e-03,1.827114e-04,5.905608e-02
SGPTL,3311,2.240507e-03,1.827114e-04,5.907396e-02
SGPTL,3312,2.298714e-03,1.827114e-04,5.909163e-02
SGPTL,3313,2.381057e-03,1.827114e-04,5.911029e-02
SGPTL,3314,2.176851e-03,1.827114e-04,5.912867e-02
SGPTL,3315,2.080985e-03,1.827114e-04,5.914642e-02
SGPTL,3316,2.069983e-03,1.827114e-04,5.916475e-02
SGPTL,3317,2.029365e-03,1.827114e-04,5.918308e-02
SGPTL,3318,2.099421e-03,1.827114e-04,5.920050e-02
SGPTL,3319,2.123687e-03,1.827114e-04,5.921875e-02
SGPTL,3320,2.123219e-03,1.827114e-04,5.923654e-02
SGPTL,3321,2.383030e-03,1.827114e-04,5.925450e-02
SGPTL,3322,2.369414e-03,1.827114e-04,5.927321e-02
SGPTL,3323,2.327105e-03,1.827114e-04,5.929154e-02
SGPTL,3324,2.303416e-03,1.827114e-04,5.930850e-02
SGPTL,3325,2.306139e-03,1.827114e-04,5.932688e-02
SGPTL,3326,2.252578e-03,1.827114e-04,5.934488e-02
SGPTL,3327,2.109906e-03,1.827114e-04,5.936258e-02
SGPTL,3328,2.113099e-03,1.827114e-04,5.938075e-02
SGPTL,3329,2.191581e-03,1.827114e-04,5.939892e-02
SGPTL,3330,2.435025e-03,1.827114e-04,5.941650e-02
SGPTL,3331,2.395597e-03,1.827114e-04,5.943475e-02
SGPTL,3332,2.446825e-03,1.827114e-04,5.945263e-02
SGPTL,3333,2.256265e-03,1.827114e-04,5.947004e-02
SGPTL,3334,2.069374e-03,1.827114e-04,5.948858e-02
SGPTL,3335,2.059206e-03,1.827114e-04,5.950679e-02
SGPTL,3336,2.107192e-03,1.827114e-04,5.952438e-02
SGPTL,3337,2.134402e-03,1.827114e-04,5.954263e-02
SGPTL,3338,1.906017e-03,1.827114e-04,5.956042e-02
SGPTL,3339,1.962137e-03,1.827114e-04,5.957825e-02
SGPTL,3340,2.029728e-03,1.827114e-04,5.959658e-02
SGPTL,3341,2.090547e-03,1.827114e-04,5.961492e-02
SGPTL,3342,2.140528e-03,1.827114e-04,5.963279e-02
SGPTL,3343,2.189746e-03,1.827114e-04,5.965117e-02
SGPTL,3344,2.346901e-03,1.827114e-04,5.966938e-02
SGPTL,3345,2.649495e-03,1.827114e-04,5.968746e-02
SGPTL,3346,2.482217e-03,1.827114e-04,5.970575e-02
SGPTL,3347,2.250261e-03,1.827114e-04,5.972288e-02
SGPTL,3348,2.173508e-03,1.827114e-04,5.974133e-02
SGPTL,3349,2.252476e-03,1.827114e-04,5.975967e-02
SGPTL,3350,2.199821e-03,1.827114e-04,5.977779e-02
SGPTL,3351,2.103297e-03,1.827114e-04,5.979504e-02
SGPTL,3352,1.951727e-03,1.827114e-04,5.981338e-02
SGPTL,3353,1.940690e-03,1.827114e-04,5.983163e-02
SGPTL,3354,1.845982e-03,1.827114e-04,5.984867e-02
SGPTL,3355,1.964482e-03,1.827114e-04,5.986713e-02
SGPTL,3356,2.122699e-03,1.827114e-04,5.988546e-02
SGPTL,3357,2.182594e-03,1.827114e-04,5.990283e-02
SGPTL,3358,2.279638e-03,1.827114e-04,5.992133e-02
SGPTL,3359,2.361580e-03,1.827114e-04,5.993938e-02
SGPTL,3360,2.247733e-03,1.827114e-04,5.995771e-02
SGPTL,3361,2.198169e-03,1.827114e-04,5.997600e-02
SGPTL,3362,2.244924e-03,1.827114e-04,5.999325e-02
SGPTL,3363,2.333359e-03,1.827114e-04,6.001158e-02
SGPTL,3364,2.206144e-03,1.827114e-04,6.002992e-02
SGPTL,3365,2.146769e-03,1.827114e-04,6.004813e-02
SGPTL,3366,2.128323e-03,1.827114e-04,6.006642e-02
SGPTL,3367,2.133042e-03,1.827114e-04,6.008475e-02
SGPTL,3368,2.204228e-03,1.827114e-04,6.010308e-02
SGPTL,3369,2.280040e-03,1.827114e-04,6.012154e-02
SGPTL,3370,2.245479e-03,1.827114e-04,6.013975e-02
SGPTL,3371,2.144031e-03,1.827114e-04,6.015796e-02
SGPTL,3372,2.077337e-03,1.827114e-04,6.017638e-02
SGPTL,3373,2.148820e-03,1.827114e-04,6.019483e-02
SGPTL,3374,2.108148e-03,1.827114e-04,6.021317e-02
SGPTL,3375,1.951964e-03,1.827114e-04,6.023071e-02
SGPTL,3376,1.909589e-03,1.827114e-04,6.024938e-02
SGPTL,3377,1.891248e-03,1.827114e-04,6.026800e-02
SGPTL,3378,1.994938e-03,1.827114e-04,6.028625e-02
SGPTL,3379,2.154560e-03,1.827114e-04,6.030467e-02
SGPTL,3380,2.176530e-03,1.827114e-04,6.032317e-02
SGPTL,3381,2.487869e-03,1.827114e-04,6.034117e-02
SGPTL,3382,2.499348e-03,1.827114e-04,6.035983e-02
SGPTL,3383,2.306806e-03,1.827114e-04,6.037858e-02
SGPTL,3384,2.136398e-03,1.827114e-04,6.048021e-02
SGPTL,3385,2.024499e-03,1.827114e-04,6.050629e-02
SGPTL,3386,2.063940e-03,1.827114e-04,6.052788e-02
SGPTL,3387,2.110097e-03,1.827114e-04,6.054833e-02
SGPTL,3388,2.093784e-03,1.827114e-04,6.056775e-02
SGPTL,3389,2.048781e-03,1.827114e-04,6.058658e-02
SGPTL,3390,2.122152e-03,1.827114e-04,6.060621e-02
SGPTL,3391,2.142043e-03,1.827114e-04,6.062596e-02
SGPTL,3392,2.172278e-03,1.827114e-04,6.064508e-02
SGPTL,3393,2.058325e-03,1.827114e-04,6.066333e-02
SGPTL,3394,1.929145e-03,1.827114e-04,6.068246e-02
SGPTL,3395,1.925939e-03,1.827114e-04,6.070125e-02
SGPTL,3396,2.154761e-03,1.827114e-04,6.071900e-02
SGPTL,3397,2.198975e-03,1.827114e-04,6.073775e-02
SGPTL,3398,2.190637e-03,1.827114e-04,6.075667e-02
SGPTL,3399,2.294124e-03,1.827114e-04,6.077450e-02
SGPTL,3400,2.312554e-03,1.827114e-04,6.079363e-02
SGPTL,3401,2.273917e-03,1.827114e-04,6.081121e-02
SGPTL,3402,2.283810e-03,1.827114e-04,6.083021e-02
SGPTL,3403,2.199789e-03,1.827114e-04,6.084913e-02
SGPTL,3404,2.245665e-03,1.827114e-04,6.086804e-02
SGPTL,3405,2.097761e-03,1.827114e-04,6.088554e-02
SGPTL,3406,2.110249e-03,1.827114e-04,6.090454e-02
SGPTL,3407,2.100877e-03,1.827114e-04,6.092329e-02
SGPTL,3408,2.111395e-03,1.827114e-04,6.094096e-02
SGPTL,3409,2.235197e-03,1.827114e-04,6.095979e-02
SGPTL,3410,2.321284e-03,1.827114e-04,6.097863e-02
SGPTL,3411,2.320426e-03,1.827114e-04,6.099625e-02
SGPTL,3412,2.347642e-03,1.827114e-04,6.101513e-02
SGPTL,3413,2.326256e-03,1.827114e-04,6.103396e-02
SGPTL,3414,2.401624e-03,1.827114e-04,6.105179e-02
SGPTL,3415,2.390640e-03,1.827114e-04,6.107071e-02
SGPTL,3416,2.453781e-03,1.827114e-04,6.108942e-02
SGPTL,3417,2.379146e-03,1.827114e-04,6.110721e-02
SGPTL,3418,2.332843e-03,1.827114e-04,6.113113e-02
SGPTL,3419,2.183616e-03,1.827114e-04,6.115050e-02
SGPTL,3420,2.144382e-03,1.827114e-04,6.116767e-02
SGPTL,3421,2.146030e-03,1.827114e-04,6.118654e-02
SGPTL,3422,2.298453e-03,1.827114e-04,6.120546e-02
SGPTL,3423,2.338380e-03,1.827114e-04,6.122325e-02
SGPTL,3424,2.284471e-03,1.827114e-04,6.124204e-02
SGPTL,3425,2.308905e-03,1.827114e-04,6.126079e-02
SGPTL,3426,2.217983e-03,1.827114e-04,6.127833e-02
SGPTL,3427,2.130580e-03,1.827114e-04,6.129696e-02
SGPTL,3428,2.150018e-03,1.827114e-04,6.131546e-02
SGPTL,3429,2.221727e-03,1.827114e-04,6.133292e-02
SGPTL,3430,2.078742e-03,1.827114e-04,6.135142e-02
SGPTL,3431,1.951743e-03,1.827114e-04,6.136996e-02
SGPTL,3432,2.001530e-03,1.827114e-04,6.138775e-02
SGPTL,3433,2.079565e-03,1.827114e-04,6.140650e-02
SGPTL,3434,2.117277e-03,1.827114e-04,6.142488e-02
SGPTL,3435,2.132852e-03,1.827114e-04,6.144279e-02
SGPTL,3436,2.089055e-03,1.827114e-04,6.146017e-02
SGPTL,3437,2.166143e-03,1.827114e-04,6.147829e-02
SGPTL,3438,2.123798e-03,1.827114e-04,6.149663e-02
SGPTL,3439,2.108036e-03,1.827114e-04,6.151529e-02
SGPTL,3440,2.080951e-03,1.827114e-04,6.153350e-02
SGPTL,3441,2.008264e-03,1.827114e-04,6.155133e-02
SGPTL,3442,1.772798e-03,1.827114e-04,6.157021e-02
SGPTL,3443,1.544212e-03,1.827114e-04,6.158867e-02
SGPTL,3444,1.638912e-03,1.827114e-04,6.160671e-02
SGPTL,3445,1.578414e-03,1.827114e-04,6.162550e-02
SGPTL,3446,1.522163e-03,1.827114e-04,6.164417e-02
SGPTL,3447,1.330410e-03,1.827114e-04,6.166275e-02
SGPTL,3448,1.250346e-03,1.827114e-04,6.168121e-02
SGPTL,3449,1.183455e-03,1.827114e-04,6.169929e-02
SGPTL,3450,1.187584e-03,1.827114e-04,6.171821e-02
SGPTL,3451,1.190485e-03,1.827114e-04,6.173717e-02
SGPTL,3452,1.137494e-03,1.827114e-04,6.175492e-02
SGPTL,3453,1.161612e-03,1.827114e-04,6.177392e-02
SGPTL,3454,1.210443e-03,1.827114e-04,6.179204e-02
SGPTL,3455,1.242958e-03,1.827114e-04,6.181058e-02
SGPTL,3456,1.228952e-03,1.827114e-04,6.182946e-02
SGPTL,3457,1.224900e-03,1.827114e-04,6.184663e-02
SGPTL,3458,1.172732e-03,1.827114e-04,6.186538e-02
SGPTL,3459,1.032802e-03,1.827114e-04,6.188288e-02
SGPTL,3460,9.712981e-04,1.827114e-04,6.190163e-02
SGPTL,3461,9.319739e-04,1.827114e-04,6.192017e-02
SGPTL,3462,9.115356e-04,1.827114e-04,6.193879e-02
SGPTL,3463,9.028732e-04,1.827114e-04,6.195758e-02
SGPTL,3464,8.894194e-04,1.827114e-04,6.197654e-02
SGPTL,3465,8.026451e-04,1.827114e-04,6.199479e-02
SGPTL,3466,7.556433e-04,1.827114e-04,6.201342e-02
SGPTL,3467,7.179377e-04,1.827114e-04,6.203179e-02
SGPTL,3468,7.078847e-04,1.827114e-04,6.205038e-02
SGPTL,3469,7.161645e-04,1.827114e-04,6.206883e-02
SGPTL,3470,7.348350e-04,1.827114e-04,6.208738e-02
SGPTL,3471,6.544023e-04,1.827114e-04,6.210617e-02
SGPTL,3472,5.812105e-04,1.827114e-04,6.212479e-02
SGPTL,3473,5.291131e-04,1.827114e-04,6.214342e-02
SGPTL,3474,5.108869e-04,1.827114e-04,6.216204e-02
SGPTL,3475,5.154089e-04,1.827114e-04,6.218071e-02
SGPTL,3476,5.383541e-04,1.827114e-04,6.219917e-02
SGPTL,3477,5.196395e-04,1.827114e-04,6.221750e-02
SGPTL,3478,4.797903e-04,1.827114e-04,6.223604e-02
SGPTL,3479,4.562191e-04,1.827114e-04,6.225471e-02
SGPTL,3480,4.501530e-04,1.827114e-04,6.227229e-02
SGPTL,3481,4.163559e-04,1.827114e-04,6.229079e-02
SGPTL,3482,3.814827e-04,1.827114e-04,6.230800e-02
SGPTL,3483,3.647171e-04,1.827114e-04,6.232646e-02
SGPTL,3484,3.536692e-04,1.827114e-04,6.234500e-02
SGPTL,3485,3.631241e-04,1.827114e-04,6.236242e-02
SGPTL,3486,3.408247e-04,1.827114e-04,6.238113e-02
SGPTL,3487,3.298516e-04,1.827114e-04,6.239950e-02
SGPTL,3488,3.071193e-04,1.827114e-04,6.241733e-02
SGPTL,3489,3.045408e-04,1.827114e-04,6.243604e-02
SGPTL,3490,2.941736e-04,1.827114e-04,6.245467e-02
SGPTL,3491,2.833837e-04,1.827114e-04,6.247217e-02
SGPTL,3492,2.593139e-04,1.827114e-04,6.249083e-02
SGPTL,3493,2.590126e-04,1.827114e-04,6.250946e-02
SGPTL,3494,2.562180e-04,1.827114e-04,6.252675e-02
SGPTL,3495,2.454347e-04,1.827114e-04,6.254533e-02
SGPTL,3496,2.434813e-04,1.827114e-04,6.256388e-02
SGPTL,3497,2.455849e-04,1.827114e-04,6.258142e-02
SGPTL,3498,2.391024e-04,1.827114e-04,6.260008e-02
SGPTL,3499,2.409499e-04,1.827114e-04,6.261863e-02
SGPTL,3500,2.494969e-04,1.827114e-04,6.263596e-02
SGPTL,3501,2.408298e-04,1.827114e-04,6.265438e-02
SGPTL,3502,2.282254e-04,1.827114e-04,6.267246e-02
SGPTL,3503,2.107972e-04,1.827114e-04,6.269063e-02
SGPTL,3504,1.915439e-04,1.827114e-04,6.270925e-02
SGPTL,3505,1.727975e-04,1.727975e-04,6.272929e-02
SGPTL,3506,1.595201e-04,1.595201e-04,6.274688e-02
SGPTL,3507,1.462914e-04,1.462914e-04,6.276575e-02
SGPTL,3508,1.416380e-04,1.416380e-04,6.278446e-02
SGPTL,3509,1.335366e-04,1.335366e-04,6.280204e-02
SGPTL,3510,1.174022e-04,1.174022e-04,6.282117e-02
SGPTL,3511,1.037403e-04,1.037403e-04,6.284017e-02
SGPTL,3512,9.294114e-05,9.294114e-05,6.285763e-02
SGPTL,3513,9.334543e-05,9.294114e-05,6.287617e-02
SGPTL,3514,1.094778e-04,9.294114e-05,6.289488e-02
SGPTL,3515,1.459292e-04,9.294114e-05,6.291254e-02
SGPTL,3516,1.904754e-04,9.294114e-05,6.293121e-02
SGPTL,3517,2.403716e-04,9.294114e-05,6.294813e-02
SGPTL,3518,3.331940e-04,9.294114e-05,6.296654e-02
SGPTL,3519,3.924406e-04,9.294114e-05,6.298500e-02
SGPTL,3520,4.746278e-04,9.294114e-05,6.300342e-02
SGPTL,3521,5.803268e-04,9.294114e-05,6.302175e-02
SGPTL,3522,7.091466e-04,9.294114e-05,6.304013e-02
SGPTL,3523,7.277769e-04,9.294114e-05,6.305867e-02
SGPTL,3524,7.599894e-04,9.294114e-05,6.307671e-02
SGPTL,3525,8.918005e-04,9.294114e-05,6.309504e-02
SGPTL,3526,1.101765e-03,9.294114e-05,6.311354e-02
SGPTL,3527,1.088144e-03,9.294114e-05,6.313213e-02
SGPTL,3528,1.090081e-03,9.294114e-05,6.315000e-02
SGPTL,3529,1.054231e-03,9.294114e-05,6.316846e-02
SGPTL,3530,1.093836e-03,9.294114e-05,6.318529e-02
SGPTL,3531,1.226859e-03,9.294114e-05,6.320367e-02
SGPTL,3532,1.294774e-03,9.294114e-05,6.322096e-02
SGPTL,3533,1.450634e-03,9.294114e-05,6.323938e-02
SGPTL,3534,1.583722e-03,9.294114e-05,6.325763e-02
SGPTL,3535,1.715731e-03,9.294114e-05,6.327558e-02
SGPTL,3536,1.680870e-03,9.294114e-05,6.329413e-02
SGPTL,3537,1.745332e-03,9.294114e-05,6.331271e-02
SGPTL,3538,1.730567e-03,9.294114e-05,6.333117e-02
SGPTL,3539,1.626799e-03,9.294114e-05,6.334946e-02
SGPTL,3540,1.708923e-03,9.294114e-05,6.336679e-02
SGPTL,3541,1.911387e-03,9.294114e-05,6.338521e-02
SGPTL,3542,2.016016e-03,9.294114e-05,6.340367e-02
SGPTL,3543,1.998141e-03,9.294114e-05,6.342133e-02
SGPTL,3544,2.115654e-03,9.294114e-05,6.343992e-02
SGPTL,3545,2.005794e-03,9.294114e-05,6.346133e-02
SGPTL,3546,2.089290e-03,9.294114e-05,6.348000e-02
SGPTL,3547,1.989861e-03,9.294114e-05,6.349833e-02
SGPTL,3548,1.948580e-03,9.294114e-05,6.351679e-02
SGPTL,3549,2.030767e-03,9.294114e-05,6.353533e-02
SGPTL,3550,2.178479e-03,9.294114e-05,6.355275e-02
SGPTL,3551,2.236892e-03,9.294114e-05,6.357117e-02
SGPTL,3552,1.924557e-03,9.294114e-05,6.358971e-02
SGPTL,3553,2.024270e-03,9.294114e-05,6.360704e-02
SGPTL,3554,2.100012e-03,9.294114e-05,6.362538e-02
SGPTL,3555,2.278897e-03,9.294114e-05,6.364363e-02
SGPTL,3556,2.355071e-03,9.294114e-05,6.366163e-02
SGPTL,3557,2.298391e-03,9.294114e-05,6.368000e-02
SGPTL,3558,2.319666e-03,9.294114e-05,6.369846e-02
SGPTL,3559,2.457537e-03,9.294114e-05,6.371713e-02
SGPTL,3560,2.402186e-03,9.294114e-05,6.373546e-02
SGPTL,3561,2.407145e-03,9.294114e-05,6.375267e-02
SGPTL,3562,2.546594e-03,9.294114e-05,6.377121e-02
SGPTL,3563,2.452414e-03,9.294114e-05,6.378975e-02
SGPTL,3564,2.220664e-03,9.294114e-05,6.380621e-02
SGPTL,3565,2.206969e-03,9.294114e-05,6.382463e-02
SGPTL,3566,2.266283e-03,9.294114e-05,6.384250e-02
SGPTL,3567,2.372775e-03,9.294114e-05,6.386096e-02
SGPTL,3568,2.444652e-03,9.294114e-05,6.387929e-02
SGPTL,3569,2.290777e-03,9.294114e-05,6.389629e-02
SGPTL,3570,2.368076e-03,9.294114e-05,6.391475e-02
SGPTL,3571,2.569132e-03,9.294114e-05,6.393308e-02
SGPTL,3572,2.491689e-03,9.294114e-05,6.395088e-02
SGPTL,3573,2.278929e-03,9.294114e-05,6.396929e-02
SGPTL,3574,2.102862e-03,9.294114e-05,6.398771e-02
SGPTL,3575,2.023396e-03,9.294114e-05,6.400592e-02
SGPTL,3576,2.130956e-03,9.294114e-05,6.402313e-02
SGPTL,3577,2.170518e-03,9.294114e-05,6.404129e-02
SGPTL,3578,2.137769e-03,9.294114e-05,6.405875e-02
SGPTL,3579,2.083063e-03,9.294114e-05,6.407725e-02
SGPTL,3580,1.985960e-03,9.294114e-05,6.409542e-02
SGPTL,3581,2.051118e-03,9.294114e-05,6.411296e-02
SGPTL,3582,2.258994e-03,9.294114e-05,6.413129e-02
SGPTL,3583,2.601272e-03,9.294114e-05,6.414975e-02
SGPTL,3584,2.767066e-03,9.294114e-05,6.416683e-02
SGPTL,3585,2.677992e-03,9.294114e-05,6.418517e-02
SGPTL,3586,2.813668e-03,9.294114e-05,6.420313e-02
SGPTL,3587,2.411203e-03,9.294114e-05,6.422104e-02
SGPTL,3588,2.310858e-03,9.294114e-05,6.423950e-02
SGPTL,3589,2.200534e-03,9.294114e-05,6.425779e-02
SGPTL,3590,2.346190e-03,9.294114e-05,6.427483e-02
SGPTL,3591,2.380150e-03,9.294114e-05,6.429317e-02
SGPTL,3592,2.426414e-03,9.294114e-05,6.431108e-02
SGPTL,3593,2.467230e-03,9.294114e-05,6.432863e-02
SGPTL,3594,2.405670e-03,9.294114e-05,6.434683e-02
SGPTL,3595,2.116183e-03,9.294114e-05,6.436513e-02
SGPTL,3596,2.209077e-03,9.294114e-05,6.438350e-02
SGPTL,3597,2.419216e-03,9.294114e-05,6.440192e-02
SGPTL,3598,2.547021e-03,9.294114e-05,6.441892e-02
SGPTL,3599,2.669242e-03,9.294114e-05,6.443704e-02
SGPTL,3600,2.484547e-03,9.294114e-05,6.445546e-02
SGPTL,3601,2.669899e-03,9.294114e-05,6.447267e-02
SGPTL,3602,2.634559e-03,9.294114e-05,6.449096e-02
SGPTL,3603,2.675341e-03,9.294114e-05,6.450908e-02
SGPTL,3604,2.630326e-03,9.294114e-05,6.452679e-02
SGPTL,3605,2.688007e-03,9.294114e-05,6.454508e-02
SGPTL,3606,2.578620e-03,9.294114e-05,6.456338e-02
SGPTL,3607,2.514355e-03,9.294114e-05,6.458067e-02
SGPTL,3608,2.265771e-03,9.294114e-05,6.459883e-02
SGPTL,3609,2.310524e-03,9.294114e-05,6.461688e-02
SGPTL,3610,2.428391e-03,9.294114e-05,6.463454e-02
SGPTL,3611,2.635934e-03,9.294114e-05,6.465288e-02
SGPTL,3612,2.795030e-03,9.294114e-05,6.467133e-02
SGPTL,3613,2.604349e-03,9.294114e-05,6.468917e-02
SGPTL,3614,2.546109e-03,9.294114e-05,6.470750e-02
SGPTL,3615,2.454412e-03,9.294114e-05,6.472600e-02
SGPTL,3616,2.364758e-03,9.294114e-05,6.474329e-02
SGPTL,3617,2.555183e-03,9.294114e-05,6.476146e-02
SGPTL,3618,2.479487e-03,9.294114e-05,6.477954e-02
SGPTL,3619,2.583670e-03,9.294114e-05,6.479721e-02
SGPTL,3620,2.898423e-03,9.294114e-05,6.481433e-02
SGPTL,3621,2.741116e-03,9.294114e-05,6.483263e-02
SGPTL,3622,2.418139e-03,9.294114e-05,6.485083e-02
SGPTL,3623,2.383355e-03,9.294114e-05,6.486767e-02
SGPTL,3624,2.399459e-03,9.294114e-05,6.488613e-02
SGPTL,3625,2.599963e-03,9.294114e-05,6.490379e-02
SGPTL,3626,2.631421e-03,9.294114e-05,6.492163e-02
SGPTL,3627,2.394988e-03,9.294114e-05,6.494017e-02
SGPTL,3628,2.439801e-03,9.294114e-05,6.495838e-02
SGPTL,3629,2.563083e-03,9.294114e-05,6.497554e-02
SGPTL,3630,2.556455e-03,9.294114e-05,6.499404e-02
SGPTL,3631,2.592017e-03,9.294114e-05,6.501258e-02
SGPTL,3632,2.594250e-03,9.294114e-05,6.502979e-02
SGPTL,3633,2.528843e-03,9.294114e-05,6.504813e-02
SGPTL,3634,2.547437e-03,9.294114e-05,6.506613e-02
SGPTL,3635,2.535702e-03,9.294114e-05,6.508388e-02
SGPTL,3636,2.398215e-03,9.294114e-05,6.510213e-02
SGPTL,3637,2.455970e-03,9.294114e-05,6.512038e-02
SGPTL,3638,2.386237e-03,9.294114e-05,6.513754e-02
SGPTL,3639,2.241669e-03,9.294114e-05,6.515583e-02
SGPTL,3640,2.199437e-03,9.294114e-05,6.517358e-02
SGPTL,3641,2.166268e-03,9.294114e-05,6.519138e-02
SGPTL,3642,2.094088e-03,9.294114e-05,6.520987e-02
SGPTL,3643,2.121747e-03,9.294114e-05,6.522813e-02
SGPTL,3644,2.088724e-03,9.294114e-05,6.524525e-02
SGPTL,3645,2.099256e-03,9.294114e-05,6.526333e-02
SGPTL,3646,2.250378e-03,9.294114e-05,6.528142e-02
SGPTL,3647,2.481159e-03,9.294114e-05,6.529908e-02
SGPTL,3648,2.621992e-03,9.294114e-05,6.531742e-02
SGPTL,3649,2.606890e-03,9.294114e-05,6.533575e-02
SGPTL,3650,2.693286e-03,9.294114e-05,6.535308e-02
SGPTL,3651,2.436149e-03,9.294114e-05,6.537146e-02
SGPTL,3652,2.469324e-03,9.294114e-05,6.538975e-02
SGPTL,3653,2.295148e-03,9.294114e-05,6.540713e-02
SGPTL,3654,2.082585e-03,9.294114e-05,6.542546e-02
SGPTL,3655,2.145871e-03,9.294114e-05,6.544363e-02
SGPTL,3656,2.006670e-03,9.294114e-05,6.546108e-02
SGPTL,3657,1.933295e-03,9.294114e-05,6.547946e-02
SGPTL,3658,1.977866e-03,9.294114e-05,6.549771e-02
SGPTL,3659,2.080293e-03,9.294114e-05,6.551492e-02
SGPTL,3660,2.223680e-03,9.294114e-05,6.553317e-02
SGPTL,3661,2.247293e-03,9.294114e-05,6.555600e-02
SGPTL,3662,2.142187e-03,9.294114e-05,6.557921e-02
SGPTL,3663,2.290229e-03,9.294114e-05,6.559650e-02
SGPTL,3664,2.321854e-03,9.294114e-05,6.561500e-02
SGPTL,3665,2.386286e-03,9.294114e-05,6.563333e-02
SGPTL,3666,2.242038e-03,9.294114e-05,6.565083e-02
SGPTL,3667,2.179011e-03,9.294114e-05,6.566929e-02
SGPTL,3668,2.154802e-03,9.294114e-05,6.568729e-02
SGPTL,3669,2.212319e-03,9.294114e-05,6.570488e-02
SGPTL,3670,2.447539e-03,9.294114e-05,6.572338e-02
SGPTL,3671,2.700329e-03,9.294114e-05,6.574175e-02
SGPTL,3672,2.646636e-03,9.294114e-05,6.576138e-02
SGPTL,3673,2.697444e-03,9.294114e-05,6.578008e-02
SGPTL,3674,2.629634e-03,9.294114e-05,6.579837e-02
SGPTL,3675,2.591780e-03,9.294114e-05,6.581563e-02
SGPTL,3676,2.480401e-03,9.294114e-05,6.583408e-02
SGPTL,3677,2.427226e-03,9.294114e-05,6.585275e-02
SGPTL,3678,2.466682e-03,9.294114e-05,6.586996e-02
SGPTL,3679,2.334909e-03,9.294114e-05,6.588817e-02
SGPTL,3680,2.418850e-03,9.294114e-05,6.590608e-02
SGPTL,3681,2.449823e-03,9.294114e-05,6.592354e-02
SGPTL,3682,2.448458e-03,9.294114e-05,6.594171e-02
SGPTL,3683,2.546577e-03,9.294114e-05,6.595979e-02
SGPTL,3684,2.633880e-03,9.294114e-05,6.597758e-02
SGPTL,3685,2.887848e-03,9.294114e-05,6.599592e-02
SGPTL,3686,2.975816e-03,9.294114e-05,6.601404e-02
SGPTL,3687,3.148661e-03,9.294114e-05,6.603213e-02
SGPTL,3688,3.182401e-03,9.294114e-05,6.605042e-02
SGPTL,3689,3.005141e-03,9.294114e-05,6.606746e-02
SGPTL,3690,3.009674e-03,9.294114e-05,6.608592e-02
SGPTL,3691,2.873626e-03,9.294114e-05,6.610388e-02
SGPTL,3692,2.766685e-03,9.294114e-05,6.612192e-02
SGPTL,3693,2.834329e-03,9.294114e-05,6.613996e-02
SGPTL,3694,2.766966e-03,9.294114e-05,6.615783e-02
SGPTL,3695,2.572163e-03,9.294114e-05,6.617621e-02
SGPTL,3696,2.592975e-03,9.294114e-05,6.619463e-02
SGPTL,3697,2.775251e-03,9.294114e-05,6.621183e-02
SGPTL,3698,2.535852e-03,9.294114e-05,6.623017e-02
SGPTL,3699,2.550359e-03,9.294114e-05,6.624838e-02
SGPTL,3700,2.590383e-03,9.294114e-05,6.626608e-02
SGPTL,3701,2.540781e-03,9.294114e-05,6.628429e-02
SGPTL,3702,2.538126e-03,9.294114e-05,6.630271e-02
SGPTL,3703,2.423401e-03,9.294114e-05,6.631975e-02
SGPTL,3704,2.403089e-03,9.294114e-05,6.633792e-02
SGPTL,3705,2.447820e-03,9.294114e-05,6.635608e-02
SGPTL,3706,2.478139e-03,9.294114e-05,6.637396e-02
SGPTL,3707,2.363978e-03,9.294114e-05,6.639217e-02
SGPTL,3708,2.231592e-03,9.294114e-05,6.641050e-02
SGPTL,3709,2.280592e-03,9.294114e-05,6.642888e-02
SGPTL,3710,2.364546e-03,9.294114e-05,6.644663e-02
SGPTL,3711,2.297026e-03,9.294114e-05,6.646492e-02
SGPTL,3712,2.179758e-03,9.294114e-05,6.648317e-02
SGPTL,3713,2.268966e-03,9.294114e-05,6.650029e-02
SGPTL,3714,2.389425e-03,9.294114e-05,6.651875e-02
SGPTL,3715,2.336933e-03,9.294114e-05,6.653721e-02
SGPTL,3716,2.283386e-03,9.294114e-05,6.655442e-02
SGPTL,3717,2.268034e-03,9.294114e-05,6.657267e-02
SGPTL,3718,2.374477e-03,9.294114e-05,6.659071e-02
SGPTL,3719,2.404732e-03,9.294114e-05,6.660846e-02
SGPTL,3720,2.260232e-03,9.294114e-05,6.662683e-02
SGPTL,3721,2.090496e-03,9.294114e-05,6.664508e-02
SGPTL,3722,1.853149e-03,9.294114e-05,6.666233e-02
SGPTL,3723,1.817095e-03,9.294114e-05,6.668067e-02
SGPTL,3724,1.766187e-03,9.294114e-05,6.669888e-02
SGPTL,3725,1.833292e-03,9.294114e-05,6.671663e-02
SGPTL,3726,1.826990e-03,9.294114e-05,6.673500e-02
SGPTL,3727,1.959005e-03,9.294114e-05,6.675325e-02
SGPTL,3728,2.115413e-03,9.294114e-05,6.677033e-02
SGPTL,3729,2.037753e-03,9.294114e-05,6.678850e-02
SGPTL,3730,2.105152e-03,9.294114e-05,6.680654e-02
SGPTL,3731,2.319233e-03,9.294114e-05,6.682429e-02
SGPTL,3732,2.335205e-03,9.294114e-05,6.684242e-02
SGPTL,3733,2.392577e-03,9.294114e-05,6.686063e-02
SGPTL,3734,2.306627e-03,9.294114e-05,6.687775e-02
SGPTL,3735,2.241403e-03,9.294114e-05,6.689600e-02
SGPTL,3736,2.281844e-03,9.294114e-05,6.691392e-02
SGPTL,3737,2.333130e-03,9.294114e-05,6.693150e-02
SGPTL,3738,2.445970e-03,9.294114e-05,6.694992e-02
SGPTL,3739,2.674323e-03,9.294114e-05,6.696792e-02
SGPTL,3740,2.945200e-03,9.294114e-05,6.698621e-02
SGPTL,3741,3.085247e-03,9.294114e-05,6.700458e-02
SGPTL,3742,2.826343e-03,9.294114e-05,6.702192e-02
SGPTL,3743,2.787990e-03,9.294114e-05,6.704008e-02
SGPTL,3744,2.636683e-03,9.294114e-05,6.705788e-02
SGPTL,3745,2.584968e-03,9.294114e-05,6.707571e-02
SGPTL,3746,2.596236e-03,9.294114e-05,6.709392e-02
SGPTL,3747,2.677858e-03,9.294114e-05,6.711208e-02
SGPTL,3748,2.816084e-03,9.294114e-05,6.712921e-02
SGPTL,3749,2.683974e-03,9.294114e-05,6.714746e-02
SGPTL,3750,2.628829e-03,9.294114e-05,6.716538e-02
SGPTL,3751,2.595722e-03,9.294114e-05,6.718367e-02
SGPTL,3752,2.792854e-03,9.294114e-05,6.720192e-02
SGPTL,3753,2.960215e-03,9.294114e-05,6.721896e-02
SGPTL,3754,2.839657e-03,9.294114e-05,6.723725e-02
SGPTL,3755,2.693802e-03,9.294114e-05,6.725533e-02
SGPTL,3756,2.574612e-03,9.294114e-05,6.727317e-02
SGPTL,3757,2.402058e-03,9.294114e-05,6.729142e-02
SGPTL,3758,2.357060e-03,9.294114e-05,6.730971e-02
SGPTL,3759,2.338582e-03,9.294114e-05,6.732679e-02
SGPTL,3760,2.355808e-03,9.294114e-05,6.734483e-02
SGPTL,3761,2.299542e-03,9.294114e-05,6.736279e-02
SGPTL,3762,2.300254e-03,9.294114e-05,6.738029e-02
SGPTL,3763,2.316078e-03,9.294114e-05,6.739883e-02
SGPTL,3764,2.615625e-03,9.294114e-05,6.741717e-02
SGPTL,3765,2.775766e-03,9.294114e-05,6.743421e-02
SGPTL,3766,2.906539e-03,9.294114e-05,6.745275e-02
SGPTL,3767,3.083836e-03,9.294114e-05,6.747113e-02
SGPTL,3768,3.317533e-03,9.294114e-05,6.748829e-02
SGPTL,3769,3.174909e-03,9.294114e-05,6.750654e-02
SGPTL,3770,2.926316e-03,9.294114e-05,6.752458e-02
SGPTL,3771,2.617988e-03,9.294114e-05,6.754217e-02
SGPTL,3772,2.342977e-03,9.294114e-05,6.756029e-02
SGPTL,3773,2.355343e-03,9.294114e-05,6.757850e-02
SGPTL,3774,2.341375e-03,9.294114e-05,6.759558e-02
SGPTL,3775,2.186494e-03,9.294114e-05,6.761396e-02
SGPTL,3776,2.115146e-03,9.294114e-05,6.763163e-02
SGPTL,3777,2.154544e-03,9.294114e-05,6.764942e-02
SGPTL,3778,2.220359e-03,9.294114e-05,6.766792e-02
SGPTL,3779,2.270560e-03,9.294114e-05,6.768617e-02
SGPTL,3780,2.237456e-03,9.294114e-05,6.770329e-02
SGPTL,3781,2.196509e-03,9.294114e-05,6.772158e-02
SGPTL,3782,2.251015e-03,9.294114e-05,6.773958e-02
SGPTL,3783,2.226881e-03,9.294114e-05,6.775721e-02
SGPTL,3784,2.381847e-03,9.294114e-05,6.777546e-02
SGPTL,3785,2.388896e-03,9.294114e-05,6.779362e-02
SGPTL,3786,2.257961e-03,9.294114e-05,6.781083e-02
SGPTL,3787,2.310396e-03,9.294114e-05,6.782908e-02
SGPTL,3788,2.336381e-03,9.294114e-05,6.784688e-02
SGPTL,3789,2.275483e-03,9.294114e-05,6.786425e-02
SGPTL,3790,2.346996e-03,9.294114e-05,6.788258e-02
SGPTL,3791,2.578733e-03,9.294114e-05,6.790096e-02
SGPTL,3792,2.348157e-03,9.294114e-05,6.791829e-02
SGPTL,3793,2.290182e-03,9.294114e-05,6.793638e-02
SGPTL,3794,2.275843e-03,9.294114e-05,6.795425e-02
SGPTL,3795,2.264184e-03,9.294114e-05,6.797171e-02
SGPTL,3796,2.240888e-03,9.294114e-05,6.799000e-02
SGPTL,3797,2.323773e-03,9.294114e-05,6.800796e-02
SGPTL,3798,2.413931e-03,9.294114e-05,6.802554e-02
SGPTL,3799,2.539705e-03,9.294114e-05,6.804388e-02
SGPTL,3800,2.695771e-03,9.294114e-05,6.806475e-02
SGPTL,3801,2.656615e-03,9.294114e-05,6.808196e-02
SGPTL,3802,2.659242e-03,9.294114e-05,6.810046e-02
SGPTL,3803,2.631633e-03,9.294114e-05,6.811883e-02
SGPTL,3804,2.490311e-03,9.294114e-05,6.813633e-02
SGPTL,3805,2.357722e-03,9.294114e-05,6.815488e-02
SGPTL,3806,2.293993e-03,9.294114e-05,6.817342e-02
SGPTL,3807,2.350541e-03,9.294114e-05,6.819075e-02
SGPTL,3808,2.478060e-03,9.294114e-05,6.820904e-02
SGPTL,3809,2.561303e-03,9.294114e-05,6.822721e-02
SGPTL,3810,2.675049e-03,9.294114e-05,6.824504e-02
SGPTL,3811,2.626499e-03,9.294114e-05,6.826333e-02
SGPTL,3812,2.451733e-03,9.294114e-05,6.828175e-02
SGPTL,3813,2.335470e-03,9.294114e-05,6.829896e-02
SGPTL,3814,2.475421e-03,9.294114e-05,6.831725e-02
SGPTL,3815,2.559781e-03,9.294114e-05,6.833554e-02
SGPTL,3816,2.582592e-03,9.294114e-05,6.835254e-02
SGPTL,3817,2.522650e-03,9.294114e-05,6.837063e-02
SGPTL,3818,2.486980e-03,9.294114e-05,6.838863e-02
SGPTL,3819,2.383825e-03,9.294114e-05,6.840608e-02
SGPTL,3820,2.369839e-03,9.294114e-05,6.842450e-02
SGPTL,3821,2.513485e-03,9.294114e-05,6.844279e-02
SGPTL,3822,2.740041e-03,9.294114e-05,6.846017e-02
SGPTL,3823,2.812002e-03,9.294114e-05,6.847854e-02
SGPTL,3824,2.871200e-03,9.294114e-05,6.849696e-02
SGPTL,3825,3.116722e-03,9.294114e-05,6.851442e-02
SGPTL,3826,3.316679e-03,9.294114e-05,6.853271e-02
SGPTL,3827,3.200450e-03,9.294114e-05,6.855063e-02
SGPTL,3828,2.928136e-03,9.294114e-05,6.856858e-02
SGPTL,3829,2.717395e-03,9.294114e-05,6.858683e-02
SGPTL,3830,2.573627e-03,9.294114e-05,6.860508e-02
SGPTL,3831,2.419425e-03,9.294114e-05,6.862238e-02
SGPTL,3832,2.462714e-03,9.294114e-05,6.864067e-02
SGPTL,3833,2.412892e-03,9.294114e-05,6.865867e-02
SGPTL,3834,2.433831e-03,9.294114e-05,6.867658e-02
SGPTL,3835,2.440722e-03,9.294114e-05,6.869496e-02
SGPTL,3836,2.351686e-03,9.294114e-05,6.871329e-02
SGPTL,3837,2.473618e-03,9.294114e-05,6.873038e-02
SGPTL,3838,2.581369e-03,9.294114e-05,6.874863e-02
SGPTL,3839,2.605570e-03,9.294114e-05,6.876679e-02
SGPTL,3840,2.526612e-03,9.294114e-05,6.878438e-02
SGPTL,3841,2.457449e-03,9.294114e-05,6.880254e-02
SGPTL,3842,2.575999e-03,9.294114e-05,6.882079e-02
SGPTL,3843,2.419150e-03,9.294114e-05,6.883813e-02
SGPTL,3844,2.141520e-03,9.294114e-05,6.885646e-02
SGPTL,3845,2.088246e-03,9.294114e-05,6.887479e-02
SGPTL,3846,2.022073e-03,9.294114e-05,6.889175e-02
SGPTL,3847,2.101462e-03,9.294114e-05,6.891025e-02
SGPTL,3848,2.207280e-03,9.294114e-05,6.892800e-02
SGPTL,3849,2.242924e-03,9.294114e-05,6.894613e-02
SGPTL,3850,2.269541e-03,9.294114e-05,6.896446e-02
SGPTL,3851,2.541680e-03,9.294114e-05,6.898204e-02
SGPTL,3852,2.570926e-03,9.294114e-05,6.900038e-02
SGPTL,3853,2.542660e-03,9.294114e-05,6.901842e-02
SGPTL,3854,2.393442e-03,9.294114e-05,6.903613e-02
SGPTL,3855,2.188568e-03,9.294114e-05,6.905446e-02
SGPTL,3856,2.235300e-03,9.294114e-05,6.907279e-02
SGPTL,3857,2.205689e-03,9.294114e-05,6.908992e-02
SGPTL,3858,2.192405e-03,9.294114e-05,6.910813e-02
SGPTL,3859,2.162137e-03,9.294114e-05,6.912633e-02
SGPTL,3860,2.127298e-03,9.294114e-05,6.914417e-02
SGPTL,3861,2.245646e-03,9.294114e-05,6.916254e-02
SGPTL,3862,2.288952e-03,9.294114e-05,6.918104e-02
SGPTL,3863,2.377347e-03,9.294114e-05,6.919925e-02
SGPTL,3864,2.407702e-03,9.294114e-05,6.922029e-02
SGPTL,3865,2.291679e-03,9.294114e-05,6.923783e-02
SGPTL,3866,2.481150e-03,9.294114e-05,6.925646e-02
SGPTL,3867,2.459552e-03,9.294114e-05,6.927388e-02
SGPTL,3868,2.504381e-03,9.294114e-05,6.929258e-02
SGPTL,3869,2.294639e-03,9.294114e-05,6.931146e-02
SGPTL,3870,2.229658e-03,9.294114e-05,6.932946e-02
SGPTL,3871,2.177740e-03,9.294114e-05,6.934804e-02
SGPTL,3872,2.352595e-03,9.294114e-05,6.936638e-02
SGPTL,3873,2.388603e-03,9.294114e-05,6.938354e-02
SGPTL,3874,2.500816e-03,9.294114e-05,6.940233e-02
SGPTL,3875,2.573577e-03,9.294114e-05,6.942100e-02
SGPTL,3876,2.729462e-03,9.294114e-05,6.943821e-02
SGPTL,3877,2.765341e-03,9.294114e-05,6.945875e-02
SGPTL,3878,2.498859e-03,9.294114e-05,6.947729e-02
SGPTL,3879,2.506901e-03,9.294114e-05,6.949575e-02
SGPTL,3880,2.577464e-03,9.294114e-05,6.951421e-02
SGPTL,3881,2.526113e-03,9.294114e-05,6.953192e-02
SGPTL,3882,2.484471e-03,9.294114e-05,6.955042e-02
SGPTL,3883,2.543636e-03,9.294114e-05,6.956875e-02
SGPTL,3884,2.559595e-03,9.294114e-05,6.958617e-02
SGPTL,3885,2.693473e-03,9.294114e-05,6.960429e-02
SGPTL,3886,2.652751e-03,9.294114e-05,6.962246e-02
SGPTL,3887,2.628607e-03,9.294114e-05,6.964033e-02
SGPTL,3888,2.646505e-03,9.294114e-05,6.965867e-02
SGPTL,3889,2.746210e-03,9.294114e-05,6.967717e-02
SGPTL,3890,2.644546e-03,9.294114e-05,6.969554e-02
SGPTL,3891,2.581018e-03,9.294114e-05,6.971388e-02
SGPTL,3892,2.409471e-03,9.294114e-05,6.973100e-02
SGPTL,3893,2.269508e-03,9.294114e-05,6.974925e-02
SGPTL,3894,2.242414e-03,9.294114e-05,6.976783e-02
SGPTL,3895,2.121320e-03,9.294114e-05,6.978525e-02
SGPTL,3896,2.179004e-03,9.294114e-05,6.980388e-02
SGPTL,3897,2.376377e-03,9.294114e-05,6.982208e-02
SGPTL,3898,2.483498e-03,9.294114e-05,6.983929e-02
SGPTL,3899,2.417261e-03,9.294114e-05,6.985767e-02
SGPTL,3900,2.699571e-03,9.294114e-05,6.987546e-02
SGPTL,3901,2.652210e-03,9.294114e-05,6.989358e-02
SGPTL,3902,2.369153e-03,9.294114e-05,6.991188e-02
SGPTL,3903,2.293211e-03,9.294114e-05,6.993033e-02
SGPTL,3904,2.281627e-03,9.294114e-05,6.994742e-02
SGPTL,3905,2.218276e-03,9.294114e-05,6.996583e-02
SGPTL,3906,2.208015e-03,9.294114e-05,6.998413e-02
SGPTL,3907,2.353999e-03,9.294114e-05,7.000254e-02
SGPTL,3908,2.384078e-03,9.294114e-05,7.002096e-02
SGPTL,3909,2.431431e-03,9.294114e-05,7.003917e-02
SGPTL,3910,2.550082e-03,9.294114e-05,7.005750e-02
SGPTL,3911,2.756924e-03,9.294114e-05,7.007525e-02
SGPTL,3912,2.875438e-03,9.294114e-05,7.009350e-02
SGPTL,3913,2.640248e-03,9.294114e-05,7.011196e-02
SGPTL,3914,2.548403e-03,9.294114e-05,7.012925e-02
SGPTL,3915,2.382284e-03,9.294114e-05,7.014779e-02
SGPTL,3916,2.259094e-03,9.294114e-05,7.016604e-02
SGPTL,3917,2.221803e-03,9.294114e-05,7.018342e-02
SGPTL,3918,2.308994e-03,9.294114e-05,7.020192e-02
SGPTL,3919,2.423977e-03,9.294114e-05,7.022008e-02
SGPTL,3920,2.373973e-03,9.294114e-05,7.023808e-02
SGPTL,3921,2.374075e-03,9.294114e-05,7.025692e-02
SGPTL,3922,2.468507e-03,9.294114e-05,7.027492e-02
SGPTL,3923,2.679826e-03,9.294114e-05,7.029325e-02
SGPTL,3924,2.522489e-03,9.294114e-05,7.031150e-02
SGPTL,3925,2.640303e-03,9.294114e-05,7.032867e-02
SGPTL,3926,2.508217e-03,9.294114e-05,7.034687e-02
SGPTL,3927,2.634697e-03,9.294114e-05,7.036621e-02
SGPTL,3928,2.732310e-03,9.294114e-05,7.038500e-02
SGPTL,3929,2.586817e-03,9.294114e-05,7.040263e-02
SGPTL,3930,2.648491e-03,9.294114e-05,7.042363e-02
SGPTL,3931,2.570520e-03,9.294114e-05,7.044188e-02
SGPTL,3932,2.671948e-03,9.294114e-05,7.045954e-02
SGPTL,3933,2.701206e-03,9.294114e-05,7.047796e-02
SGPTL,3934,2.595462e-03,9.294114e-05,7.049625e-02
SGPTL,3935,2.517927e-03,9.294114e-05,7.051342e-02
SGPTL,3936,2.522157e-03,9.294114e-05,7.053171e-02
SGPTL,3937,2.727756e-03,9.294114e-05,7.054950e-02
SGPTL,3938,2.786348e-03,9.294114e-05,7.056746e-02
SGPTL,3939,2.678692e-03,9.294114e-05,7.058588e-02
SGPTL,3940,2.549408e-03,9.294114e-05,7.060433e-02
SGPTL,3941,2.566304e-03,9.294114e-05,7.062138e-02
SGPTL,3942,2.661524e-03,9.294114e-05,7.063971e-02
SGPTL,3943,2.637782e-03,9.294114e-05,7.065808e-02
SGPTL,3944,2.615194e-03,9.294114e-05,7.067563e-02
SGPTL,3945,2.623087e-03,9.294114e-05,7.069388e-02
SGPTL,3946,2.436116e-03,9.294114e-05,7.071225e-02
SGPTL,3947,2.206231e-03,9.294114e-05,7.073092e-02
SGPTL,3948,2.352035e-03,9.294114e-05,7.074896e-02
SGPTL,3949,2.452992e-03,9.294114e-05,7.076600e-02
SGPTL,3950,2.372348e-03,9.294114e-05,7.078429e-02
SGPTL,3951,2.286733e-03,9.294114e-05,7.080229e-02
SGPTL,3952,2.289032e-03,9.294114e-05,7.082013e-02
SGPTL,3953,2.444032e-03,9.294114e-05,7.083863e-02
SGPTL,3954,2.361629e-03,9.294114e-05,7.085675e-02
SGPTL,3955,2.259940e-03,9.294114e-05,7.087396e-02
SGPTL,3956,2.322585e-03,9.294114e-05,7.089246e-02
SGPTL,3957,2.296213e-03,9.294114e-05,7.091079e-02
SGPTL,3958,2.312785e-03,9.294114e-05,7.092800e-02
SGPTL,3959,2.234640e-03,9.294114e-05,7.094617e-02
SGPTL,3960,2.184570e-03,9.294114e-05,7.096425e-02
SGPTL,3961,2.199180e-03,9.294114e-05,7.098213e-02
SGPTL,3962,2.190663e-03,9.294114e-05,7.100038e-02
SGPTL,3963,2.218659e-03,9.294114e-05,7.101879e-02
SGPTL,3964,2.160856e-03,9.294114e-05,7.103621e-02
SGPTL,3965,2.107494e-03,9.294114e-05,7.105438e-02
SGPTL,3966,2.258309e-03,9.294114e-05,7.107233e-02
SGPTL,3967,2.510425e-03,9.294114e-05,7.109042e-02
SGPTL,3968,2.496010e-03,9.294114e-05,7.110879e-02
SGPTL,3969,2.571494e-03,9.294114e-05,7.112721e-02
SGPTL,3970,2.607447e-03,9.294114e-05,7.114446e-02
SGPTL,3971,2.582193e-03,9.294114e-05,7.116283e-02
SGPTL,3972,2.636671e-03,9.294114e-05,7.118088e-02
SGPTL,3973,2.372590e-03,9.294114e-05,7.119879e-02
SGPTL,3974,2.477284e-03,9.294114e-05,7.121717e-02
SGPTL,3975,2.540118e-03,9.294114e-05,7.123563e-02
SGPTL,3976,2.433116e-03,9.294114e-05,7.125292e-02
SGPTL,3977,2.527953e-03,9.294114e-05,7.127096e-02
SGPTL,3978,2.575252e-03,9.294114e-05,7.128913e-02
SGPTL,3979,2.631312e-03,9.294114e-05,7.130696e-02
SGPTL,3980,2.685934e-03,9.294114e-05,7.132542e-02
SGPTL,3981,2.717295e-03,9.294114e-05,7.134421e-02
SGPTL,3982,2.707232e-03,9.294114e-05,7.136258e-02
SGPTL,3983,2.691675e-03,9.294114e-05,7.138071e-02
SGPTL,3984,2.645900e-03,9.294114e-05,7.139783e-02
SGPTL,3985,2.681618e-03,9.294114e-05,7.141617e-02
SGPTL,3986,2.656366e-03,9.294114e-05,7.143442e-02
SGPTL,3987,2.690730e-03,9.294114e-05,7.145204e-02
SGPTL,3988,2.623551e-03,9.294114e-05,7.147046e-02
SGPTL,3989,2.651031e-03,9.294114e-05,7.148863e-02
SGPTL,3990,2.632790e-03,9.294114e-05,7.150592e-02
SGPTL,3991,2.719852e-03,9.294114e-05,7.152425e-02
SGPTL,3992,2.834212e-03,9.294114e-05,7.154188e-02
SGPTL,3993,2.894212e-03,9.294114e-05,7.155975e-02
SGPTL,3994,2.783585e-03,9.294114e-05,7.157825e-02
SGPTL,3995,2.494072e-03,9.294114e-05,7.159692e-02
SGPTL,3996,2.447006e-03,9.294114e-05,7.161404e-02
SGPTL,3997,2.383250e-03,9.294114e-05,7.163263e-02
SGPTL,3998,2.256975e-03,9.294114e-05,7.165092e-02
SGPTL,3999,2.246420e-03,9.294114e-05,7.166829e-02
SGPTL,4000,2.258450e-03,9.294114e-05,7.168679e-02
SGPTL,4001,2.316654e-03,9.294114e-05,7.170442e-02
SGPTL,4002,2.524016e-03,9.294114e-05,7.172254e-02
SGPTL,4003,2.583673e-03,9.294114e-05,7.174079e-02
SGPTL,4004,2.654737e-03,9.294114e-05,7.175900e-02
SGPTL,4005,2.744289e-03,9.294114e-05,7.177637e-02
SGPTL,4006,2.774392e-03,9.294114e-05,7.179317e-02
SGPTL,4007,3.005499e-03,9.294114e-05,7.181171e-02
SGPTL,4008,2.744781e-03,9.294114e-05,7.183025e-02
SGPTL,4009,2.578830e-03,9.294114e-05,7.184754e-02
SGPTL,4010,2.453488e-03,9.294114e-05,7.186579e-02
SGPTL,4011,2.273962e-03,9.294114e-05,7.188388e-02
SGPTL,4012,2.212316e-03,9.294114e-05,7.190188e-02
SGPTL,4013,2.038205e-03,9.294114e-05,7.192008e-02
SGPTL,4014,2.063009e-03,9.294114e-05,7.193833e-02
SGPTL,4015,2.027714e-03,9.294114e-05,7.195563e-02
SGPTL,4016,2.024842e-03,9.294114e-05,7.197379e-02
SGPTL,4017,2.022495e-03,9.294114e-05,7.199196e-02
SGPTL,4018,2.027983e-03,9.294114e-05,7.200983e-02
SGPTL,4019,2.093417e-03,9.294114e-05,7.202821e-02
SGPTL,4020,2.064286e-03,9.294114e-05,7.204658e-02
SGPTL,4021,1.990081e-03,9.294114e-05,7.206479e-02
SGPTL,4022,1.769290e-03,9.294114e-05,7.208267e-02
SGPTL,4023,1.694874e-03,9.294114e-05,7.210046e-02
SGPTL,4024,1.667436e-03,9.294114e-05,7.211892e-02
SGPTL,4025,1.640277e-03,9.294114e-05,7.213704e-02
SGPTL,4026,1.635179e-03,9.294114e-05,7.215429e-02
SGPTL,4027,1.672316e-03,9.294114e-05,7.217275e-02
SGPTL,4028,1.566736e-03,9.294114e-05,7.219046e-02
SGPTL,4029,1.498421e-03,9.294114e-05,7.220846e-02
SGPTL,4030,1.584694e-03,9.294114e-05,7.222683e-02
SGPTL,4031,1.531167e-03,9.294114e-05,7.224517e-02
SGPTL,4032,1.531933e-03,9.294114e-05,7.226238e-02
SGPTL,4033,1.528818e-03,9.294114e-05,7.228079e-02
SGPTL,4034,1.517926e-03,9.294114e-05,7.229850e-02
SGPTL,4035,1.495753e-03,9.294114e-05,7.231633e-02
SGPTL,4036,1.649075e-03,9.294114e-05,7.233450e-02
SGPTL,4037,1.586453e-03,9.294114e-05,7.235271e-02
SGPTL,4038,1.517354e-03,9.294114e-05,7.237008e-02
SGPTL,4039,1.411189e-03,9.294114e-05,7.238850e-02
SGPTL,4040,1.364714e-03,9.294114e-05,7.240675e-02
SGPTL,4041,1.400320e-03,9.294114e-05,7.242429e-02
SGPTL,4042,1.379291e-03,9.294114e-05,7.244263e-02
SGPTL,4043,1.265346e-03,9.294114e-05,7.246083e-02
SGPTL,4044,1.263654e-03,9.294114e-05,7.247867e-02
SGPTL,4045,1.306667e-03,9.294114e-05,7.249704e-02
SGPTL,4046,1.297279e-03,9.294114e-05,7.251554e-02
SGPTL,4047,1.254109e-03,9.294114e-05,7.253271e-02
SGPTL,4048,1.222168e-03,9.294114e-05,7.255108e-02
SGPTL,4049,1.285995e-03,9.294114e-05,7.256879e-02
SGPTL,4050,1.280588e-03,9.294114e-05,7.258667e-02
SGPTL,4051,1.436592e-03,9.294114e-05,7.260504e-02
SGPTL,4052,1.364279e-03,9.294114e-05,7.262329e-02
SGPTL,4053,1.394459e-03,9.294114e-05,7.264138e-02
SGPTL,4054,1.292969e-03,9.294114e-05,7.266000e-02
SGPTL,4055,1.270415e-03,9.294114e-05,7.267921e-02
SGPTL,4056,1.332465e-03,9.294114e-05,7.269788e-02
SGPTL,4057,1.346803e-03,9.294114e-05,7.271617e-02
SGPTL,4058,1.329061e-03,9.294114e-05,7.273358e-02
SGPTL,4059,1.342375e-03,9.294114e-05,7.275204e-02
SGPTL,4060,1.355639e-03,9.294114e-05,7.277021e-02
SGPTL,4061,1.252925e-03,9.294114e-05,7.278733e-02
SGPTL,4062,1.197922e-03,9.294114e-05,7.280571e-02
SGPTL,4063,1.193078e-03,9.294114e-05,7.282421e-02
SGPTL,4064,1.145760e-03,9.294114e-05,7.284150e-02
SGPTL,4065,1.113135e-03,9.294114e-05,7.285975e-02
SGPTL,4066,1.193275e-03,9.294114e-05,7.287796e-02
SGPTL,4067,1.255369e-03,9.294114e-05,7.289571e-02
SGPTL,4068,1.290382e-03,9.294114e-05,7.291400e-02
SGPTL,4069,1.266685e-03,9.294114e-05,7.293233e-02
SGPTL,4070,1.276364e-03,9.294114e-05,7.295038e-02
SGPTL,4071,1.254405e-03,9.294114e-05,7.296896e-02
SGPTL,4072,1.219983e-03,9.294114e-05,7.298713e-02
SGPTL,4073,1.198622e-03,9.294114e-05,7.300496e-02
SGPTL,4074,1.155034e-03,9.294114e-05,7.302346e-02
SGPTL,4075,1.187269e-03,9.294114e-05,7.304196e-02
SGPTL,4076,1.197575e-03,9.294114e-05,7.305883e-02
SGPTL,4077,1.281835e-03,9.294114e-05,7.307704e-02
SGPTL,4078,1.309593e-03,9.294114e-05,7.309504e-02
SGPTL,4079,1.352772e-03,9.294114e-05,7.311321e-02
SGPTL,4080,1.311348e-03,9.294114e-05,7.313150e-02
SGPTL,4081,1.180573e-03,9.294114e-05,7.314975e-02
SGPTL,4082,1.169357e-03,9.294114e-05,7.316688e-02
SGPTL,4083,1.081361e-03,9.294114e-05,7.318542e-02
SGPTL,4084,1.065202e-03,9.294114e-05,7.320375e-02
SGPTL,4085,1.065467e-03,9.294114e-05,7.322192e-02
SGPTL,4086,1.068811e-03,9.294114e-05,7.324117e-02
SGPTL,4087,1.100918e-03,9.294114e-05,7.325963e-02
SGPTL,4088,1.197407e-03,9.294114e-05,7.327671e-02
SGPTL,4089,1.293244e-03,9.294114e-05,7.329508e-02
SGPTL,4090,1.345813e-03,9.294114e-05,7.331287e-02
SGPTL,4091,1.387696e-03,9.294114e-05,7.333075e-02
SGPTL,4092,1.357414e-03,9.294114e-05,7.334908e-02
SGPTL,4093,1.210533e-03,9.294114e-05,7.336763e-02
SGPTL,4094,1.161139e-03,9.294114e-05,7.338467e-02
SGPTL,4095,1.090735e-03,9.294114e-05,7.340283e-02
SGPTL,4096,1.091017e-03,9.294114e-05,7.342100e-02
SGPTL,4097,1.098625e-03,9.294114e-05,7.343875e-02
SGPTL,4098,1.028916e-03,9.294114e-05,7.345700e-02
SGPTL,4099,9.755426e-04,9.294114e-05,7.347550e-02
SGPTL,4100,1.041318e-03,9.294114e-05,7.349250e-02
SGPTL,4101,1.067061e-03,9.294114e-05,7.351079e-02
SGPTL,4102,1.060364e-03,9.294114e-05,7.352896e-02
SGPTL,4103,1.107437e-03,9.294114e-05,7.354663e-02
SGPTL,4104,1.055864e-03,9.294114e-05,7.356517e-02
SGPTL,4105,9.563930e-04,9.294114e-05,7.358333e-02
SGPTL,4106,9.389812e-04,9.294114e-05,7.360121e-02
SGPTL,4107,9.274457e-04,9.294114e-05,7.361950e-02
SGPTL,4108,9.419781e-04,9.294114e-05,7.363779e-02
SGPTL,4109,9.276349e-04,9.294114e-05,7.365496e-02
SGPTL,4110,8.807492e-04,9.294114e-05,7.367329e-02
SGPTL,4111,9.380801e-04,9.294114e-05,7.369163e-02
SGPTL,4112,1.024894e-03,9.294114e-05,7.370896e-02
SGPTL,4113,1.155570e-03,9.294114e-05,7.372738e-02
SGPTL,4114,1.209947e-03,9.294114e-05,7.374575e-02
SGPTL,4115,1.138537e-03,9.294114e-05,7.376317e-02
SGPTL,4116,1.080512e-03,9.294114e-05,7.378158e-02
SGPTL,4117,1.069388e-03,9.294114e-05,7.380013e-02
SGPTL,4118,1.029360e-03,9.294114e-05,7.381746e-02
SGPTL,4119,9.750972e-04,9.294114e-05,7.383608e-02
SGPTL,4120,9.837078e-04,9.294114e-05,7.385442e-02
SGPTL,4121,9.814674e-04,9.294114e-05,7.387163e-02
SGPTL,4122,9.645549e-04,9.294114e-05,7.388988e-02
SGPTL,4123,9.394595e-04,9.294114e-05,7.390775e-02
SGPTL,4124,1.032569e-03,9.294114e-05,7.392583e-02
SGPTL,4125,1.056654e-03,9.294114e-05,7.394454e-02
SGPTL,4126,1.086397e-03,9.294114e-05,7.396367e-02
SGPTL,4127,1.040135e-03,9.294114e-05,7.398067e-02
SGPTL,4128,1.001904e-03,9.294114e-05,7.399892e-02
SGPTL,4129,9.998857e-04,9.294114e-05,7.401696e-02
SGPTL,4130,1.005560e-03,9.294114e-05,7.403446e-02
SGPTL,4131,1.017550e-03,9.294114e-05,7.405292e-02
SGPTL,4132,1.093161e-03,9.294114e-05,7.407096e-02
SGPTL,4133,1.184794e-03,9.294114e-05,7.408871e-02
SGPTL,4134,1.208829e-03,9.294114e-05,7.410692e-02
SGPTL,4135,1.152060e-03,9.294114e-05,7.412521e-02
SGPTL,4136,1.037725e-03,9.294114e-05,7.414242e-02
SGPTL,4137,9.722062e-04,9.294114e-05,7.416079e-02
SGPTL,4138,9.391591e-04,9.294114e-05,7.417888e-02
SGPTL,4139,9.958710e-04,9.294114e-05,7.419658e-02
SGPTL,4140,1.070894e-03,9.294114e-05,7.421508e-02
SGPTL,4141,1.112731e-03,9.294114e-05,7.423342e-02
SGPTL,4142,1.185916e-03,9.294114e-05,7.425067e-02
SGPTL,4143,1.234686e-03,9.294114e-05,7.426908e-02
SGPTL,4144,1.211184e-03,9.294114e-05,7.428725e-02
SGPTL,4145,1.232828e-03,9.294114e-05,7.430492e-02
SGPTL,4146,1.186140e-03,9.294114e-05,7.432350e-02
SGPTL,4147,1.118438e-03,9.294114e-05,7.434200e-02
SGPTL,4148,1.089221e-03,9.294114e-05,7.435900e-02
SGPTL,4149,1.069613e-03,9.294114e-05,7.437721e-02
SGPTL,4150,1.036436e-03,9.294114e-05,7.439529e-02
SGPTL,4151,9.611614e-04,9.294114e-05,7.441329e-02
SGPTL,4152,9.487970e-04,9.294114e-05,7.443171e-02
SGPTL,4153,1.045773e-03,9.294114e-05,7.444992e-02
SGPTL,4154,1.053493e-03,9.294114e-05,7.446725e-02
SGPTL,4155,1.060681e-03,9.294114e-05,7.448558e-02
SGPTL,4156,1.017257e-03,9.294114e-05,7.450392e-02
SGPTL,4157,1.008986e-03,9.294114e-05,7.452125e-02
SGPTL,4158,1.067478e-03,9.294114e-05,7.453950e-02
SGPTL,4159,1.008892e-03,9.294114e-05,7.455771e-02
SGPTL,4160,1.027197e-03,9.294114e-05,7.457563e-02
SGPTL,4161,9.165373e-04,9.294114e-05,7.459404e-02
SGPTL,4162,8.975798e-04,9.294114e-05,7.461242e-02
SGPTL,4163,9.695754e-04,9.294114e-05,7.462963e-02
SGPTL,4164,1.004141e-03,9.294114e-05,7.464792e-02
SGPTL,4165,9.903116e-04,9.294114e-05,7.466592e-02
SGPTL,4166,9.331404e-04,9.294114e-05,7.468358e-02
SGPTL,4167,9.485386e-04,9.294114e-05,7.470204e-02
SGPTL,4168,9.637113e-04,9.294114e-05,7.471950e-02
SGPTL,4169,1.017115e-03,9.294114e-05,7.473775e-02
SGPTL,4170,1.045560e-03,9.294114e-05,7.475583e-02
SGPTL,4171,1.026419e-03,9.294114e-05,7.477346e-02
SGPTL,4172,1.001658e-03,9.294114e-05,7.479179e-02
SGPTL,4173,1.004583e-03,9.294114e-05,7.481029e-02
SGPTL,4174,9.622218e-04,9.294114e-05,7.482746e-02
SGPTL,4175,8.311582e-04,9.294114e-05,7.484596e-02
SGPTL,4176,8.399829e-04,9.294114e-05,7.486421e-02
SGPTL,4177,9.448775e-04,9.294114e-05,7.488175e-02
SGPTL,4178,1.023167e-03,9.294114e-05,7.490008e-02
SGPTL,4179,1.088160e-03,9.294114e-05,7.491863e-02
SGPTL,4180,1.099398e-03,9.294114e-05,7.493613e-02
SGPTL,4181,1.082365e-03,9.294114e-05,7.495442e-02
SGPTL,4182,9.734049e-04,9.294114e-05,7.497483e-02
SGPTL,4183,9.091950e-04,9.294114e-05,7.499213e-02
SGPTL,4184,8.330271e-04,9.294114e-05,7.501058e-02
SGPTL,4185,8.530792e-04,9.294114e-05,7.502925e-02
SGPTL,4186,8.766174e-04,9.294114e-05,7.504650e-02
SGPTL,4187,9.048142e-04,9.294114e-05,7.506475e-02
SGPTL,4188,9.641675e-04,9.294114e-05,7.508308e-02
SGPTL,4189,1.010740e-03,9.294114e-05,7.510113e-02
SGPTL,4190,1.055282e-03,9.294114e-05,7.511938e-02
SGPTL,4191,9.966712e-04,9.294114e-05,7.513767e-02
SGPTL,4192,9.995911e-04,9.294114e-05,7.515483e-02
SGPTL,4193,9.744657e-04,9.294114e-05,7.517304e-02
SGPTL,4194,8.601980e-04,9.294114e-05,7.519104e-02
SGPTL,4195,8.023912e-04,9.294114e-05,7.520908e-02
SGPTL,4196,8.121842e-04,9.294114e-05,7.522750e-02
SGPTL,4197,8.277726e-04,9.294114e-05,7.524575e-02
SGPTL,4198,8.389856e-04,9.294114e-05,7.526313e-02
SGPTL,4199,8.903585e-04,9.294114e-05,7.528121e-02
SGPTL,4200,9.389828e-04,9.294114e-05,7.529929e-02
SGPTL,4201,9.460328e-04,9.294114e-05,7.531688e-02
SGPTL,4202,1.007461e-03,9.294114e-05,7.533538e-02
SGPTL,4203,1.055818e-03,9.294114e-05,7.535383e-02
SGPTL,4204,1.078197e-03,9.294114e-05,7.537113e-02
SGPTL,4205,1.175068e-03,9.294114e-05,7.538933e-02
SGPTL,4206,1.051534e-03,9.294114e-05,7.540788e-02
SGPTL,4207,1.048219e-03,9.294114e-05,7.542508e-02
SGPTL,4208,1.019671e-03,9.294114e-05,7.544350e-02
SGPTL,4209,1.052378e-03,9.294114e-05,7.546188e-02
SGPTL,4210,1.181100e-03,9.294114e-05,7.547938e-02
SGPTL,4211,1.213301e-03,9.294114e-05,7.549763e-02
SGPTL,4212,1.161796e-03,9.294114e-05,7.551592e-02
SGPTL,4213,1.146668e-03,9.294114e-05,7.553467e-02
SGPTL,4214,1.174237e-03,9.294114e-05,7.555325e-02
SGPTL,4215,1.098816e-03,9.294114e-05,7.557063e-02
SGPTL,4216,1.053055e-03,9.294114e-05,7.558946e-02
SGPTL,4217,9.556842e-04,9.294114e-05,7.560804e-02
SGPTL,4218,9.547901e-04,9.294114e-05,7.562508e-02
SGPTL,4219,9.966177e-04,9.294114e-05,7.564375e-02
SGPTL,4220,1.098245e-03,9.294114e-05,7.566238e-02
SGPTL,4221,1.167365e-03,9.294114e-05,7.567946e-02
SGPTL,4222,1.263642e-03,9.294114e-05,7.569783e-02
SGPTL,4223,1.209521e-03,9.294114e-05,7.571663e-02
SGPTL,4224,1.274341e-03,9.294114e-05,7.573388e-02
SGPTL,4225,1.189227e-03,9.294114e-05,7.575271e-02
SGPTL,4226,1.157443e-03,9.294114e-05,7.577146e-02
SGPTL,4227,1.090839e-03,9.294114e-05,7.578971e-02
SGPTL,4228,1.027344e-03,9.294114e-05,7.580792e-02
SGPTL,4229,1.101206e-03,9.294114e-05,7.582508e-02
SGPTL,4230,1.120128e-03,9.294114e-05,7.584342e-02
SGPTL,4231,1.149704e-03,9.294114e-05,7.586133e-02
SGPTL,4232,1.011460e-03,9.294114e-05,7.587925e-02
SGPTL,4233,1.023098e-03,9.294114e-05,7.589754e-02
SGPTL,4234,1.089931e-03,9.294114e-05,7.591596e-02
SGPTL,4235,1.222171e-03,9.294114e-05,7.593317e-02
SGPTL,4236,1.289874e-03,9.294114e-05,7.595146e-02
SGPTL,4237,1.185432e-03,9.294114e-05,7.596958e-02
SGPTL,4238,1.137377e-03,9.294114e-05,7.598633e-02
SGPTL,4239,1.116173e-03,9.294114e-05,7.600488e-02
SGPTL,4240,1.191333e-03,9.294114e-05,7.602333e-02
SGPTL,4241,1.161801e-03,9.294114e-05,7.604063e-02
SGPTL,4242,1.113265e-03,9.294114e-05,7.605900e-02
SGPTL,4243,1.077674e-03,9.294114e-05,7.607763e-02
SGPTL,4244,1.038241e-03,9.294114e-05,7.609471e-02
SGPTL,4245,9.545743e-04,9.294114e-05,7.611313e-02
SGPTL,4246,9.805479e-04,9.294114e-05,7.613083e-02
SGPTL,4247,1.093398e-03,9.294114e-05,7.614875e-02
SGPTL,4248,1.178118e-03,9.294114e-05,7.616708e-02
SGPTL,4249,1.200724e-03,9.294114e-05,7.618542e-02
SGPTL,4250,1.216602e-03,9.294114e-05,7.620271e-02
SGPTL,4251,1.124339e-03,9.294114e-05,7.622125e-02
SGPTL,4252,1.211313e-03,9.294114e-05,7.623983e-02
SGPTL,4253,1.194387e-03,9.294114e-05,7.625758e-02
SGPTL,4254,1.127995e-03,9.294114e-05,7.627604e-02
SGPTL,4255,1.045001e-03,9.294114e-05,7.629363e-02
SGPTL,4256,1.047703e-03,9.294114e-05,7.631196e-02
SGPTL,4257,1.017632e-03,9.294114e-05,7.633013e-02
SGPTL,4258,9.493162e-04,9.294114e-05,7.634792e-02
SGPTL,4259,9.183772e-04,9.294114e-05,7.636646e-02
SGPTL,4260,8.780227e-04,9.294114e-05,7.638483e-02
SGPTL,4261,9.957119e-04,9.294114e-05,7.640196e-02
SGPTL,4262,1.011924e-03,9.294114e-05,7.642029e-02
SGPTL,4263,1.047544e-03,9.294114e-05,7.643892e-02
SGPTL,4264,1.104788e-03,9.294114e-05,7.645617e-02
SGPTL,4265,1.152099e-03,9.294114e-05,7.647450e-02
SGPTL,4266,1.034654e-03,9.294114e-05,7.649321e-02
SGPTL,4267,9.106501e-04,9.294114e-05,7.651063e-02
SGPTL,4268,8.710352e-04,9.294114e-05,7.652900e-02
SGPTL,4269,8.967753e-04,9.294114e-05,7.654692e-02
SGPTL,4270,9.177397e-04,9.294114e-05,7.656475e-02
SGPTL,4271,9.528151e-04,9.294114e-05,7.658313e-02
SGPTL,4272,1.042542e-03,9.294114e-05,7.660150e-02
SGPTL,4273,1.001677e-03,9.294114e-05,7.661929e-02
SGPTL,4274,1.026424e-03,9.294114e-05,7.663758e-02
SGPTL,4275,9.182930e-04,9.294114e-05,7.665596e-02
SGPTL,4276,8.873918e-04,9.294114e-05,7.667383e-02
SGPTL,4277,9.291920e-04,9.294114e-05,7.669200e-02
SGPTL,4278,9.068810e-04,9.294114e-05,7.671021e-02
SGPTL,4279,8.974889e-04,9.294114e-05,7.672808e-02
SGPTL,4280,8.039166e-04,9.294114e-05,7.674642e-02
SGPTL,4281,7.768641e-04,9.294114e-05,7.676488e-02
SGPTL,4282,7.909669e-04,9.294114e-05,7.678208e-02
SGPTL,4283,8.237379e-04,9.294114e-05,7.680033e-02
SGPTL,4284,9.422017e-04,9.294114e-05,7.681854e-02
SGPTL,4285,9.991683e-04,9.294114e-05,7.683654e-02
SGPTL,4286,9.686858e-04,9.294114e-05,7.685492e-02
SGPTL,4287,1.030037e-03,9.294114e-05,7.687317e-02
SGPTL,4288,1.031580e-03,9.294114e-05,7.689163e-02
SGPTL,4289,1.017225e-03,9.294114e-05,7.690992e-02
SGPTL,4290,9.715617e-04,9.294114e-05,7.692700e-02
SGPTL,4291,9.945837e-04,9.294114e-05,7.694554e-02
SGPTL,4292,9.504572e-04,9.294114e-05,7.696379e-02
SGPTL,4293,8.785234e-04,9.294114e-05,7.698208e-02
SGPTL,4294,9.020839e-04,9.294114e-05,7.699979e-02
SGPTL,4295,9.069588e-04,9.294114e-05,7.701817e-02
SGPTL,4296,9.361701e-04,9.294114e-05,7.703646e-02
SGPTL,4297,9.526714e-04,9.294114e-05,7.705379e-02
SGPTL,4298,9.398511e-04,9.294114e-05,7.707208e-02
SGPTL,4299,9.928580e-04,9.294114e-05,7.709058e-02
SGPTL,4300,1.051849e-03,9.294114e-05,7.710796e-02
SGPTL,4301,1.183319e-03,9.294114e-05,7.712638e-02
SGPTL,4302,1.233273e-03,9.294114e-05,7.714458e-02
SGPTL,4303,1.233468e-03,9.294114e-05,7.716258e-02
SGPTL,4304,1.214776e-03,9.294114e-05,7.718083e-02
SGPTL,4305,1.152670e-03,9.294114e-05,7.719925e-02
SGPTL,4306,1.112327e-03,9.294114e-05,7.721663e-02
SGPTL,4307,1.067135e-03,9.294114e-05,7.723496e-02
SGPTL,4308,1.063794e-03,9.294114e-05,7.725267e-02
SGPTL,4309,9.717145e-04,9.294114e-05,7.727067e-02
SGPTL,4310,9.939616e-04,9.294114e-05,7.729133e-02
SGPTL,4311,1.017623e-03,9.294114e-05,7.731008e-02
SGPTL,4312,9.973416e-04,9.294114e-05,7.732725e-02
SGPTL,4313,1.008094e-03,9.294114e-05,7.734567e-02
SGPTL,4314,1.040993e-03,9.294114e-05,7.736383e-02
SGPTL,4315,1.081542e-03,9.294114e-05,7.738183e-02
SGPTL,4316,1.125264e-03,9.294114e-05,7.740025e-02
SGPTL,4317,1.129984e-03,9.294114e-05,7.741846e-02
SGPTL,4318,1.153415e-03,9.294114e-05,7.743575e-02
SGPTL,4319,1.130657e-03,9.294114e-05,7.745408e-02
SGPTL,4320,1.138405e-03,9.294114e-05,7.747217e-02
SGPTL,4321,1.095628e-03,9.294114e-05,7.749000e-02
SGPTL,4322,1.119596e-03,9.294114e-05,7.750825e-02
SGPTL,4323,1.172143e-03,9.294114e-05,7.752650e-02
SGPTL,4324,1.180253e-03,9.294114e-05,7.754371e-02
SGPTL,4325,1.188005e-03,9.294114e-05,7.756188e-02
SGPTL,4326,1.193440e-03,9.294114e-05,7.758000e-02
SGPTL,4327,1.203254e-03,9.294114e-05,7.759817e-02
SGPTL,4328,1.117514e-03,9.294114e-05,7.761642e-02
SGPTL,4329,1.077052e-03,9.294114e-05,7.763417e-02
SGPTL,4330,1.029046e-03,9.294114e-05,7.765246e-02
SGPTL,4331,9.272749e-04,9.294114e-05,7.767050e-02
SGPTL,4332,8.630341e-04,9.294114e-05,7.768817e-02
SGPTL,4333,8.920454e-04,9.294114e-05,7.770629e-02
SGPTL,4334,9.298361e-04,9.294114e-05,7.772454e-02
SGPTL,4335,9.901678e-04,9.294114e-05,7.774200e-02
SGPTL,4336,9.646767e-04,9.294114e-05,7.776046e-02
SGPTL,4337,1.022055e-03,9.294114e-05,7.777858e-02
SGPTL,4338,1.079429e-03,9.294114e-05,7.779625e-02
SGPTL,4339,1.046911e-03,9.294114e-05,7.781471e-02
SGPTL,4340,9.934702e-04,9.294114e-05,7.783288e-02
SGPTL,4341,9.681145e-04,9.294114e-05,7.785029e-02
SGPTL,4342,9.546811e-04,9.294114e-05,7.786858e-02
SGPTL,4343,1.026534e-03,9.294114e-05,7.788679e-02
SGPTL,4344,1.024714e-03,9.294114e-05,7.790446e-02
SGPTL,4345,9.697017e-04,9.294114e-05,7.792267e-02
SGPTL,4346,9.270849e-04,9.294114e-05,7.794088e-02
SGPTL,4347,9.312771e-04,9.294114e-05,7.795808e-02
SGPTL,4348,1.011289e-03,9.294114e-05,7.797642e-02
SGPTL,4349,1.097731e-03,9.294114e-05,7.799446e-02
SGPTL,4350,1.120640e-03,9.294114e-05,7.801204e-02
SGPTL,4351,1.110319e-03,9.294114e-05,7.803046e-02
SGPTL,4352,1.130760e-03,9.294114e-05,7.804871e-02
SGPTL,4353,1.119140e-03,9.294114e-05,7.806608e-02
SGPTL,4354,1.153317e-03,9.294114e-05,7.808454e-02
SGPTL,4355,1.129959e-03,9.294114e-05,7.810296e-02
SGPTL,4356,1.087043e-03,9.294114e-05,7.812042e-02
SGPTL,4357,1.015189e-03,9.294114e-05,7.813863e-02
SGPTL,4358,9.920736e-04,9.294114e-05,7.815688e-02
SGPTL,4359,9.173891e-04,9.294114e-05,7.817458e-02
SGPTL,4360,9.127596e-04,9.294114e-05,7.819296e-02
SGPTL,4361,9.138099e-04,9.294114e-05,7.821121e-02
SGPTL,4362,9.441847e-04,9.294114e-05,7.822871e-02
SGPTL,4363,9.964542e-04,9.294114e-05,7.824708e-02
SGPTL,4364,1.074130e-03,9.294114e-05,7.826538e-02
SGPTL,4365,1.156691e-03,9.294114e-05,7.828321e-02
SGPTL,4366,1.179157e-03,9.294114e-05,7.830175e-02
SGPTL,4367,1.201213e-03,9.294114e-05,7.832013e-02
SGPTL,4368,1.176767e-03,9.294114e-05,7.833663e-02
SGPTL,4369,1.178780e-03,9.294114e-05,7.835521e-02
SGPTL,4370,1.155909e-03,9.294114e-05,7.837246e-02
SGPTL,4371,1.129514e-03,9.294114e-05,7.839083e-02
SGPTL,4372,1.112149e-03,9.294114e-05,7.840925e-02
SGPTL,4373,1.079439e-03,9.294114e-05,7.842750e-02
SGPTL,4374,1.136243e-03,9.294114e-05,7.844571e-02
SGPTL,4375,1.209947e-03,9.294114e-05,7.846313e-02
SGPTL,4376,1.238337e-03,9.294114e-05,7.848142e-02
SGPTL,4377,1.328850e-03,9.294114e-05,7.849925e-02
SGPTL,4378,1.245387e-03,9.294114e-05,7.851783e-02
SGPTL,4379,1.215900e-03,9.294114e-05,7.853650e-02
SGPTL,4380,1.157818e-03,9.294114e-05,7.855471e-02
SGPTL,4381,1.162624e-03,9.294114e-05,7.857308e-02
SGPTL,4382,1.179305e-03,9.294114e-05,7.859154e-02
SGPTL,4383,1.093342e-03,9.294114e-05,7.860992e-02
SGPTL,4384,1.021169e-03,9.294114e-05,7.862846e-02
SGPTL,4385,9.899534e-04,9.294114e-05,7.864546e-02
SGPTL,4386,9.833483e-04,9.294114e-05,7.866387e-02
SGPTL,4387,9.969654e-04,9.294114e-05,7.868146e-02
SGPTL,4388,9.852678e-04,9.294114e-05,7.869992e-02
SGPTL,4389,1.049166e-03,9.294114e-05,7.871821e-02
SGPTL,4390,1.086985e-03,9.294114e-05,7.873667e-02
SGPTL,4391,1.080613e-03,9.294114e-05,7.875508e-02
SGPTL,4392,1.114225e-03,9.294114e-05,7.877367e-02
SGPTL,4393,1.124668e-03,9.294114e-05,7.879208e-02
SGPTL,4394,1.065376e-03,9.294114e-05,7.881067e-02
SGPTL,4395,9.956145e-04,9.294114e-05,7.882892e-02
SGPTL,4396,9.973733e-04,9.294114e-05,7.884621e-02
SGPTL,4397,9.919871e-04,9.294114e-05,7.886479e-02
SGPTL,4398,9.686510e-04,9.294114e-05,7.888308e-02
SGPTL,4399,9.777341e-04,9.294114e-05,7.890075e-02
SGPTL,4400,9.394760e-04,9.294114e-05,7.891917e-02
SGPTL,4401,9.358693e-04,9.294114e-05,7.893788e-02
SGPTL,4402,9.396744e-04,9.294114e-05,7.895608e-02
SGPTL,4403,9.722493e-04,9.294114e-05,7.897450e-02
SGPTL,4404,9.791003e-04,9.294114e-05,7.899183e-02
SGPTL,4405,9.721938e-04,9.294114e-05,7.901046e-02
SGPTL,4406,9.525337e-04,9.294114e-05,7.902908e-02
SGPTL,4407,9.538375e-04,9.294114e-05,7.904729e-02
SGPTL,4408,9.708105e-04,9.294114e-05,7.906583e-02
SGPTL,4409,9.544580e-04,9.294114e-05,7.908438e-02
SGPTL,4410,9.428161e-04,9.294114e-05,7.910133e-02
SGPTL,4411,9.095660e-04,9.294114e-05,7.911979e-02
SGPTL,4412,8.154556e-04,9.294114e-05,7.913792e-02
SGPTL,4413,8.092377e-04,9.294114e-05,7.915608e-02
SGPTL,4414,8.306752e-04,9.294114e-05,7.917458e-02
SGPTL,4415,8.637576e-04,9.294114e-05,7.919196e-02
SGPTL,4416,9.130709e-04,9.294114e-05,7.921029e-02
SGPTL,4417,9.362094e-04,9.294114e-05,7.922875e-02
SGPTL,4418,9.507979e-04,9.294114e-05,7.924671e-02
SGPTL,4419,1.027379e-03,9.294114e-05,7.926529e-02
SGPTL,4420,1.129611e-03,9.294114e-05,7.928371e-02
SGPTL,4421,1.009797e-03,9.294114e-05,7.930113e-02
SGPTL,4422,9.517458e-04,9.294114e-05,7.931963e-02
SGPTL,4423,8.995366e-04,9.294114e-05,7.933808e-02
SGPTL,4424,7.859539e-04,9.294114e-05,7.935638e-02
SGPTL,4425,7.981341e-04,9.294114e-05,7.937504e-02
SGPTL,4426,8.484500e-04,9.294114e-05,7.939333e-02
SGPTL,4427,8.864987e-04,9.294114e-05,7.941058e-02
SGPTL,4428,9.267279e-04,9.294114e-05,7.942908e-02
SGPTL,4429,8.890628e-04,9.294114e-05,7.944746e-02
SGPTL,4430,8.992017e-04,9.294114e-05,7.946492e-02
SGPTL,4431,9.637245e-04,9.294114e-05,7.948342e-02
SGPTL,4432,9.816479e-04,9.294114e-05,7.950217e-02
SGPTL,4433,9.449135e-04,9.294114e-05,7.951954e-02
SGPTL,4434,8.573882e-04,9.294114e-05,7.953804e-02
SGPTL,4435,9.034880e-04,9.294114e-05,7.955671e-02
SGPTL,4436,9.410992e-04,9.294114e-05,7.957413e-02
SGPTL,4437,9.947975e-04,9.294114e-05,7.959513e-02
SGPTL,4438,9.455573e-04,9.294114e-05,7.961388e-02
SGPTL,4439,8.912625e-04,9.294114e-05,7.963117e-02
SGPTL,4440,9.213474e-04,9.294114e-05,7.964979e-02
SGPTL,4441,9.423805e-04,9.294114e-05,7.966804e-02
SGPTL,4442,9.805706e-04,9.294114e-05,7.968625e-02
SGPTL,4443,1.009877e-03,9.294114e-05,7.970513e-02
SGPTL,4444,1.074334e-03,9.294114e-05,7.972221e-02
SGPTL,4445,1.287072e-03,9.294114e-05,7.974054e-02
SGPTL,4446,1.331342e-03,9.294114e-05,7.975904e-02
SGPTL,4447,1.476288e-03,9.294114e-05,7.977642e-02
SGPTL,4448,1.336254e-03,9.294114e-05,7.979488e-02
SGPTL,4449,1.200814e-03,9.294114e-05,7.981271e-02
SGPTL,4450,1.087745e-03,9.294114e-05,7.983063e-02
SGPTL,4451,1.016073e-03,9.294114e-05,7.984904e-02
SGPTL,4452,1.002823e-03,9.294114e-05,7.986738e-02
SGPTL,4453,1.010483e-03,9.294114e-05,7.988454e-02
SGPTL,4454,9.845261e-04,9.294114e-05,7.990296e-02
SGPTL,4455,9.600827e-04,9.294114e-05,7.992183e-02
SGPTL,4456,9.733676e-04,9.294114e-05,7.994029e-02
SGPTL,4457,1.085261e-03,9.294114e-05,7.995858e-02
SGPTL,4458,1.063446e-03,9.294114e-05,7.997563e-02
SGPTL,4459,1.120940e-03,9.294114e-05,7.999392e-02
SGPTL,4460,1.096749e-03,9.294114e-05,8.001096e-02
SGPTL,4461,1.189593e-03,9.294114e-05,8.002921e-02
SGPTL,4462,1.132558e-03,9.294114e-05,8.004746e-02
SGPTL,4463,1.066842e-03,9.294114e-05,8.006575e-02
SGPTL,4464,1.027695e-03,9.294114e-05,8.008429e-02
SGPTL,4465,1.054710e-03,9.294114e-05,8.010254e-02
SGPTL,4466,1.158501e-03,9.294114e-05,8.012117e-02
SGPTL,4467,1.133317e-03,9.294114e-05,8.013967e-02
SGPTL,4468,1.012406e-03,9.294114e-05,8.015817e-02
SGPTL,4469,9.511546e-04,9.294114e-05,8.017521e-02
SGPTL,4470,9.336641e-04,9.294114e-05,8.019379e-02
SGPTL,4471,9.669565e-04,9.294114e-05,8.021250e-02
SGPTL,4472,1.046874e-03,9.294114e-05,8.022979e-02
SGPTL,4473,1.051961e-03,9.294114e-05,8.024813e-02
SGPTL,4474,1.047255e-03,9.294114e-05,8.026621e-02
SGPTL,4475,1.031267e-03,9.294114e-05,8.028463e-02
SGPTL,4476,1.031748e-03,9.294114e-05,8.030300e-02
SGPTL,4477,1.049902e-03,9.294114e-05,8.032133e-02
SGPTL,4478,1.067391e-03,9.294114e-05,8.033867e-02
SGPTL,4479,1.219610e-03,9.294114e-05,8.035700e-02
SGPTL,4480,1.334682e-03,9.294114e-05,8.037542e-02
SGPTL,4481,1.431348e-03,9.294114e-05,8.039279e-02
SGPTL,4482,1.383435e-03,9.294114e-05,8.041358e-02
SGPTL,4483,1.337661e-03,9.294114e-05,8.043267e-02
SGPTL,4484,1.280873e-03,9.294114e-05,8.045121e-02
SGPTL,4485,1.076941e-03,9.294114e-05,8.046888e-02
SGPTL,4486,1.068381e-03,9.294114e-05,8.048729e-02
SGPTL,4487,1.034385e-03,9.294114e-05,8.050558e-02
SGPTL,4488,1.028973e-03,9.294114e-05,8.052296e-02
SGPTL,4489,1.016229e-03,9.294114e-05,8.054104e-02
SGPTL,4490,1.053047e-03,9.294114e-05,8.055917e-02
SGPTL,4491,1.120045e-03,9.294114e-05,8.057696e-02
SGPTL,4492,1.167291e-03,9.294114e-05,8.059558e-02
SGPTL,4493,1.225919e-03,9.294114e-05,8.061392e-02
SGPTL,4494,1.157257e-03,9.294114e-05,8.063125e-02
SGPTL,4495,1.093967e-03,9.294114e-05,8.064954e-02
SGPTL,4496,9.601818e-04,9.294114e-05,8.066767e-02
SGPTL,4497,9.519798e-04,9.294114e-05,8.068554e-02
SGPTL,4498,9.451253e-04,9.294114e-05,8.070400e-02
SGPTL,4499,8.766728e-04,9.294114e-05,8.072225e-02
SGPTL,4500,9.095912e-04,9.294114e-05,8.073933e-02
SGPTL,4501,9.791437e-04,9.294114e-05,8.075767e-02
SGPTL,4502,9.723603e-04,9.294114e-05,8.077583e-02
SGPTL,4503,1.001483e-03,9.294114e-05,8.079371e-02
SGPTL,4504,1.019693e-03,9.294114e-05,8.081233e-02
SGPTL,4505,1.019788e-03,9.294114e-05,8.083075e-02
SGPTL,4506,9.685109e-04,9.294114e-05,8.084792e-02
SGPTL,4507,9.317686e-04,9.294114e-05,8.086633e-02
SGPTL,4508,9.417766e-04,9.294114e-05,8.088467e-02
SGPTL,4509,8.920637e-04,9.294114e-05,8.090204e-02
SGPTL,4510,8.846841e-04,9.294114e-05,8.092071e-02
SGPTL,4511,9.178279e-04,9.294114e-05,8.093892e-02
SGPTL,4512,9.304583e-04,9.294114e-05,8.095654e-02
SGPTL,4513,9.667091e-04,9.294114e-05,8.097488e-02
SGPTL,4514,9.898827e-04,9.294114e-05,8.099283e-02
SGPTL,4515,9.133941e-04,9.294114e-05,8.101088e-02
SGPTL,4516,9.239613e-04,9.294114e-05,8.102925e-02
SGPTL,4517,9.988202e-04,9.294114e-05,8.104750e-02
SGPTL,4518,1.092318e-03,9.294114e-05,8.106575e-02
SGPTL,4519,1.126218e-03,9.294114e-05,8.108371e-02
SGPTL,4520,1.070436e-03,9.294114e-05,8.110208e-02
SGPTL,4521,1.052475e-03,9.294114e-05,8.112021e-02
SGPTL,4522,1.029831e-03,9.294114e-05,8.113808e-02
SGPTL,4523,1.012654e-03,9.294114e-05,8.115650e-02
SGPTL,4524,9.439041e-04,9.294114e-05,8.117504e-02
SGPTL,4525,1.003882e-03,9.294114e-05,8.119225e-02
SGPTL,4526,9.799507e-04,9.294114e-05,8.121088e-02
SGPTL,4527,9.165842e-04,9.294114e-05,8.122921e-02
SGPTL,4528,9.577746e-04,9.294114e-05,8.124654e-02
SGPTL,4529,1.005601e-03,9.294114e-05,8.126467e-02
SGPTL,4530,9.478168e-04,9.294114e-05,8.128279e-02
SGPTL,4531,9.285292e-04,9.294114e-05,8.130104e-02
SGPTL,4532,9.925942e-04,9.294114e-05,8.131933e-02
SGPTL,4533,1.039551e-03,9.294114e-05,8.133763e-02
SGPTL,4534,1.026223e-03,9.294114e-05,8.135508e-02
SGPTL,4535,9.267872e-04,9.294114e-05,8.137346e-02
SGPTL,4536,9.196205e-04,9.294114e-05,8.139133e-02
SGPTL,4537,8.844814e-04,9.294114e-05,8.140917e-02
SGPTL,4538,8.494321e-04,9.294114e-05,8.142750e-02
SGPTL,4539,8.292917e-04,9.294114e-05,8.144588e-02
SGPTL,4540,8.783704e-04,9.294114e-05,8.146421e-02
SGPTL,4541,8.387102e-04,9.294114e-05,8.148263e-02
SGPTL,4542,8.206843e-04,9.294114e-05,8.149929e-02
SGPTL,4543,7.973824e-04,9.294114e-05,8.151767e-02
SGPTL,4544,8.264866e-04,9.294114e-05,8.153600e-02
SGPTL,4545,8.978732e-04,9.294114e-05,8.155342e-02
SGPTL,4546,9.254291e-04,9.294114e-05,8.157171e-02
SGPTL,4547,9.787944e-04,9.294114e-05,8.159017e-02
SGPTL,4548,1.064128e-03,9.294114e-05,8.160738e-02
SGPTL,4549,1.050811e-03,9.294114e-05,8.162575e-02
SGPTL,4550,1.010816e-03,9.294114e-05,8.164358e-02
SGPTL,4551,9.955106e-04,9.294114e-05,8.166150e-02
SGPTL,4552,1.068389e-03,9.294114e-05,8.167983e-02
SGPTL,4553,1.092389e-03,9.294114e-05,8.169813e-02
SGPTL,4554,1.097746e-03,9.294114e-05,8.171533e-02
SGPTL,4555,1.057323e-03,9.294114e-05,8.173379e-02
SGPTL,4556,1.054440e-03,9.294114e-05,8.175217e-02
SGPTL,4557,1.010655e-03,9.294114e-05,8.176921e-02
SGPTL,4558,9.176215e-04,9.294114e-05,8.178771e-02
SGPTL,4559,9.628695e-04,9.294114e-05,8.180613e-02
SGPTL,4560,9.689862e-04,9.294114e-05,8.182329e-02
SGPTL,4561,1.040909e-03,9.294114e-05,8.184133e-02
SGPTL,4562,1.015036e-03,9.294114e-05,8.185933e-02
SGPTL,4563,9.580344e-04,9.294114e-05,8.187683e-02
SGPTL,4564,1.024693e-03,9.294114e-05,8.189513e-02
SGPTL,4565,1.058832e-03,9.294114e-05,8.191529e-02
SGPTL,4566,1.018545e-03,9.294114e-05,8.193271e-02
SGPTL,4567,9.940152e-04,9.294114e-05,8.195108e-02
SGPTL,4568,9.381209e-04,9.294114e-05,8.196938e-02
SGPTL,4569,9.421768e-04,9.294114e-05,8.198675e-02
SGPTL,4570,9.506532e-04,9.294114e-05,8.200496e-02
SGPTL,4571,1.001651e-03,9.294114e-05,8.202321e-02
SGPTL,4572,1.056035e-03,9.294114e-05,8.204108e-02
SGPTL,4573,1.143246e-03,9.294114e-05,8.205917e-02
SGPTL,4574,1.108353e-03,9.294114e-05,8.207742e-02
SGPTL,4575,1.105804e-03,9.294114e-05,8.209492e-02
SGPTL,4576,1.074761e-03,9.294114e-05,8.211317e-02
SGPTL,4577,1.118393e-03,9.294114e-05,8.213138e-02
SGPTL,4578,1.197827e-03,9.294114e-05,8.214917e-02
SGPTL,4579,1.157927e-03,9.294114e-05,8.216754e-02
SGPTL,4580,1.257211e-03,9.294114e-05,8.218563e-02
SGPTL,4581,1.355260e-03,9.294114e-05,8.220283e-02
SGPTL,4582,1.185407e-03,9.294114e-05,8.222133e-02
SGPTL,4583,1.125899e-03,9.294114e-05,8.223942e-02
SGPTL,4584,1.061016e-03,9.294114e-05,8.225746e-02
SGPTL,4585,9.921097e-04,9.294114e-05,8.227563e-02
SGPTL,4586,9.629550e-04,9.294114e-05,8.229383e-02
SGPTL,4587,9.230335e-04,9.294114e-05,8.231117e-02
SGPTL,4588,9.265601e-04,9.294114e-05,8.232958e-02
SGPTL,4589,9.090085e-04,9.294114e-05,8.234796e-02
SGPTL,4590,8.916488e-04,9.294114e-05,8.236508e-02
SGPTL,4591,9.538387e-04,9.294114e-05,8.238363e-02
SGPTL,4592,1.010262e-03,9.294114e-05,8.240204e-02
SGPTL,4593,1.115410e-03,9.294114e-05,8.241933e-02
SGPTL,4594,1.168736e-03,9.294114e-05,8.243758e-02
SGPTL,4595,1.124716e-03,9.294114e-05,8.245567e-02
SGPTL,4596,1.143481e-03,9.294114e-05,8.247354e-02
SGPTL,4597,1.136287e-03,9.294114e-05,8.249200e-02
SGPTL,4598,1.089232e-03,9.294114e-05,8.251038e-02
SGPTL,4599,9.900799e-04,9.294114e-05,8.252763e-02
SGPTL,4600,9.383424e-04,9.294114e-05,8.254592e-02
SGPTL,4601,9.598482e-04,9.294114e-05,8.256383e-02
SGPTL,4602,9.614913e-04,9.294114e-05,8.258150e-02
SGPTL,4603,9.770991e-04,9.294114e-05,8.259971e-02
SGPTL,4604,9.819560e-04,9.294114e-05,8.261779e-02
SGPTL,4605,1.023931e-03,9.294114e-05,8.263575e-02
SGPTL,4606,9.813064e-04,9.294114e-05,8.265412e-02
SGPTL,4607,1.057770e-03,9.294114e-05,8.267229e-02
SGPTL,4608,1.017644e-03,9.294114e-05,8.269025e-02
SGPTL,4609,1.076864e-03,9.294114e-05,8.270858e-02
SGPTL,4610,1.060136e-03,9.294114e-05,8.272700e-02
SGPTL,4611,1.029506e-03,9.294114e-05,8.274425e-02
SGPTL,4612,1.024479e-03,9.294114e-05,8.276267e-02
SGPTL,4613,9.893836e-04,9.294114e-05,8.278113e-02
SGPTL,4614,1.038446e-03,9.294114e-05,8.279917e-02
SGPTL,4615,1.108008e-03,9.294114e-05,8.281771e-02
SGPTL,4616,1.177343e-03,9.294114e-05,8.283596e-02
SGPTL,4617,1.219980e-03,9.294114e-05,8.285396e-02
SGPTL,4618,1.254028e-03,9.294114e-05,8.287221e-02
SGPTL,4619,1.232484e-03,9.294114e-05,8.289033e-02
SGPTL,4620,1.261193e-03,9.294114e-05,8.290875e-02
SGPTL,4621,1.332382e-03,9.294114e-05,8.292663e-02
SGPTL,4622,1.318152e-03,9.294114e-05,8.294496e-02
SGPTL,4623,1.157930e-03,9.294114e-05,8.296338e-02
SGPTL,4624,1.097544e-03,9.294114e-05,8.298054e-02
SGPTL,4625,1.043914e-03,9.294114e-05,8.299858e-02
SGPTL,4626,1.019280e-03,9.294114e-05,8.301613e-02
SGPTL,4627,1.005702e-03,9.294114e-05,8.303438e-02
SGPTL,4628,9.894100e-04,9.294114e-05,8.305263e-02
SGPTL,4629,1.042072e-03,9.294114e-05,8.307038e-02
SGPTL,4630,1.081031e-03,9.294114e-05,8.308867e-02
SGPTL,4631,1.132408e-03,9.294114e-05,8.310688e-02
SGPTL,4632,1.151272e-03,9.294114e-05,8.312508e-02
SGPTL,4633,1.198405e-03,9.294114e-05,8.314329e-02
SGPTL,4634,1.187613e-03,9.294114e-05,8.316154e-02
SGPTL,4635,1.168716e-03,9.294114e-05,8.317967e-02
SGPTL,4636,1.178605e-03,9.294114e-05,8.319804e-02
SGPTL,4637,1.250747e-03,9.294114e-05,8.321621e-02
SGPTL,4638,1.210278e-03,9.294114e-05,8.323371e-02
SGPTL,4639,1.119697e-03,9.294114e-05,8.325213e-02
SGPTL,4640,1.066472e-03,9.294114e-05,8.327050e-02
SGPTL,4641,1.060200e-03,9.294114e-05,8.328788e-02
SGPTL,4642,1.143891e-03,9.294114e-05,8.330608e-02
SGPTL,4643,1.230744e-03,9.294114e-05,8.332417e-02
SGPTL,4644,1.220939e-03,9.294114e-05,8.334188e-02
SGPTL,4645,1.180016e-03,9.294114e-05,8.336033e-02
SGPTL,4646,1.166885e-03,9.294114e-05,8.337863e-02
SGPTL,4647,1.136338e-03,9.294114e-05,8.339583e-02
SGPTL,4648,1.080458e-03,9.294114e-05,8.341408e-02
SGPTL,4649,1.020782e-03,9.294114e-05,8.343196e-02
SGPTL,4650,9.558658e-04,9.294114e-05,8.344967e-02
SGPTL,4651,9.429331e-04,9.294114e-05,8.346808e-02
SGPTL,4652,9.502284e-04,9.294114e-05,8.348546e-02
SGPTL,4653,1.009954e-03,9.294114e-05,8.350371e-02
SGPTL,4654,9.173383e-04,9.294114e-05,8.352158e-02
SGPTL,4655,9.613940e-04,9.294114e-05,8.353925e-02
SGPTL,4656,1.033743e-03,9.294114e-05,8.355754e-02
SGPTL,4657,1.011624e-03,9.294114e-05,8.357554e-02
SGPTL,4658,9.610540e-04,9.294114e-05,8.359329e-02
SGPTL,4659,9.697281e-04,9.294114e-05,8.361167e-02
SGPTL,4660,9.419668e-04,9.294114e-05,8.362975e-02
SGPTL,4661,9.276888e-04,9.294114e-05,8.364738e-02
SGPTL,4662,8.845315e-04,9.294114e-05,8.366575e-02
SGPTL,4663,8.786690e-04,9.294114e-05,8.368413e-02
SGPTL,4664,9.152628e-04,9.294114e-05,8.370133e-02
SGPTL,4665,8.895899e-04,9.294114e-05,8.371983e-02
SGPTL,4666,8.494147e-04,9.294114e-05,8.373696e-02
SGPTL,4667,8.213024e-04,9.294114e-05,8.375529e-02
SGPTL,4668,7.916016e-04,9.294114e-05,8.377304e-02
SGPTL,4669,8.125894e-04,9.294114e-05,8.379100e-02
SGPTL,4670,8.103029e-04,9.294114e-05,8.380904e-02
SGPTL,4671,8.131972e-04,9.294114e-05,8.382754e-02
SGPTL,4672,8.503063e-04,9.294114e-05,8.384479e-02
SGPTL,4673,9.462101e-04,9.294114e-05,8.386304e-02
SGPTL,4674,1.025620e-03,9.294114e-05,8.388113e-02
SGPTL,4675,1.060995e-03,9.294114e-05,8.389908e-02
SGPTL,4676,9.754426e-04,9.294114e-05,8.391746e-02
SGPTL,4677,9.118117e-04,9.294114e-05,8.393433e-02
SGPTL,4678,8.870001e-04,9.294114e-05,8.395238e-02
SGPTL,4679,8.424278e-04,9.294114e-05,8.397050e-02
SGPTL,4680,8.664834e-04,9.294114e-05,8.398767e-02
SGPTL,4681,8.828259e-04,9.294114e-05,8.400596e-02
SGPTL,4682,8.677348e-04,9.294114e-05,8.402413e-02
SGPTL,4683,9.119655e-04,9.294114e-05,8.404179e-02
SGPTL,4684,9.533305e-04,9.294114e-05,8.406013e-02
SGPTL,4685,9.961358e-04,9.294114e-05,8.407871e-02
SGPTL,4686,9.960904e-04,9.294114e-05,8.409696e-02
SGPTL,4687,1.035990e-03,9.294114e-05,8.411742e-02
SGPTL,4688,1.103443e-03,9.294114e-05,8.413542e-02
SGPTL,4689,1.093316e-03,9.294114e-05,8.415308e-02
SGPTL,4690,1.188510e-03,9.294114e-05,8.417154e-02
SGPTL,4691,1.168653e-03,9.294114e-05,8.418992e-02
SGPTL,4692,1.145117e-03,9.294114e-05,8.421179e-02
SGPTL,4693,1.106169e-03,9.294114e-05,8.423029e-02
SGPTL,4694,1.030955e-03,9.294114e-05,8.424863e-02
SGPTL,4695,9.743300e-04,9.294114e-05,8.426608e-02
SGPTL,4696,9.954699e-04,9.294114e-05,8.428438e-02
SGPTL,4697,1.098692e-03,9.294114e-05,8.430246e-02
SGPTL,4698,1.187102e-03,9.294114e-05,8.432021e-02
SGPTL,4699,1.253591e-03,9.294114e-05,8.433863e-02
SGPTL,4700,1.189732e-03,9.294114e-05,8.435713e-02
SGPTL,4701,1.074063e-03,9.294114e-05,8.437425e-02
SGPTL,4702,1.065187e-03,9.294114e-05,8.439221e-02
SGPTL,4703,1.102564e-03,9.294114e-05,8.441013e-02
SGPTL,4704,1.103849e-03,9.294114e-05,8.442846e-02
SGPTL,4705,1.035604e-03,9.294114e-05,8.444675e-02
SGPTL,4706,9.863881e-04,9.294114e-05,8.446392e-02
SGPTL,4707,1.045189e-03,9.294114e-05,8.448221e-02
SGPTL,4708,1.120211e-03,9.294114e-05,8.450025e-02
SGPTL,4709,1.142373e-03,9.294114e-05,8.451796e-02
SGPTL,4710,1.157460e-03,9.294114e-05,8.453629e-02
SGPTL,4711,1.088642e-03,9.294114e-05,8.455446e-02
SGPTL,4712,1.102374e-03,9.294114e-05,8.457175e-02
SGPTL,4713,1.167881e-03,9.294114e-05,8.458992e-02
SGPTL,4714,1.182252e-03,9.294114e-05,8.460804e-02
SGPTL,4715,1.071660e-03,9.294114e-05,8.462563e-02
SGPTL,4716,1.023960e-03,9.294114e-05,8.464404e-02
SGPTL,4717,9.730731e-04,9.294114e-05,8.466096e-02
SGPTL,4718,1.004037e-03,9.294114e-05,8.467921e-02
SGPTL,4719,1.003266e-03,9.294114e-05,8.469758e-02
SGPTL,4720,1.038517e-03,9.294114e-05,8.471471e-02
SGPTL,4721,1.053142e-03,9.294114e-05,8.473279e-02
SGPTL,4722,1.066449e-03,9.294114e-05,8.475083e-02
SGPTL,4723,1.129274e-03,9.294114e-05,8.476833e-02
SGPTL,4724,1.121796e-03,9.294114e-05,8.478646e-02
SGPTL,4725,1.073634e-03,9.294114e-05,8.480467e-02
SGPTL,4726,1.025579e-03,9.294114e-05,8.482208e-02
SGPTL,4727,1.021934e-03,9.294114e-05,8.484021e-02
SGPTL,4728,1.030530e-03,9.294114e-05,8.485842e-02
SGPTL,4729,9.923849e-04,9.294114e-05,8.487625e-02
SGPTL,4730,9.679628e-04,9.294114e-05,8.489438e-02
SGPTL,4731,1.037827e-03,9.294114e-05,8.491275e-02
SGPTL,4732,1.013133e-03,9.294114e-05,8.493121e-02
SGPTL,4733,1.065937e-03,9.294114e-05,8.494967e-02
SGPTL,4734,1.123878e-03,9.294114e-05,8.496788e-02
SGPTL,4735,1.179046e-03,9.294114e-05,8.498504e-02
SGPTL,4736,1.240650e-03,9.294114e-05,8.500321e-02
SGPTL,4737,1.122286e-03,9.294114e-05,8.502108e-02
SGPTL,4738,1.084417e-03,9.294114e-05,8.503867e-02
SGPTL,4739,1.076372e-03,9.294114e-05,8.505700e-02
SGPTL,4740,1.079508e-03,9.294114e-05,8.507533e-02
SGPTL,4741,1.155135e-03,9.294114e-05,8.509238e-02
SGPTL,4742,1.154286e-03,9.294114e-05,8.511054e-02
SGPTL,4743,1.046258e-03,9.294114e-05,8.512863e-02
SGPTL,4744,9.958449e-04,9.294114e-05,8.514633e-02
SGPTL,4745,9.855185e-04,9.294114e-05,8.516446e-02
SGPTL,4746,1.006841e-03,9.294114e-05,8.518267e-02
SGPTL,4747,9.995421e-04,9.294114e-05,8.519988e-02
SGPTL,4748,1.067478e-03,9.294114e-05,8.521808e-02
SGPTL,4749,1.088478e-03,9.294114e-05,8.523613e-02
SGPTL,4750,1.012767e-03,9.294114e-05,8.525392e-02
SGPTL,4751,1.020477e-03,9.294114e-05,8.527217e-02
SGPTL,4752,1.034320e-03,9.294114e-05,8.529025e-02
SGPTL,4753,1.033920e-03,9.294114e-05,8.530738e-02
SGPTL,4754,1.050842e-03,9.294114e-05,8.532550e-02
SGPTL,4755,1.058367e-03,9.294114e-05,8.534354e-02
SGPTL,4756,1.127700e-03,9.294114e-05,8.536150e-02
SGPTL,4757,1.023547e-03,9.294114e-05,8.537975e-02
SGPTL,4758,8.988014e-04,9.294114e-05,8.539817e-02
SGPTL,4759,9.063807e-04,9.294114e-05,8.541650e-02
SGPTL,4760,9.047893e-04,9.294114e-05,8.543458e-02
SGPTL,4761,8.942217e-04,9.294114e-05,8.545225e-02
SGPTL,4762,9.684776e-04,9.294114e-05,8.547071e-02
SGPTL,4763,9.947838e-04,9.294114e-05,8.548867e-02
SGPTL,4764,9.992148e-04,9.294114e-05,8.550675e-02
SGPTL,4765,1.087197e-03,9.294114e-05,8.552513e-02
SGPTL,4766,1.029245e-03,9.294114e-05,8.554238e-02
SGPTL,4767,1.010674e-03,9.294114e-05,8.556067e-02
SGPTL,4768,9.949404e-04,9.294114e-05,8.557863e-02
SGPTL,4769,1.012611e-03,9.294114e-05,8.559613e-02
SGPTL,4770,1.086989e-03,9.294114e-05,8.561442e-02
SGPTL,4771,1.124341e-03,9.294114e-05,8.563271e-02
SGPTL,4772,1.101804e-03,9.294114e-05,8.564996e-02
SGPTL,4773,1.085375e-03,9.294114e-05,8.566813e-02
SGPTL,4774,1.045465e-03,9.294114e-05,8.568629e-02
SGPTL,4775,1.072691e-03,9.294114e-05,8.570471e-02
SGPTL,4776,1.098479e-03,9.294114e-05,8.572304e-02
SGPTL,4777,1.102104e-03,9.294114e-05,8.574129e-02
SGPTL,4778,1.133171e-03,9.294114e-05,8.575871e-02
SGPTL,4779,1.067538e-03,9.294114e-05,8.577704e-02
SGPTL,4780,1.058021e-03,9.294114e-05,8.579521e-02
SGPTL,4781,1.082513e-03,9.294114e-05,8.581279e-02
SGPTL,4782,1.093717e-03,9.294114e-05,8.583104e-02
SGPTL,4783,1.079971e-03,9.294114e-05,8.584946e-02
SGPTL,4784,1.031223e-03,9.294114e-05,8.586671e-02
SGPTL,4785,9.868278e-04,9.294114e-05,8.588496e-02
SGPTL,4786,9.547932e-04,9.294114e-05,8.590304e-02
SGPTL,4787,8.712645e-04,9.294114e-05,8.592067e-02
SGPTL,4788,8.311806e-04,9.294114e-05,8.593913e-02
SGPTL,4789,8.446985e-04,9.294114e-05,8.595729e-02
SGPTL,4790,8.426380e-04,9.294114e-05,8.597467e-02
SGPTL,4791,8.872498e-04,9.294114e-05,8.599283e-02
SGPTL,4792,9.130957e-04,9.294114e-05,8.601150e-02
SGPTL,4793,9.628311e-04,9.294114e-05,8.602946e-02
SGPTL,4794,1.003476e-03,9.294114e-05,8.604779e-02
SGPTL,4795,1.025400e-03,9.294114e-05,8.606617e-02
SGPTL,4796,1.004893e-03,9.294114e-05,8.608333e-02
SGPTL,4797,9.627010e-04,9.294114e-05,8.610154e-02
SGPTL,4798,9.755396e-04,9.294114e-05,8.611954e-02
SGPTL,4799,1.054878e-03,9.294114e-05,8.613742e-02
SGPTL,4800,1.069220e-03,9.294114e-05,8.615571e-02
SGPTL,4801,1.108382e-03,9.294114e-05,8.617379e-02
SGPTL,4802,1.100674e-03,9.294114e-05,8.619100e-02
SGPTL,4803,1.191573e-03,9.294114e-05,8.620933e-02
SGPTL,4804,1.124041e-03,9.294114e-05,8.622746e-02
SGPTL,4805,1.062784e-03,9.294114e-05,8.624529e-02
SGPTL,4806,1.022384e-03,9.294114e-05,8.626358e-02
SGPTL,4807,9.504460e-04,9.294114e-05,8.628188e-02
SGPTL,4808,8.903029e-04,9.294114e-05,8.629908e-02
SGPTL,4809,8.521582e-04,9.294114e-05,8.631725e-02
SGPTL,4810,8.201218e-04,9.294114e-05,8.633558e-02
SGPTL,4811,8.172097e-04,9.294114e-05,8.635379e-02
SGPTL,4812,8.346803e-04,9.294114e-05,8.637188e-02
SGPTL,4813,8.670501e-04,9.294114e-05,8.638992e-02
SGPTL,4814,9.541582e-04,9.294114e-05,8.640708e-02
SGPTL,4815,1.029230e-03,9.294114e-05,8.642542e-02
SGPTL,4816,9.985325e-04,9.294114e-05,8.644346e-02
SGPTL,4817,1.021676e-03,9.294114e-05,8.646125e-02
SGPTL,4818,1.097284e-03,9.294114e-05,8.647963e-02
SGPTL,4819,1.125973e-03,9.294114e-05,8.649721e-02
SGPTL,4820,1.028496e-03,9.294114e-05,8.651779e-02
SGPTL,4821,1.002585e-03,9.294114e-05,8.653575e-02
SGPTL,4822,1.053736e-03,9.294114e-05,8.655425e-02
SGPTL,4823,9.995809e-04,9.294114e-05,8.657263e-02
SGPTL,4824,1.012537e-03,9.294114e-05,8.659004e-02
SGPTL,4825,1.089202e-03,9.294114e-05,8.660842e-02
SGPTL,4826,1.165128e-03,9.294114e-05,8.662600e-02
SGPTL,4827,1.140462e-03,9.294114e-05,8.664400e-02
SGPTL,4828,1.073066e-03,9.294114e-05,8.666242e-02
SGPTL,4829,1.062488e-03,9.294114e-05,8.668058e-02
SGPTL,4830,1.044031e-03,9.294114e-05,8.669783e-02
SGPTL,4831,1.003490e-03,9.294114e-05,8.671625e-02
SGPTL,4832,1.001171e-03,9.294114e-05,8.673454e-02
SGPTL,4833,9.906578e-04,9.294114e-05,8.675196e-02
SGPTL,4834,9.932312e-04,9.294114e-05,8.677017e-02
SGPTL,4835,1.047867e-03,9.294114e-05,8.678817e-02
SGPTL,4836,1.116553e-03,9.294114e-05,8.680575e-02
SGPTL,4837,1.168967e-03,9.294114e-05,8.682408e-02
SGPTL,4838,1.102647e-03,9.294114e-05,8.684242e-02
SGPTL,4839,1.023460e-03,9.294114e-05,8.685988e-02
SGPTL,4840,1.004332e-03,9.294114e-05,8.687829e-02
SGPTL,4841,9.900873e-04,9.294114e-05,8.689592e-02
SGPTL,4842,1.028779e-03,9.294114e-05,8.691388e-02
SGPTL,4843,9.714081e-04,9.294114e-05,8.693225e-02
SGPTL,4844,9.514858e-04,9.294114e-05,8.694958e-02
SGPTL,4845,9.606531e-04,9.294114e-05,8.696775e-02
SGPTL,4846,9.319854e-04,9.294114e-05,8.698571e-02
SGPTL,4847,9.694208e-04,9.294114e-05,8.700333e-02
SGPTL,4848,1.029354e-03,9.294114e-05,8.702154e-02
SGPTL,4849,1.127407e-03,9.294114e-05,8.703975e-02
SGPTL,4850,1.147775e-03,9.294114e-05,8.705792e-02
SGPTL,4851,1.142931e-03,9.294114e-05,8.707633e-02
SGPTL,4852,1.154581e-03,9.294114e-05,8.709313e-02
SGPTL,4853,1.122214e-03,9.294114e-05,8.711142e-02
SGPTL,4854,1.219494e-03,9.294114e-05,8.712942e-02
SGPTL,4855,1.197094e-03,9.294114e-05,8.714704e-02
SGPTL,4856,1.095270e-03,9.294114e-05,8.716521e-02
SGPTL,4857,1.098574e-03,9.294114e-05,8.718354e-02
SGPTL,4858,1.093716e-03,9.294114e-05,8.720067e-02
SGPTL,4859,1.073230e-03,9.294114e-05,8.721883e-02
SGPTL,4860,9.887165e-04,9.294114e-05,8.723700e-02
SGPTL,4861,1.103139e-03,9.294114e-05,8.725488e-02
SGPTL,4862,1.133474e-03,9.294114e-05,8.727313e-02
SGPTL,4863,1.091688e-03,9.294114e-05,8.729142e-02
SGPTL,4864,1.156823e-03,9.294114e-05,8.730863e-02
SGPTL,4865,1.181511e-03,9.294114e-05,8.732688e-02
SGPTL,4866,1.203242e-03,9.294114e-05,8.734496e-02
SGPTL,4867,1.207787e-03,9.294114e-05,8.736283e-02
SGPTL,4868,1.263603e-03,9.294114e-05,8.738104e-02
SGPTL,4869,1.161124e-03,9.294114e-05,8.739963e-02
SGPTL,4870,1.124432e-03,9.294114e-05,8.741667e-02
SGPTL,4871,1.198357e-03,9.294114e-05,8.743471e-02
SGPTL,4872,1.112729e-03,9.294114e-05,8.745271e-02
SGPTL,4873,1.137180e-03,9.294114e-05,8.747092e-02
SGPTL,4874,1.149093e-03,9.294114e-05,8.748896e-02
SGPTL,4875,1.204335e-03,9.294114e-05,8.750729e-02
SGPTL,4876,1.250732e-03,9.294114e-05,8.752554e-02
SGPTL,4877,1.151578e-03,9.294114e-05,8.754388e-02
SGPTL,4878,1.152631e-03,9.294114e-05,8.756208e-02
SGPTL,4879,1.192849e-03,9.294114e-05,8.757967e-02
SGPTL,4880,1.184021e-03,9.294114e-05,8.759779e-02
SGPTL,4881,1.167845e-03,9.294114e-05,8.761596e-02
SGPTL,4882,1.081392e-03,9.294114e-05,8.763346e-02
SGPTL,4883,1.020482e-03,9.294114e-05,8.765154e-02
SGPTL,4884,1.017003e-03,9.294114e-05,8.766954e-02
SGPTL,4885,1.073288e-03,9.294114e-05,8.768696e-02
SGPTL,4886,1.123245e-03,9.294114e-05,8.770517e-02
SGPTL,4887,1.047189e-03,9.294114e-05,8.772321e-02
SGPTL,4888,1.064000e-03,9.294114e-05,8.774104e-02
SGPTL,4889,1.107907e-03,9.294114e-05,8.775921e-02
SGPTL,4890,1.063826e-03,9.294114e-05,8.777750e-02
SGPTL,4891,1.077202e-03,9.294114e-05,8.779483e-02
SGPTL,4892,1.200186e-03,9.294114e-05,8.781288e-02
SGPTL,4893,1.182016e-03,9.294114e-05,8.783096e-02
SGPTL,4894,1.149321e-03,9.294114e-05,8.784854e-02
SGPTL,4895,1.096169e-03,9.294114e-05,8.786667e-02
SGPTL,4896,1.078148e-03,9.294114e-05,8.788492e-02
SGPTL,4897,1.008181e-03,9.294114e-05,8.790208e-02
SGPTL,4898,9.762543e-04,9.294114e-05,8.792046e-02
SGPTL,4899,9.361362e-04,9.294114e-05,8.793888e-02
SGPTL,4900,8.914637e-04,9.294114e-05,8.795700e-02
SGPTL,4901,8.930840e-04,9.294114e-05,8.797500e-02
SGPTL,4902,9.187684e-04,9.294114e-05,8.799317e-02
SGPTL,4903,9.499721e-04,9.294114e-05,8.801104e-02
SGPTL,4904,9.390519e-04,9.294114e-05,8.802917e-02
SGPTL,4905,9.665061e-04,9.294114e-05,8.804750e-02
SGPTL,4906,1.023834e-03,9.294114e-05,8.806475e-02
SGPTL,4907,9.614261e-04,9.294114e-05,8.808292e-02
SGPTL,4908,9.817553e-04,9.294114e-05,8.810104e-02
SGPTL,4909,1.036833e-03,9.294114e-05,8.811875e-02
SGPTL,4910,9.081091e-04,9.294114e-05,8.813679e-02
SGPTL,4911,8.362521e-04,9.294114e-05,8.815513e-02
SGPTL,4912,8.457876e-04,9.294114e-05,8.817304e-02
SGPTL,4913,8.513349e-04,9.294114e-05,8.819100e-02
SGPTL,4914,8.544748e-04,9.294114e-05,8.820942e-02
SGPTL,4915,8.333422e-04,9.294114e-05,8.822767e-02
SGPTL,4916,8.515172e-04,9.294114e-05,8.824575e-02
SGPTL,4917,8.764066e-04,9.294114e-05,8.826313e-02
SGPTL,4918,8.885221e-04,9.294114e-05,8.828158e-02
SGPTL,4919,9.147918e-04,9.294114e-05,8.829996e-02
SGPTL,4920,9.144665e-04,9.294114e-05,8.831746e-02
SGPTL,4921,9.519155e-04,9.294114e-05,8.833563e-02
SGPTL,4922,9.156454e-04,9.294114e-05,8.835350e-02
SGPTL,4923,8.312725e-04,9.294114e-05,8.837108e-02
SGPTL,4924,8.659513e-04,9.294114e-05,8.838933e-02
SGPTL,4925,8.948984e-04,9.294114e-05,8.840746e-02
SGPTL,4926,8.793824e-04,9.294114e-05,8.842508e-02
SGPTL,4927,9.362776e-04,9.294114e-05,8.844338e-02
SGPTL,4928,9.987772e-04,9.294114e-05,8.846167e-02
SGPTL,4929,1.065897e-03,9.294114e-05,8.847908e-02
SGPTL,4930,1.085314e-03,9.294114e-05,8.849713e-02
SGPTL,4931,1.113408e-03,9.294114e-05,8.851438e-02
SGPTL,4932,1.015267e-03,9.294114e-05,8.853250e-02
SGPTL,4933,8.862748e-04,9.294114e-05,8.855071e-02
SGPTL,4934,8.263508e-04,9.294114e-05,8.856796e-02
SGPTL,4935,8.440127e-04,9.294114e-05,8.858625e-02
SGPTL,4936,9.504833e-04,9.294114e-05,8.860425e-02
SGPTL,4937,1.025056e-03,9.294114e-05,8.862179e-02
SGPTL,4938,1.125957e-03,9.294114e-05,8.864004e-02
SGPTL,4939,1.238472e-03,9.294114e-05,8.865721e-02
SGPTL,4940,1.207344e-03,9.294114e-05,8.867579e-02
SGPTL,4941,1.178619e-03,9.294114e-05,8.869413e-02
SGPTL,4942,1.164655e-03,9.294114e-05,8.871138e-02
SGPTL,4943,1.099128e-03,9.294114e-05,8.872975e-02
SGPTL,4944,9.595173e-04,9.294114e-05,8.874788e-02
SGPTL,4945,9.297540e-04,9.294114e-05,8.876583e-02
SGPTL,4946,9.263312e-04,9.294114e-05,8.878446e-02
SGPTL,4947,9.531624e-04,9.294114e-05,8.880488e-02
SGPTL,4948,9.763185e-04,9.294114e-05,8.882371e-02
SGPTL,4949,9.836117e-04,9.294114e-05,8.884192e-02
SGPTL,4950,1.021709e-03,9.294114e-05,8.886067e-02
SGPTL,4951,1.004053e-03,9.294114e-05,8.887942e-02
SGPTL,4952,1.010158e-03,9.294114e-05,8.889671e-02
SGPTL,4953,1.023259e-03,9.294114e-05,8.891533e-02
SGPTL,4954,1.142031e-03,9.294114e-05,8.893404e-02
SGPTL,4955,1.190002e-03,9.294114e-05,8.895258e-02
SGPTL,4956,1.162209e-03,9.294114e-05,8.897100e-02
SGPTL,4957,1.166344e-03,9.294114e-05,8.898921e-02
SGPTL,4958,1.083577e-03,9.294114e-05,8.900775e-02
SGPTL,4959,9.966808e-04,9.294114e-05,8.902554e-02
SGPTL,4960,1.021447e-03,9.294114e-05,8.904388e-02
SGPTL,4961,1.083891e-03,9.294114e-05,8.906200e-02
SGPTL,4962,1.131999e-03,9.294114e-05,8.908042e-02
SGPTL,4963,1.117143e-03,9.294114e-05,8.909908e-02
SGPTL,4964,1.095042e-03,9.294114e-05,8.911738e-02
SGPTL,4965,1.097196e-03,9.294114e-05,8.913571e-02
SGPTL,4966,1.141449e-03,9.294114e-05,8.915413e-02
SGPTL,4967,1.203699e-03,9.294114e-05,8.917125e-02
SGPTL,4968,1.172049e-03,9.294114e-05,8.918963e-02
SGPTL,4969,1.095015e-03,9.294114e-05,8.920721e-02
SGPTL,4970,1.204846e-03,9.294114e-05,8.922571e-02
SGPTL,4971,1.261298e-03,9.294114e-05,8.924413e-02
SGPTL,4972,1.232710e-03,9.294114e-05,8.926238e-02
SGPTL,4973,1.235582e-03,9.294114e-05,8.928100e-02
SGPTL,4974,1.132260e-03,9.294114e-05,8.929933e-02
SGPTL,4975,1.087818e-03,9.294114e-05,8.931708e-02
SGPTL,4976,1.095241e-03,9.294114e-05,8.933558e-02
SGPTL,4977,1.113605e-03,9.294114e-05,8.935425e-02
SGPTL,4978,1.137471e-03,9.294114e-05,8.937154e-02
SGPTL,4979,1.130962e-03,9.294114e-05,8.939029e-02
SGPTL,4980,1.060325e-03,9.294114e-05,8.940883e-02
SGPTL,4981,1.098716e-03,9.294114e-05,8.942642e-02
SGPTL,4982,1.040563e-03,9.294114e-05,8.944542e-02
SGPTL,4983,9.555051e-04,9.294114e-05,8.946438e-02
SGPTL,4984,9.144930e-04,9.294114e-05,8.948146e-02
SGPTL,4985,9.780063e-04,9.294114e-05,8.949992e-02
SGPTL,4986,9.870418e-04,9.294114e-05,8.951862e-02
SGPTL,4987,9.140275e-04,9.294114e-05,8.953558e-02
SGPTL,4988,8.917815e-04,9.294114e-05,8.955404e-02
SGPTL,4989,9.543922e-04,9.294114e-05,8.957271e-02
SGPTL,4990,1.059377e-03,9.294114e-05,8.958975e-02
SGPTL,4991,1.077179e-03,9.294114e-05,8.960871e-02
SGPTL,4992,1.059375e-03,9.294114e-05,8.962750e-02
SGPTL,4993,1.006418e-03,9.294114e-05,8.964442e-02
SGPTL,4994,1.039394e-03,9.294114e-05,8.966317e-02
SGPTL,4995,1.072632e-03,9.294114e-05,8.968204e-02
SGPTL,4996,1.086309e-03,9.294114e-05,8.969921e-02
SGPTL,4997,1.022552e-03,9.294114e-05,8.971779e-02
SGPTL,4998,1.071864e-03,9.294114e-05,8.973629e-02
SGPTL,4999,1.118072e-03,9.294114e-05,8.975346e-02
SGPTL,5000,1.124382e-03,9.294114e-05,8.977213e-02
SGPTL,5001,1.140512e-03,9.294114e-05,8.979054e-02
SGPTL,5002,1.158017e-03,9.294114e-05,8.980771e-02
SGPTL,5003,1.089094e-03,9.294114e-05,8.982638e-02
SGPTL,5004,9.698909e-04,9.294114e-05,8.984504e-02
SGPTL,5005,9.471662e-04,9.294114e-05,8.986313e-02
SGPTL,5006,9.402206e-04,9.294114e-05,8.988163e-02
SGPTL,5007,9.809424e-04,9.294114e-05,8.990021e-02
SGPTL,5008,1.043987e-03,9.294114e-05,8.991850e-02
SGPTL,5009,9.796819e-04,9.294114e-05,8.993696e-02
SGPTL,5010,9.281569e-04,9.294114e-05,8.995579e-02
SGPTL,5011,9.437995e-04,9.294114e-05,8.997279e-02
SGPTL,5012,1.065275e-03,9.294114e-05,8.999121e-02
SGPTL,5013,1.062501e-03,9.294114e-05,9.001000e-02
SGPTL,5014,1.131720e-03,9.294114e-05,9.002829e-02
SGPTL,5015,1.131866e-03,9.294114e-05,9.004713e-02
SGPTL,5016,1.076453e-03,9.294114e-05,9.006579e-02
SGPTL,5017,1.150277e-03,9.294114e-05,9.008400e-02
SGPTL,5018,1.200383e-03,9.294114e-05,9.010288e-02
SGPTL,5019,1.234970e-03,9.294114e-05,9.012142e-02
SGPTL,5020,1.296127e-03,9.294114e-05,9.014004e-02
SGPTL,5021,1.132496e-03,9.294114e-05,9.015879e-02
SGPTL,5022,1.144613e-03,9.294114e-05,9.017738e-02
SGPTL,5023,1.080978e-03,9.294114e-05,9.019542e-02
SGPTL,5024,1.097403e-03,9.294114e-05,9.021404e-02
SGPTL,5025,1.196754e-03,9.294114e-05,9.023250e-02
SGPTL,5026,1.238550e-03,9.294114e-05,9.025108e-02
SGPTL,5027,1.338484e-03,9.294114e-05,9.026992e-02
SGPTL,5028,1.196913e-03,9.294114e-05,9.028858e-02
SGPTL,5029,1.109557e-03,9.294114e-05,9.030713e-02
SGPTL,5030,1.000200e-03,9.294114e-05,9.032600e-02
SGPTL,5031,9.106407e-04,9.294114e-05,9.034454e-02
SGPTL,5032,9.318234e-04,9.294114e-05,9.036321e-02
SGPTL,5033,9.496689e-04,9.294114e-05,9.038171e-02
SGPTL,5034,9.377856e-04,9.294114e-05,9.040021e-02
SGPTL,5035,9.936221e-04,9.294114e-05,9.042463e-02
SGPTL,5036,1.068017e-03,9.294114e-05,9.044288e-02
SGPTL,5037,1.132492e-03,9.294114e-05,9.046133e-02
SGPTL,5038,1.161352e-03,9.294114e-05,9.048013e-02
SGPTL,5039,1.126931e-03,9.294114e-05,9.049854e-02
SGPTL,5040,1.108255e-03,9.294114e-05,9.051742e-02
SGPTL,5041,1.079691e-03,9.294114e-05,9.053563e-02
SGPTL,5042,9.688607e-04,9.294114e-05,9.055358e-02
SGPTL,5043,8.880588e-04,9.294114e-05,9.057213e-02
SGPTL,5044,8.634012e-04,9.294114e-05,9.059054e-02
SGPTL,5045,9.038961e-04,9.294114e-05,9.060758e-02
SGPTL,5046,9.308015e-04,9.294114e-05,9.062604e-02
SGPTL,5047,8.936063e-04,9.294114e-05,9.064350e-02
SGPTL,5048,8.953395e-04,9.294114e-05,9.066192e-02
SGPTL,5049,9.100577e-04,9.294114e-05,9.068004e-02
SGPTL,5050,9.972753e-04,9.294114e-05,9.069846e-02
SGPTL,5051,1.101821e-03,9.294114e-05,9.071692e-02
SGPTL,5052,1.132457e-03,9.294114e-05,9.073479e-02
SGPTL,5053,1.155481e-03,9.294114e-05,9.075321e-02
SGPTL,5054,1.109225e-03,9.294114e-05,9.077163e-02
SGPTL,5055,9.761881e-04,9.294114e-05,9.078917e-02
SGPTL,5056,8.976004e-04,9.294114e-05,9.080758e-02
SGPTL,5057,8.175040e-04,9.294114e-05,9.082592e-02
SGPTL,5058,7.524915e-04,9.294114e-05,9.084425e-02
SGPTL,5059,7.742844e-04,9.294114e-05,9.086271e-02
SGPTL,5060,8.176977e-04,9.294114e-05,9.087954e-02
SGPTL,5061,8.711637e-04,9.294114e-05,9.089796e-02
SGPTL,5062,9.094545e-04,9.294114e-05,9.091625e-02
SGPTL,5063,8.836950e-04,9.294114e-05,9.093425e-02
SGPTL,5064,9.129499e-04,9.294114e-05,9.095283e-02
SGPTL,5065,9.178228e-04,9.294114e-05,9.097125e-02
SGPTL,5066,9.327850e-04,9.294114e-05,9.098950e-02
SGPTL,5067,8.828933e-04,9.294114e-05,9.100792e-02
SGPTL,5068,8.859664e-04,9.294114e-05,9.102479e-02
SGPTL,5069,9.434337e-04,9.294114e-05,9.104292e-02
SGPTL,5070,9.889211e-04,9.294114e-05,9.106117e-02
SGPTL,5071,1.077567e-03,9.294114e-05,9.107883e-02
SGPTL,5072,1.131827e-03,9.294114e-05,9.109713e-02
SGPTL,5073,1.110274e-03,9.294114e-05,9.111554e-02
SGPTL,5074,1.095995e-03,9.294114e-05,9.113250e-02
SGPTL,5075,1.004188e-03,9.294114e-05,9.115429e-02
SGPTL,5076,9.536964e-04,9.294114e-05,9.117283e-02
SGPTL,5077,9.749547e-04,9.294114e-05,9.119133e-02
SGPTL,5078,1.071790e-03,9.294114e-05,9.120971e-02
SGPTL,5079,1.078571e-03,9.294114e-05,9.122688e-02
SGPTL,5080,1.031882e-03,9.294114e-05,9.124525e-02
SGPTL,5081,9.867780e-04,9.294114e-05,9.126354e-02
SGPTL,5082,1.025659e-03,9.294114e-05,9.128200e-02
SGPTL,5083,1.015749e-03,9.294114e-05,9.130058e-02
SGPTL,5084,1.064695e-03,9.294114e-05,9.131904e-02
SGPTL,5085,1.058061e-03,9.294114e-05,9.133746e-02
SGPTL,5086,1.098554e-03,9.294114e-05,9.135579e-02
SGPTL,5087,1.115938e-03,9.294114e-05,9.137433e-02
SGPTL,5088,1.094571e-03,9.294114e-05,9.139171e-02
SGPTL,5089,1.162847e-03,9.294114e-05,9.140983e-02
SGPTL,5090,1.132297e-03,9.294114e-05,9.142825e-02
SGPTL,5091,1.136823e-03,9.294114e-05,9.144567e-02
SGPTL,5092,1.076038e-03,9.294114e-05,9.146392e-02
SGPTL,5093,1.036642e-03,9.294114e-05,9.148188e-02
SGPTL,5094,1.018167e-03,9.294114e-05,9.149967e-02
SGPTL,5095,1.048021e-03,9.294114e-05,9.151821e-02
SGPTL,5096,1.076868e-03,9.294114e-05,9.153633e-02
SGPTL,5097,1.096923e-03,9.294114e-05,9.155413e-02
SGPTL,5098,1.043813e-03,9.294114e-05,9.157242e-02
SGPTL,5099,1.082073e-03,9.294114e-05,9.159075e-02
SGPTL,5100,1.106861e-03,9.294114e-05,9.160817e-02
SGPTL,5101,1.205736e-03,9.294114e-05,9.162633e-02
SGPTL,5102,1.258785e-03,9.294114e-05,9.164425e-02
SGPTL,5103,1.291902e-03,9.294114e-05,9.166250e-02
SGPTL,5104,1.237358e-03,9.294114e-05,9.168092e-02
SGPTL,5105,1.152172e-03,9.294114e-05,9.169917e-02
SGPTL,5106,1.111156e-03,9.294114e-05,9.171654e-02
SGPTL,5107,1.133265e-03,9.294114e-05,9.173483e-02
SGPTL,5108,1.067491e-03,9.294114e-05,9.175271e-02
SGPTL,5109,1.000798e-03,9.294114e-05,9.177088e-02
SGPTL,5110,1.007652e-03,9.294114e-05,9.178921e-02
SGPTL,5111,9.765114e-04,9.294114e-05,9.180775e-02
SGPTL,5112,8.685332e-04,9.294114e-05,9.182563e-02
SGPTL,5113,8.009262e-04,9.294114e-05,9.184388e-02
SGPTL,5114,7.949509e-04,9.294114e-05,9.186071e-02
SGPTL,5115,7.932588e-04,9.294114e-05,9.187917e-02
SGPTL,5116,8.016374e-04,9.294114e-05,9.189729e-02
SGPTL,5117,7.714463e-04,9.294114e-05,9.191454e-02
SGPTL,5118,7.899420e-04,9.294114e-05,9.193300e-02
SGPTL,5119,7.846540e-04,9.294114e-05,9.195167e-02
SGPTL,5120,8.277335e-04,9.294114e-05,9.196875e-02
SGPTL,5121,8.190083e-04,9.294114e-05,9.198700e-02
SGPTL,5122,7.830554e-04,9.294114e-05,9.200517e-02
SGPTL,5123,7.497066e-04,9.294114e-05,9.202288e-02
SGPTL,5124,6.885152e-04,9.294114e-05,9.204113e-02
SGPTL,5125,6.333155e-04,9.294114e-05,9.205929e-02
SGPTL,5126,5.801376e-04,9.294114e-05,9.207658e-02
SGPTL,5127,5.752373e-04,9.294114e-05,9.209500e-02
SGPTL,5128,5.697993e-04,9.294114e-05,9.211283e-02
SGPTL,5129,5.650327e-04,9.294114e-05,9.213071e-02
SGPTL,5130,5.357745e-04,9.294114e-05,9.214900e-02
SGPTL,5131,5.419144e-04,9.294114e-05,9.216729e-02
SGPTL,5132,5.106002e-04,9.294114e-05,9.218454e-02
SGPTL,5133,4.706522e-04,9.294114e-05,9.220292e-02
SGPTL,5134,4.431210e-04,9.294114e-05,9.222121e-02
SGPTL,5135,4.289860e-04,9.294114e-05,9.223850e-02
SGPTL,5136,4.277323e-04,9.294114e-05,9.225667e-02
SGPTL,5137,3.969470e-04,9.294114e-05,9.227475e-02
SGPTL,5138,3.812240e-04,9.294114e-05,9.229263e-02
SGPTL,5139,3.712248e-04,9.294114e-05,9.231108e-02
SGPTL,5140,3.565516e-04,9.294114e-05,9.232917e-02
SGPTL,5141,3.376198e-04,9.294114e-05,9.234621e-02
SGPTL,5142,3.245741e-04,9.294114e-05,9.236433e-02
SGPTL,5143,3.151335e-04,9.294114e-05,9.238246e-02
SGPTL,5144,3.088689e-04,9.294114e-05,9.240017e-02
SGPTL,5145,3.079404e-04,9.294114e-05,9.241829e-02
SGPTL,5146,3.037522e-04,9.294114e-05,9.243675e-02
SGPTL,5147,2.804880e-04,9.294114e-05,9.245508e-02
SGPTL,5148,2.550144e-04,9.294114e-05,9.247283e-02
SGPTL,5149,2.423533e-04,9.294114e-05,9.249083e-02
SGPTL,5150,2.372737e-04,9.294114e-05,9.250904e-02
SGPTL,5151,2.326417e-04,9.294114e-05,9.252738e-02
SGPTL,5152,2.214679e-04,9.294114e-05,9.254471e-02
SGPTL,5153,2.145918e-04,9.294114e-05,9.256288e-02
SGPTL,5154,2.099664e-04,9.294114e-05,9.258071e-02
SGPTL,5155,1.967807e-04,9.294114e-05,9.259863e-02
SGPTL,5156,1.844277e-04,9.294114e-05,9.261675e-02
SGPTL,5157,1.767183e-04,9.294114e-05,9.263488e-02
SGPTL,5158,1.704217e-04,9.294114e-05,9.265229e-02
SGPTL,5159,1.679544e-04,9.294114e-05,9.267042e-02
SGPTL,5160,1.617435e-04,9.294114e-05,9.268854e-02
SGPTL,5161,1.588773e-04,9.294114e-05,9.270621e-02
SGPTL,5162,1.579855e-04,9.294114e-05,9.272446e-02
SGPTL,5163,1.531792e-04,9.294114e-05,9.274283e-02
SGPTL,5164,1.408586e-04,9.294114e-05,9.276000e-02
SGPTL,5165,1.306035e-04,9.294114e-05,9.277808e-02
SGPTL,5166,1.218687e-04,9.294114e-05,9.279625e-02
SGPTL,5167,1.122203e-04,9.294114e-05,9.281388e-02
SGPTL,5168,1.008896e-04,9.294114e-05,9.283183e-02
SGPTL,5169,9.315688e-05,9.294114e-05,9.285000e-02
SGPTL,5170,8.552469e-05,8.552469e-05,9.286817e-02
SGPTL,5171,8.115901e-05,8.115901e-05,9.288683e-02
SGPTL,5172,7.943929e-05,7.943929e-05,9.290533e-02
SGPTL,5173,7.722261e-05,7.722261e-05,9.292254e-02
SGPTL,5174,7.603388e-05,7.603388e-05,9.294113e-02
SGPTL,5175,7.540166e-05,7.540166e-05,9.295971e-02
SGPTL,5176,7.300745e-05,7.300745e-05,9.297725e-02
SGPTL,5177,6.987741e-05,6.987741e-05,9.299579e-02
SGPTL,5178,6.472708e-05,6.472708e-05,9.301450e-02
SGPTL,5179,6.030431e-05,6.030431e-05,9.303204e-02
SGPTL,5180,5.582060e-05,5.582060e-05,9.305063e-02
SGPTL,5181,5.217283e-05,5.217283e-05,9.306929e-02
SGPTL,5182,4.826288e-05,4.826288e-05,9.308746e-02
SGPTL,5183,4.770362e-05,4.770362e-05,9.310600e-02
SGPTL,5184,5.944599e-05,4.770362e-05,9.312433e-02
SGPTL,5185,6.616464e-05,4.770362e-05,9.314146e-02
SGPTL,5186,7.959428e-05,4.770362e-05,9.316004e-02
SGPTL,5187,1.039826e-04,4.770362e-05,9.317867e-02
SGPTL,5188,1.266764e-04,4.770362e-05,9.319604e-02
SGPTL,5189,1.469097e-04,4.770362e-05,9.321417e-02
SGPTL,5190,1.742973e-04,4.770362e-05,9.323221e-02
SGPTL,5191,1.969133e-04,4.770362e-05,9.324996e-02
SGPTL,5192,2.141924e-04,4.770362e-05,9.326829e-02
SGPTL,5193,2.720784e-04,4.770362e-05,9.328638e-02
SGPTL,5194,3.349145e-04,4.770362e-05,9.330367e-02
SGPTL,5195,3.743429e-04,4.770362e-05,9.332188e-02
SGPTL,5196,4.164153e-04,4.770362e-05,9.333996e-02
SGPTL,5197,4.579063e-04,4.770362e-05,9.335779e-02
SGPTL,5198,5.026965e-04,4.770362e-05,9.337600e-02
SGPTL,5199,5.593672e-04,4.770362e-05,9.339479e-02
SGPTL,5200,6.201773e-04,4.770362e-05,9.341204e-02
SGPTL,5201,6.522160e-04,4.770362e-05,9.343029e-02
SGPTL,5202,6.986512e-04,4.770362e-05,9.345196e-02
SGPTL,5203,6.568371e-04,4.770362e-05,9.347063e-02
SGPTL,5204,6.455952e-04,4.770362e-05,9.348850e-02
SGPTL,5205,6.858129e-04,4.770362e-05,9.350683e-02
SGPTL,5206,7.165345e-04,4.770362e-05,9.352508e-02
SGPTL,5207,6.920933e-04,4.770362e-05,9.354288e-02
SGPTL,5208,7.579935e-04,4.770362e-05,9.356138e-02
SGPTL,5209,7.897940e-04,4.770362e-05,9.357975e-02
SGPTL,5210,7.847930e-04,4.770362e-05,9.359700e-02
SGPTL,5211,7.860788e-04,4.770362e-05,9.361546e-02
SGPTL,5212,7.921526e-04,4.770362e-05,9.363396e-02
SGPTL,5213,8.393287e-04,4.770362e-05,9.365117e-02
SGPTL,5214,9.318718e-04,4.770362e-05,9.366946e-02
SGPTL,5215,1.007735e-03,4.770362e-05,9.368767e-02
SGPTL,5216,9.510309e-04,4.770362e-05,9.370542e-02
SGPTL,5217,9.633013e-04,4.770362e-05,9.372346e-02
SGPTL,5218,9.757710e-04,4.770362e-05,9.374188e-02
SGPTL,5219,9.992633e-04,4.770362e-05,9.375908e-02
SGPTL,5220,8.928768e-04,4.770362e-05,9.377738e-02
SGPTL,5221,8.301396e-04,4.770362e-05,9.379538e-02
SGPTL,5222,7.923969e-04,4.770362e-05,9.381350e-02
SGPTL,5223,7.803147e-04,4.770362e-05,9.383196e-02
SGPTL,5224,8.633523e-04,4.770362e-05,9.385025e-02
SGPTL,5225,9.260389e-04,4.770362e-05,9.386738e-02
SGPTL,5226,1.007574e-03,4.770362e-05,9.388579e-02
SGPTL,5227,1.050511e-03,4.770362e-05,9.390450e-02
SGPTL,5228,1.088683e-03,4.770362e-05,9.392208e-02
SGPTL,5229,1.099929e-03,4.770362e-05,9.394092e-02
SGPTL,5230,1.130432e-03,4.770362e-05,9.395983e-02
SGPTL,5231,1.060455e-03,4.770362e-05,9.397721e-02
SGPTL,5232,1.055658e-03,4.770362e-05,9.399563e-02
SGPTL,5233,1.073481e-03,4.770362e-05,9.401342e-02
SGPTL,5234,1.096452e-03,4.770362e-05,9.403138e-02
SGPTL,5235,1.113930e-03,4.770362e-05,9.404971e-02
SGPTL,5236,1.215641e-03,4.770362e-05,9.406817e-02
SGPTL,5237,1.253404e-03,4.770362e-05,9.408529e-02
SGPTL,5238,1.287167e-03,4.770362e-05,9.410363e-02
SGPTL,5239,1.286288e-03,4.770362e-05,9.412179e-02
SGPTL,5240,1.219324e-03,4.770362e-05,9.413975e-02
SGPTL,5241,1.246863e-03,4.770362e-05,9.415808e-02
SGPTL,5242,1.216740e-03,4.770362e-05,9.417621e-02
SGPTL,5243,1.166379e-03,4.770362e-05,9.419354e-02
SGPTL,5244,1.199607e-03,4.770362e-05,9.421188e-02
SGPTL,5245,1.169230e-03,4.770362e-05,9.423025e-02
SGPTL,5246,1.133266e-03,4.770362e-05,9.424800e-02
SGPTL,5247,1.115074e-03,4.770362e-05,9.426646e-02
SGPTL,5248,1.177622e-03,4.770362e-05,9.428496e-02
SGPTL,5249,1.219509e-03,4.770362e-05,9.430233e-02
SGPTL,5250,1.226110e-03,4.770362e-05,9.432088e-02
SGPTL,5251,1.214030e-03,4.770362e-05,9.433933e-02
SGPTL,5252,1.152838e-03,4.770362e-05,9.435675e-02
SGPTL,5253,1.130620e-03,4.770362e-05,9.437508e-02
SGPTL,5254,1.191068e-03,4.770362e-05,9.439267e-02
SGPTL,5255,1.144124e-03,4.770362e-05,9.441100e-02
SGPTL,5256,1.162106e-03,4.770362e-05,9.442938e-02
SGPTL,5257,1.187703e-03,4.770362e-05,9.444754e-02
SGPTL,5258,1.240044e-03,4.770362e-05,9.446592e-02
SGPTL,5259,1.252562e-03,4.770362e-05,9.448429e-02
SGPTL,5260,1.213962e-03,4.770362e-05,9.450158e-02
SGPTL,5261,1.236796e-03,4.770362e-05,9.451992e-02
SGPTL,5262,1.257186e-03,4.770362e-05,9.453688e-02
SGPTL,5263,1.301486e-03,4.770362e-05,9.455554e-02
SGPTL,5264,1.283138e-03,4.770362e-05,9.457338e-02
SGPTL,5265,1.276872e-03,4.770362e-05,9.459179e-02
SGPTL,5266,1.249657e-03,4.770362e-05,9.460858e-02
SGPTL,5267,1.292780e-03,4.770362e-05,9.462700e-02
SGPTL,5268,1.259749e-03,4.770362e-05,9.464517e-02
SGPTL,5269,1.218723e-03,4.770362e-05,9.466300e-02
SGPTL,5270,1.167110e-03,4.770362e-05,9.468121e-02
SGPTL,5271,1.061406e-03,4.770362e-05,9.469975e-02
SGPTL,5272,1.108459e-03,4.770362e-05,9.471792e-02
SGPTL,5273,1.177994e-03,4.770362e-05,9.473604e-02
SGPTL,5274,1.132775e-03,4.770362e-05,9.475400e-02
SGPTL,5275,1.172220e-03,4.770362e-05,9.477258e-02
SGPTL,5276,1.171901e-03,4.770362e-05,9.478933e-02
SGPTL,5277,1.214924e-03,4.770362e-05,9.480767e-02
SGPTL,5278,1.280745e-03,4.770362e-05,9.482604e-02
SGPTL,5279,1.256545e-03,4.770362e-05,9.484313e-02
SGPTL,5280,1.245635e-03,4.770362e-05,9.486142e-02
SGPTL,5281,1.351672e-03,4.770362e-05,9.487950e-02
SGPTL,5282,1.389296e-03,4.770362e-05,9.489829e-02
SGPTL,5283,1.494011e-03,4.770362e-05,9.491663e-02
SGPTL,5284,1.429595e-03,4.770362e-05,9.493513e-02
SGPTL,5285,1.352821e-03,4.770362e-05,9.495363e-02
SGPTL,5286,1.394276e-03,4.770362e-05,9.497175e-02
SGPTL,5287,1.312016e-03,4.770362e-05,9.499058e-02
SGPTL,5288,1.177693e-03,4.770362e-05,9.500800e-02
SGPTL,5289,1.175405e-03,4.770362e-05,9.502650e-02
SGPTL,5290,1.173963e-03,4.770362e-05,9.504504e-02
SGPTL,5291,1.137043e-03,4.770362e-05,9.506238e-02
SGPTL,5292,1.199349e-03,4.770362e-05,9.508096e-02
SGPTL,5293,1.206717e-03,4.770362e-05,9.509954e-02
SGPTL,5294,1.267895e-03,4.770362e-05,9.511800e-02
SGPTL,5295,1.304933e-03,4.770362e-05,9.513688e-02
SGPTL,5296,1.257913e-03,4.770362e-05,9.515567e-02
SGPTL,5297,1.264164e-03,4.770362e-05,9.517375e-02
SGPTL,5298,1.224773e-03,4.770362e-05,9.519229e-02
SGPTL,5299,1.119570e-03,4.770362e-05,9.520967e-02
SGPTL,5300,1.108512e-03,4.770362e-05,9.522808e-02
SGPTL,5301,1.146528e-03,4.770362e-05,9.524654e-02
SGPTL,5302,1.222809e-03,4.770362e-05,9.526413e-02
SGPTL,5303,1.260060e-03,4.770362e-05,9.528267e-02
SGPTL,5304,1.298288e-03,4.770362e-05,9.530129e-02
SGPTL,5305,1.383430e-03,4.770362e-05,9.531846e-02
SGPTL,5306,1.509500e-03,4.770362e-05,9.533729e-02
SGPTL,5307,1.462092e-03,4.770362e-05,9.535596e-02
SGPTL,5308,1.344038e-03,4.770362e-05,9.537371e-02
SGPTL,5309,1.216744e-03,4.770362e-05,9.539250e-02
SGPTL,5310,1.179390e-03,4.770362e-05,9.541142e-02
SGPTL,5311,1.198174e-03,4.770362e-05,9.542867e-02
SGPTL,5312,1.218903e-03,4.770362e-05,9.544733e-02
SGPTL,5313,1.231774e-03,4.770362e-05,9.546571e-02
SGPTL,5314,1.293508e-03,4.770362e-05,9.548304e-02
SGPTL,5315,1.412125e-03,4.770362e-05,9.550179e-02
SGPTL,5316,1.428269e-03,4.770362e-05,9.552046e-02
SGPTL,5317,1.380871e-03,4.770362e-05,9.553775e-02
SGPTL,5318,1.509472e-03,4.770362e-05,9.555654e-02
SGPTL,5319,1.517733e-03,4.770362e-05,9.557388e-02
SGPTL,5320,1.458507e-03,4.770362e-05,9.559250e-02
SGPTL,5321,1.339598e-03,4.770362e-05,9.561108e-02
SGPTL,5322,1.362904e-03,4.770362e-05,9.562825e-02
SGPTL,5323,1.449734e-03,4.770362e-05,9.564700e-02
SGPTL,5324,1.367204e-03,4.770362e-05,9.566567e-02
SGPTL,5325,1.279784e-03,4.770362e-05,9.568296e-02
SGPTL,5326,1.242577e-03,4.770362e-05,9.570167e-02
SGPTL,5327,1.185291e-03,4.770362e-05,9.572025e-02
SGPTL,5328,1.184268e-03,4.770362e-05,9.573729e-02
SGPTL,5329,1.246068e-03,4.770362e-05,9.575825e-02
SGPTL,5330,1.312120e-03,4.770362e-05,9.577713e-02
SGPTL,5331,1.490025e-03,4.770362e-05,9.579462e-02
SGPTL,5332,1.486739e-03,4.770362e-05,9.581317e-02
SGPTL,5333,1.534452e-03,4.770362e-05,9.583183e-02
SGPTL,5334,1.461577e-03,4.770362e-05,9.585021e-02
SGPTL,5335,1.380297e-03,4.770362e-05,9.586879e-02
SGPTL,5336,1.294807e-03,4.770362e-05,9.588754e-02
SGPTL,5337,1.156630e-03,4.770362e-05,9.590488e-02
SGPTL,5338,1.130771e-03,4.770362e-05,9.592392e-02
SGPTL,5339,1.179124e-03,4.770362e-05,9.594225e-02
SGPTL,5340,1.238368e-03,4.770362e-05,9.596050e-02
SGPTL,5341,1.200654e-03,4.770362e-05,9.597771e-02
SGPTL,5342,1.233242e-03,4.770362e-05,9.599646e-02
SGPTL,5343,1.378906e-03,4.770362e-05,9.601538e-02
SGPTL,5344,1.400500e-03,4.770362e-05,9.603267e-02
SGPTL,5345,1.408550e-03,4.770362e-05,9.605138e-02
SGPTL,5346,1.408659e-03,4.770362e-05,9.607021e-02
SGPTL,5347,1.460464e-03,4.770362e-05,9.608746e-02
SGPTL,5348,1.375064e-03,4.770362e-05,9.610604e-02
SGPTL,5349,1.295773e-03,4.770362e-05,9.612463e-02
SGPTL,5350,1.165773e-03,4.770362e-05,9.614163e-02
SGPTL,5351,1.161587e-03,4.770362e-05,9.616004e-02
SGPTL,5352,1.220151e-03,4.770362e-05,9.617888e-02
SGPTL,5353,1.277446e-03,4.770362e-05,9.619604e-02
SGPTL,5354,1.159304e-03,4.770362e-05,9.621471e-02
SGPTL,5355,1.182884e-03,4.770362e-05,9.623229e-02
SGPTL,5356,1.217331e-03,4.770362e-05,9.625088e-02
SGPTL,5357,1.286883e-03,4.770362e-05,9.626963e-02
SGPTL,5358,1.231715e-03,4.770362e-05,9.628833e-02
SGPTL,5359,1.131888e-03,4.770362e-05,9.630683e-02
SGPTL,5360,1.151578e-03,4.770362e-05,9.632421e-02
SGPTL,5361,1.190890e-03,4.770362e-05,9.634279e-02
SGPTL,5362,1.272268e-03,4.770362e-05,9.636033e-02
SGPTL,5363,1.199859e-03,4.770362e-05,9.637888e-02
SGPTL,5364,1.144497e-03,4.770362e-05,9.639733e-02
SGPTL,5365,1.109564e-03,4.770362e-05,9.641446e-02
SGPTL,5366,1.091584e-03,4.770362e-05,9.643300e-02
SGPTL,5367,1.037038e-03,4.770362e-05,9.645163e-02
SGPTL,5368,9.342049e-04,4.770362e-05,9.646921e-02
SGPTL,5369,9.292852e-04,4.770362e-05,9.648775e-02
SGPTL,5370,9.227851e-04,4.770362e-05,9.650667e-02
SGPTL,5371,9.694331e-04,4.770362e-05,9.652525e-02
SGPTL,5372,1.008160e-03,4.770362e-05,9.654379e-02
SGPTL,5373,1.071941e-03,4.770362e-05,9.656238e-02
SGPTL,5374,1.094659e-03,4.770362e-05,9.658079e-02
SGPTL,5375,1.095094e-03,4.770362e-05,9.659929e-02
SGPTL,5376,1.122476e-03,4.770362e-05,9.661663e-02
SGPTL,5377,1.214171e-03,4.770362e-05,9.663538e-02
SGPTL,5378,1.196501e-03,4.770362e-05,9.665388e-02
SGPTL,5379,1.139788e-03,4.770362e-05,9.667225e-02
SGPTL,5380,1.109269e-03,4.770362e-05,9.669088e-02
SGPTL,5381,1.103944e-03,4.770362e-05,9.670963e-02
SGPTL,5382,1.060718e-03,4.770362e-05,9.672688e-02
SGPTL,5383,9.529637e-04,4.770362e-05,9.674563e-02
SGPTL,5384,1.050792e-03,4.770362e-05,9.691183e-02
SGPTL,5385,1.180254e-03,4.770362e-05,9.693771e-02
SGPTL,5386,1.338792e-03,4.770362e-05,9.695713e-02
SGPTL,5387,1.383039e-03,4.770362e-05,9.697663e-02
SGPTL,5388,1.406731e-03,4.770362e-05,9.699571e-02
SGPTL,5389,1.349142e-03,4.770362e-05,9.701454e-02
SGPTL,5390,1.335141e-03,4.770362e-05,9.703229e-02
SGPTL,5391,1.282410e-03,4.770362e-05,9.705075e-02
SGPTL,5392,1.249360e-03,4.770362e-05,9.706933e-02
SGPTL,5393,1.339104e-03,4.770362e-05,9.718346e-02
SGPTL,5394,1.501715e-03,4.770362e-05,9.720388e-02
SGPTL,5395,1.583765e-03,4.770362e-05,9.722242e-02
SGPTL,5396,1.526231e-03,4.770362e-05,9.723971e-02
SGPTL,5397,1.531519e-03,4.770362e-05,9.725796e-02
SGPTL,5398,1.502506e-03,4.770362e-05,9.727633e-02
SGPTL,5399,1.416971e-03,4.770362e-05,9.730967e-02
SGPTL,5400,1.332482e-03,4.770362e-05,9.732896e-02
SGPTL,5401,1.224347e-03,4.770362e-05,9.734892e-02
SGPTL,5402,1.189791e-03,4.770362e-05,9.736683e-02
SGPTL,5403,1.157514e-03,4.770362e-05,9.738583e-02
SGPTL,5404,1.202265e-03,4.770362e-05,9.746129e-02
SGPTL,5405,1.245914e-03,4.770362e-05,9.748058e-02
SGPTL,5406,1.242494e-03,4.770362e-05,9.755313e-02
SGPTL,5407,1.349960e-03,4.770362e-05,9.757317e-02
SGPTL,5408,1.385048e-03,4.770362e-05,9.759217e-02
SGPTL,5409,1.288087e-03,4.770362e-05,9.761096e-02
SGPTL,5410,1.281667e-03,4.770362e-05,9.762908e-02
SGPTL,5411,1.314831e-03,4.770362e-05,9.764800e-02
SGPTL,5412,1.420014e-03,4.770362e-05,9.766671e-02
SGPTL,5413,1.509534e-03,4.770362e-05,9.772250e-02
SGPTL,5414,1.474044e-03,4.770362e-05,9.783383e-02
SGPTL,5415,1.326972e-03,4.770362e-05,9.785513e-02
SGPTL,5416,1.303633e-03,4.770362e-05,9.787450e-02
SGPTL,5417,1.339852e-03,4.770362e-05,9.789229e-02
SGPTL,5418,1.280674e-03,4.770362e-05,9.791146e-02
SGPTL,5419,1.281453e-03,4.770362e-05,9.793042e-02
SGPTL,5420,1.278007e-03,4.770362e-05,9.794763e-02
SGPTL,5421,1.315891e-03,4.770362e-05,9.799125e-02
SGPTL,5422,1.273880e-03,4.770362e-05,9.803313e-02
SGPTL,5423,1.339920e-03,4.770362e-05,9.805200e-02
SGPTL,5424,1.298209e-03,4.770362e-05,9.807067e-02
SGPTL,5425,1.290090e-03,4.770362e-05,9.808767e-02
SGPTL,5426,1.252058e-03,4.770362e-05,9.810596e-02
SGPTL,5427,1.163748e-03,4.770362e-05,9.812438e-02
SGPTL,5428,1.114992e-03,4.770362e-05,9.814125e-02
SGPTL,5429,1.157177e-03,4.770362e-05,9.815938e-02
SGPTL,5430,1.152248e-03,4.770362e-05,9.822054e-02
SGPTL,5431,1.154515e-03,4.770362e-05,9.824004e-02
SGPTL,5432,1.175686e-03,4.770362e-05,9.826104e-02
SGPTL,5433,1.163160e-03,4.770362e-05,9.828017e-02
SGPTL,5434,1.243100e-03,4.770362e-05,9.833400e-02
SGPTL,5435,1.243461e-03,4.770362e-05,9.840871e-02
SGPTL,5436,1.245285e-03,4.770362e-05,9.842775e-02
SGPTL,5437,1.183358e-03,4.770362e-05,9.844642e-02
SGPTL,5438,1.119528e-03,4.770362e-05,9.846338e-02
SGPTL,5439,1.095091e-03,4.770362e-05,9.848196e-02
SGPTL,5440,1.144765e-03,4.770362e-05,9.850063e-02
SGPTL,5441,1.238018e-03,4.770362e-05,9.851721e-02
SGPTL,5442,1.276658e-03,4.770362e-05,9.853558e-02
SGPTL,5443,1.290497e-03,4.770362e-05,9.857604e-02
SGPTL,5444,1.402954e-03,4.770362e-05,9.859479e-02
SGPTL,5445,1.489127e-03,4.770362e-05,9.861329e-02
SGPTL,5446,1.397761e-03,4.770362e-05,9.863154e-02
SGPTL,5447,1.368085e-03,4.770362e-05,9.864963e-02
SGPTL,5448,1.331546e-03,4.770362e-05,9.866654e-02
SGPTL,5449,1.318645e-03,4.770362e-05,9.868467e-02
SGPTL,5450,1.205762e-03,4.770362e-05,9.870233e-02
SGPTL,5451,1.250386e-03,4.770362e-05,9.872008e-02
SGPTL,5452,1.233926e-03,4.770362e-05,9.873863e-02
SGPTL,5453,1.149994e-03,4.770362e-05,9.875663e-02
SGPTL,5454,1.147011e-03,4.770362e-05,9.877358e-02
SGPTL,5455,1.154776e-03,4.770362e-05,9.879192e-02
SGPTL,5456,1.176394e-03,4.770362e-05,9.880988e-02
SGPTL,5457,1.215085e-03,4.770362e-05,9.883217e-02
SGPTL,5458,1.206919e-03,4.770362e-05,9.884929e-02
SGPTL,5459,1.182006e-03,4.770362e-05,9.886738e-02
SGPTL,5460,1.171573e-03,4.770362e-05,9.888596e-02
SGPTL,5461,1.170581e-03,4.770362e-05,9.890338e-02
SGPTL,5462,1.230177e-03,4.770362e-05,9.892146e-02
SGPTL,5463,1.247051e-03,4.770362e-05,9.893833e-02
SGPTL,5464,1.388219e-03,4.770362e-05,9.895654e-02
SGPTL,5465,1.418113e-03,4.770362e-05,9.897487e-02
SGPTL,5466,1.436657e-03,4.770362e-05,9.899279e-02
SGPTL,5467,1.401542e-03,4.770362e-05,9.901096e-02
SGPTL,5468,1.279340e-03,4.770362e-05,9.902942e-02
SGPTL,5469,1.210672e-03,4.770362e-05,9.904733e-02
SGPTL,5470,1.259089e-03,4.770362e-05,9.906550e-02
SGPTL,5471,1.185004e-03,4.770362e-05,9.908271e-02
SGPTL,5472,1.165776e-03,4.770362e-05,9.910108e-02
SGPTL,5473,1.167749e-03,4.770362e-05,9.911967e-02
SGPTL,5474,1.164937e-03,4.770362e-05,9.913642e-02
SGPTL,5475,1.135143e-03,4.770362e-05,9.915454e-02
SGPTL,5476,1.146713e-03,4.770362e-05,9.917267e-02
SGPTL,5477,1.098159e-03,4.770362e-05,9.918967e-02
SGPTL,5478,1.083186e-03,4.770362e-05,9.920767e-02
SGPTL,5479,1.102075e-03,4.770362e-05,9.922567e-02
SGPTL,5480,1.168604e-03,4.770362e-05,9.924275e-02
SGPTL,5481,1.214503e-03,4.770362e-05,9.926121e-02
SGPTL,5482,1.232742e-03,4.770362e-05,9.927925e-02
SGPTL,5483,1.246923e-03,4.770362e-05,9.929604e-02
SGPTL,5484,1.280701e-03,4.770362e-05,9.931408e-02
SGPTL,5485,1.315424e-03,4.770362e-05,9.933108e-02
SGPTL,5486,1.354939e-03,4.770362e-05,9.934917e-02
SGPTL,5487,1.290251e-03,4.770362e-05,9.936738e-02
SGPTL,5488,1.356145e-03,4.770362e-05,9.938417e-02
SGPTL,5489,1.392921e-03,4.770362e-05,9.940213e-02
SGPTL,5490,1.349885e-03,4.770362e-05,9.942017e-02
SGPTL,5491,1.266148e-03,4.770362e-05,9.943825e-02
SGPTL,5492,1.242760e-03,4.770362e-05,9.945621e-02
SGPTL,5493,1.276482e-03,4.770362e-05,9.947442e-02
SGPTL,5494,1.282934e-03,4.770362e-05,9.949096e-02
SGPTL,5495,1.323349e-03,4.770362e-05,9.950896e-02
SGPTL,5496,1.411360e-03,4.770362e-05,9.952700e-02
SGPTL,5497,1.442309e-03,4.770362e-05,9.954379e-02
SGPTL,5498,1.414261e-03,4.770362e-05,9.956200e-02
SGPTL,5499,1.388862e-03,4.770362e-05,9.957996e-02
SGPTL,5500,1.363889e-03,4.770362e-05,9.959808e-02
SGPTL,5501,1.321532e-03,4.770362e-05,9.961617e-02
SGPTL,5502,1.194981e-03,4.770362e-05,9.963417e-02
SGPTL,5503,1.259811e-03,4.770362e-05,9.965171e-02
SGPTL,5504,1.188369e-03,4.770362e-05,9.966979e-02
SGPTL,5505,1.216371e-03,4.770362e-05,9.968788e-02
SGPTL,5506,1.241173e-03,4.770362e-05,9.970554e-02
SGPTL,5507,1.233578e-03,4.770362e-05,9.972350e-02
SGPTL,5508,1.222091e-03,4.770362e-05,9.974163e-02
SGPTL,5509,1.269645e-03,4.770362e-05,9.975979e-02
SGPTL,5510,1.359034e-03,4.770362e-05,9.977779e-02
SGPTL,5511,1.372914e-03,4.770362e-05,9.979567e-02
SGPTL,5512,1.317629e-03,4.770362e-05,9.981346e-02
SGPTL,5513,1.250166e-03,4.770362e-05,9.983138e-02
SGPTL,5514,1.227740e-03,4.770362e-05,9.984933e-02
SGPTL,5515,1.255181e-03,4.770362e-05,9.986717e-02
SGPTL,5516,1.228239e-03,4.770362e-05,9.988517e-02
SGPTL,5517,1.245593e-03,4.770362e-05,9.990313e-02
SGPTL,5518,1.259249e-03,4.770362e-05,9.992013e-02
SGPTL,5519,1.354940e-03,4.770362e-05,9.993796e-02
SGPTL,5520,1.342056e-03,4.770362e-05,9.995533e-02
SGPTL,5521,1.274964e-03,4.770362e-05,9.997325e-02
SGPTL,5522,1.211922e-03,4.770362e-05,9.999150e-02
SGPTL,5523,1.114498e-03,4.770362e-05,1.000084e-01
SGPTL,5524,1.156939e-03,4.770362e-05,1.000265e-01
SGPTL,5525,1.184271e-03,4.770362e-05,1.000443e-01
SGPTL,5526,1.177622e-03,4.770362e-05,1.000624e-01
SGPTL,5527,1.252940e-03,4.770362e-05,1.000804e-01
SGPTL,5528,1.331814e-03,4.770362e-05,1.000973e-01
SGPTL,5529,1.454394e-03,4.770362e-05,1.001153e-01
SGPTL,5530,1.493866e-03,4.770362e-05,1.001335e-01
SGPTL,5531,1.373246e-03,4.770362e-05,1.001507e-01
SGPTL,5532,1.223635e-03,4.770362e-05,1.001687e-01
SGPTL,5533,1.111682e-03,4.770362e-05,1.001866e-01
SGPTL,5534,1.107798e-03,4.770362e-05,1.002043e-01
SGPTL,5535,1.142267e-03,4.770362e-05,1.002224e-01
SGPTL,5536,1.115797e-03,4.770362e-05,1.002396e-01
SGPTL,5537,1.132202e-03,4.770362e-05,1.002575e-01
SGPTL,5538,1.177541e-03,4.770362e-05,1.002754e-01
SGPTL,5539,1.277838e-03,4.770362e-05,1.002923e-01
SGPTL,5540,1.349903e-03,4.770362e-05,1.003101e-01
SGPTL,5541,1.471656e-03,4.770362e-05,1.003280e-01
SGPTL,5542,1.501665e-03,4.770362e-05,1.003449e-01
SGPTL,5543,1.548294e-03,4.770362e-05,1.003628e-01
SGPTL,5544,1.539762e-03,4.770362e-05,1.003808e-01
SGPTL,5545,1.484069e-03,4.770362e-05,1.003982e-01
SGPTL,5546,1.435234e-03,4.770362e-05,1.004160e-01
SGPTL,5547,1.364724e-03,4.770362e-05,1.004339e-01
SGPTL,5548,1.231641e-03,4.770362e-05,1.004510e-01
SGPTL,5549,1.163507e-03,4.770362e-05,1.004690e-01
SGPTL,5550,1.230872e-03,4.770362e-05,1.004868e-01
SGPTL,5551,1.298678e-03,4.770362e-05,1.005037e-01
SGPTL,5552,1.319631e-03,4.770362e-05,1.005215e-01
SGPTL,5553,1.308777e-03,4.770362e-05,1.005395e-01
SGPTL,5554,1.328066e-03,4.770362e-05,1.005568e-01
SGPTL,5555,1.387575e-03,4.770362e-05,1.005744e-01
SGPTL,5556,1.286881e-03,4.770362e-05,1.005922e-01
SGPTL,5557,1.337628e-03,4.770362e-05,1.006102e-01
SGPTL,5558,1.403419e-03,4.770362e-05,1.006278e-01
SGPTL,5559,1.383885e-03,4.770362e-05,1.006447e-01
SGPTL,5560,1.316399e-03,4.770362e-05,1.006627e-01
SGPTL,5561,1.243705e-03,4.770362e-05,1.006804e-01
SGPTL,5562,1.219296e-03,4.770362e-05,1.006983e-01
SGPTL,5563,1.275480e-03,4.770362e-05,1.007158e-01
SGPTL,5564,1.350965e-03,4.770362e-05,1.007338e-01
SGPTL,5565,1.423539e-03,4.770362e-05,1.007516e-01
SGPTL,5566,1.513095e-03,4.770362e-05,1.007690e-01
SGPTL,5567,1.572668e-03,4.770362e-05,1.007863e-01
SGPTL,5568,1.546487e-03,4.770362e-05,1.008041e-01
SGPTL,5569,1.472638e-03,4.770362e-05,1.008220e-01
SGPTL,5570,1.339632e-03,4.770362e-05,1.008401e-01
SGPTL,5571,1.221545e-03,4.770362e-05,1.008567e-01
SGPTL,5572,1.161838e-03,4.770362e-05,1.008747e-01
SGPTL,5573,1.123208e-03,4.770362e-05,1.008926e-01
SGPTL,5574,1.134871e-03,4.770362e-05,1.009096e-01
SGPTL,5575,1.242869e-03,4.770362e-05,1.009275e-01
SGPTL,5576,1.342105e-03,4.770362e-05,1.009455e-01
SGPTL,5577,1.330055e-03,4.770362e-05,1.009625e-01
SGPTL,5578,1.328697e-03,4.770362e-05,1.009806e-01
SGPTL,5579,1.290442e-03,4.770362e-05,1.009985e-01
SGPTL,5580,1.227791e-03,4.770362e-05,1.010153e-01
SGPTL,5581,1.170196e-03,4.770362e-05,1.010331e-01
SGPTL,5582,1.113291e-03,4.770362e-05,1.010511e-01
SGPTL,5583,1.020979e-03,4.770362e-05,1.010681e-01
SGPTL,5584,1.022682e-03,4.770362e-05,1.010889e-01
SGPTL,5585,9.989650e-04,4.770362e-05,1.011065e-01
SGPTL,5586,1.001314e-03,4.770362e-05,1.011235e-01
SGPTL,5587,1.056462e-03,4.770362e-05,1.011418e-01
SGPTL,5588,1.044625e-03,4.770362e-05,1.011601e-01
SGPTL,5589,1.048430e-03,4.770362e-05,1.011768e-01
SGPTL,5590,1.153351e-03,4.770362e-05,1.011950e-01
SGPTL,5591,1.105307e-03,4.770362e-05,1.012130e-01
SGPTL,5592,1.146464e-03,4.770362e-05,1.012298e-01
SGPTL,5593,1.191783e-03,4.770362e-05,1.012477e-01
SGPTL,5594,1.196076e-03,4.770362e-05,1.012653e-01
SGPTL,5595,1.135302e-03,4.770362e-05,1.012817e-01
SGPTL,5596,9.874099e-04,4.770362e-05,1.013000e-01
SGPTL,5597,9.919161e-04,4.770362e-05,1.013176e-01
SGPTL,5598,9.757933e-04,4.770362e-05,1.013357e-01
SGPTL,5599,1.032725e-03,4.770362e-05,1.013536e-01
SGPTL,5600,1.084332e-03,4.770362e-05,1.013704e-01
SGPTL,5601,1.157913e-03,4.770362e-05,1.013887e-01
SGPTL,5602,1.153476e-03,4.770362e-05,1.014068e-01
SGPTL,5603,1.156288e-03,4.770362e-05,1.014236e-01
SGPTL,5604,1.189899e-03,4.770362e-05,1.014418e-01
SGPTL,5605,1.188853e-03,4.770362e-05,1.014599e-01
SGPTL,5606,1.193141e-03,4.770362e-05,1.014770e-01
SGPTL,5607,1.325454e-03,4.770362e-05,1.014952e-01
SGPTL,5608,1.392471e-03,4.770362e-05,1.015126e-01
SGPTL,5609,1.559176e-03,4.770362e-05,1.015306e-01
SGPTL,5610,1.464098e-03,4.770362e-05,1.015486e-01
SGPTL,5611,1.324499e-03,4.770362e-05,1.015668e-01
SGPTL,5612,1.272202e-03,4.770362e-05,1.015850e-01
SGPTL,5613,1.314093e-03,4.770362e-05,1.016033e-01
SGPTL,5614,1.230250e-03,4.770362e-05,1.016215e-01
SGPTL,5615,1.196661e-03,4.770362e-05,1.016395e-01
SGPTL,5616,1.172597e-03,4.770362e-05,1.016577e-01
SGPTL,5617,1.167614e-03,4.770362e-05,1.016748e-01
SGPTL,5618,1.302474e-03,4.770362e-05,1.016926e-01
SGPTL,5619,1.339868e-03,4.770362e-05,1.017096e-01
SGPTL,5620,1.301146e-03,4.770362e-05,1.017275e-01
SGPTL,5621,1.326629e-03,4.770362e-05,1.017453e-01
SGPTL,5622,1.269363e-03,4.770362e-05,1.017622e-01
SGPTL,5623,1.438978e-03,4.770362e-05,1.017805e-01
SGPTL,5624,1.563639e-03,4.770362e-05,1.017984e-01
SGPTL,5625,1.575301e-03,4.770362e-05,1.018160e-01
SGPTL,5626,1.424095e-03,4.770362e-05,1.018343e-01
SGPTL,5627,1.346427e-03,4.770362e-05,1.018525e-01
SGPTL,5628,1.282838e-03,4.770362e-05,1.018694e-01
SGPTL,5629,1.255924e-03,4.770362e-05,1.018878e-01
SGPTL,5630,1.270705e-03,4.770362e-05,1.019060e-01
SGPTL,5631,1.190258e-03,4.770362e-05,1.019530e-01
SGPTL,5632,1.211478e-03,4.770362e-05,1.019716e-01
SGPTL,5633,1.268734e-03,4.770362e-05,1.019902e-01
SGPTL,5634,1.294620e-03,4.770362e-05,1.020071e-01
SGPTL,5635,1.358050e-03,4.770362e-05,1.020254e-01
SGPTL,5636,1.522919e-03,4.770362e-05,1.020436e-01
SGPTL,5637,1.588861e-03,4.770362e-05,1.020603e-01
SGPTL,5638,1.569008e-03,4.770362e-05,1.020785e-01
SGPTL,5639,1.437626e-03,4.770362e-05,1.020965e-01
SGPTL,5640,1.304031e-03,4.770362e-05,1.021136e-01
SGPTL,5641,1.214559e-03,4.770362e-05,1.021318e-01
SGPTL,5642,1.198287e-03,4.770362e-05,1.021498e-01
SGPTL,5643,1.160753e-03,4.770362e-05,1.021664e-01
SGPTL,5644,1.172230e-03,4.770362e-05,1.021845e-01
SGPTL,5645,1.167221e-03,4.770362e-05,1.022025e-01
SGPTL,5646,1.128781e-03,4.770362e-05,1.022203e-01
SGPTL,5647,1.100755e-03,4.770362e-05,1.022372e-01
SGPTL,5648,1.114014e-03,4.770362e-05,1.022552e-01
SGPTL,5649,1.144367e-03,4.770362e-05,1.022719e-01
SGPTL,5650,1.241097e-03,4.770362e-05,1.022900e-01
SGPTL,5651,1.200101e-03,4.770362e-05,1.023083e-01
SGPTL,5652,1.162969e-03,4.770362e-05,1.023250e-01
SGPTL,5653,1.121951e-03,4.770362e-05,1.023432e-01
SGPTL,5654,1.180846e-03,4.770362e-05,1.023613e-01
SGPTL,5655,1.170797e-03,4.770362e-05,1.023782e-01
SGPTL,5656,1.205679e-03,4.770362e-05,1.023963e-01
SGPTL,5657,1.195794e-03,4.770362e-05,1.024144e-01
SGPTL,5658,1.164643e-03,4.770362e-05,1.024325e-01
SGPTL,5659,1.184118e-03,4.770362e-05,1.024498e-01
SGPTL,5660,1.378619e-03,4.770362e-05,1.024682e-01
SGPTL,5661,1.307047e-03,4.770362e-05,1.024863e-01
SGPTL,5662,1.243725e-03,4.770362e-05,1.025031e-01
SGPTL,5663,1.148487e-03,4.770362e-05,1.025215e-01
SGPTL,5664,1.106946e-03,4.770362e-05,1.025392e-01
SGPTL,5665,1.122645e-03,4.770362e-05,1.025573e-01
SGPTL,5666,1.257135e-03,4.770362e-05,1.025754e-01
SGPTL,5667,1.363169e-03,4.770362e-05,1.025933e-01
SGPTL,5668,1.419853e-03,4.770362e-05,1.026112e-01
SGPTL,5669,1.458454e-03,4.770362e-05,1.026293e-01
SGPTL,5670,1.380081e-03,4.770362e-05,1.026473e-01
SGPTL,5671,1.328488e-03,4.770362e-05,1.026654e-01
SGPTL,5672,1.394274e-03,4.770362e-05,1.026833e-01
SGPTL,5673,1.417975e-03,4.770362e-05,1.027015e-01
SGPTL,5674,1.295417e-03,4.770362e-05,1.027186e-01
SGPTL,5675,1.304103e-03,4.770362e-05,1.027367e-01
SGPTL,5676,1.253248e-03,4.770362e-05,1.027550e-01
SGPTL,5677,1.288984e-03,4.770362e-05,1.027729e-01
SGPTL,5678,1.263806e-03,4.770362e-05,1.027908e-01
SGPTL,5679,1.257595e-03,4.770362e-05,1.028078e-01
SGPTL,5680,1.264416e-03,4.770362e-05,1.028257e-01
SGPTL,5681,1.187589e-03,4.770362e-05,1.028434e-01
SGPTL,5682,1.214842e-03,4.770362e-05,1.028601e-01
SGPTL,5683,1.239558e-03,4.770362e-05,1.028780e-01
SGPTL,5684,1.269953e-03,4.770362e-05,1.028960e-01
SGPTL,5685,1.253813e-03,4.770362e-05,1.029142e-01
SGPTL,5686,1.256647e-03,4.770362e-05,1.029322e-01
SGPTL,5687,1.233242e-03,4.770362e-05,1.029502e-01
SGPTL,5688,1.244530e-03,4.770362e-05,1.029686e-01
SGPTL,5689,1.265696e-03,4.770362e-05,1.029859e-01
SGPTL,5690,1.221699e-03,4.770362e-05,1.030038e-01
SGPTL,5691,1.186122e-03,4.770362e-05,1.030218e-01
SGPTL,5692,1.222788e-03,4.770362e-05,1.030395e-01
SGPTL,5693,1.250269e-03,4.770362e-05,1.030571e-01
SGPTL,5694,1.188381e-03,4.770362e-05,1.030743e-01
SGPTL,5695,1.266589e-03,4.770362e-05,1.030925e-01
SGPTL,5696,1.305652e-03,4.770362e-05,1.031105e-01
SGPTL,5697,1.320042e-03,4.770362e-05,1.031272e-01
SGPTL,5698,1.392317e-03,4.770362e-05,1.031453e-01
SGPTL,5699,1.346639e-03,4.770362e-05,1.031635e-01
SGPTL,5700,1.340238e-03,4.770362e-05,1.031803e-01
SGPTL,5701,1.174940e-03,4.770362e-05,1.031982e-01
SGPTL,5702,1.171817e-03,4.770362e-05,1.032161e-01
SGPTL,5703,1.217096e-03,4.770362e-05,1.032340e-01
SGPTL,5704,1.264551e-03,4.770362e-05,1.032520e-01
SGPTL,5705,1.226998e-03,4.770362e-05,1.032696e-01
SGPTL,5706,1.274355e-03,4.770362e-05,1.032875e-01
SGPTL,5707,1.305922e-03,4.770362e-05,1.033057e-01
SGPTL,5708,1.317574e-03,4.770362e-05,1.033231e-01
SGPTL,5709,1.376252e-03,4.770362e-05,1.033410e-01
SGPTL,5710,1.467472e-03,4.770362e-05,1.033591e-01
SGPTL,5711,1.352809e-03,4.770362e-05,1.033758e-01
SGPTL,5712,1.382537e-03,4.770362e-05,1.033967e-01
SGPTL,5713,1.242303e-03,4.770362e-05,1.034148e-01
SGPTL,5714,1.149030e-03,4.770362e-05,1.034317e-01
SGPTL,5715,1.176182e-03,4.770362e-05,1.034498e-01
SGPTL,5716,1.168727e-03,4.770362e-05,1.034678e-01
SGPTL,5717,1.169786e-03,4.770362e-05,1.034847e-01
SGPTL,5718,1.220768e-03,4.770362e-05,1.035026e-01
SGPTL,5719,1.295652e-03,4.770362e-05,1.035200e-01
SGPTL,5720,1.275481e-03,4.770362e-05,1.035384e-01
SGPTL,5721,1.271664e-03,4.770362e-05,1.035561e-01
SGPTL,5722,1.361301e-03,4.770362e-05,1.035740e-01
SGPTL,5723,1.441560e-03,4.770362e-05,1.035919e-01
SGPTL,5724,1.367549e-03,4.770362e-05,1.036098e-01
SGPTL,5725,1.342255e-03,4.770362e-05,1.036267e-01
SGPTL,5726,1.285586e-03,4.770362e-05,1.036447e-01
SGPTL,5727,1.301919e-03,4.770362e-05,1.036628e-01
SGPTL,5728,1.264940e-03,4.770362e-05,1.036804e-01
SGPTL,5729,1.246709e-03,4.770362e-05,1.036983e-01
SGPTL,5730,1.207312e-03,4.770362e-05,1.037159e-01
SGPTL,5731,1.248369e-03,4.770362e-05,1.037340e-01
SGPTL,5732,1.206124e-03,4.770362e-05,1.037518e-01
SGPTL,5733,1.270339e-03,4.770362e-05,1.037685e-01
SGPTL,5734,1.271633e-03,4.770362e-05,1.037866e-01
SGPTL,5735,1.245983e-03,4.770362e-05,1.038048e-01
SGPTL,5736,1.257592e-03,4.770362e-05,1.038216e-01
SGPTL,5737,1.147967e-03,4.770362e-05,1.038400e-01
SGPTL,5738,1.162822e-03,4.770362e-05,1.038584e-01
SGPTL,5739,1.217374e-03,4.770362e-05,1.038753e-01
SGPTL,5740,1.295659e-03,4.770362e-05,1.038934e-01
SGPTL,5741,1.326071e-03,4.770362e-05,1.039114e-01
SGPTL,5742,1.391245e-03,4.770362e-05,1.039282e-01
SGPTL,5743,1.478293e-03,4.770362e-05,1.039464e-01
SGPTL,5744,1.478070e-03,4.770362e-05,1.039640e-01
SGPTL,5745,1.412534e-03,4.770362e-05,1.039818e-01
SGPTL,5746,1.362475e-03,4.770362e-05,1.039998e-01
SGPTL,5747,1.176734e-03,4.770362e-05,1.040174e-01
SGPTL,5748,1.163789e-03,4.770362e-05,1.040355e-01
SGPTL,5749,1.132006e-03,4.770362e-05,1.040522e-01
SGPTL,5750,1.266468e-03,4.770362e-05,1.040705e-01
SGPTL,5751,1.329714e-03,4.770362e-05,1.040885e-01
SGPTL,5752,1.412911e-03,4.770362e-05,1.041055e-01
SGPTL,5753,1.415922e-03,4.770362e-05,1.041235e-01
SGPTL,5754,1.432440e-03,4.770362e-05,1.041417e-01
SGPTL,5755,1.364937e-03,4.770362e-05,1.041596e-01
SGPTL,5756,1.340776e-03,4.770362e-05,1.041775e-01
SGPTL,5757,1.278601e-03,4.770362e-05,1.041943e-01
SGPTL,5758,1.270685e-03,4.770362e-05,1.042120e-01
SGPTL,5759,1.271531e-03,4.770362e-05,1.042298e-01
SGPTL,5760,1.399421e-03,4.770362e-05,1.042471e-01
SGPTL,5761,1.444781e-03,4.770362e-05,1.042650e-01
SGPTL,5762,1.446967e-03,4.770362e-05,1.042821e-01
SGPTL,5763,1.399119e-03,4.770362e-05,1.042996e-01
SGPTL,5764,1.293313e-03,4.770362e-05,1.043174e-01
SGPTL,5765,1.343124e-03,4.770362e-05,1.043353e-01
SGPTL,5766,1.290167e-03,4.770362e-05,1.043526e-01
SGPTL,5767,1.319354e-03,4.770362e-05,1.043705e-01
SGPTL,5768,1.386965e-03,4.770362e-05,1.043886e-01
SGPTL,5769,1.539070e-03,4.770362e-05,1.044056e-01
SGPTL,5770,1.634131e-03,4.770362e-05,1.044236e-01
SGPTL,5771,1.521203e-03,4.770362e-05,1.044419e-01
SGPTL,5772,1.444655e-03,4.770362e-05,1.044587e-01
SGPTL,5773,1.292402e-03,4.770362e-05,1.044769e-01
SGPTL,5774,1.315835e-03,4.770362e-05,1.044947e-01
SGPTL,5775,1.286874e-03,4.770362e-05,1.045116e-01
SGPTL,5776,1.268529e-03,4.770362e-05,1.045298e-01
SGPTL,5777,1.227973e-03,4.770362e-05,1.045477e-01
SGPTL,5778,1.209467e-03,4.770362e-05,1.045644e-01
SGPTL,5779,1.277506e-03,4.770362e-05,1.045826e-01
SGPTL,5780,1.475925e-03,4.770362e-05,1.046008e-01
SGPTL,5781,1.547593e-03,4.770362e-05,1.046175e-01
SGPTL,5782,1.521776e-03,4.770362e-05,1.046354e-01
SGPTL,5783,1.412200e-03,4.770362e-05,1.046537e-01
SGPTL,5784,1.378481e-03,4.770362e-05,1.046714e-01
SGPTL,5785,1.301517e-03,4.770362e-05,1.046889e-01
SGPTL,5786,1.202977e-03,4.770362e-05,1.047072e-01
SGPTL,5787,1.088470e-03,4.770362e-05,1.047255e-01
SGPTL,5788,1.075206e-03,4.770362e-05,1.047429e-01
SGPTL,5789,1.186144e-03,4.770362e-05,1.047605e-01
SGPTL,5790,1.203590e-03,4.770362e-05,1.047778e-01
SGPTL,5791,1.253589e-03,4.770362e-05,1.047960e-01
SGPTL,5792,1.286207e-03,4.770362e-05,1.048138e-01
SGPTL,5793,1.324569e-03,4.770362e-05,1.048318e-01
SGPTL,5794,1.282018e-03,4.770362e-05,1.048500e-01
SGPTL,5795,1.287735e-03,4.770362e-05,1.048667e-01
SGPTL,5796,1.155143e-03,4.770362e-05,1.048845e-01
SGPTL,5797,1.080920e-03,4.770362e-05,1.049025e-01
SGPTL,5798,1.051888e-03,4.770362e-05,1.049193e-01
SGPTL,5799,1.068195e-03,4.770362e-05,1.049372e-01
SGPTL,5800,1.023514e-03,4.770362e-05,1.049551e-01
SGPTL,5801,1.065480e-03,4.770362e-05,1.049719e-01
SGPTL,5802,1.033931e-03,4.770362e-05,1.049899e-01
SGPTL,5803,1.021214e-03,4.770362e-05,1.050078e-01
SGPTL,5804,1.040585e-03,4.770362e-05,1.050256e-01
SGPTL,5805,1.048551e-03,4.770362e-05,1.050435e-01
SGPTL,5806,1.109489e-03,4.770362e-05,1.050615e-01
SGPTL,5807,1.143337e-03,4.770362e-05,1.050795e-01
SGPTL,5808,1.073097e-03,4.770362e-05,1.050968e-01
SGPTL,5809,1.145997e-03,4.770362e-05,1.051148e-01
SGPTL,5810,1.181008e-03,4.770362e-05,1.051325e-01
SGPTL,5811,1.201544e-03,4.770362e-05,1.051494e-01
SGPTL,5812,1.212639e-03,4.770362e-05,1.051673e-01
SGPTL,5813,1.208722e-03,4.770362e-05,1.051854e-01
SGPTL,5814,1.132599e-03,4.770362e-05,1.052024e-01
SGPTL,5815,1.169393e-03,4.770362e-05,1.052204e-01
SGPTL,5816,1.116732e-03,4.770362e-05,1.052383e-01
SGPTL,5817,1.116575e-03,4.770362e-05,1.052551e-01
SGPTL,5818,1.143262e-03,4.770362e-05,1.052730e-01
SGPTL,5819,1.212356e-03,4.770362e-05,1.052912e-01
SGPTL,5820,1.335752e-03,4.770362e-05,1.053081e-01
SGPTL,5821,1.159295e-03,4.770362e-05,1.053262e-01
SGPTL,5822,1.029680e-03,4.770362e-05,1.053441e-01
SGPTL,5823,9.783495e-04,4.770362e-05,1.053610e-01
SGPTL,5824,1.027279e-03,4.770362e-05,1.053788e-01
SGPTL,5825,1.142242e-03,4.770362e-05,1.053965e-01
SGPTL,5826,1.138192e-03,4.770362e-05,1.054137e-01
SGPTL,5827,1.139058e-03,4.770362e-05,1.054316e-01
SGPTL,5828,1.169934e-03,4.770362e-05,1.054493e-01
SGPTL,5829,1.229955e-03,4.770362e-05,1.054665e-01
SGPTL,5830,1.280540e-03,4.770362e-05,1.054845e-01
SGPTL,5831,1.456545e-03,4.770362e-05,1.055024e-01
SGPTL,5832,1.419862e-03,4.770362e-05,1.055194e-01
SGPTL,5833,1.384726e-03,4.770362e-05,1.055372e-01
SGPTL,5834,1.337292e-03,4.770362e-05,1.055549e-01
SGPTL,5835,1.352027e-03,4.770362e-05,1.055730e-01
SGPTL,5836,1.283543e-03,4.770362e-05,1.055912e-01
SGPTL,5837,1.220059e-03,4.770362e-05,1.056093e-01
SGPTL,5838,1.201238e-03,4.770362e-05,1.056261e-01
SGPTL,5839,1.289032e-03,4.770362e-05,1.056463e-01
SGPTL,5840,1.340722e-03,4.770362e-05,1.056641e-01
SGPTL,5841,1.491398e-03,4.770362e-05,1.056819e-01
SGPTL,5842,1.518885e-03,4.770362e-05,1.056996e-01
SGPTL,5843,1.652327e-03,4.770362e-05,1.057175e-01
SGPTL,5844,1.659270e-03,4.770362e-05,1.057344e-01
SGPTL,5845,1.605216e-03,4.770362e-05,1.057525e-01
SGPTL,5846,1.435487e-03,4.770362e-05,1.057699e-01
SGPTL,5847,1.357288e-03,4.770362e-05,1.057877e-01
SGPTL,5848,1.320627e-03,4.770362e-05,1.058058e-01
SGPTL,5849,1.246172e-03,4.770362e-05,1.058237e-01
SGPTL,5850,1.230305e-03,4.770362e-05,1.058409e-01
SGPTL,5851,1.264074e-03,4.770362e-05,1.058585e-01
SGPTL,5852,1.271858e-03,4.770362e-05,1.058756e-01
SGPTL,5853,1.348150e-03,4.770362e-05,1.058934e-01
SGPTL,5854,1.416163e-03,4.770362e-05,1.059112e-01
SGPTL,5855,1.453766e-03,4.770362e-05,1.059280e-01
SGPTL,5856,1.440507e-03,4.770362e-05,1.059463e-01
SGPTL,5857,1.480483e-03,4.770362e-05,1.059643e-01
SGPTL,5858,1.480858e-03,4.770362e-05,1.059812e-01
SGPTL,5859,1.504127e-03,4.770362e-05,1.059988e-01
SGPTL,5860,1.472443e-03,4.770362e-05,1.060165e-01
SGPTL,5861,1.426819e-03,4.770362e-05,1.060339e-01
SGPTL,5862,1.325660e-03,4.770362e-05,1.060517e-01
SGPTL,5863,1.343176e-03,4.770362e-05,1.060691e-01
SGPTL,5864,1.371728e-03,4.770362e-05,1.060869e-01
SGPTL,5865,1.358958e-03,4.770362e-05,1.061046e-01
SGPTL,5866,1.333841e-03,4.770362e-05,1.061223e-01
SGPTL,5867,1.222880e-03,4.770362e-05,1.061403e-01
SGPTL,5868,1.144188e-03,4.770362e-05,1.061570e-01
SGPTL,5869,1.153853e-03,4.770362e-05,1.061749e-01
SGPTL,5870,1.300537e-03,4.770362e-05,1.061929e-01
SGPTL,5871,1.330193e-03,4.770362e-05,1.062100e-01
SGPTL,5872,1.328835e-03,4.770362e-05,1.062283e-01
SGPTL,5873,1.278277e-03,4.770362e-05,1.062461e-01
SGPTL,5874,1.302891e-03,4.770362e-05,1.062640e-01
SGPTL,5875,1.376209e-03,4.770362e-05,1.062820e-01
SGPTL,5876,1.263873e-03,4.770362e-05,1.062999e-01
SGPTL,5877,1.095846e-03,4.770362e-05,1.063168e-01
SGPTL,5878,1.004156e-03,4.770362e-05,1.063348e-01
SGPTL,5879,9.685294e-04,4.770362e-05,1.063528e-01
SGPTL,5880,9.899560e-04,4.770362e-05,1.063695e-01
SGPTL,5881,1.032312e-03,4.770362e-05,1.063874e-01
SGPTL,5882,1.107794e-03,4.770362e-05,1.064052e-01
SGPTL,5883,1.189642e-03,4.770362e-05,1.064223e-01
SGPTL,5884,1.237079e-03,4.770362e-05,1.064403e-01
SGPTL,5885,1.210835e-03,4.770362e-05,1.064583e-01
SGPTL,5886,1.246867e-03,4.770362e-05,1.064758e-01
SGPTL,5887,1.302464e-03,4.770362e-05,1.064937e-01
SGPTL,5888,1.333328e-03,4.770362e-05,1.065113e-01
SGPTL,5889,1.289170e-03,4.770362e-05,1.065386e-01
SGPTL,5890,1.205756e-03,4.770362e-05,1.065659e-01
SGPTL,5891,1.302477e-03,4.770362e-05,1.065838e-01
SGPTL,5892,1.328300e-03,4.770362e-05,1.066013e-01
SGPTL,5893,1.226370e-03,4.770362e-05,1.066195e-01
SGPTL,5894,1.270444e-03,4.770362e-05,1.066374e-01
SGPTL,5895,1.355042e-03,4.770362e-05,1.066541e-01
SGPTL,5896,1.365044e-03,4.770362e-05,1.066720e-01
SGPTL,5897,1.326806e-03,4.770362e-05,1.066888e-01
SGPTL,5898,1.346002e-03,4.770362e-05,1.067068e-01
SGPTL,5899,1.263033e-03,4.770362e-05,1.067250e-01
SGPTL,5900,1.259583e-03,4.770362e-05,1.067426e-01
SGPTL,5901,1.297848e-03,4.770362e-05,1.067605e-01
SGPTL,5902,1.360056e-03,4.770362e-05,1.067786e-01
SGPTL,5903,1.442480e-03,4.770362e-05,1.067956e-01
SGPTL,5904,1.358570e-03,4.770362e-05,1.068139e-01
SGPTL,5905,1.440102e-03,4.770362e-05,1.068319e-01
SGPTL,5906,1.436904e-03,4.770362e-05,1.068497e-01
SGPTL,5907,1.399658e-03,4.770362e-05,1.068678e-01
SGPTL,5908,1.308137e-03,4.770362e-05,1.068860e-01
SGPTL,5909,1.299762e-03,4.770362e-05,1.069031e-01
SGPTL,5910,1.312789e-03,4.770362e-05,1.069208e-01
SGPTL,5911,1.234403e-03,4.770362e-05,1.069388e-01
SGPTL,5912,1.279231e-03,4.770362e-05,1.069564e-01
SGPTL,5913,1.326843e-03,4.770362e-05,1.069740e-01
SGPTL,5914,1.304737e-03,4.770362e-05,1.069923e-01
SGPTL,5915,1.355006e-03,4.770362e-05,1.070103e-01
SGPTL,5916,1.362058e-03,4.770362e-05,1.070296e-01
SGPTL,5917,1.296082e-03,4.770362e-05,1.070484e-01
SGPTL,5918,1.192557e-03,4.770362e-05,1.070664e-01
SGPTL,5919,1.048184e-03,4.770362e-05,1.070832e-01
SGPTL,5920,1.026290e-03,4.770362e-05,1.071013e-01
SGPTL,5921,1.079486e-03,4.770362e-05,1.071190e-01
SGPTL,5922,1.054290e-03,4.770362e-05,1.071370e-01
SGPTL,5923,1.067927e-03,4.770362e-05,1.071554e-01
SGPTL,5924,1.085552e-03,4.770362e-05,1.071732e-01
SGPTL,5925,1.139945e-03,4.770362e-05,1.071909e-01
SGPTL,5926,1.174428e-03,4.770362e-05,1.072088e-01
SGPTL,5927,1.234825e-03,4.770362e-05,1.072265e-01
SGPTL,5928,1.276568e-03,4.770362e-05,1.072439e-01
SGPTL,5929,1.216982e-03,4.770362e-05,1.072616e-01
SGPTL,5930,1.216388e-03,4.770362e-05,1.072795e-01
SGPTL,5931,1.271885e-03,4.770362e-05,1.072975e-01
SGPTL,5932,1.234570e-03,4.770362e-05,1.073155e-01
SGPTL,5933,1.147337e-03,4.770362e-05,1.073322e-01
SGPTL,5934,1.065566e-03,4.770362e-05,1.073503e-01
SGPTL,5935,1.108211e-03,4.770362e-05,1.073684e-01
SGPTL,5936,1.243836e-03,4.770362e-05,1.073853e-01
SGPTL,5937,1.420067e-03,4.770362e-05,1.074034e-01
SGPTL,5938,1.340793e-03,4.770362e-05,1.074215e-01
SGPTL,5939,1.423367e-03,4.770362e-05,1.074390e-01
SGPTL,5940,1.358382e-03,4.770362e-05,1.074569e-01
SGPTL,5941,1.236955e-03,4.770362e-05,1.074736e-01
SGPTL,5942,1.147612e-03,4.770362e-05,1.074916e-01
SGPTL,5943,1.148455e-03,4.770362e-05,1.075097e-01
SGPTL,5944,1.092984e-03,4.770362e-05,1.075265e-01
SGPTL,5945,1.065744e-03,4.770362e-05,1.075444e-01
SGPTL,5946,1.167351e-03,4.770362e-05,1.075623e-01
SGPTL,5947,1.207992e-03,4.770362e-05,1.075802e-01
SGPTL,5948,1.239714e-03,4.770362e-05,1.075982e-01
SGPTL,5949,1.289104e-03,4.770362e-05,1.076158e-01
SGPTL,5950,1.307350e-03,4.770362e-05,1.076350e-01
SGPTL,5951,1.363780e-03,4.770362e-05,1.076525e-01
SGPTL,5952,1.339722e-03,4.770362e-05,1.076705e-01
SGPTL,5953,1.349949e-03,4.770362e-05,1.076883e-01
SGPTL,5954,1.260825e-03,4.770362e-05,1.077052e-01
SGPTL,5955,1.158629e-03,4.770362e-05,1.077233e-01
SGPTL,5956,1.171198e-03,4.770362e-05,1.077412e-01
SGPTL,5957,1.197606e-03,4.770362e-05,1.077585e-01
SGPTL,5958,1.256580e-03,4.770362e-05,1.077763e-01
SGPTL,5959,1.259250e-03,4.770362e-05,1.077944e-01
SGPTL,5960,1.219703e-03,4.770362e-05,1.078110e-01
SGPTL,5961,1.163198e-03,4.770362e-05,1.078288e-01
SGPTL,5962,1.163727e-03,4.770362e-05,1.078468e-01
SGPTL,5963,1.259518e-03,4.770362e-05,1.078646e-01
SGPTL,5964,1.272176e-03,4.770362e-05,1.078825e-01
SGPTL,5965,1.236528e-03,4.770362e-05,1.079005e-01
SGPTL,5966,1.254655e-03,4.770362e-05,1.079173e-01
SGPTL,5967,1.251008e-03,4.770362e-05,1.079373e-01
SGPTL,5968,1.161838e-03,4.770362e-05,1.079556e-01
SGPTL,5969,1.207644e-03,4.770362e-05,1.079722e-01
SGPTL,5970,1.248676e-03,4.770362e-05,1.079902e-01
SGPTL,5971,1.304264e-03,4.770362e-05,1.080081e-01
SGPTL,5972,1.346128e-03,4.770362e-05,1.080251e-01
SGPTL,5973,1.350382e-03,4.770362e-05,1.080431e-01
SGPTL,5974,1.439384e-03,4.770362e-05,1.080612e-01
SGPTL,5975,1.602277e-03,4.770362e-05,1.080791e-01
SGPTL,5976,1.558327e-03,4.770362e-05,1.080973e-01
SGPTL,5977,1.505346e-03,4.770362e-05,1.081151e-01
SGPTL,5978,1.383679e-03,4.770362e-05,1.081330e-01
SGPTL,5979,1.361316e-03,4.770362e-05,1.081510e-01
SGPTL,5980,1.318604e-03,4.770362e-05,1.081690e-01
SGPTL,5981,1.261130e-03,4.770362e-05,1.081866e-01
SGPTL,5982,1.185344e-03,4.770362e-05,1.082041e-01
SGPTL,5983,1.212383e-03,4.770362e-05,1.082218e-01
SGPTL,5984,1.256536e-03,4.770362e-05,1.082397e-01
SGPTL,5985,1.375856e-03,4.770362e-05,1.082575e-01
SGPTL,5986,1.413975e-03,4.770362e-05,1.082752e-01
SGPTL,5987,1.426013e-03,4.770362e-05,1.082931e-01
SGPTL,5988,1.403466e-03,4.770362e-05,1.083108e-01
SGPTL,5989,1.334859e-03,4.770362e-05,1.083289e-01
SGPTL,5990,1.354330e-03,4.770362e-05,1.083470e-01
SGPTL,5991,1.297758e-03,4.770362e-05,1.083639e-01
SGPTL,5992,1.122067e-03,4.770362e-05,1.083818e-01
SGPTL,5993,1.054126e-03,4.770362e-05,1.083996e-01
SGPTL,5994,1.148572e-03,4.770362e-05,1.084171e-01
SGPTL,5995,1.189833e-03,4.770362e-05,1.084350e-01
SGPTL,5996,1.248773e-03,4.770362e-05,1.084530e-01
SGPTL,5997,1.245069e-03,4.770362e-05,1.084705e-01
SGPTL,5998,1.264499e-03,4.770362e-05,1.084885e-01
SGPTL,5999,1.246836e-03,4.770362e-05,1.085065e-01
SGPTL,6000,1.273374e-03,4.770362e-05,1.085237e-01
SGPTL,6001,1.310728e-03,4.770362e-05,1.085416e-01
SGPTL,6002,1.333956e-03,4.770362e-05,1.085594e-01
SGPTL,6003,1.500408e-03,4.770362e-05,1.085762e-01
SGPTL,6004,1.419834e-03,4.770362e-05,1.085943e-01
SGPTL,6005,1.441559e-03,4.770362e-05,1.086122e-01
SGPTL,6006,1.398442e-03,4.770362e-05,1.086333e-01
SGPTL,6007,1.331191e-03,4.770362e-05,1.086516e-01
SGPTL,6008,1.205061e-03,4.770362e-05,1.086695e-01
SGPTL,6009,1.258598e-03,4.770362e-05,1.086875e-01
SGPTL,6010,1.292887e-03,4.770362e-05,1.087055e-01
SGPTL,6011,1.300861e-03,4.770362e-05,1.087238e-01
SGPTL,6012,1.398934e-03,4.770362e-05,1.087407e-01
SGPTL,6013,1.529587e-03,4.770362e-05,1.087587e-01
SGPTL,6014,1.499901e-03,4.770362e-05,1.087768e-01
SGPTL,6015,1.449119e-03,4.770362e-05,1.087937e-01
SGPTL,6016,1.335789e-03,4.770362e-05,1.088119e-01
SGPTL,6017,1.307191e-03,4.770362e-05,1.088298e-01
SGPTL,6018,1.267141e-03,4.770362e-05,1.088478e-01
SGPTL,6019,1.270092e-03,4.770362e-05,1.088660e-01
SGPTL,6020,1.199948e-03,4.770362e-05,1.088841e-01
SGPTL,6021,1.208698e-03,4.770362e-05,1.089021e-01
SGPTL,6022,1.181225e-03,4.770362e-05,1.089200e-01
SGPTL,6023,1.131770e-03,4.770362e-05,1.089380e-01
SGPTL,6024,1.109359e-03,4.770362e-05,1.089551e-01
SGPTL,6025,1.108527e-03,4.770362e-05,1.089729e-01
SGPTL,6026,1.095614e-03,4.770362e-05,1.089910e-01
SGPTL,6027,1.111240e-03,4.770362e-05,1.090078e-01
SGPTL,6028,1.000849e-03,4.770362e-05,1.090258e-01
SGPTL,6029,9.861250e-04,4.770362e-05,1.090436e-01
SGPTL,6030,9.728488e-04,4.770362e-05,1.090613e-01
SGPTL,6031,9.725817e-04,4.770362e-05,1.090793e-01
SGPTL,6032,1.038145e-03,4.770362e-05,1.090976e-01
SGPTL,6033,1.082972e-03,4.770362e-05,1.091145e-01
SGPTL,6034,1.125801e-03,4.770362e-05,1.091325e-01
SGPTL,6035,1.048694e-03,4.770362e-05,1.091508e-01
SGPTL,6036,1.110774e-03,4.770362e-05,1.091676e-01
SGPTL,6037,1.143246e-03,4.770362e-05,1.091856e-01
SGPTL,6038,1.216657e-03,4.770362e-05,1.092035e-01
SGPTL,6039,1.244153e-03,4.770362e-05,1.092206e-01
SGPTL,6040,1.204456e-03,4.770362e-05,1.092389e-01
SGPTL,6041,1.178906e-03,4.770362e-05,1.092567e-01
SGPTL,6042,1.139183e-03,4.770362e-05,1.092735e-01
SGPTL,6043,1.138114e-03,4.770362e-05,1.092918e-01
SGPTL,6044,1.096111e-03,4.770362e-05,1.093099e-01
SGPTL,6045,1.047997e-03,4.770362e-05,1.093268e-01
SGPTL,6046,1.085956e-03,4.770362e-05,1.093448e-01
SGPTL,6047,1.133208e-03,4.770362e-05,1.093628e-01
SGPTL,6048,1.168081e-03,4.770362e-05,1.093799e-01
SGPTL,6049,1.218342e-03,4.770362e-05,1.093980e-01
SGPTL,6050,1.246785e-03,4.770362e-05,1.094160e-01
SGPTL,6051,1.344371e-03,4.770362e-05,1.094331e-01
SGPTL,6052,1.334289e-03,4.770362e-05,1.094515e-01
SGPTL,6053,1.344529e-03,4.770362e-05,1.094696e-01
SGPTL,6054,1.364870e-03,4.770362e-05,1.094864e-01
SGPTL,6055,1.340182e-03,4.770362e-05,1.095046e-01
SGPTL,6056,1.339768e-03,4.770362e-05,1.095218e-01
SGPTL,6057,1.332799e-03,4.770362e-05,1.095397e-01
SGPTL,6058,1.239770e-03,4.770362e-05,1.095573e-01
SGPTL,6059,1.309877e-03,4.770362e-05,1.095758e-01
SGPTL,6060,1.316180e-03,4.770362e-05,1.095941e-01
SGPTL,6061,1.398766e-03,4.770362e-05,1.096119e-01
SGPTL,6062,1.332298e-03,4.770362e-05,1.096303e-01
SGPTL,6063,1.274782e-03,4.770362e-05,1.096486e-01
SGPTL,6064,1.306472e-03,4.770362e-05,1.096673e-01
SGPTL,6065,1.435459e-03,4.770362e-05,1.096856e-01
SGPTL,6066,1.464319e-03,4.770362e-05,1.097040e-01
SGPTL,6067,1.428541e-03,4.770362e-05,1.097221e-01
SGPTL,6068,1.510894e-03,4.770362e-05,1.097408e-01
SGPTL,6069,1.512271e-03,4.770362e-05,1.097592e-01
SGPTL,6070,1.390097e-03,4.770362e-05,1.097768e-01
SGPTL,6071,1.335339e-03,4.770362e-05,1.097950e-01
SGPTL,6072,1.319190e-03,4.770362e-05,1.098136e-01
SGPTL,6073,1.274495e-03,4.770362e-05,1.098321e-01
SGPTL,6074,1.320517e-03,4.770362e-05,1.098504e-01
SGPTL,6075,1.343056e-03,4.770362e-05,1.098687e-01
SGPTL,6076,1.490147e-03,4.770362e-05,1.098858e-01
SGPTL,6077,1.443275e-03,4.770362e-05,1.099040e-01
SGPTL,6078,1.439083e-03,4.770362e-05,1.100727e-01
SGPTL,6079,1.448679e-03,4.770362e-05,1.101613e-01
SGPTL,6080,1.507209e-03,4.770362e-05,1.101809e-01
SGPTL,6081,1.516732e-03,4.770362e-05,1.101997e-01
SGPTL,6082,1.422740e-03,4.770362e-05,1.102169e-01
SGPTL,6083,1.405960e-03,4.770362e-05,1.102353e-01
SGPTL,6084,1.405609e-03,4.770362e-05,1.103342e-01
SGPTL,6085,1.425168e-03,4.770362e-05,1.103679e-01
SGPTL,6086,1.416463e-03,4.770362e-05,1.103863e-01
SGPTL,6087,1.290971e-03,4.770362e-05,1.104048e-01
SGPTL,6088,1.285272e-03,4.770362e-05,1.104219e-01
SGPTL,6089,1.258621e-03,4.770362e-05,1.104401e-01
SGPTL,6090,1.288389e-03,4.770362e-05,1.104585e-01
SGPTL,6091,1.278479e-03,4.770362e-05,1.104756e-01
SGPTL,6092,1.288193e-03,4.770362e-05,1.104938e-01
SGPTL,6093,1.257026e-03,4.770362e-05,1.105122e-01
SGPTL,6094,1.251203e-03,4.770362e-05,1.105415e-01
SGPTL,6095,1.334442e-03,4.770362e-05,1.105607e-01
SGPTL,6096,1.314056e-03,4.770362e-05,1.105795e-01
SGPTL,6097,1.346962e-03,4.770362e-05,1.105977e-01
SGPTL,6098,1.442450e-03,4.770362e-05,1.106160e-01
SGPTL,6099,1.382917e-03,4.770362e-05,1.106344e-01
SGPTL,6100,1.300073e-03,4.770362e-05,1.106523e-01
SGPTL,6101,1.321426e-03,4.770362e-05,1.106705e-01
SGPTL,6102,1.279027e-03,4.770362e-05,1.106883e-01
SGPTL,6103,1.207166e-03,4.770362e-05,1.107068e-01
SGPTL,6104,1.154903e-03,4.770362e-05,1.107250e-01
SGPTL,6105,1.039323e-03,4.770362e-05,1.107430e-01
SGPTL,6106,9.740046e-04,4.770362e-05,1.107616e-01
SGPTL,6107,1.028580e-03,4.770362e-05,1.107797e-01
SGPTL,6108,1.103452e-03,4.770362e-05,1.107968e-01
SGPTL,6109,1.137847e-03,4.770362e-05,1.108152e-01
SGPTL,6110,1.112757e-03,4.770362e-05,1.108335e-01
SGPTL,6111,1.194470e-03,4.770362e-05,1.108507e-01
SGPTL,6112,1.277264e-03,4.770362e-05,1.108691e-01
SGPTL,6113,1.331945e-03,4.770362e-05,1.108873e-01
SGPTL,6114,1.459850e-03,4.770362e-05,1.109043e-01
SGPTL,6115,1.486130e-03,4.770362e-05,1.109232e-01
SGPTL,6116,1.398476e-03,4.770362e-05,1.109416e-01
SGPTL,6117,1.407121e-03,4.770362e-05,1.109585e-01
SGPTL,6118,1.444324e-03,4.770362e-05,1.109769e-01
SGPTL,6119,1.400709e-03,4.770362e-05,1.109951e-01
SGPTL,6120,1.380780e-03,4.770362e-05,1.110123e-01
SGPTL,6121,1.432421e-03,4.770362e-05,1.110306e-01
SGPTL,6122,1.298414e-03,4.770362e-05,1.110492e-01
SGPTL,6123,1.173822e-03,4.770362e-05,1.110662e-01
SGPTL,6124,1.117951e-03,4.770362e-05,1.110845e-01
SGPTL,6125,1.147022e-03,4.770362e-05,1.111031e-01
SGPTL,6126,1.138691e-03,4.770362e-05,1.111219e-01
SGPTL,6127,1.159653e-03,4.770362e-05,1.111398e-01
SGPTL,6128,1.215685e-03,4.770362e-05,1.111585e-01
SGPTL,6129,1.267790e-03,4.770362e-05,1.111771e-01
SGPTL,6130,1.260587e-03,4.770362e-05,1.111942e-01
SGPTL,6131,1.339580e-03,4.770362e-05,1.112124e-01
SGPTL,6132,1.411807e-03,4.770362e-05,1.112317e-01
SGPTL,6133,1.276053e-03,4.770362e-05,1.112500e-01
SGPTL,6134,1.260620e-03,4.770362e-05,1.112677e-01
SGPTL,6135,1.202718e-03,4.770362e-05,1.112862e-01
SGPTL,6136,1.122811e-03,4.770362e-05,1.114133e-01
SGPTL,6137,1.067967e-03,4.770362e-05,1.114354e-01
SGPTL,6138,1.052859e-03,4.770362e-05,1.114558e-01
SGPTL,6139,1.001919e-03,4.770362e-05,1.114750e-01
SGPTL,6140,9.254364e-04,4.770362e-05,1.114931e-01
SGPTL,6141,9.899548e-04,4.770362e-05,1.115126e-01
SGPTL,6142,9.889069e-04,4.770362e-05,1.115316e-01
SGPTL,6143,9.249796e-04,4.770362e-05,1.115493e-01
SGPTL,6144,9.395214e-04,4.770362e-05,1.115685e-01
SGPTL,6145,8.964285e-04,4.770362e-05,1.115876e-01
SGPTL,6146,8.285332e-04,4.770362e-05,1.116066e-01
SGPTL,6147,8.701870e-04,4.770362e-05,1.116245e-01
SGPTL,6148,8.741539e-04,4.770362e-05,1.116436e-01
SGPTL,6149,8.573692e-04,4.770362e-05,1.116627e-01
SGPTL,6150,8.317233e-04,4.770362e-05,1.116813e-01
SGPTL,6151,8.129125e-04,4.770362e-05,1.117001e-01
SGPTL,6152,8.282597e-04,4.770362e-05,1.117190e-01
SGPTL,6153,8.435140e-04,4.770362e-05,1.117383e-01
SGPTL,6154,8.667851e-04,4.770362e-05,1.117564e-01
SGPTL,6155,8.591901e-04,4.770362e-05,1.117752e-01
SGPTL,6156,8.131012e-04,4.770362e-05,1.118334e-01
SGPTL,6157,7.362934e-04,4.770362e-05,1.118548e-01
SGPTL,6158,7.180007e-04,4.770362e-05,1.118745e-01
SGPTL,6159,7.304483e-04,4.770362e-05,1.118940e-01
SGPTL,6160,7.119676e-04,4.770362e-05,1.119136e-01
SGPTL,6161,6.538914e-04,4.770362e-05,1.119328e-01
SGPTL,6162,6.051550e-04,4.770362e-05,1.119520e-01
SGPTL,6163,6.034947e-04,4.770362e-05,1.119712e-01
SGPTL,6164,5.983231e-04,4.770362e-05,1.119902e-01
SGPTL,6165,6.112501e-04,4.770362e-05,1.120084e-01
SGPTL,6166,6.339271e-04,4.770362e-05,1.120275e-01
SGPTL,6167,6.816834e-04,4.770362e-05,1.120466e-01
SGPTL,6168,6.912716e-04,4.770362e-05,1.120657e-01
SGPTL,6169,6.844873e-04,4.770362e-05,1.120836e-01
SGPTL,6170,6.878006e-04,4.770362e-05,1.121025e-01
SGPTL,6171,6.831817e-04,4.770362e-05,1.121213e-01
SGPTL,6172,6.437785e-04,4.770362e-05,1.121396e-01
SGPTL,6173,6.593149e-04,4.770362e-05,1.121583e-01
SGPTL,6174,6.629724e-04,4.770362e-05,1.121773e-01
SGPTL,6175,6.102844e-04,4.770362e-05,1.121945e-01
SGPTL,6176,5.791038e-04,4.770362e-05,1.122349e-01
SGPTL,6177,5.598641e-04,4.770362e-05,1.122537e-01
SGPTL,6178,5.118677e-04,4.770362e-05,1.122717e-01
SGPTL,6179,5.388412e-04,4.770362e-05,1.122904e-01
SGPTL,6180,5.415617e-04,4.770362e-05,1.123092e-01
SGPTL,6181,5.466039e-04,4.770362e-05,1.123265e-01
SGPTL,6182,5.473132e-04,4.770362e-05,1.123451e-01
SGPTL,6183,5.462905e-04,4.770362e-05,1.123633e-01
SGPTL,6184,5.945728e-04,4.770362e-05,1.123816e-01
SGPTL,6185,6.030899e-04,4.770362e-05,1.124001e-01
SGPTL,6186,5.926363e-04,4.770362e-05,1.124190e-01
SGPTL,6187,5.685682e-04,4.770362e-05,1.124379e-01
SGPTL,6188,5.468953e-04,4.770362e-05,1.124550e-01
SGPTL,6189,5.274035e-04,4.770362e-05,1.124738e-01
SGPTL,6190,4.973995e-04,4.770362e-05,1.124927e-01
SGPTL,6191,5.291716e-04,4.770362e-05,1.125098e-01
SGPTL,6192,5.171217e-04,4.770362e-05,1.125291e-01
SGPTL,6193,5.539811e-04,4.770362e-05,1.125477e-01
SGPTL,6194,5.683450e-04,4.770362e-05,1.125649e-01
SGPTL,6195,5.458709e-04,4.770362e-05,1.125836e-01
SGPTL,6196,5.182642e-04,4.770362e-05,1.126025e-01
SGPTL,6197,5.108714e-04,4.770362e-05,1.126196e-01
SGPTL,6198,4.986154e-04,4.770362e-05,1.126382e-01
SGPTL,6199,4.923123e-04,4.770362e-05,1.126570e-01
SGPTL,6200,4.751446e-04,4.770362e-05,1.126741e-01
SGPTL,6201,4.961968e-04,4.770362e-05,1.126928e-01
SGPTL,6202,5.210470e-04,4.770362e-05,1.127116e-01
SGPTL,6203,5.069363e-04,4.770362e-05,1.127292e-01
SGPTL,6204,5.131511e-04,4.770362e-05,1.127479e-01
SGPTL,6205,5.080266e-04,4.770362e-05,1.127666e-01
SGPTL,6206,4.944099e-04,4.770362e-05,1.127839e-01
SGPTL,6207,5.259269e-04,4.770362e-05,1.128024e-01
SGPTL,6208,5.353406e-04,4.770362e-05,1.128212e-01
SGPTL,6209,5.133276e-04,4.770362e-05,1.128383e-01
SGPTL,6210,5.140685e-04,4.770362e-05,1.128572e-01
SGPTL,6211,4.769749e-04,4.770362e-05,1.128758e-01
SGPTL,6212,4.827632e-04,4.770362e-05,1.128929e-01
SGPTL,6213,4.875777e-04,4.770362e-05,1.129115e-01
SGPTL,6214,4.752334e-04,4.770362e-05,1.129300e-01
SGPTL,6215,4.783727e-04,4.770362e-05,1.129473e-01
SGPTL,6216,4.914190e-04,4.770362e-05,1.129662e-01
SGPTL,6217,5.185534e-04,4.770362e-05,1.129849e-01
SGPTL,6218,5.325843e-04,4.770362e-05,1.130022e-01
SGPTL,6219,5.149584e-04,4.770362e-05,1.130210e-01
SGPTL,6220,5.058331e-04,4.770362e-05,1.130396e-01
SGPTL,6221,4.843442e-04,4.770362e-05,1.130570e-01
SGPTL,6222,5.232423e-04,4.770362e-05,1.130784e-01
SGPTL,6223,5.264199e-04,4.770362e-05,1.130974e-01
SGPTL,6224,4.801764e-04,4.770362e-05,1.131161e-01
SGPTL,6225,4.787829e-04,4.770362e-05,1.131343e-01
SGPTL,6226,5.042263e-04,4.770362e-05,1.131532e-01
SGPTL,6227,5.512540e-04,4.770362e-05,1.131724e-01
SGPTL,6228,5.171556e-04,4.770362e-05,1.131912e-01
SGPTL,6229,5.151401e-04,4.770362e-05,1.132090e-01
SGPTL,6230,5.221018e-04,4.770362e-05,1.132275e-01
SGPTL,6231,5.065039e-04,4.770362e-05,1.132464e-01
SGPTL,6232,4.739164e-04,4.770362e-05,1.132653e-01
SGPTL,6233,4.696809e-04,4.770362e-05,1.132824e-01
SGPTL,6234,4.866408e-04,4.770362e-05,1.133009e-01
SGPTL,6235,4.813522e-04,4.770362e-05,1.133193e-01
SGPTL,6236,4.941146e-04,4.770362e-05,1.133376e-01
SGPTL,6237,4.744212e-04,4.770362e-05,1.133563e-01
SGPTL,6238,4.854944e-04,4.770362e-05,1.133745e-01
SGPTL,6239,5.153464e-04,4.770362e-05,1.133928e-01
SGPTL,6240,5.399518e-04,4.770362e-05,1.134100e-01
SGPTL,6241,5.244026e-04,4.770362e-05,1.134285e-01
SGPTL,6242,5.100574e-04,4.770362e-05,1.134465e-01
SGPTL,6243,5.295906e-04,4.770362e-05,1.134646e-01
SGPTL,6244,5.335261e-04,4.770362e-05,1.134830e-01
SGPTL,6245,5.296952e-04,4.770362e-05,1.135016e-01
SGPTL,6246,4.994094e-04,4.770362e-05,1.135200e-01
SGPTL,6247,4.968209e-04,4.770362e-05,1.135384e-01
SGPTL,6248,5.642032e-04,4.770362e-05,1.135557e-01
SGPTL,6249,6.170647e-04,4.770362e-05,1.135742e-01
SGPTL,6250,5.954303e-04,4.770362e-05,1.135928e-01
SGPTL,6251,5.601695e-04,4.770362e-05,1.136101e-01
SGPTL,6252,5.366834e-04,4.770362e-05,1.136287e-01
SGPTL,6253,4.919430e-04,4.770362e-05,1.136474e-01
SGPTL,6254,4.912517e-04,4.770362e-05,1.136644e-01
SGPTL,6255,4.646848e-04,4.770362e-05,1.136826e-01
SGPTL,6256,4.584944e-04,4.770362e-05,1.137010e-01
SGPTL,6257,5.070065e-04,4.770362e-05,1.137187e-01
SGPTL,6258,5.185472e-04,4.770362e-05,1.137373e-01
SGPTL,6259,5.304068e-04,4.770362e-05,1.137560e-01
SGPTL,6260,5.502509e-04,4.770362e-05,1.137740e-01
SGPTL,6261,5.624814e-04,4.770362e-05,1.137925e-01
SGPTL,6262,5.954595e-04,4.770362e-05,1.138101e-01
SGPTL,6263,5.634748e-04,4.770362e-05,1.138286e-01
SGPTL,6264,5.150345e-04,4.770362e-05,1.138473e-01
SGPTL,6265,4.643804e-04,4.770362e-05,1.138644e-01
SGPTL,6266,4.292033e-04,4.770362e-05,1.138827e-01
SGPTL,6267,4.386175e-04,4.770362e-05,1.139013e-01
SGPTL,6268,4.449964e-04,4.770362e-05,1.139185e-01
SGPTL,6269,4.675937e-04,4.770362e-05,1.139370e-01
SGPTL,6270,4.897562e-04,4.770362e-05,1.139558e-01
SGPTL,6271,5.252291e-04,4.770362e-05,1.139729e-01
SGPTL,6272,5.190292e-04,4.770362e-05,1.139911e-01
SGPTL,6273,5.141680e-04,4.770362e-05,1.140098e-01
SGPTL,6274,4.914258e-04,4.770362e-05,1.140270e-01
SGPTL,6275,4.721569e-04,4.770362e-05,1.140454e-01
SGPTL,6276,4.451882e-04,4.770362e-05,1.140642e-01
SGPTL,6277,4.534845e-04,4.770362e-05,1.140813e-01
SGPTL,6278,4.994403e-04,4.770362e-05,1.141000e-01
SGPTL,6279,4.924653e-04,4.770362e-05,1.141187e-01
SGPTL,6280,4.750461e-04,4.770362e-05,1.141358e-01
SGPTL,6281,4.671573e-04,4.770362e-05,1.141543e-01
SGPTL,6282,4.469347e-04,4.770362e-05,1.141730e-01
SGPTL,6283,4.611336e-04,4.770362e-05,1.141900e-01
SGPTL,6284,4.488779e-04,4.770362e-05,1.142085e-01
SGPTL,6285,4.782105e-04,4.770362e-05,1.142270e-01
SGPTL,6286,4.564899e-04,4.770362e-05,1.142459e-01
SGPTL,6287,4.164718e-04,4.770362e-05,1.142643e-01
SGPTL,6288,4.354489e-04,4.770362e-05,1.142828e-01
SGPTL,6289,5.018103e-04,4.770362e-05,1.143013e-01
SGPTL,6290,4.995224e-04,4.770362e-05,1.143198e-01
SGPTL,6291,4.524592e-04,4.770362e-05,1.143381e-01
SGPTL,6292,4.151660e-04,4.770362e-05,1.143567e-01
SGPTL,6293,3.965174e-04,4.770362e-05,1.143755e-01
SGPTL,6294,3.897419e-04,4.770362e-05,1.143929e-01
SGPTL,6295,3.824035e-04,4.770362e-05,1.144116e-01
SGPTL,6296,3.784985e-04,4.770362e-05,1.144301e-01
SGPTL,6297,4.013380e-04,4.770362e-05,1.144475e-01
SGPTL,6298,4.168796e-04,4.770362e-05,1.144658e-01
SGPTL,6299,4.051102e-04,4.770362e-05,1.144844e-01
SGPTL,6300,3.643324e-04,4.770362e-05,1.145018e-01
SGPTL,6301,3.635667e-04,4.770362e-05,1.145202e-01
SGPTL,6302,3.631530e-04,4.770362e-05,1.145387e-01
SGPTL,6303,3.653129e-04,4.770362e-05,1.145561e-01
SGPTL,6304,3.711212e-04,4.770362e-05,1.145747e-01
SGPTL,6305,3.227779e-04,4.770362e-05,1.145933e-01
SGPTL,6306,2.993918e-04,4.770362e-05,1.146117e-01
SGPTL,6307,3.136829e-04,4.770362e-05,1.146303e-01
SGPTL,6308,3.346527e-04,4.770362e-05,1.146490e-01
SGPTL,6309,3.209332e-04,4.770362e-05,1.146661e-01
SGPTL,6310,3.480521e-04,4.770362e-05,1.146847e-01
SGPTL,6311,3.842653e-04,4.770362e-05,1.147030e-01
SGPTL,6312,4.088581e-04,4.770362e-05,1.147208e-01
SGPTL,6313,4.343982e-04,4.770362e-05,1.147392e-01
SGPTL,6314,4.418162e-04,4.770362e-05,1.147567e-01
SGPTL,6315,4.558035e-04,4.770362e-05,1.147751e-01
SGPTL,6316,4.859690e-04,4.770362e-05,1.147936e-01
SGPTL,6317,4.958925e-04,4.770362e-05,1.148108e-01
SGPTL,6318,5.309353e-04,4.770362e-05,1.148295e-01
SGPTL,6319,5.040551e-04,4.770362e-05,1.148480e-01
SGPTL,6320,4.911478e-04,4.770362e-05,1.148650e-01
SGPTL,6321,4.976241e-04,4.770362e-05,1.148833e-01
SGPTL,6322,4.822224e-04,4.770362e-05,1.149017e-01
SGPTL,6323,4.701763e-04,4.770362e-05,1.149189e-01
SGPTL,6324,4.918583e-04,4.770362e-05,1.149373e-01
SGPTL,6325,5.325468e-04,4.770362e-05,1.149560e-01
SGPTL,6326,5.575261e-04,4.770362e-05,1.149731e-01
SGPTL,6327,5.320485e-04,4.770362e-05,1.149916e-01
SGPTL,6328,5.075636e-04,4.770362e-05,1.150103e-01
SGPTL,6329,5.145961e-04,4.770362e-05,1.150277e-01
SGPTL,6330,5.112620e-04,4.770362e-05,1.150466e-01
SGPTL,6331,5.512814e-04,4.770362e-05,1.150655e-01
SGPTL,6332,5.273738e-04,4.770362e-05,1.150829e-01
SGPTL,6333,5.035318e-04,4.770362e-05,1.151015e-01
SGPTL,6334,4.935289e-04,4.770362e-05,1.151202e-01
SGPTL,6335,5.123233e-04,4.770362e-05,1.151373e-01
SGPTL,6336,5.088135e-04,4.770362e-05,1.151558e-01
SGPTL,6337,4.809921e-04,4.770362e-05,1.151747e-01
SGPTL,6338,4.843677e-04,4.770362e-05,1.151919e-01
SGPTL,6339,5.125926e-04,4.770362e-05,1.152105e-01
SGPTL,6340,5.289883e-04,4.770362e-05,1.152294e-01
SGPTL,6341,4.867898e-04,4.770362e-05,1.152465e-01
SGPTL,6342,4.498290e-04,4.770362e-05,1.152652e-01
SGPTL,6343,4.698503e-04,4.770362e-05,1.152836e-01
SGPTL,6344,4.679460e-04,4.770362e-05,1.153006e-01
SGPTL,6345,4.679571e-04,4.770362e-05,1.153192e-01
SGPTL,6346,4.827581e-04,4.770362e-05,1.153378e-01
SGPTL,6347,4.823392e-04,4.770362e-05,1.153548e-01
SGPTL,6348,4.748715e-04,4.770362e-05,1.153733e-01
SGPTL,6349,4.790503e-04,4.770362e-05,1.153951e-01
SGPTL,6350,5.084935e-04,4.770362e-05,1.154137e-01
SGPTL,6351,5.230284e-04,4.770362e-05,1.154313e-01
SGPTL,6352,4.849712e-04,4.770362e-05,1.154502e-01
SGPTL,6353,5.067069e-04,4.770362e-05,1.154688e-01
SGPTL,6354,5.130074e-04,4.770362e-05,1.154859e-01
SGPTL,6355,4.961620e-04,4.770362e-05,1.155038e-01
SGPTL,6356,4.857277e-04,4.770362e-05,1.155218e-01
SGPTL,6357,4.900787e-04,4.770362e-05,1.155403e-01
SGPTL,6358,5.018143e-04,4.770362e-05,1.155588e-01
SGPTL,6359,4.992895e-04,4.770362e-05,1.155765e-01
SGPTL,6360,4.731512e-04,4.770362e-05,1.155949e-01
SGPTL,6361,4.727348e-04,4.770362e-05,1.156136e-01
SGPTL,6362,4.749583e-04,4.770362e-05,1.156310e-01
SGPTL,6363,5.030082e-04,4.770362e-05,1.156495e-01
SGPTL,6364,4.818331e-04,4.770362e-05,1.156680e-01
SGPTL,6365,4.898068e-04,4.770362e-05,1.156857e-01
SGPTL,6366,4.657354e-04,4.770362e-05,1.157043e-01
SGPTL,6367,4.655865e-04,4.770362e-05,1.157228e-01
SGPTL,6368,4.531955e-04,4.770362e-05,1.157407e-01
SGPTL,6369,4.571957e-04,4.770362e-05,1.157593e-01
SGPTL,6370,4.652004e-04,4.770362e-05,1.157779e-01
SGPTL,6371,4.529180e-04,4.770362e-05,1.157950e-01
SGPTL,6372,4.507492e-04,4.770362e-05,1.158134e-01
SGPTL,6373,4.340280e-04,4.770362e-05,1.158313e-01
SGPTL,6374,4.435329e-04,4.770362e-05,1.158496e-01
SGPTL,6375,4.537788e-04,4.770362e-05,1.158681e-01
SGPTL,6376,4.649270e-04,4.770362e-05,1.158865e-01
SGPTL,6377,4.942029e-04,4.770362e-05,1.159052e-01
SGPTL,6378,5.113105e-04,4.770362e-05,1.159238e-01
SGPTL,6379,5.214932e-04,4.770362e-05,1.159424e-01
SGPTL,6380,5.194727e-04,4.770362e-05,1.159594e-01
SGPTL,6381,5.379837e-04,4.770362e-05,1.159778e-01
SGPTL,6382,5.260631e-04,4.770362e-05,1.159964e-01
SGPTL,6383,4.611081e-04,4.770362e-05,1.160135e-01
SGPTL,6384,4.030656e-04,4.770362e-05,1.160323e-01
SGPTL,6385,3.761164e-04,4.770362e-05,1.160508e-01
SGPTL,6386,3.538863e-04,4.770362e-05,1.160690e-01
SGPTL,6387,3.609761e-04,4.770362e-05,1.160875e-01
SGPTL,6388,3.773907e-04,4.770362e-05,1.161060e-01
SGPTL,6389,3.805164e-04,4.770362e-05,1.161232e-01
SGPTL,6390,3.921228e-04,4.770362e-05,1.161419e-01
SGPTL,6391,3.990663e-04,4.770362e-05,1.161604e-01
SGPTL,6392,3.842479e-04,4.770362e-05,1.161774e-01
SGPTL,6393,3.855851e-04,4.770362e-05,1.161959e-01
SGPTL,6394,4.063849e-04,4.770362e-05,1.162145e-01
SGPTL,6395,4.352718e-04,4.770362e-05,1.162317e-01
SGPTL,6396,4.125316e-04,4.770362e-05,1.162508e-01
SGPTL,6397,4.026424e-04,4.770362e-05,1.162696e-01
SGPTL,6398,3.971625e-04,4.770362e-05,1.162867e-01
SGPTL,6399,3.914111e-04,4.770362e-05,1.163053e-01
SGPTL,6400,3.915961e-04,4.770362e-05,1.163235e-01
SGPTL,6401,3.949130e-04,4.770362e-05,1.163406e-01
SGPTL,6402,4.082668e-04,4.770362e-05,1.163593e-01
SGPTL,6403,4.000581e-04,4.770362e-05,1.163780e-01
SGPTL,6404,4.061134e-04,4.770362e-05,1.163951e-01
SGPTL,6405,3.974018e-04,4.770362e-05,1.164141e-01
SGPTL,6406,3.671026e-04,4.770362e-05,1.164327e-01
SGPTL,6407,3.651472e-04,4.770362e-05,1.164499e-01
SGPTL,6408,3.703571e-04,4.770362e-05,1.164687e-01
SGPTL,6409,3.519090e-04,4.770362e-05,1.164869e-01
SGPTL,6410,3.561676e-04,4.770362e-05,1.165050e-01
SGPTL,6411,3.709585e-04,4.770362e-05,1.165228e-01
SGPTL,6412,4.219323e-04,4.770362e-05,1.165413e-01
SGPTL,6413,3.845645e-04,4.770362e-05,1.165600e-01
SGPTL,6414,3.885614e-04,4.770362e-05,1.165774e-01
SGPTL,6415,4.255518e-04,4.770362e-05,1.165959e-01
SGPTL,6416,4.327393e-04,4.770362e-05,1.166145e-01
SGPTL,6417,4.503481e-04,4.770362e-05,1.166315e-01
SGPTL,6418,4.415518e-04,4.770362e-05,1.166497e-01
SGPTL,6419,4.145491e-04,4.770362e-05,1.166673e-01
SGPTL,6420,4.115809e-04,4.770362e-05,1.166858e-01
SGPTL,6421,4.299062e-04,4.770362e-05,1.167042e-01
SGPTL,6422,4.017787e-04,4.770362e-05,1.167225e-01
SGPTL,6423,4.071364e-04,4.770362e-05,1.167409e-01
SGPTL,6424,4.092214e-04,4.770362e-05,1.167591e-01
SGPTL,6425,4.153107e-04,4.770362e-05,1.167776e-01
SGPTL,6426,4.316571e-04,4.770362e-05,1.167952e-01
SGPTL,6427,4.788775e-04,4.770362e-05,1.168137e-01
SGPTL,6428,5.071898e-04,4.770362e-05,1.168322e-01
SGPTL,6429,4.995586e-04,4.770362e-05,1.168493e-01
SGPTL,6430,5.019096e-04,4.770362e-05,1.168680e-01
SGPTL,6431,5.126967e-04,4.770362e-05,1.168868e-01
SGPTL,6432,4.687431e-04,4.770362e-05,1.169037e-01
SGPTL,6433,4.487359e-04,4.770362e-05,1.169226e-01
SGPTL,6434,4.340640e-04,4.770362e-05,1.169411e-01
SGPTL,6435,4.053055e-04,4.770362e-05,1.169580e-01
SGPTL,6436,3.994832e-04,4.770362e-05,1.169768e-01
SGPTL,6437,4.194404e-04,4.770362e-05,1.169950e-01
SGPTL,6438,4.421179e-04,4.770362e-05,1.170131e-01
SGPTL,6439,4.509613e-04,4.770362e-05,1.170418e-01
SGPTL,6440,4.577291e-04,4.770362e-05,1.170604e-01
SGPTL,6441,4.513495e-04,4.770362e-05,1.170777e-01
SGPTL,6442,4.807135e-04,4.770362e-05,1.170961e-01
SGPTL,6443,5.112916e-04,4.770362e-05,1.171147e-01
SGPTL,6444,4.885073e-04,4.770362e-05,1.171322e-01
SGPTL,6445,4.905771e-04,4.770362e-05,1.171507e-01
SGPTL,6446,4.704127e-04,4.770362e-05,1.171693e-01
SGPTL,6447,4.288115e-04,4.770362e-05,1.171865e-01
SGPTL,6448,4.425155e-04,4.770362e-05,1.172051e-01
SGPTL,6449,4.513557e-04,4.770362e-05,1.172238e-01
SGPTL,6450,4.782853e-04,4.770362e-05,1.172410e-01
SGPTL,6451,5.232137e-04,4.770362e-05,1.172595e-01
SGPTL,6452,5.323930e-04,4.770362e-05,1.172779e-01
SGPTL,6453,5.706878e-04,4.770362e-05,1.172960e-01
SGPTL,6454,5.633822e-04,4.770362e-05,1.173146e-01
SGPTL,6455,5.320237e-04,4.770362e-05,1.173330e-01
SGPTL,6456,4.946992e-04,4.770362e-05,1.173509e-01
SGPTL,6457,4.555137e-04,4.770362e-05,1.173696e-01
SGPTL,6458,4.350021e-04,4.770362e-05,1.173881e-01
SGPTL,6459,4.421719e-04,4.770362e-05,1.174050e-01
SGPTL,6460,4.553187e-04,4.770362e-05,1.174236e-01
SGPTL,6461,4.762811e-04,4.770362e-05,1.174421e-01
SGPTL,6462,4.753857e-04,4.770362e-05,1.174591e-01
SGPTL,6463,4.924805e-04,4.770362e-05,1.174775e-01
SGPTL,6464,4.852541e-04,4.770362e-05,1.174959e-01
SGPTL,6465,5.045237e-04,4.770362e-05,1.175130e-01
SGPTL,6466,5.204136e-04,4.770362e-05,1.175317e-01
SGPTL,6467,4.622692e-04,4.770362e-05,1.175503e-01
SGPTL,6468,4.376594e-04,4.770362e-05,1.175677e-01
SGPTL,6469,4.383953e-04,4.770362e-05,1.175862e-01
SGPTL,6470,4.110837e-04,4.770362e-05,1.176046e-01
SGPTL,6471,4.574920e-04,4.770362e-05,1.176223e-01
SGPTL,6472,4.621894e-04,4.770362e-05,1.176404e-01
SGPTL,6473,4.579654e-04,4.770362e-05,1.176588e-01
SGPTL,6474,4.641961e-04,4.770362e-05,1.176772e-01
SGPTL,6475,4.782558e-04,4.770362e-05,1.176958e-01
SGPTL,6476,4.593288e-04,4.770362e-05,1.177141e-01
SGPTL,6477,4.581606e-04,4.770362e-05,1.177341e-01
SGPTL,6478,4.615572e-04,4.770362e-05,1.177532e-01
SGPTL,6479,4.353437e-04,4.770362e-05,1.177719e-01
SGPTL,6480,4.610335e-04,4.770362e-05,1.177892e-01
SGPTL,6481,4.699323e-04,4.770362e-05,1.178076e-01
SGPTL,6482,4.372826e-04,4.770362e-05,1.178263e-01
SGPTL,6483,4.226036e-04,4.770362e-05,1.178445e-01
SGPTL,6484,4.141937e-04,4.770362e-05,1.178631e-01
SGPTL,6485,4.239145e-04,4.770362e-05,1.178804e-01
SGPTL,6486,4.370259e-04,4.770362e-05,1.178991e-01
SGPTL,6487,4.074968e-04,4.770362e-05,1.179176e-01
SGPTL,6488,4.110123e-04,4.770362e-05,1.179348e-01
SGPTL,6489,4.150216e-04,4.770362e-05,1.179533e-01
SGPTL,6490,4.455057e-04,4.770362e-05,1.179718e-01
SGPTL,6491,4.670016e-04,4.770362e-05,1.179887e-01
SGPTL,6492,4.346342e-04,4.770362e-05,1.180072e-01
SGPTL,6493,4.239307e-04,4.770362e-05,1.180259e-01
SGPTL,6494,4.607917e-04,4.770362e-05,1.180430e-01
SGPTL,6495,4.540270e-04,4.770362e-05,1.180613e-01
SGPTL,6496,4.377773e-04,4.770362e-05,1.180799e-01
SGPTL,6497,4.540704e-04,4.770362e-05,1.180968e-01
SGPTL,6498,4.651033e-04,4.770362e-05,1.181154e-01
SGPTL,6499,4.668781e-04,4.770362e-05,1.181339e-01
SGPTL,6500,4.850044e-04,4.770362e-05,1.181510e-01
SGPTL,6501,4.751577e-04,4.770362e-05,1.181695e-01
SGPTL,6502,4.778006e-04,4.770362e-05,1.181882e-01
SGPTL,6503,4.250000e-04,4.770362e-05,1.182053e-01
SGPTL,6504,4.565384e-04,4.770362e-05,1.182239e-01
SGPTL,6505,4.161885e-04,4.770362e-05,1.182427e-01
SGPTL,6506,4.265764e-04,4.770362e-05,1.182595e-01
SGPTL,6507,4.588647e-04,4.770362e-05,1.182782e-01
SGPTL,6508,4.777129e-04,4.770362e-05,1.182971e-01
SGPTL,6509,4.763979e-04,4.770362e-05,1.183141e-01
SGPTL,6510,4.923102e-04,4.770362e-05,1.183326e-01
SGPTL,6511,4.952426e-04,4.770362e-05,1.183510e-01
SGPTL,6512,4.982141e-04,4.770362e-05,1.183680e-01
SGPTL,6513,4.978600e-04,4.770362e-05,1.183865e-01
SGPTL,6514,4.891492e-04,4.770362e-05,1.184052e-01
SGPTL,6515,4.698258e-04,4.770362e-05,1.184222e-01
SGPTL,6516,4.678930e-04,4.770362e-05,1.184407e-01
SGPTL,6517,4.869444e-04,4.770362e-05,1.184590e-01
SGPTL,6518,5.021990e-04,4.770362e-05,1.184759e-01
SGPTL,6519,4.668504e-04,4.770362e-05,1.184945e-01
SGPTL,6520,4.579819e-04,4.770362e-05,1.185130e-01
SGPTL,6521,4.664887e-04,4.770362e-05,1.185301e-01
SGPTL,6522,4.560165e-04,4.770362e-05,1.185487e-01
SGPTL,6523,4.541574e-04,4.770362e-05,1.185672e-01
SGPTL,6524,4.789705e-04,4.770362e-05,1.185842e-01
SGPTL,6525,4.904439e-04,4.770362e-05,1.186028e-01
SGPTL,6526,4.710541e-04,4.770362e-05,1.186216e-01
SGPTL,6527,4.988635e-04,4.770362e-05,1.186388e-01
SGPTL,6528,5.269010e-04,4.770362e-05,1.186575e-01
SGPTL,6529,5.243856e-04,4.770362e-05,1.186760e-01
SGPTL,6530,5.424354e-04,4.770362e-05,1.186931e-01
SGPTL,6531,5.400114e-04,4.770362e-05,1.187116e-01
SGPTL,6532,5.461161e-04,4.770362e-05,1.187301e-01
SGPTL,6533,5.326637e-04,4.770362e-05,1.187484e-01
SGPTL,6534,5.356663e-04,4.770362e-05,1.187658e-01
SGPTL,6535,4.944224e-04,4.770362e-05,1.187841e-01
SGPTL,6536,4.843214e-04,4.770362e-05,1.188025e-01
SGPTL,6537,4.587470e-04,4.770362e-05,1.188195e-01
SGPTL,6538,4.735127e-04,4.770362e-05,1.188381e-01
SGPTL,6539,4.879496e-04,4.770362e-05,1.188565e-01
SGPTL,6540,5.379298e-04,4.770362e-05,1.188738e-01
SGPTL,6541,5.389910e-04,4.770362e-05,1.188923e-01
SGPTL,6542,5.110408e-04,4.770362e-05,1.189106e-01
SGPTL,6543,5.199296e-04,4.770362e-05,1.189279e-01
SGPTL,6544,4.709331e-04,4.770362e-05,1.189465e-01
SGPTL,6545,4.422536e-04,4.770362e-05,1.189653e-01
SGPTL,6546,4.321513e-04,4.770362e-05,1.189828e-01
SGPTL,6547,4.212512e-04,4.770362e-05,1.190015e-01
SGPTL,6548,4.167866e-04,4.770362e-05,1.190187e-01
SGPTL,6549,4.151812e-04,4.770362e-05,1.190373e-01
SGPTL,6550,4.248552e-04,4.770362e-05,1.190560e-01
SGPTL,6551,4.111850e-04,4.770362e-05,1.190730e-01
SGPTL,6552,4.298929e-04,4.770362e-05,1.190914e-01
SGPTL,6553,4.801438e-04,4.770362e-05,1.191100e-01
SGPTL,6554,4.865725e-04,4.770362e-05,1.191270e-01
SGPTL,6555,4.788497e-04,4.770362e-05,1.191454e-01
SGPTL,6556,4.273655e-04,4.770362e-05,1.191641e-01
SGPTL,6557,4.268878e-04,4.770362e-05,1.191811e-01
SGPTL,6558,4.098627e-04,4.770362e-05,1.191997e-01
SGPTL,6559,4.309345e-04,4.770362e-05,1.192170e-01
SGPTL,6560,4.815319e-04,4.770362e-05,1.192354e-01
SGPTL,6561,5.089843e-04,4.770362e-05,1.192541e-01
SGPTL,6562,5.442359e-04,4.770362e-05,1.192712e-01
SGPTL,6563,4.858189e-04,4.770362e-05,1.192897e-01
SGPTL,6564,4.676590e-04,4.770362e-05,1.193082e-01
SGPTL,6565,4.283719e-04,4.770362e-05,1.193287e-01
SGPTL,6566,4.235467e-04,4.770362e-05,1.193480e-01
SGPTL,6567,4.228633e-04,4.770362e-05,1.193665e-01
SGPTL,6568,4.097125e-04,4.770362e-05,1.193843e-01
SGPTL,6569,3.762101e-04,4.770362e-05,1.194032e-01
SGPTL,6570,3.875500e-04,4.770362e-05,1.194223e-01
SGPTL,6571,4.065326e-04,4.770362e-05,1.194408e-01
SGPTL,6572,4.368946e-04,4.770362e-05,1.194586e-01
SGPTL,6573,4.462160e-04,4.770362e-05,1.194774e-01
SGPTL,6574,4.501976e-04,4.770362e-05,1.194961e-01
SGPTL,6575,4.260413e-04,4.770362e-05,1.195133e-01
SGPTL,6576,4.173493e-04,4.770362e-05,1.195318e-01
SGPTL,6577,4.306742e-04,4.770362e-05,1.195502e-01
SGPTL,6578,3.835582e-04,4.770362e-05,1.195683e-01
SGPTL,6579,3.532137e-04,4.770362e-05,1.195868e-01
SGPTL,6580,3.449318e-04,4.770362e-05,1.196053e-01
SGPTL,6581,3.231282e-04,4.770362e-05,1.196225e-01
SGPTL,6582,3.379394e-04,4.770362e-05,1.196412e-01
SGPTL,6583,3.383255e-04,4.770362e-05,1.196599e-01
SGPTL,6584,3.524564e-04,4.770362e-05,1.196783e-01
SGPTL,6585,3.704016e-04,4.770362e-05,1.196967e-01
SGPTL,6586,4.011940e-04,4.770362e-05,1.197148e-01
SGPTL,6587,3.875796e-04,4.770362e-05,1.197328e-01
SGPTL,6588,4.018393e-04,4.770362e-05,1.197515e-01
SGPTL,6589,3.890461e-04,4.770362e-05,1.197701e-01
SGPTL,6590,3.754329e-04,4.770362e-05,1.197872e-01
SGPTL,6591,3.606520e-04,4.770362e-05,1.198058e-01
SGPTL,6592,3.747905e-04,4.770362e-05,1.198243e-01
SGPTL,6593,3.746592e-04,4.770362e-05,1.198414e-01
SGPTL,6594,3.732043e-04,4.770362e-05,1.198599e-01
SGPTL,6595,3.679940e-04,4.770362e-05,1.198785e-01
SGPTL,6596,3.772518e-04,4.770362e-05,1.198955e-01
SGPTL,6597,4.358788e-04,4.770362e-05,1.199140e-01
SGPTL,6598,4.852263e-04,4.770362e-05,1.199327e-01
SGPTL,6599,4.250708e-04,4.770362e-05,1.199497e-01
SGPTL,6600,4.044861e-04,4.770362e-05,1.199682e-01
SGPTL,6601,3.956176e-04,4.770362e-05,1.199870e-01
SGPTL,6602,4.191576e-04,4.770362e-05,1.200045e-01
SGPTL,6603,4.055413e-04,4.770362e-05,1.200228e-01
SGPTL,6604,3.980764e-04,4.770362e-05,1.200432e-01
SGPTL,6605,3.944071e-04,4.770362e-05,1.200623e-01
SGPTL,6606,3.984650e-04,4.770362e-05,1.200835e-01
SGPTL,6607,3.856387e-04,4.770362e-05,1.201030e-01
SGPTL,6608,4.270189e-04,4.770362e-05,1.201201e-01
SGPTL,6609,4.476649e-04,4.770362e-05,1.201388e-01
SGPTL,6610,4.386780e-04,4.770362e-05,1.201574e-01
SGPTL,6611,4.391072e-04,4.770362e-05,1.201745e-01
SGPTL,6612,4.292152e-04,4.770362e-05,1.201932e-01
SGPTL,6613,4.511516e-04,4.770362e-05,1.202119e-01
SGPTL,6614,4.588626e-04,4.770362e-05,1.202295e-01
SGPTL,6615,4.478605e-04,4.770362e-05,1.202478e-01
SGPTL,6616,4.176509e-04,4.770362e-05,1.202656e-01
SGPTL,6617,4.218347e-04,4.770362e-05,1.202843e-01
SGPTL,6618,4.114342e-04,4.770362e-05,1.203030e-01
SGPTL,6619,4.019973e-04,4.770362e-05,1.203200e-01
SGPTL,6620,4.257153e-04,4.770362e-05,1.203383e-01
SGPTL,6621,4.532874e-04,4.770362e-05,1.203572e-01
SGPTL,6622,4.972346e-04,4.770362e-05,1.203743e-01
SGPTL,6623,5.173024e-04,4.770362e-05,1.203932e-01
SGPTL,6624,5.454515e-04,4.770362e-05,1.204116e-01
SGPTL,6625,5.463340e-04,4.770362e-05,1.204305e-01
SGPTL,6626,5.072899e-04,4.770362e-05,1.204476e-01
SGPTL,6627,5.008369e-04,4.770362e-05,1.204663e-01
SGPTL,6628,4.772147e-04,4.770362e-05,1.204854e-01
SGPTL,6629,4.582657e-04,4.770362e-05,1.205050e-01
SGPTL,6630,4.557432e-04,4.770362e-05,1.205245e-01
SGPTL,6631,5.066433e-04,4.770362e-05,1.205415e-01
SGPTL,6632,5.133086e-04,4.770362e-05,1.205593e-01
SGPTL,6633,4.653280e-04,4.770362e-05,1.205778e-01
SGPTL,6634,4.825439e-04,4.770362e-05,1.205960e-01
SGPTL,6635,5.138084e-04,4.770362e-05,1.206145e-01
SGPTL,6636,4.904719e-04,4.770362e-05,1.206330e-01
SGPTL,6637,4.758196e-04,4.770362e-05,1.206512e-01
SGPTL,6638,4.381081e-04,4.770362e-05,1.206698e-01
SGPTL,6639,4.320707e-04,4.770362e-05,1.206869e-01
SGPTL,6640,4.468574e-04,4.770362e-05,1.207055e-01
SGPTL,6641,4.512006e-04,4.770362e-05,1.207240e-01
SGPTL,6642,4.610501e-04,4.770362e-05,1.207411e-01
SGPTL,6643,4.897571e-04,4.770362e-05,1.207598e-01
SGPTL,6644,4.870489e-04,4.770362e-05,1.207780e-01
SGPTL,6645,4.954418e-04,4.770362e-05,1.207962e-01
SGPTL,6646,5.197346e-04,4.770362e-05,1.208139e-01
SGPTL,6647,4.806841e-04,4.770362e-05,1.208323e-01
SGPTL,6648,4.640697e-04,4.770362e-05,1.208509e-01
SGPTL,6649,4.498414e-04,4.770362e-05,1.208692e-01
SGPTL,6650,4.228198e-04,4.770362e-05,1.208878e-01
SGPTL,6651,4.144195e-04,4.770362e-05,1.209060e-01
SGPTL,6652,4.152070e-04,4.770362e-05,1.209242e-01
SGPTL,6653,4.339369e-04,4.770362e-05,1.209414e-01
SGPTL,6654,4.625370e-04,4.770362e-05,1.209598e-01
SGPTL,6655,5.001679e-04,4.770362e-05,1.209785e-01
SGPTL,6656,5.121310e-04,4.770362e-05,1.209968e-01
SGPTL,6657,5.069007e-04,4.770362e-05,1.210151e-01
SGPTL,6658,5.479777e-04,4.770362e-05,1.210324e-01
SGPTL,6659,5.468646e-04,4.770362e-05,1.210508e-01
SGPTL,6660,5.040203e-04,4.770362e-05,1.210695e-01
SGPTL,6661,4.923130e-04,4.770362e-05,1.210870e-01
SGPTL,6662,4.703015e-04,4.770362e-05,1.211055e-01
SGPTL,6663,4.321616e-04,4.770362e-05,1.211238e-01
SGPTL,6664,3.986057e-04,4.770362e-05,1.211412e-01
SGPTL,6665,3.847642e-04,4.770362e-05,1.211593e-01
SGPTL,6666,3.972075e-04,4.770362e-05,1.211776e-01
SGPTL,6667,4.287630e-04,4.770362e-05,1.211954e-01
SGPTL,6668,4.382656e-04,4.770362e-05,1.212136e-01
SGPTL,6669,4.822759e-04,4.770362e-05,1.212320e-01
SGPTL,6670,4.930566e-04,4.770362e-05,1.212504e-01
SGPTL,6671,4.878510e-04,4.770362e-05,1.212688e-01
SGPTL,6672,4.806374e-04,4.770362e-05,1.212863e-01
SGPTL,6673,4.522981e-04,4.770362e-05,1.213048e-01
SGPTL,6674,4.681153e-04,4.770362e-05,1.213232e-01
SGPTL,6675,4.539331e-04,4.770362e-05,1.213414e-01
SGPTL,6676,4.686193e-04,4.770362e-05,1.213594e-01
SGPTL,6677,4.621541e-04,4.770362e-05,1.213781e-01
SGPTL,6678,4.173765e-04,4.770362e-05,1.213969e-01
SGPTL,6679,4.286235e-04,4.770362e-05,1.214150e-01
SGPTL,6680,4.323067e-04,4.770362e-05,1.214327e-01
SGPTL,6681,4.167911e-04,4.770362e-05,1.214514e-01
SGPTL,6682,4.453484e-04,4.770362e-05,1.214707e-01
SGPTL,6683,4.581287e-04,4.770362e-05,1.214893e-01
SGPTL,6684,4.576932e-04,4.770362e-05,1.215071e-01
SGPTL,6685,4.374226e-04,4.770362e-05,1.215258e-01
SGPTL,6686,4.385471e-04,4.770362e-05,1.215442e-01
SGPTL,6687,4.321874e-04,4.770362e-05,1.215614e-01
SGPTL,6688,4.625190e-04,4.770362e-05,1.215800e-01
SGPTL,6689,4.821609e-04,4.770362e-05,1.215986e-01
SGPTL,6690,4.653338e-04,4.770362e-05,1.216161e-01
SGPTL,6691,4.681470e-04,4.770362e-05,1.216348e-01
SGPTL,6692,4.617274e-04,4.770362e-05,1.216533e-01
SGPTL,6693,4.887310e-04,4.770362e-05,1.216706e-01
SGPTL,6694,4.934221e-04,4.770362e-05,1.216893e-01
SGPTL,6695,4.906388e-04,4.770362e-05,1.217074e-01
SGPTL,6696,4.692380e-04,4.770362e-05,1.217258e-01
SGPTL,6697,4.595260e-04,4.770362e-05,1.217442e-01
SGPTL,6698,4.497759e-04,4.770362e-05,1.217615e-01
SGPTL,6699,4.783015e-04,4.770362e-05,1.217802e-01
SGPTL,6700,4.799898e-04,4.770362e-05,1.217989e-01
SGPTL,6701,4.919520e-04,4.770362e-05,1.218170e-01
SGPTL,6702,4.992629e-04,4.770362e-05,1.218354e-01
SGPTL,6703,4.557987e-04,4.770362e-05,1.218527e-01
SGPTL,6704,4.572099e-04,4.770362e-05,1.218711e-01
SGPTL,6705,4.695141e-04,4.770362e-05,1.218896e-01
SGPTL,6706,5.067792e-04,4.770362e-05,1.219068e-01
SGPTL,6707,5.189885e-04,4.770362e-05,1.219250e-01
SGPTL,6708,5.063504e-04,4.770362e-05,1.219430e-01
SGPTL,6709,4.837958e-04,4.770362e-05,1.219608e-01
SGPTL,6710,5.197470e-04,4.770362e-05,1.219791e-01
SGPTL,6711,5.104309e-04,4.770362e-05,1.219972e-01
SGPTL,6712,4.787085e-04,4.770362e-05,1.220153e-01
SGPTL,6713,4.776744e-04,4.770362e-05,1.220337e-01
SGPTL,6714,4.638028e-04,4.770362e-05,1.220524e-01
SGPTL,6715,4.665836e-04,4.770362e-05,1.220711e-01
SGPTL,6716,4.653656e-04,4.770362e-05,1.220882e-01
SGPTL,6717,5.029315e-04,4.770362e-05,1.221070e-01
SGPTL,6718,5.077893e-04,4.770362e-05,1.221257e-01
SGPTL,6719,5.042615e-04,4.770362e-05,1.221445e-01
SGPTL,6720,5.034566e-04,4.770362e-05,1.221625e-01
SGPTL,6721,4.977922e-04,4.770362e-05,1.221812e-01
SGPTL,6722,5.030380e-04,4.770362e-05,1.221998e-01
SGPTL,6723,5.061612e-04,4.770362e-05,1.222169e-01
SGPTL,6724,4.905572e-04,4.770362e-05,1.222355e-01
SGPTL,6725,4.654090e-04,4.770362e-05,1.222540e-01
SGPTL,6726,4.649439e-04,4.770362e-05,1.222713e-01
SGPTL,6727,4.570579e-04,4.770362e-05,1.222896e-01
SGPTL,6728,4.304462e-04,4.770362e-05,1.223080e-01
SGPTL,6729,4.379858e-04,4.770362e-05,1.223253e-01
SGPTL,6730,4.679857e-04,4.770362e-05,1.223440e-01
SGPTL,6731,4.770513e-04,4.770362e-05,1.223627e-01
SGPTL,6732,4.861929e-04,4.770362e-05,1.223837e-01
SGPTL,6733,4.962984e-04,4.770362e-05,1.224024e-01
SGPTL,6734,5.184381e-04,4.770362e-05,1.224207e-01
SGPTL,6735,5.291971e-04,4.770362e-05,1.224394e-01
SGPTL,6736,5.105653e-04,4.770362e-05,1.224577e-01
SGPTL,6737,4.701945e-04,4.770362e-05,1.224763e-01
SGPTL,6738,4.734379e-04,4.770362e-05,1.224948e-01
SGPTL,6739,4.915676e-04,4.770362e-05,1.225129e-01
SGPTL,6740,4.656994e-04,4.770362e-05,1.225315e-01
SGPTL,6741,4.603590e-04,4.770362e-05,1.225503e-01
SGPTL,6742,4.656637e-04,4.770362e-05,1.225677e-01
SGPTL,6743,4.458890e-04,4.770362e-05,1.225863e-01
SGPTL,6744,4.560052e-04,4.770362e-05,1.226047e-01
SGPTL,6745,4.968368e-04,4.770362e-05,1.226219e-01
SGPTL,6746,4.788976e-04,4.770362e-05,1.226405e-01
SGPTL,6747,4.885816e-04,4.770362e-05,1.226594e-01
SGPTL,6748,5.189255e-04,4.770362e-05,1.226766e-01
SGPTL,6749,4.952988e-04,4.770362e-05,1.226954e-01
SGPTL,6750,4.875267e-04,4.770362e-05,1.227142e-01
SGPTL,6751,4.924422e-04,4.770362e-05,1.227311e-01
SGPTL,6752,4.770436e-04,4.770362e-05,1.227498e-01
SGPTL,6753,4.650415e-04,4.770362e-05,1.227683e-01
SGPTL,6754,4.541639e-04,4.770362e-05,1.227857e-01
SGPTL,6755,4.542743e-04,4.770362e-05,1.228044e-01
SGPTL,6756,4.464939e-04,4.770362e-05,1.228232e-01
SGPTL,6757,4.479788e-04,4.770362e-05,1.228404e-01
SGPTL,6758,4.251035e-04,4.770362e-05,1.228589e-01
SGPTL,6759,4.379632e-04,4.770362e-05,1.228776e-01
SGPTL,6760,4.929996e-04,4.770362e-05,1.228947e-01
SGPTL,6761,4.854265e-04,4.770362e-05,1.229133e-01
SGPTL,6762,4.735683e-04,4.770362e-05,1.229321e-01
SGPTL,6763,4.494454e-04,4.770362e-05,1.229491e-01
SGPTL,6764,4.254192e-04,4.770362e-05,1.229675e-01
SGPTL,6765,3.906608e-04,4.770362e-05,1.229863e-01
SGPTL,6766,3.723949e-04,4.770362e-05,1.230034e-01
SGPTL,6767,4.020325e-04,4.770362e-05,1.230220e-01
SGPTL,6768,4.035995e-04,4.770362e-05,1.230409e-01
SGPTL,6769,3.977925e-04,4.770362e-05,1.230578e-01
SGPTL,6770,3.902176e-04,4.770362e-05,1.230763e-01
SGPTL,6771,4.112162e-04,4.770362e-05,1.230948e-01
SGPTL,6772,4.313295e-04,4.770362e-05,1.231120e-01
SGPTL,6773,4.074389e-04,4.770362e-05,1.231305e-01
SGPTL,6774,4.050607e-04,4.770362e-05,1.231491e-01
SGPTL,6775,3.818334e-04,4.770362e-05,1.231662e-01
SGPTL,6776,3.652154e-04,4.770362e-05,1.231850e-01
SGPTL,6777,3.811907e-04,4.770362e-05,1.232035e-01
SGPTL,6778,4.027336e-04,4.770362e-05,1.232208e-01
SGPTL,6779,4.101094e-04,4.770362e-05,1.232395e-01
SGPTL,6780,4.014915e-04,4.770362e-05,1.232582e-01
SGPTL,6781,3.847249e-04,4.770362e-05,1.232753e-01
SGPTL,6782,3.913917e-04,4.770362e-05,1.232939e-01
SGPTL,6783,3.433647e-04,4.770362e-05,1.233125e-01
SGPTL,6784,3.427070e-04,4.770362e-05,1.233300e-01
SGPTL,6785,3.363994e-04,4.770362e-05,1.233485e-01
SGPTL,6786,3.267932e-04,4.770362e-05,1.233671e-01
SGPTL,6787,3.423378e-04,4.770362e-05,1.233843e-01
SGPTL,6788,3.209114e-04,4.770362e-05,1.234027e-01
SGPTL,6789,3.270037e-04,4.770362e-05,1.234209e-01
SGPTL,6790,3.220827e-04,4.770362e-05,1.234389e-01
SGPTL,6791,3.524790e-04,4.770362e-05,1.234573e-01
SGPTL,6792,3.892361e-04,4.770362e-05,1.234760e-01
SGPTL,6793,4.200442e-04,4.770362e-05,1.234931e-01
SGPTL,6794,4.566405e-04,4.770362e-05,1.235115e-01
SGPTL,6795,4.420952e-04,4.770362e-05,1.235298e-01
SGPTL,6796,4.409543e-04,4.770362e-05,1.235467e-01
SGPTL,6797,4.262294e-04,4.770362e-05,1.235650e-01
SGPTL,6798,3.758875e-04,4.770362e-05,1.235835e-01
SGPTL,6799,3.860191e-04,4.770362e-05,1.236006e-01
SGPTL,6800,3.954874e-04,4.770362e-05,1.236195e-01
SGPTL,6801,4.033148e-04,4.770362e-05,1.236368e-01
SGPTL,6802,4.179492e-04,4.770362e-05,1.236554e-01
SGPTL,6803,4.679436e-04,4.770362e-05,1.236741e-01
SGPTL,6804,4.574262e-04,4.770362e-05,1.236912e-01
SGPTL,6805,4.318004e-04,4.770362e-05,1.237098e-01
SGPTL,6806,3.933149e-04,4.770362e-05,1.237284e-01
SGPTL,6807,4.047170e-04,4.770362e-05,1.237454e-01
SGPTL,6808,4.350900e-04,4.770362e-05,1.237640e-01
SGPTL,6809,4.696577e-04,4.770362e-05,1.237827e-01
SGPTL,6810,4.673686e-04,4.770362e-05,1.238000e-01
SGPTL,6811,4.772230e-04,4.770362e-05,1.238186e-01
SGPTL,6812,4.710004e-04,4.770362e-05,1.238370e-01
SGPTL,6813,4.289818e-04,4.770362e-05,1.238545e-01
SGPTL,6814,3.984325e-04,4.770362e-05,1.238732e-01
SGPTL,6815,3.986576e-04,4.770362e-05,1.238918e-01
SGPTL,6816,3.918951e-04,4.770362e-05,1.239099e-01
SGPTL,6817,4.455005e-04,4.770362e-05,1.239288e-01
SGPTL,6818,5.016515e-04,4.770362e-05,1.239459e-01
SGPTL,6819,5.190965e-04,4.770362e-05,1.239643e-01
SGPTL,6820,5.414522e-04,4.770362e-05,1.239828e-01
SGPTL,6821,5.439783e-04,4.770362e-05,1.239999e-01
SGPTL,6822,5.108710e-04,4.770362e-05,1.240186e-01
SGPTL,6823,4.902760e-04,4.770362e-05,1.240373e-01
SGPTL,6824,4.471701e-04,4.770362e-05,1.240545e-01
SGPTL,6825,4.420225e-04,4.770362e-05,1.240732e-01
SGPTL,6826,4.469744e-04,4.770362e-05,1.240919e-01
SGPTL,6827,4.445012e-04,4.770362e-05,1.241090e-01
SGPTL,6828,4.659388e-04,4.770362e-05,1.241278e-01
SGPTL,6829,4.827076e-04,4.770362e-05,1.241463e-01
SGPTL,6830,4.985381e-04,4.770362e-05,1.241633e-01
SGPTL,6831,5.144815e-04,4.770362e-05,1.241821e-01
SGPTL,6832,5.251661e-04,4.770362e-05,1.242010e-01
SGPTL,6833,5.292145e-04,4.770362e-05,1.242181e-01
SGPTL,6834,4.788135e-04,4.770362e-05,1.242368e-01
SGPTL,6835,4.543765e-04,4.770362e-05,1.242562e-01
SGPTL,6836,4.543549e-04,4.770362e-05,1.242732e-01
SGPTL,6837,4.409112e-04,4.770362e-05,1.242918e-01
SGPTL,6838,4.356864e-04,4.770362e-05,1.243104e-01
SGPTL,6839,4.297758e-04,4.770362e-05,1.243288e-01
SGPTL,6840,4.313468e-04,4.770362e-05,1.243475e-01
SGPTL,6841,4.810952e-04,4.770362e-05,1.243660e-01
SGPTL,6842,5.063481e-04,4.770362e-05,1.243832e-01
SGPTL,6843,4.906671e-04,4.770362e-05,1.244016e-01
SGPTL,6844,4.912885e-04,4.770362e-05,1.244202e-01
SGPTL,6845,4.339453e-04,4.770362e-05,1.244382e-01
SGPTL,6846,4.692504e-04,4.770362e-05,1.244565e-01
SGPTL,6847,4.957358e-04,4.770362e-05,1.244739e-01
SGPTL,6848,5.063650e-04,4.770362e-05,1.244922e-01
SGPTL,6849,4.934748e-04,4.770362e-05,1.245107e-01
SGPTL,6850,4.731247e-04,4.770362e-05,1.245291e-01
SGPTL,6851,4.531304e-04,4.770362e-05,1.245477e-01
SGPTL,6852,4.609014e-04,4.770362e-05,1.245646e-01
SGPTL,6853,4.783718e-04,4.770362e-05,1.245831e-01
SGPTL,6854,4.871825e-04,4.770362e-05,1.246015e-01
SGPTL,6855,4.882579e-04,4.770362e-05,1.246184e-01
SGPTL,6856,4.647923e-04,4.770362e-05,1.246370e-01
SGPTL,6857,4.637660e-04,4.770362e-05,1.246556e-01
SGPTL,6858,4.741114e-04,4.770362e-05,1.246728e-01
SGPTL,6859,4.835767e-04,4.770362e-05,1.246940e-01
SGPTL,6860,4.852900e-04,4.770362e-05,1.247130e-01
SGPTL,6861,4.720507e-04,4.770362e-05,1.247316e-01
SGPTL,6862,4.672413e-04,4.770362e-05,1.247496e-01
SGPTL,6863,4.612706e-04,4.770362e-05,1.247682e-01
SGPTL,6864,4.724283e-04,4.770362e-05,1.247867e-01
SGPTL,6865,4.868843e-04,4.770362e-05,1.248042e-01
SGPTL,6866,4.856845e-04,4.770362e-05,1.248230e-01
SGPTL,6867,4.892927e-04,4.770362e-05,1.248418e-01
SGPTL,6868,4.952435e-04,4.770362e-05,1.248587e-01
SGPTL,6869,4.611595e-04,4.770362e-05,1.248774e-01
SGPTL,6870,4.440863e-04,4.770362e-05,1.248962e-01
SGPTL,6871,4.326247e-04,4.770362e-05,1.249131e-01
SGPTL,6872,4.399969e-04,4.770362e-05,1.249314e-01
SGPTL,6873,4.313788e-04,4.770362e-05,1.249500e-01
SGPTL,6874,4.567811e-04,4.770362e-05,1.249683e-01
SGPTL,6875,4.514781e-04,4.770362e-05,1.249867e-01
SGPTL,6876,4.279363e-04,4.770362e-05,1.250041e-01
SGPTL,6877,4.252581e-04,4.770362e-05,1.250228e-01
SGPTL,6878,4.633334e-04,4.770362e-05,1.250411e-01
SGPTL,6879,4.877881e-04,4.770362e-05,1.250583e-01
SGPTL,6880,4.852437e-04,4.770362e-05,1.250768e-01
SGPTL,6881,4.831449e-04,4.770362e-05,1.250953e-01
SGPTL,6882,4.809081e-04,4.770362e-05,1.251132e-01
SGPTL,6883,4.999476e-04,4.770362e-05,1.251319e-01
SGPTL,6884,5.139297e-04,4.770362e-05,1.251503e-01
SGPTL,6885,4.900348e-04,4.770362e-05,1.251688e-01
SGPTL,6886,4.708300e-04,4.770362e-05,1.251874e-01
SGPTL,6887,4.506913e-04,4.770362e-05,1.252060e-01
SGPTL,6888,4.571383e-04,4.770362e-05,1.252242e-01
SGPTL,6889,4.938750e-04,4.770362e-05,1.252430e-01
SGPTL,6890,5.068194e-04,4.770362e-05,1.252616e-01
SGPTL,6891,4.989990e-04,4.770362e-05,1.252790e-01
SGPTL,6892,4.826211e-04,4.770362e-05,1.252979e-01
SGPTL,6893,4.604631e-04,4.770362e-05,1.253165e-01
SGPTL,6894,4.575753e-04,4.770362e-05,1.253348e-01
SGPTL,6895,4.449509e-04,4.770362e-05,1.253536e-01
SGPTL,6896,4.367161e-04,4.770362e-05,1.253721e-01
SGPTL,6897,4.550631e-04,4.770362e-05,1.253897e-01
SGPTL,6898,4.924693e-04,4.770362e-05,1.254084e-01
SGPTL,6899,5.056383e-04,4.770362e-05,1.254270e-01
SGPTL,6900,5.175133e-04,4.770362e-05,1.254452e-01
SGPTL,6901,4.891048e-04,4.770362e-05,1.254641e-01
SGPTL,6902,4.424546e-04,4.770362e-05,1.254814e-01
SGPTL,6903,4.417534e-04,4.770362e-05,1.254996e-01
SGPTL,6904,4.502858e-04,4.770362e-05,1.255180e-01
SGPTL,6905,4.399909e-04,4.770362e-05,1.255368e-01
SGPTL,6906,4.643845e-04,4.770362e-05,1.255554e-01
SGPTL,6907,5.065763e-04,4.770362e-05,1.255724e-01
SGPTL,6908,4.851641e-04,4.770362e-05,1.255909e-01
SGPTL,6909,4.666696e-04,4.770362e-05,1.256088e-01
SGPTL,6910,4.817958e-04,4.770362e-05,1.256268e-01
SGPTL,6911,4.910921e-04,4.770362e-05,1.256453e-01
SGPTL,6912,4.988628e-04,4.770362e-05,1.256630e-01
SGPTL,6913,5.307696e-04,4.770362e-05,1.256815e-01
SGPTL,6914,5.760645e-04,4.770362e-05,1.256987e-01
SGPTL,6915,5.735835e-04,4.770362e-05,1.257171e-01
SGPTL,6916,5.271078e-04,4.770362e-05,1.257359e-01
SGPTL,6917,4.951337e-04,4.770362e-05,1.257542e-01
SGPTL,6918,4.968520e-04,4.770362e-05,1.257729e-01
SGPTL,6919,4.878233e-04,4.770362e-05,1.257918e-01
SGPTL,6920,5.075037e-04,4.770362e-05,1.258088e-01
SGPTL,6921,4.952352e-04,4.770362e-05,1.258272e-01
SGPTL,6922,4.761765e-04,4.770362e-05,1.258458e-01
SGPTL,6923,4.569981e-04,4.770362e-05,1.258631e-01
SGPTL,6924,4.730295e-04,4.770362e-05,1.258819e-01
SGPTL,6925,5.061487e-04,4.770362e-05,1.259006e-01
SGPTL,6926,4.849927e-04,4.770362e-05,1.259185e-01
SGPTL,6927,4.623436e-04,4.770362e-05,1.259370e-01
SGPTL,6928,4.631378e-04,4.770362e-05,1.259558e-01
SGPTL,6929,4.361411e-04,4.770362e-05,1.259736e-01
SGPTL,6930,4.487161e-04,4.770362e-05,1.259925e-01
SGPTL,6931,4.933956e-04,4.770362e-05,1.260110e-01
SGPTL,6932,5.657028e-04,4.770362e-05,1.260293e-01
SGPTL,6933,5.308711e-04,4.770362e-05,1.260480e-01
SGPTL,6934,4.903619e-04,4.770362e-05,1.260668e-01
SGPTL,6935,4.494997e-04,4.770362e-05,1.260847e-01
SGPTL,6936,4.287185e-04,4.770362e-05,1.261033e-01
SGPTL,6937,4.469303e-04,4.770362e-05,1.261207e-01
SGPTL,6938,4.649658e-04,4.770362e-05,1.261392e-01
SGPTL,6939,4.277491e-04,4.770362e-05,1.261566e-01
SGPTL,6940,4.136322e-04,4.770362e-05,1.261751e-01
SGPTL,6941,4.315633e-04,4.770362e-05,1.261935e-01
SGPTL,6942,4.397779e-04,4.770362e-05,1.262118e-01
SGPTL,6943,4.548782e-04,4.770362e-05,1.262301e-01
SGPTL,6944,4.534170e-04,4.770362e-05,1.262485e-01
SGPTL,6945,4.366913e-04,4.770362e-05,1.262668e-01
SGPTL,6946,4.323039e-04,4.770362e-05,1.262853e-01
SGPTL,6947,4.498211e-04,4.770362e-05,1.263040e-01
SGPTL,6948,4.429452e-04,4.770362e-05,1.263224e-01
SGPTL,6949,4.331668e-04,4.770362e-05,1.263408e-01
SGPTL,6950,4.054584e-04,4.770362e-05,1.263593e-01
SGPTL,6951,4.124802e-04,4.770362e-05,1.263777e-01
SGPTL,6952,3.988350e-04,4.770362e-05,1.263965e-01
SGPTL,6953,3.824616e-04,4.770362e-05,1.264152e-01
SGPTL,6954,4.043886e-04,4.770362e-05,1.264325e-01
SGPTL,6955,4.084013e-04,4.770362e-05,1.264511e-01
SGPTL,6956,4.019683e-04,4.770362e-05,1.264698e-01
SGPTL,6957,3.923552e-04,4.770362e-05,1.264866e-01
SGPTL,6958,4.302645e-04,4.770362e-05,1.265052e-01
SGPTL,6959,4.200703e-04,4.770362e-05,1.265237e-01
SGPTL,6960,3.646424e-04,4.770362e-05,1.265410e-01
SGPTL,6961,3.520940e-04,4.770362e-05,1.265595e-01
SGPTL,6962,3.546564e-04,4.770362e-05,1.265780e-01
SGPTL,6963,3.672589e-04,4.770362e-05,1.265952e-01
SGPTL,6964,3.786212e-04,4.770362e-05,1.266135e-01
SGPTL,6965,3.858145e-04,4.770362e-05,1.266321e-01
SGPTL,6966,3.815914e-04,4.770362e-05,1.266492e-01
SGPTL,6967,3.777955e-04,4.770362e-05,1.266677e-01
SGPTL,6968,3.528168e-04,4.770362e-05,1.266863e-01
SGPTL,6969,3.387619e-04,4.770362e-05,1.267033e-01
SGPTL,6970,3.182929e-04,4.770362e-05,1.267218e-01
SGPTL,6971,3.266955e-04,4.770362e-05,1.267403e-01
SGPTL,6972,3.427825e-04,4.770362e-05,1.267581e-01
SGPTL,6973,3.427485e-04,4.770362e-05,1.267763e-01
SGPTL,6974,3.603381e-04,4.770362e-05,1.267948e-01
SGPTL,6975,4.046307e-04,4.770362e-05,1.268135e-01
SGPTL,6976,4.211674e-04,4.770362e-05,1.268310e-01
SGPTL,6977,4.327919e-04,4.770362e-05,1.268496e-01
SGPTL,6978,4.485067e-04,4.770362e-05,1.268682e-01
SGPTL,6979,4.733661e-04,4.770362e-05,1.268855e-01
SGPTL,6980,4.893028e-04,4.770362e-05,1.269041e-01
SGPTL,6981,4.895263e-04,4.770362e-05,1.269228e-01
SGPTL,6982,4.249122e-04,4.770362e-05,1.269399e-01
SGPTL,6983,3.797039e-04,4.770362e-05,1.269585e-01
SGPTL,6984,3.825769e-04,4.770362e-05,1.269770e-01
SGPTL,6985,3.656174e-04,4.770362e-05,1.269941e-01
SGPTL,6986,3.720060e-04,4.770362e-05,1.270127e-01
SGPTL,6987,3.873920e-04,4.770362e-05,1.270387e-01
SGPTL,6988,4.173941e-04,4.770362e-05,1.270572e-01
SGPTL,6989,4.487113e-04,4.770362e-05,1.270754e-01
SGPTL,6990,4.452072e-04,4.770362e-05,1.270942e-01
SGPTL,6991,4.711278e-04,4.770362e-05,1.271118e-01
SGPTL,6992,5.090787e-04,4.770362e-05,1.271302e-01
SGPTL,6993,4.679749e-04,4.770362e-05,1.271490e-01
SGPTL,6994,4.492356e-04,4.770362e-05,1.271673e-01
SGPTL,6995,4.494483e-04,4.770362e-05,1.271858e-01
SGPTL,6996,4.430372e-04,4.770362e-05,1.272045e-01
SGPTL,6997,4.544706e-04,4.770362e-05,1.272227e-01
SGPTL,6998,4.475324e-04,4.770362e-05,1.272410e-01
SGPTL,6999,4.682088e-04,4.770362e-05,1.272597e-01
SGPTL,7000,4.942533e-04,4.770362e-05,1.272769e-01
SGPTL,7001,5.115103e-04,4.770362e-05,1.272955e-01
SGPTL,7002,4.869897e-04,4.770362e-05,1.273141e-01
SGPTL,7003,4.519451e-04,4.770362e-05,1.273312e-01
SGPTL,7004,4.845576e-04,4.770362e-05,1.273500e-01
SGPTL,7005,4.803093e-04,4.770362e-05,1.273686e-01
SGPTL,7006,4.545965e-04,4.770362e-05,1.273860e-01
SGPTL,7007,4.425284e-04,4.770362e-05,1.274046e-01
SGPTL,7008,4.650087e-04,4.770362e-05,1.274230e-01
SGPTL,7009,4.679762e-04,4.770362e-05,1.274410e-01
SGPTL,7010,4.555583e-04,4.770362e-05,1.274595e-01
SGPTL,7011,4.878062e-04,4.770362e-05,1.274782e-01
SGPTL,7012,5.227421e-04,4.770362e-05,1.274953e-01
SGPTL,7013,5.439442e-04,4.770362e-05,1.275138e-01
SGPTL,7014,5.153462e-04,4.770362e-05,1.275324e-01
SGPTL,7015,4.799100e-04,4.770362e-05,1.275494e-01
SGPTL,7016,4.998310e-04,4.770362e-05,1.275678e-01
SGPTL,7017,5.368858e-04,4.770362e-05,1.275863e-01
SGPTL,7018,5.557350e-04,4.770362e-05,1.276035e-01
SGPTL,7019,5.487517e-04,4.770362e-05,1.276220e-01
SGPTL,7020,5.166629e-04,4.770362e-05,1.276407e-01
SGPTL,7021,4.756147e-04,4.770362e-05,1.276591e-01
SGPTL,7022,4.540127e-04,4.770362e-05,1.276775e-01
SGPTL,7023,4.179564e-04,4.770362e-05,1.276960e-01
SGPTL,7024,4.525452e-04,4.770362e-05,1.277143e-01
SGPTL,7025,4.786796e-04,4.770362e-05,1.277329e-01
SGPTL,7026,4.742934e-04,4.770362e-05,1.277515e-01
SGPTL,7027,4.605319e-04,4.770362e-05,1.277700e-01
SGPTL,7028,4.943463e-04,4.770362e-05,1.277884e-01
SGPTL,7029,5.287349e-04,4.770362e-05,1.278070e-01
SGPTL,7030,5.231177e-04,4.770362e-05,1.278256e-01
SGPTL,7031,4.895196e-04,4.770362e-05,1.278441e-01
SGPTL,7032,4.685378e-04,4.770362e-05,1.278611e-01
SGPTL,7033,4.993197e-04,4.770362e-05,1.278797e-01
SGPTL,7034,4.649206e-04,4.770362e-05,1.278982e-01
SGPTL,7035,4.366086e-04,4.770362e-05,1.279159e-01
SGPTL,7036,4.468489e-04,4.770362e-05,1.279344e-01
SGPTL,7037,4.340990e-04,4.770362e-05,1.279527e-01
SGPTL,7038,4.189938e-04,4.770362e-05,1.279701e-01
SGPTL,7039,3.968106e-04,4.770362e-05,1.279885e-01
SGPTL,7040,3.736201e-04,4.770362e-05,1.280069e-01
SGPTL,7041,3.678037e-04,4.770362e-05,1.280253e-01
SGPTL,7042,3.721452e-04,4.770362e-05,1.280438e-01
SGPTL,7043,3.833358e-04,4.770362e-05,1.280622e-01
SGPTL,7044,3.984468e-04,4.770362e-05,1.280808e-01
SGPTL,7045,4.184783e-04,4.770362e-05,1.280993e-01
SGPTL,7046,4.586814e-04,4.770362e-05,1.281180e-01
SGPTL,7047,4.784368e-04,4.770362e-05,1.281354e-01
SGPTL,7048,5.102681e-04,4.770362e-05,1.281542e-01
SGPTL,7049,5.050381e-04,4.770362e-05,1.281727e-01
SGPTL,7050,4.920186e-04,4.770362e-05,1.281903e-01
SGPTL,7051,5.108588e-04,4.770362e-05,1.282086e-01
SGPTL,7052,4.611634e-04,4.770362e-05,1.282271e-01
SGPTL,7053,4.538715e-04,4.770362e-05,1.282445e-01
SGPTL,7054,4.418340e-04,4.770362e-05,1.282632e-01
SGPTL,7055,4.276319e-04,4.770362e-05,1.282818e-01
SGPTL,7056,4.347420e-04,4.770362e-05,1.282990e-01
SGPTL,7057,4.170259e-04,4.770362e-05,1.283175e-01
SGPTL,7058,4.099594e-04,4.770362e-05,1.283358e-01
SGPTL,7059,4.414909e-04,4.770362e-05,1.283527e-01
SGPTL,7060,4.630867e-04,4.770362e-05,1.283712e-01
SGPTL,7061,4.301619e-04,4.770362e-05,1.283897e-01
SGPTL,7062,4.263629e-04,4.770362e-05,1.284066e-01
SGPTL,7063,4.593505e-04,4.770362e-05,1.284250e-01
SGPTL,7064,4.803255e-04,4.770362e-05,1.284433e-01
SGPTL,7065,4.418985e-04,4.770362e-05,1.284617e-01
SGPTL,7066,4.578236e-04,4.770362e-05,1.284803e-01
SGPTL,7067,4.465065e-04,4.770362e-05,1.284977e-01
SGPTL,7068,4.358355e-04,4.770362e-05,1.285162e-01
SGPTL,7069,4.185916e-04,4.770362e-05,1.285345e-01
SGPTL,7070,4.218586e-04,4.770362e-05,1.285514e-01
SGPTL,7071,4.346879e-04,4.770362e-05,1.285697e-01
SGPTL,7072,4.614610e-04,4.770362e-05,1.285882e-01
SGPTL,7073,4.560373e-04,4.770362e-05,1.286052e-01
SGPTL,7074,4.174559e-04,4.770362e-05,1.286237e-01
SGPTL,7075,4.503295e-04,4.770362e-05,1.286425e-01
SGPTL,7076,4.736791e-04,4.770362e-05,1.286594e-01
SGPTL,7077,4.590774e-04,4.770362e-05,1.286780e-01
SGPTL,7078,4.787673e-04,4.770362e-05,1.286964e-01
SGPTL,7079,4.946584e-04,4.770362e-05,1.287133e-01
SGPTL,7080,4.999553e-04,4.770362e-05,1.287319e-01
SGPTL,7081,5.021102e-04,4.770362e-05,1.287505e-01
SGPTL,7082,5.054823e-04,4.770362e-05,1.287673e-01
SGPTL,7083,4.920136e-04,4.770362e-05,1.287856e-01
SGPTL,7084,4.753820e-04,4.770362e-05,1.288042e-01
SGPTL,7085,4.697236e-04,4.770362e-05,1.288213e-01
SGPTL,7086,4.409816e-04,4.770362e-05,1.288399e-01
SGPTL,7087,4.356407e-04,4.770362e-05,1.288583e-01
SGPTL,7088,4.184659e-04,4.770362e-05,1.288752e-01
SGPTL,7089,4.202413e-04,4.770362e-05,1.288936e-01
SGPTL,7090,4.363383e-04,4.770362e-05,1.289120e-01
SGPTL,7091,4.543333e-04,4.770362e-05,1.289290e-01
SGPTL,7092,4.923330e-04,4.770362e-05,1.289475e-01
SGPTL,7093,5.339688e-04,4.770362e-05,1.289662e-01
SGPTL,7094,5.660769e-04,4.770362e-05,1.289830e-01
SGPTL,7095,5.410211e-04,4.770362e-05,1.290015e-01
SGPTL,7096,4.945410e-04,4.770362e-05,1.290199e-01
SGPTL,7097,4.886528e-04,4.770362e-05,1.290375e-01
SGPTL,7098,4.710767e-04,4.770362e-05,1.290562e-01
SGPTL,7099,4.903758e-04,4.770362e-05,1.290747e-01
SGPTL,7100,4.772119e-04,4.770362e-05,1.290917e-01
SGPTL,7101,4.443684e-04,4.770362e-05,1.291102e-01
SGPTL,7102,4.295847e-04,4.770362e-05,1.291286e-01
SGPTL,7103,4.330038e-04,4.770362e-05,1.291455e-01
SGPTL,7104,4.311237e-04,4.770362e-05,1.291639e-01
SGPTL,7105,4.285513e-04,4.770362e-05,1.291823e-01
SGPTL,7106,4.178096e-04,4.770362e-05,1.291993e-01
SGPTL,7107,4.138929e-04,4.770362e-05,1.292178e-01
SGPTL,7108,4.323994e-04,4.770362e-05,1.292363e-01
SGPTL,7109,4.314511e-04,4.770362e-05,1.292533e-01
SGPTL,7110,4.407422e-04,4.770362e-05,1.292717e-01
SGPTL,7111,4.415438e-04,4.770362e-05,1.292902e-01
SGPTL,7112,4.282488e-04,4.770362e-05,1.293070e-01
SGPTL,7113,4.250883e-04,4.770362e-05,1.293256e-01
SGPTL,7114,4.461747e-04,4.770362e-05,1.293521e-01
SGPTL,7115,4.420675e-04,4.770362e-05,1.293707e-01
SGPTL,7116,4.654681e-04,4.770362e-05,1.293877e-01
SGPTL,7117,5.021984e-04,4.770362e-05,1.294061e-01
SGPTL,7118,4.951919e-04,4.770362e-05,1.294245e-01
SGPTL,7119,4.796940e-04,4.770362e-05,1.294414e-01
SGPTL,7120,4.978945e-04,4.770362e-05,1.294602e-01
SGPTL,7121,5.023522e-04,4.770362e-05,1.294787e-01
SGPTL,7122,5.017875e-04,4.770362e-05,1.294958e-01
SGPTL,7123,4.868367e-04,4.770362e-05,1.295143e-01
SGPTL,7124,4.984459e-04,4.770362e-05,1.295329e-01
SGPTL,7125,5.222797e-04,4.770362e-05,1.295509e-01
SGPTL,7126,4.920714e-04,4.770362e-05,1.295691e-01
SGPTL,7127,5.096210e-04,4.770362e-05,1.295860e-01
SGPTL,7128,4.985939e-04,4.770362e-05,1.296041e-01
SGPTL,7129,4.650137e-04,4.770362e-05,1.296222e-01
SGPTL,7130,4.535564e-04,4.770362e-05,1.296402e-01
SGPTL,7131,4.518600e-04,4.770362e-05,1.296584e-01
SGPTL,7132,4.133048e-04,4.770362e-05,1.296766e-01
SGPTL,7133,4.302298e-04,4.770362e-05,1.296936e-01
SGPTL,7134,4.280014e-04,4.770362e-05,1.297119e-01
SGPTL,7135,4.441224e-04,4.770362e-05,1.297298e-01
SGPTL,7136,4.330192e-04,4.770362e-05,1.297471e-01
SGPTL,7137,4.037713e-04,4.770362e-05,1.297653e-01
SGPTL,7138,3.731260e-04,4.770362e-05,1.297837e-01
SGPTL,7139,3.487599e-04,4.770362e-05,1.298008e-01
SGPTL,7140,3.553271e-04,4.770362e-05,1.298190e-01
SGPTL,7141,3.553986e-04,4.770362e-05,1.298370e-01
SGPTL,7142,3.771734e-04,4.770362e-05,1.298548e-01
SGPTL,7143,3.994332e-04,4.770362e-05,1.298730e-01
SGPTL,7144,4.080125e-04,4.770362e-05,1.298912e-01
SGPTL,7145,4.192272e-04,4.770362e-05,1.299085e-01
SGPTL,7146,4.311480e-04,4.770362e-05,1.299267e-01
SGPTL,7147,4.535403e-04,4.770362e-05,1.299448e-01
SGPTL,7148,4.332687e-04,4.770362e-05,1.299626e-01
SGPTL,7149,4.021373e-04,4.770362e-05,1.299808e-01
SGPTL,7150,4.152122e-04,4.770362e-05,1.299990e-01
SGPTL,7151,4.501136e-04,4.770362e-05,1.300163e-01
SGPTL,7152,4.226020e-04,4.770362e-05,1.300345e-01
SGPTL,7153,3.992767e-04,4.770362e-05,1.300527e-01
SGPTL,7154,3.856811e-04,4.770362e-05,1.300704e-01
SGPTL,7155,3.477812e-04,4.770362e-05,1.300937e-01
SGPTL,7156,3.358008e-04,4.770362e-05,1.301122e-01
SGPTL,7157,3.302133e-04,4.770362e-05,1.301305e-01
SGPTL,7158,3.448779e-04,4.770362e-05,1.301478e-01
SGPTL,7159,3.722618e-04,4.770362e-05,1.301659e-01
SGPTL,7160,3.874434e-04,4.770362e-05,1.301837e-01
SGPTL,7161,3.918164e-04,4.770362e-05,1.302013e-01
SGPTL,7162,3.868697e-04,4.770362e-05,1.302195e-01
SGPTL,7163,4.204539e-04,4.770362e-05,1.302376e-01
SGPTL,7164,4.242025e-04,4.770362e-05,1.302553e-01
SGPTL,7165,4.563899e-04,4.770362e-05,1.302738e-01
SGPTL,7166,4.664893e-04,4.770362e-05,1.302920e-01
SGPTL,7167,4.323433e-04,4.770362e-05,1.303090e-01
SGPTL,7168,4.039160e-04,4.770362e-05,1.303273e-01
SGPTL,7169,4.177799e-04,4.770362e-05,1.303453e-01
SGPTL,7170,4.323463e-04,4.770362e-05,1.303631e-01
SGPTL,7171,4.336941e-04,4.770362e-05,1.303813e-01
SGPTL,7172,4.498737e-04,4.770362e-05,1.303995e-01
SGPTL,7173,4.554594e-04,4.770362e-05,1.304166e-01
SGPTL,7174,4.460633e-04,4.770362e-05,1.304350e-01
SGPTL,7175,4.440310e-04,4.770362e-05,1.304529e-01
SGPTL,7176,4.556097e-04,4.770362e-05,1.304703e-01
SGPTL,7177,4.408340e-04,4.770362e-05,1.304886e-01
SGPTL,7178,4.499283e-04,4.770362e-05,1.305064e-01
SGPTL,7179,4.966722e-04,4.770362e-05,1.305238e-01
SGPTL,7180,4.915364e-04,4.770362e-05,1.305419e-01
SGPTL,7181,4.920472e-04,4.770362e-05,1.305600e-01
SGPTL,7182,4.498504e-04,4.770362e-05,1.305777e-01
SGPTL,7183,4.759313e-04,4.770362e-05,1.305959e-01
SGPTL,7184,5.005446e-04,4.770362e-05,1.306142e-01
SGPTL,7185,5.028933e-04,4.770362e-05,1.306315e-01
SGPTL,7186,4.725438e-04,4.770362e-05,1.306502e-01
SGPTL,7187,4.537553e-04,4.770362e-05,1.306686e-01
SGPTL,7188,4.363010e-04,4.770362e-05,1.306858e-01
SGPTL,7189,4.125870e-04,4.770362e-05,1.307044e-01
SGPTL,7190,4.444957e-04,4.770362e-05,1.307231e-01
SGPTL,7191,4.619514e-04,4.770362e-05,1.307999e-01
SGPTL,7192,4.839863e-04,4.770362e-05,1.308416e-01
SGPTL,7193,4.918004e-04,4.770362e-05,1.308628e-01
SGPTL,7194,4.874398e-04,4.770362e-05,1.308822e-01
SGPTL,7195,4.944946e-04,4.770362e-05,1.309008e-01
SGPTL,7196,5.106278e-04,4.770362e-05,1.309196e-01
SGPTL,7197,5.057998e-04,4.770362e-05,1.309383e-01
SGPTL,7198,4.860582e-04,4.770362e-05,1.309564e-01
SGPTL,7199,4.968854e-04,4.770362e-05,1.309751e-01
SGPTL,7200,4.621803e-04,4.770362e-05,1.309935e-01
SGPTL,7201,4.771743e-04,4.770362e-05,1.310112e-01
SGPTL,7202,4.861344e-04,4.770362e-05,1.310297e-01
SGPTL,7203,4.737163e-04,4.770362e-05,1.310468e-01
SGPTL,7204,5.015730e-04,4.770362e-05,1.310653e-01
SGPTL,7205,5.142064e-04,4.770362e-05,1.310835e-01
SGPTL,7206,4.988151e-04,4.770362e-05,1.311017e-01
SGPTL,7207,4.811270e-04,4.770362e-05,1.311200e-01
SGPTL,7208,4.778083e-04,4.770362e-05,1.311381e-01
SGPTL,7209,4.756741e-04,4.770362e-05,1.311563e-01
SGPTL,7210,4.653264e-04,4.770362e-05,1.311747e-01
SGPTL,7211,4.742658e-04,4.770362e-05,1.311914e-01
SGPTL,7212,4.709947e-04,4.770362e-05,1.312096e-01
SGPTL,7213,4.781498e-04,4.770362e-05,1.312278e-01
SGPTL,7214,4.814152e-04,4.770362e-05,1.312455e-01
SGPTL,7215,4.916154e-04,4.770362e-05,1.312637e-01
SGPTL,7216,4.993808e-04,4.770362e-05,1.312819e-01
SGPTL,7217,4.948962e-04,4.770362e-05,1.312990e-01
SGPTL,7218,5.132220e-04,4.770362e-05,1.313170e-01
SGPTL,7219,5.153494e-04,4.770362e-05,1.313350e-01
SGPTL,7220,4.891826e-04,4.770362e-05,1.313530e-01
SGPTL,7221,4.815726e-04,4.770362e-05,1.313713e-01
SGPTL,7222,4.616171e-04,4.770362e-05,1.313895e-01
SGPTL,7223,4.647033e-04,4.770362e-05,1.314067e-01
SGPTL,7224,4.563257e-04,4.770362e-05,1.314250e-01
SGPTL,7225,4.500984e-04,4.770362e-05,1.314430e-01
SGPTL,7226,4.646700e-04,4.770362e-05,1.314605e-01
SGPTL,7227,4.824961e-04,4.770362e-05,1.314786e-01
SGPTL,7228,4.929402e-04,4.770362e-05,1.314969e-01
SGPTL,7229,4.977923e-04,4.770362e-05,1.315149e-01
SGPTL,7230,5.071416e-04,4.770362e-05,1.315334e-01
SGPTL,7231,4.712242e-04,4.770362e-05,1.315515e-01
SGPTL,7232,4.660491e-04,4.770362e-05,1.315690e-01
SGPTL,7233,4.440276e-04,4.770362e-05,1.315871e-01
SGPTL,7234,4.408423e-04,4.770362e-05,1.316052e-01
SGPTL,7235,4.311347e-04,4.770362e-05,1.316228e-01
SGPTL,7236,4.429591e-04,4.770362e-05,1.316409e-01
SGPTL,7237,4.597789e-04,4.770362e-05,1.316591e-01
SGPTL,7238,5.103630e-04,4.770362e-05,1.316765e-01
SGPTL,7239,5.168262e-04,4.770362e-05,1.316948e-01
SGPTL,7240,4.977977e-04,4.770362e-05,1.317133e-01
SGPTL,7241,4.695006e-04,4.770362e-05,1.317305e-01
SGPTL,7242,4.453548e-04,4.770362e-05,1.317525e-01
SGPTL,7243,4.338898e-04,4.770362e-05,1.317713e-01
SGPTL,7244,3.997984e-04,4.770362e-05,1.317883e-01
SGPTL,7245,3.784643e-04,4.770362e-05,1.318068e-01
SGPTL,7246,3.816694e-04,4.770362e-05,1.318252e-01
SGPTL,7247,3.933244e-04,4.770362e-05,1.318423e-01
SGPTL,7248,4.294151e-04,4.770362e-05,1.318605e-01
SGPTL,7249,4.394077e-04,4.770362e-05,1.318785e-01
SGPTL,7250,4.356767e-04,4.770362e-05,1.318960e-01
SGPTL,7251,4.171975e-04,4.770362e-05,1.319143e-01
SGPTL,7252,4.273006e-04,4.770362e-05,1.319328e-01
SGPTL,7253,4.237171e-04,4.770362e-05,1.319499e-01
SGPTL,7254,4.325392e-04,4.770362e-05,1.319683e-01
SGPTL,7255,3.933133e-04,4.770362e-05,1.319863e-01
SGPTL,7256,4.212917e-04,4.770362e-05,1.320040e-01
SGPTL,7257,4.464653e-04,4.770362e-05,1.320224e-01
SGPTL,7258,4.533114e-04,4.770362e-05,1.320409e-01
SGPTL,7259,4.665430e-04,4.770362e-05,1.320581e-01
SGPTL,7260,4.748123e-04,4.770362e-05,1.320768e-01
SGPTL,7261,4.817147e-04,4.770362e-05,1.320952e-01
SGPTL,7262,5.068930e-04,4.770362e-05,1.321122e-01
SGPTL,7263,5.139579e-04,4.770362e-05,1.321303e-01
SGPTL,7264,5.187397e-04,4.770362e-05,1.321476e-01
SGPTL,7265,4.721499e-04,4.770362e-05,1.321658e-01
SGPTL,7266,4.488337e-04,4.770362e-05,1.321837e-01
SGPTL,7267,4.441261e-04,4.770362e-05,1.322013e-01
SGPTL,7268,4.491225e-04,4.770362e-05,1.322196e-01
SGPTL,7269,4.676176e-04,4.770362e-05,1.322378e-01
SGPTL,7270,4.447388e-04,4.770362e-05,1.322552e-01
SGPTL,7271,4.611772e-04,4.770362e-05,1.322734e-01
SGPTL,7272,5.008908e-04,4.770362e-05,1.322915e-01
SGPTL,7273,4.929239e-04,4.770362e-05,1.323090e-01
SGPTL,7274,4.886271e-04,4.770362e-05,1.323273e-01
SGPTL,7275,4.442336e-04,4.770362e-05,1.323455e-01
SGPTL,7276,4.270894e-04,4.770362e-05,1.323628e-01
SGPTL,7277,4.305756e-04,4.770362e-05,1.323809e-01
SGPTL,7278,4.870660e-04,4.770362e-05,1.323990e-01
SGPTL,7279,5.067726e-04,4.770362e-05,1.324170e-01
SGPTL,7280,4.787872e-04,4.770362e-05,1.324352e-01
SGPTL,7281,4.626666e-04,4.770362e-05,1.324534e-01
SGPTL,7282,4.788631e-04,4.770362e-05,1.324708e-01
SGPTL,7283,4.726221e-04,4.770362e-05,1.324889e-01
SGPTL,7284,4.809825e-04,4.770362e-05,1.325070e-01
SGPTL,7285,5.129314e-04,4.770362e-05,1.325243e-01
SGPTL,7286,5.337747e-04,4.770362e-05,1.325425e-01
SGPTL,7287,5.205363e-04,4.770362e-05,1.325603e-01
SGPTL,7288,5.654658e-04,4.770362e-05,1.325781e-01
SGPTL,7289,5.661095e-04,4.770362e-05,1.325963e-01
SGPTL,7290,5.272346e-04,4.770362e-05,1.326146e-01
SGPTL,7291,4.899388e-04,4.770362e-05,1.326327e-01
SGPTL,7292,4.788350e-04,4.770362e-05,1.326510e-01
SGPTL,7293,4.608110e-04,4.770362e-05,1.326691e-01
SGPTL,7294,4.346962e-04,4.770362e-05,1.326861e-01
SGPTL,7295,4.523242e-04,4.770362e-05,1.327043e-01
SGPTL,7296,4.273804e-04,4.770362e-05,1.327223e-01
SGPTL,7297,4.338134e-04,4.770362e-05,1.327398e-01
SGPTL,7298,4.381711e-04,4.770362e-05,1.327581e-01
SGPTL,7299,4.612745e-04,4.770362e-05,1.327761e-01
SGPTL,7300,4.744955e-04,4.770362e-05,1.327938e-01
SGPTL,7301,4.782880e-04,4.770362e-05,1.328119e-01
SGPTL,7302,4.803268e-04,4.770362e-05,1.328290e-01
SGPTL,7303,4.785214e-04,4.770362e-05,1.328472e-01
SGPTL,7304,4.966409e-04,4.770362e-05,1.328652e-01
SGPTL,7305,4.797310e-04,4.770362e-05,1.328825e-01
SGPTL,7306,4.453574e-04,4.770362e-05,1.329008e-01
SGPTL,7307,4.576611e-04,4.770362e-05,1.329188e-01
SGPTL,7308,4.713734e-04,4.770362e-05,1.329363e-01
SGPTL,7309,5.017010e-04,4.770362e-05,1.329545e-01
SGPTL,7310,4.944443e-04,4.770362e-05,1.329726e-01
SGPTL,7311,4.986362e-04,4.770362e-05,1.329900e-01
SGPTL,7312,5.016280e-04,4.770362e-05,1.330083e-01
SGPTL,7313,4.517383e-04,4.770362e-05,1.330265e-01
SGPTL,7314,4.471230e-04,4.770362e-05,1.330436e-01
SGPTL,7315,4.913394e-04,4.770362e-05,1.330620e-01
SGPTL,7316,4.932846e-04,4.770362e-05,1.330799e-01
SGPTL,7317,4.593466e-04,4.770362e-05,1.330975e-01
SGPTL,7318,4.233369e-04,4.770362e-05,1.331160e-01
SGPTL,7319,4.136740e-04,4.770362e-05,1.331341e-01
SGPTL,7320,4.289592e-04,4.770362e-05,1.331513e-01
SGPTL,7321,4.318790e-04,4.770362e-05,1.331695e-01
SGPTL,7322,4.413270e-04,4.770362e-05,1.331876e-01
SGPTL,7323,4.135133e-04,4.770362e-05,1.332052e-01
SGPTL,7324,4.361496e-04,4.770362e-05,1.332233e-01
SGPTL,7325,4.067858e-04,4.770362e-05,1.332414e-01
SGPTL,7326,3.884972e-04,4.770362e-05,1.332587e-01
SGPTL,7327,3.814434e-04,4.770362e-05,1.332770e-01
SGPTL,7328,4.104993e-04,4.770362e-05,1.332948e-01
SGPTL,7329,4.191094e-04,4.770362e-05,1.333121e-01
SGPTL,7330,4.467654e-04,4.770362e-05,1.333307e-01
SGPTL,7331,4.438271e-04,4.770362e-05,1.333488e-01
SGPTL,7332,4.524933e-04,4.770362e-05,1.333658e-01
SGPTL,7333,4.449377e-04,4.770362e-05,1.333840e-01
SGPTL,7334,4.398030e-04,4.770362e-05,1.334022e-01
SGPTL,7335,4.429229e-04,4.770362e-05,1.334204e-01
SGPTL,7336,4.661955e-04,4.770362e-05,1.334390e-01
SGPTL,7337,4.757297e-04,4.770362e-05,1.334559e-01
SGPTL,7338,4.361412e-04,4.770362e-05,1.334744e-01
SGPTL,7339,4.420880e-04,4.770362e-05,1.334926e-01
SGPTL,7340,4.429422e-04,4.770362e-05,1.335101e-01
SGPTL,7341,4.201916e-04,4.770362e-05,1.335285e-01
SGPTL,7342,3.927223e-04,4.770362e-05,1.335470e-01
SGPTL,7343,3.736400e-04,4.770362e-05,1.335643e-01
SGPTL,7344,3.562643e-04,4.770362e-05,1.335826e-01
SGPTL,7345,3.531110e-04,4.770362e-05,1.336011e-01
SGPTL,7346,3.538034e-04,4.770362e-05,1.336195e-01
SGPTL,7347,3.482540e-04,4.770362e-05,1.336367e-01
SGPTL,7348,3.653315e-04,4.770362e-05,1.336550e-01
SGPTL,7349,3.790731e-04,4.770362e-05,1.336721e-01
SGPTL,7350,3.766672e-04,4.770362e-05,1.336903e-01
SGPTL,7351,4.000736e-04,4.770362e-05,1.337083e-01
SGPTL,7352,3.793229e-04,4.770362e-05,1.337259e-01
SGPTL,7353,3.852977e-04,4.770362e-05,1.337441e-01
SGPTL,7354,3.933674e-04,4.770362e-05,1.337624e-01
SGPTL,7355,4.212911e-04,4.770362e-05,1.337805e-01
SGPTL,7356,4.195589e-04,4.770362e-05,1.337989e-01
SGPTL,7357,4.134528e-04,4.770362e-05,1.338171e-01
SGPTL,7358,4.220725e-04,4.770362e-05,1.338353e-01
SGPTL,7359,4.241397e-04,4.770362e-05,1.338535e-01
SGPTL,7360,4.122425e-04,4.770362e-05,1.338718e-01
SGPTL,7361,4.099763e-04,4.770362e-05,1.338899e-01
SGPTL,7362,4.121316e-04,4.770362e-05,1.339082e-01
SGPTL,7363,4.057085e-04,4.770362e-05,1.339248e-01
SGPTL,7364,4.389707e-04,4.770362e-05,1.339430e-01
SGPTL,7365,4.356222e-04,4.770362e-05,1.339602e-01
SGPTL,7366,4.596154e-04,4.770362e-05,1.339785e-01
SGPTL,7367,4.750225e-04,4.770362e-05,1.339963e-01
SGPTL,7368,4.897862e-04,4.770362e-05,1.340143e-01
SGPTL,7369,4.601165e-04,4.770362e-05,1.340349e-01
SGPTL,7370,4.104380e-04,4.770362e-05,1.340521e-01
SGPTL,7371,4.201571e-04,4.770362e-05,1.340705e-01
SGPTL,7372,4.049221e-04,4.770362e-05,1.340885e-01
SGPTL,7373,4.039374e-04,4.770362e-05,1.341063e-01
SGPTL,7374,4.210931e-04,4.770362e-05,1.341245e-01
SGPTL,7375,4.127562e-04,4.770362e-05,1.341415e-01
SGPTL,7376,4.041264e-04,4.770362e-05,1.341595e-01
SGPTL,7377,4.173705e-04,4.770362e-05,1.341778e-01
SGPTL,7378,4.433397e-04,4.770362e-05,1.341960e-01
SGPTL,7379,4.649826e-04,4.770362e-05,1.342142e-01
SGPTL,7380,4.939614e-04,4.770362e-05,1.342323e-01
SGPTL,7381,4.590836e-04,4.770362e-05,1.342501e-01
SGPTL,7382,4.574795e-04,4.770362e-05,1.342680e-01
SGPTL,7383,4.610904e-04,4.770362e-05,1.342858e-01
SGPTL,7384,4.356502e-04,4.770362e-05,1.343033e-01
SGPTL,7385,4.200459e-04,4.770362e-05,1.343214e-01
SGPTL,7386,4.645113e-04,4.770362e-05,1.343394e-01
SGPTL,7387,4.634439e-04,4.770362e-05,1.343569e-01
SGPTL,7388,4.459056e-04,4.770362e-05,1.343750e-01
SGPTL,7389,4.638352e-04,4.770362e-05,1.343929e-01
SGPTL,7390,4.463276e-04,4.770362e-05,1.344110e-01
SGPTL,7391,4.248145e-04,4.770362e-05,1.344292e-01
SGPTL,7392,4.083670e-04,4.770362e-05,1.344460e-01
SGPTL,7393,4.527339e-04,4.770362e-05,1.344641e-01
SGPTL,7394,4.562167e-04,4.770362e-05,1.344811e-01
SGPTL,7395,4.690654e-04,4.770362e-05,1.344994e-01
SGPTL,7396,5.014073e-04,4.770362e-05,1.345175e-01
SGPTL,7397,5.386149e-04,4.770362e-05,1.345351e-01
SGPTL,7398,5.058135e-04,4.770362e-05,1.345533e-01
SGPTL,7399,5.136894e-04,4.770362e-05,1.345715e-01
SGPTL,7400,4.782297e-04,4.770362e-05,1.345885e-01
SGPTL,7401,4.586092e-04,4.770362e-05,1.346068e-01
SGPTL,7402,4.762899e-04,4.770362e-05,1.346241e-01
SGPTL,7403,4.503720e-04,4.770362e-05,1.346422e-01
SGPTL,7404,4.387171e-04,4.770362e-05,1.346601e-01
SGPTL,7405,4.399355e-04,4.770362e-05,1.346775e-01
SGPTL,7406,4.508575e-04,4.770362e-05,1.346959e-01
SGPTL,7407,4.400273e-04,4.770362e-05,1.347126e-01
SGPTL,7408,4.411813e-04,4.770362e-05,1.347308e-01
SGPTL,7409,4.312708e-04,4.770362e-05,1.347488e-01
SGPTL,7410,4.218268e-04,4.770362e-05,1.347664e-01
SGPTL,7411,4.290220e-04,4.770362e-05,1.347847e-01
SGPTL,7412,4.588126e-04,4.770362e-05,1.348031e-01
SGPTL,7413,4.944638e-04,4.770362e-05,1.348212e-01
SGPTL,7414,5.099111e-04,4.770362e-05,1.348393e-01
SGPTL,7415,4.906380e-04,4.770362e-05,1.348576e-01
SGPTL,7416,4.991089e-04,4.770362e-05,1.348754e-01
SGPTL,7417,4.726295e-04,4.770362e-05,1.348938e-01
SGPTL,7418,4.870039e-04,4.770362e-05,1.349122e-01
SGPTL,7419,4.602558e-04,4.770362e-05,1.349293e-01
SGPTL,7420,4.362329e-04,4.770362e-05,1.349477e-01
SGPTL,7421,4.491829e-04,4.770362e-05,1.349661e-01
SGPTL,7422,4.437783e-04,4.770362e-05,1.349831e-01
SGPTL,7423,4.137742e-04,4.770362e-05,1.350015e-01
SGPTL,7424,4.183019e-04,4.770362e-05,1.350198e-01
SGPTL,7425,4.283295e-04,4.770362e-05,1.350367e-01
SGPTL,7426,4.727811e-04,4.770362e-05,1.350550e-01
SGPTL,7427,5.059569e-04,4.770362e-05,1.350733e-01
SGPTL,7428,5.179984e-04,4.770362e-05,1.350904e-01
SGPTL,7429,5.216640e-04,4.770362e-05,1.351089e-01
SGPTL,7430,4.892424e-04,4.770362e-05,1.351273e-01
SGPTL,7431,4.220843e-04,4.770362e-05,1.351443e-01
SGPTL,7432,3.698336e-04,4.770362e-05,1.351627e-01
SGPTL,7433,3.557890e-04,4.770362e-05,1.351810e-01
SGPTL,7434,3.700303e-04,4.770362e-05,1.351991e-01
SGPTL,7435,4.030754e-04,4.770362e-05,1.352171e-01
SGPTL,7436,4.163409e-04,4.770362e-05,1.352340e-01
SGPTL,7437,4.416112e-04,4.770362e-05,1.352523e-01
SGPTL,7438,4.387538e-04,4.770362e-05,1.352704e-01
SGPTL,7439,4.557187e-04,4.770362e-05,1.352876e-01
SGPTL,7440,4.730129e-04,4.770362e-05,1.353058e-01
SGPTL,7441,4.954471e-04,4.770362e-05,1.353241e-01
SGPTL,7442,5.105230e-04,4.770362e-05,1.353417e-01
SGPTL,7443,5.037381e-04,4.770362e-05,1.353599e-01
SGPTL,7444,4.794520e-04,4.770362e-05,1.353780e-01
SGPTL,7445,4.801104e-04,4.770362e-05,1.353950e-01
SGPTL,7446,4.886534e-04,4.770362e-05,1.354131e-01
SGPTL,7447,4.282963e-04,4.770362e-05,1.354310e-01
SGPTL,7448,4.291733e-04,4.770362e-05,1.354484e-01
SGPTL,7449,4.419110e-04,4.770362e-05,1.354665e-01
SGPTL,7450,4.342659e-04,4.770362e-05,1.354839e-01
SGPTL,7451,4.521185e-04,4.770362e-05,1.355021e-01
SGPTL,7452,4.396771e-04,4.770362e-05,1.355203e-01
SGPTL,7453,4.605669e-04,4.770362e-05,1.355379e-01
SGPTL,7454,5.082282e-04,4.770362e-05,1.355560e-01
SGPTL,7455,4.964516e-04,4.770362e-05,1.355743e-01
SGPTL,7456,4.735392e-04,4.770362e-05,1.355914e-01
SGPTL,7457,4.605613e-04,4.770362e-05,1.356094e-01
SGPTL,7458,4.260730e-04,4.770362e-05,1.356273e-01
SGPTL,7459,4.182291e-04,4.770362e-05,1.356447e-01
SGPTL,7460,4.092342e-04,4.770362e-05,1.356628e-01
SGPTL,7461,4.175513e-04,4.770362e-05,1.356876e-01
SGPTL,7462,4.511889e-04,4.770362e-05,1.357118e-01
SGPTL,7463,4.571322e-04,4.770362e-05,1.357303e-01
SGPTL,7464,4.469991e-04,4.770362e-05,1.357484e-01
SGPTL,7465,4.752886e-04,4.770362e-05,1.357668e-01
SGPTL,7466,4.787891e-04,4.770362e-05,1.357845e-01
SGPTL,7467,4.733028e-04,4.770362e-05,1.358025e-01
SGPTL,7468,4.814916e-04,4.770362e-05,1.358207e-01
SGPTL,7469,4.385564e-04,4.770362e-05,1.358387e-01
SGPTL,7470,4.309874e-04,4.770362e-05,1.358567e-01
SGPTL,7471,4.658888e-04,4.770362e-05,1.358748e-01
SGPTL,7472,4.544288e-04,4.770362e-05,1.358929e-01
SGPTL,7473,4.637707e-04,4.770362e-05,1.359112e-01
SGPTL,7474,5.002892e-04,4.770362e-05,1.359295e-01
SGPTL,7475,5.384500e-04,4.770362e-05,1.359470e-01
SGPTL,7476,5.355536e-04,4.770362e-05,1.359651e-01
SGPTL,7477,5.471067e-04,4.770362e-05,1.359829e-01
SGPTL,7478,5.236093e-04,4.770362e-05,1.360008e-01
SGPTL,7479,4.883460e-04,4.770362e-05,1.360190e-01
SGPTL,7480,4.646741e-04,4.770362e-05,1.360371e-01
SGPTL,7481,4.731234e-04,4.770362e-05,1.360550e-01
SGPTL,7482,4.886018e-04,4.770362e-05,1.360729e-01
SGPTL,7483,5.061258e-04,4.770362e-05,1.360902e-01
SGPTL,7484,4.768527e-04,4.770362e-05,1.361083e-01
SGPTL,7485,4.607941e-04,4.770362e-05,1.361263e-01
SGPTL,7486,4.380290e-04,4.770362e-05,1.361437e-01
SGPTL,7487,4.166041e-04,4.770362e-05,1.361618e-01
SGPTL,7488,4.028886e-04,4.770362e-05,1.361798e-01
SGPTL,7489,4.357351e-04,4.770362e-05,1.361970e-01
SGPTL,7490,4.533936e-04,4.770362e-05,1.362152e-01
SGPTL,7491,5.051428e-04,4.770362e-05,1.362330e-01
SGPTL,7492,5.154175e-04,4.770362e-05,1.362510e-01
SGPTL,7493,5.277692e-04,4.770362e-05,1.362690e-01
SGPTL,7494,4.947150e-04,4.770362e-05,1.362875e-01
SGPTL,7495,4.366607e-04,4.770362e-05,1.363048e-01
SGPTL,7496,4.430536e-04,4.770362e-05,1.363232e-01
SGPTL,7497,4.708763e-04,4.770362e-05,1.363436e-01
SGPTL,7498,4.434572e-04,4.770362e-05,1.363609e-01
SGPTL,7499,4.137672e-04,4.770362e-05,1.363793e-01
SGPTL,7500,4.402227e-04,4.770362e-05,1.363970e-01
SGPTL,7501,4.744232e-04,4.770362e-05,1.364148e-01
SGPTL,7502,4.836816e-04,4.770362e-05,1.364330e-01
SGPTL,7503,5.047588e-04,4.770362e-05,1.364513e-01
SGPTL,7504,5.164148e-04,4.770362e-05,1.364687e-01
SGPTL,7505,4.498314e-04,4.770362e-05,1.364868e-01
SGPTL,7506,4.082232e-04,4.770362e-05,1.365050e-01
SGPTL,7507,3.889604e-04,4.770362e-05,1.365218e-01
SGPTL,7508,3.787996e-04,4.770362e-05,1.365400e-01
SGPTL,7509,3.294545e-04,4.770362e-05,1.365565e-01
SGPTL,7510,3.197826e-04,4.770362e-05,1.365749e-01
SGPTL,7511,3.459624e-04,4.770362e-05,1.365918e-01
SGPTL,7512,3.811972e-04,4.770362e-05,1.366100e-01
SGPTL,7513,3.931594e-04,4.770362e-05,1.366266e-01
SGPTL,7514,4.246446e-04,4.770362e-05,1.366448e-01
SGPTL,7515,4.539098e-04,4.770362e-05,1.366630e-01
SGPTL,7516,4.660031e-04,4.770362e-05,1.366815e-01
SGPTL,7517,4.705059e-04,4.770362e-05,1.366996e-01
SGPTL,7518,4.746366e-04,4.770362e-05,1.367173e-01
SGPTL,7519,4.899515e-04,4.770362e-05,1.367349e-01
SGPTL,7520,4.815495e-04,4.770362e-05,1.367529e-01
SGPTL,7521,4.326861e-04,4.770362e-05,1.367709e-01
SGPTL,7522,3.854964e-04,4.770362e-05,1.367982e-01
SGPTL,7523,3.962547e-04,4.770362e-05,1.368161e-01
SGPTL,7524,4.020365e-04,4.770362e-05,1.368341e-01
SGPTL,7525,3.786831e-04,4.770362e-05,1.368521e-01
SGPTL,7526,3.799442e-04,4.770362e-05,1.368690e-01
SGPTL,7527,4.049535e-04,4.770362e-05,1.368873e-01
SGPTL,7528,4.281429e-04,4.770362e-05,1.369052e-01
SGPTL,7529,4.317123e-04,4.770362e-05,1.369225e-01
SGPTL,7530,4.220699e-04,4.770362e-05,1.369408e-01
SGPTL,7531,4.113019e-04,4.770362e-05,1.369593e-01
SGPTL,7532,4.034146e-04,4.770362e-05,1.369763e-01
SGPTL,7533,4.046610e-04,4.770362e-05,1.369945e-01
SGPTL,7534,4.222934e-04,4.770362e-05,1.370127e-01
SGPTL,7535,4.149863e-04,4.770362e-05,1.370294e-01
SGPTL,7536,4.411032e-04,4.770362e-05,1.370475e-01
SGPTL,7537,4.836859e-04,4.770362e-05,1.370645e-01
SGPTL,7538,4.827705e-04,4.770362e-05,1.370825e-01
SGPTL,7539,5.207366e-04,4.770362e-05,1.371005e-01
SGPTL,7540,5.086471e-04,4.770362e-05,1.371180e-01
SGPTL,7541,4.917115e-04,4.770362e-05,1.371360e-01
SGPTL,7542,4.590345e-04,4.770362e-05,1.371542e-01
SGPTL,7543,4.360367e-04,4.770362e-05,1.371718e-01
SGPTL,7544,4.083494e-04,4.770362e-05,1.371896e-01
SGPTL,7545,3.723204e-04,4.770362e-05,1.372074e-01
SGPTL,7546,3.431587e-04,4.770362e-05,1.372246e-01
SGPTL,7547,3.442481e-04,4.770362e-05,1.372425e-01
SGPTL,7548,3.617991e-04,4.770362e-05,1.372605e-01
SGPTL,7549,3.935776e-04,4.770362e-05,1.372779e-01
SGPTL,7550,4.519042e-04,4.770362e-05,1.372960e-01
SGPTL,7551,4.450561e-04,4.770362e-05,1.373138e-01
SGPTL,7552,4.301972e-04,4.770362e-05,1.373312e-01
SGPTL,7553,4.251052e-04,4.770362e-05,1.373494e-01
SGPTL,7554,4.011273e-04,4.770362e-05,1.373673e-01
SGPTL,7555,3.662432e-04,4.770362e-05,1.373849e-01
SGPTL,7556,3.708621e-04,4.770362e-05,1.374031e-01
SGPTL,7557,3.733922e-04,4.770362e-05,1.374212e-01
SGPTL,7558,3.691705e-04,4.770362e-05,1.374393e-01
SGPTL,7559,3.591969e-04,4.770362e-05,1.374573e-01
SGPTL,7560,3.556830e-04,4.770362e-05,1.374743e-01
SGPTL,7561,3.642048e-04,4.770362e-05,1.374925e-01
SGPTL,7562,3.627843e-04,4.770362e-05,1.375103e-01
SGPTL,7563,3.941667e-04,4.770362e-05,1.375276e-01
SGPTL,7564,4.326105e-04,4.770362e-05,1.375458e-01
SGPTL,7565,4.842406e-04,4.770362e-05,1.375637e-01
SGPTL,7566,4.742504e-04,4.770362e-05,1.375808e-01
SGPTL,7567,4.683583e-04,4.770362e-05,1.375989e-01
SGPTL,7568,4.743906e-04,4.770362e-05,1.376171e-01
SGPTL,7569,4.545343e-04,4.770362e-05,1.376343e-01
SGPTL,7570,4.391551e-04,4.770362e-05,1.376524e-01
SGPTL,7571,4.161190e-04,4.770362e-05,1.376705e-01
SGPTL,7572,3.914001e-04,4.770362e-05,1.376879e-01
SGPTL,7573,3.894758e-04,4.770362e-05,1.377059e-01
SGPTL,7574,3.906382e-04,4.770362e-05,1.377239e-01
SGPTL,7575,4.033231e-04,4.770362e-05,1.377410e-01
SGPTL,7576,4.108356e-04,4.770362e-05,1.377591e-01
SGPTL,7577,4.444028e-04,4.770362e-05,1.377769e-01
SGPTL,7578,4.777443e-04,4.770362e-05,1.377942e-01
SGPTL,7579,5.219932e-04,4.770362e-05,1.378125e-01
SGPTL,7580,4.833793e-04,4.770362e-05,1.378307e-01
SGPTL,7581,4.579590e-04,4.770362e-05,1.378480e-01
SGPTL,7582,4.452360e-04,4.770362e-05,1.378663e-01
SGPTL,7583,4.430243e-04,4.770362e-05,1.378840e-01
SGPTL,7584,4.571031e-04,4.770362e-05,1.379014e-01
SGPTL,7585,5.017385e-04,4.770362e-05,1.379194e-01
SGPTL,7586,5.617099e-04,4.770362e-05,1.379374e-01
SGPTL,7587,5.712490e-04,4.770362e-05,1.379547e-01
SGPTL,7588,5.767694e-04,4.770362e-05,1.379726e-01
SGPTL,7589,5.230934e-04,4.770362e-05,1.379904e-01
SGPTL,7590,4.840584e-04,4.770362e-05,1.380078e-01
SGPTL,7591,4.388112e-04,4.770362e-05,1.380260e-01
SGPTL,7592,3.987842e-04,4.770362e-05,1.380440e-01
SGPTL,7593,3.859486e-04,4.770362e-05,1.380614e-01
SGPTL,7594,4.028332e-04,4.770362e-05,1.380795e-01
SGPTL,7595,3.967839e-04,4.770362e-05,1.380973e-01
SGPTL,7596,4.085139e-04,4.770362e-05,1.381147e-01
SGPTL,7597,4.192362e-04,4.770362e-05,1.381329e-01
SGPTL,7598,4.492030e-04,4.770362e-05,1.381509e-01
SGPTL,7599,4.712529e-04,4.770362e-05,1.381681e-01
SGPTL,7600,4.942686e-04,4.770362e-05,1.381863e-01
SGPTL,7601,5.297459e-04,4.770362e-05,1.382039e-01
SGPTL,7602,5.471691e-04,4.770362e-05,1.382217e-01
SGPTL,7603,5.210328e-04,4.770362e-05,1.382401e-01
SGPTL,7604,5.047785e-04,4.770362e-05,1.382583e-01
SGPTL,7605,4.944256e-04,4.770362e-05,1.382752e-01
SGPTL,7606,4.778637e-04,4.770362e-05,1.382933e-01
SGPTL,7607,4.599909e-04,4.770362e-05,1.383114e-01
SGPTL,7608,4.494439e-04,4.770362e-05,1.383289e-01
SGPTL,7609,4.187510e-04,4.770362e-05,1.383470e-01
SGPTL,7610,4.060695e-04,4.770362e-05,1.383652e-01
SGPTL,7611,4.147330e-04,4.770362e-05,1.383830e-01
SGPTL,7612,4.399814e-04,4.770362e-05,1.384010e-01
SGPTL,7613,4.413462e-04,4.770362e-05,1.384191e-01
SGPTL,7614,4.406533e-04,4.770362e-05,1.384370e-01
SGPTL,7615,4.346923e-04,4.770362e-05,1.384550e-01
SGPTL,7616,4.404521e-04,4.770362e-05,1.384720e-01
SGPTL,7617,4.246308e-04,4.770362e-05,1.384901e-01
SGPTL,7618,4.008423e-04,4.770362e-05,1.385080e-01
SGPTL,7619,4.163009e-04,4.770362e-05,1.385254e-01
SGPTL,7620,4.387684e-04,4.770362e-05,1.385436e-01
SGPTL,7621,4.275839e-04,4.770362e-05,1.385605e-01
SGPTL,7622,3.940953e-04,4.770362e-05,1.385787e-01
SGPTL,7623,4.105895e-04,4.770362e-05,1.385968e-01
SGPTL,7624,4.060738e-04,4.770362e-05,1.386157e-01
SGPTL,7625,4.351386e-04,4.770362e-05,1.386338e-01
SGPTL,7626,4.602409e-04,4.770362e-05,1.386518e-01
SGPTL,7627,4.847068e-04,4.770362e-05,1.386693e-01
SGPTL,7628,4.700521e-04,4.770362e-05,1.386875e-01
SGPTL,7629,4.824777e-04,4.770362e-05,1.387057e-01
SGPTL,7630,4.855443e-04,4.770362e-05,1.387228e-01
SGPTL,7631,4.628260e-04,4.770362e-05,1.387410e-01
SGPTL,7632,4.410140e-04,4.770362e-05,1.387590e-01
SGPTL,7633,4.467381e-04,4.770362e-05,1.387763e-01
SGPTL,7634,4.424129e-04,4.770362e-05,1.387943e-01
SGPTL,7635,4.387777e-04,4.770362e-05,1.388124e-01
SGPTL,7636,4.588495e-04,4.770362e-05,1.388298e-01
SGPTL,7637,4.674118e-04,4.770362e-05,1.388478e-01
SGPTL,7638,5.076558e-04,4.770362e-05,1.388658e-01
SGPTL,7639,4.980871e-04,4.770362e-05,1.388838e-01
SGPTL,7640,4.688152e-04,4.770362e-05,1.389020e-01
SGPTL,7641,4.655259e-04,4.770362e-05,1.389201e-01
SGPTL,7642,4.147030e-04,4.770362e-05,1.389377e-01
SGPTL,7643,4.042086e-04,4.770362e-05,1.389559e-01
SGPTL,7644,3.860574e-04,4.770362e-05,1.389742e-01
SGPTL,7645,3.982098e-04,4.770362e-05,1.389913e-01
SGPTL,7646,4.004929e-04,4.770362e-05,1.390093e-01
SGPTL,7647,3.968637e-04,4.770362e-05,1.390272e-01
SGPTL,7648,4.408580e-04,4.770362e-05,1.390446e-01
SGPTL,7649,4.776790e-04,4.770362e-05,1.390625e-01
SGPTL,7650,5.090816e-04,4.770362e-05,1.390804e-01
SGPTL,7651,4.937170e-04,4.770362e-05,1.390979e-01
SGPTL,7652,5.151430e-04,4.770362e-05,1.391160e-01
SGPTL,7653,5.362847e-04,4.770362e-05,1.391339e-01
SGPTL,7654,5.586165e-04,4.770362e-05,1.391512e-01
SGPTL,7655,5.279865e-04,4.770362e-05,1.391693e-01
SGPTL,7656,4.902634e-04,4.770362e-05,1.391872e-01
SGPTL,7657,5.076152e-04,4.770362e-05,1.392044e-01
SGPTL,7658,5.221493e-04,4.770362e-05,1.392223e-01
SGPTL,7659,5.234714e-04,4.770362e-05,1.392400e-01
SGPTL,7660,5.177205e-04,4.770362e-05,1.392578e-01
SGPTL,7661,5.096290e-04,4.770362e-05,1.392760e-01
SGPTL,7662,5.243044e-04,4.770362e-05,1.392943e-01
SGPTL,7663,5.383069e-04,4.770362e-05,1.393113e-01
SGPTL,7664,5.219829e-04,4.770362e-05,1.393293e-01
SGPTL,7665,5.047078e-04,4.770362e-05,1.393473e-01
SGPTL,7666,4.702764e-04,4.770362e-05,1.393648e-01
SGPTL,7667,4.563442e-04,4.770362e-05,1.393829e-01
SGPTL,7668,4.595494e-04,4.770362e-05,1.394009e-01
SGPTL,7669,4.281328e-04,4.770362e-05,1.394179e-01
SGPTL,7670,4.166650e-04,4.770362e-05,1.394360e-01
SGPTL,7671,4.479949e-04,4.770362e-05,1.394539e-01
SGPTL,7672,4.854674e-04,4.770362e-05,1.394713e-01
SGPTL,7673,5.091770e-04,4.770362e-05,1.394892e-01
SGPTL,7674,5.162834e-04,4.770362e-05,1.395071e-01
SGPTL,7675,4.795558e-04,4.770362e-05,1.395245e-01
SGPTL,7676,4.877647e-04,4.770362e-05,1.395426e-01
SGPTL,7677,4.869342e-04,4.770362e-05,1.395605e-01
SGPTL,7678,4.982471e-04,4.770362e-05,1.395777e-01
SGPTL,7679,4.848431e-04,4.770362e-05,1.395957e-01
SGPTL,7680,5.166680e-04,4.770362e-05,1.396137e-01
SGPTL,7681,5.062658e-04,4.770362e-05,1.396313e-01
SGPTL,7682,4.966703e-04,4.770362e-05,1.396493e-01
SGPTL,7683,4.457805e-04,4.770362e-05,1.396675e-01
SGPTL,7684,4.543515e-04,4.770362e-05,1.396846e-01
SGPTL,7685,4.793020e-04,4.770362e-05,1.397027e-01
SGPTL,7686,4.983534e-04,4.770362e-05,1.397205e-01
SGPTL,7687,4.637969e-04,4.770362e-05,1.397379e-01
SGPTL,7688,4.516591e-04,4.770362e-05,1.397560e-01
SGPTL,7689,4.381482e-04,4.770362e-05,1.397740e-01
SGPTL,7690,4.150863e-04,4.770362e-05,1.397915e-01
SGPTL,7691,4.006776e-04,4.770362e-05,1.398096e-01
SGPTL,7692,4.144331e-04,4.770362e-05,1.398275e-01
SGPTL,7693,4.525242e-04,4.770362e-05,1.398449e-01
SGPTL,7694,4.646122e-04,4.770362e-05,1.398629e-01
SGPTL,7695,4.883477e-04,4.770362e-05,1.398804e-01
SGPTL,7696,4.953073e-04,4.770362e-05,1.398983e-01
SGPTL,7697,5.000148e-04,4.770362e-05,1.399163e-01
SGPTL,7698,5.087290e-04,4.770362e-05,1.399342e-01
SGPTL,7699,5.428387e-04,4.770362e-05,1.399512e-01
SGPTL,7700,5.441076e-04,4.770362e-05,1.399692e-01
SGPTL,7701,4.938588e-04,4.770362e-05,1.399869e-01
SGPTL,7702,4.839883e-04,4.770362e-05,1.400043e-01
SGPTL,7703,4.788417e-04,4.770362e-05,1.400223e-01
SGPTL,7704,4.630819e-04,4.770362e-05,1.400401e-01
SGPTL,7705,4.514400e-04,4.770362e-05,1.400574e-01
SGPTL,7706,4.013047e-04,4.770362e-05,1.400753e-01
SGPTL,7707,3.972233e-04,4.770362e-05,1.400935e-01
SGPTL,7708,4.046039e-04,4.770362e-05,1.401105e-01
SGPTL,7709,3.995761e-04,4.770362e-05,1.401285e-01
SGPTL,7710,4.221263e-04,4.770362e-05,1.401463e-01
SGPTL,7711,4.282211e-04,4.770362e-05,1.401636e-01
SGPTL,7712,4.181914e-04,4.770362e-05,1.401816e-01
SGPTL,7713,4.189045e-04,4.770362e-05,1.401998e-01
SGPTL,7714,4.144779e-04,4.770362e-05,1.402170e-01
SGPTL,7715,4.208287e-04,4.770362e-05,1.402348e-01
SGPTL,7716,4.209904e-04,4.770362e-05,1.402528e-01
SGPTL,7717,3.888040e-04,4.770362e-05,1.402702e-01
SGPTL,7718,4.026720e-04,4.770362e-05,1.402880e-01
SGPTL,7719,4.191301e-04,4.770362e-05,1.403059e-01
SGPTL,7720,4.384617e-04,4.770362e-05,1.403229e-01
SGPTL,7721,4.509626e-04,4.770362e-05,1.403409e-01
SGPTL,7722,4.316142e-04,4.770362e-05,1.403587e-01
SGPTL,7723,5.002876e-04,4.770362e-05,1.403759e-01
SGPTL,7724,4.853456e-04,4.770362e-05,1.403939e-01
SGPTL,7725,4.129915e-04,4.770362e-05,1.404119e-01
SGPTL,7726,3.582097e-04,4.770362e-05,1.404293e-01
SGPTL,7727,3.300641e-04,4.770362e-05,1.404473e-01
SGPTL,7728,3.770199e-04,4.770362e-05,1.404651e-01
SGPTL,7729,4.086757e-04,4.770362e-05,1.404824e-01
SGPTL,7730,4.012086e-04,4.770362e-05,1.405005e-01
SGPTL,7731,3.912280e-04,4.770362e-05,1.405185e-01
SGPTL,7732,4.258086e-04,4.770362e-05,1.405359e-01
SGPTL,7733,4.774157e-04,4.770362e-05,1.405539e-01
SGPTL,7734,4.894119e-04,4.770362e-05,1.405718e-01
SGPTL,7735,4.410634e-04,4.770362e-05,1.405915e-01
SGPTL,7736,4.168363e-04,4.770362e-05,1.406099e-01
SGPTL,7737,4.001997e-04,4.770362e-05,1.406267e-01
SGPTL,7738,3.960822e-04,4.770362e-05,1.406449e-01
SGPTL,7739,3.969229e-04,4.770362e-05,1.406628e-01
SGPTL,7740,3.767077e-04,4.770362e-05,1.406803e-01
SGPTL,7741,3.601897e-04,4.770362e-05,1.406983e-01
SGPTL,7742,3.706031e-04,4.770362e-05,1.407162e-01
SGPTL,7743,3.823123e-04,4.770362e-05,1.407338e-01
SGPTL,7744,3.888834e-04,4.770362e-05,1.407519e-01
SGPTL,7745,3.710232e-04,4.770362e-05,1.407729e-01
SGPTL,7746,3.488445e-04,4.770362e-05,1.407897e-01
SGPTL,7747,3.622870e-04,4.770362e-05,1.408078e-01
SGPTL,7748,3.626214e-04,4.770362e-05,1.408257e-01
SGPTL,7749,3.636018e-04,4.770362e-05,1.408431e-01
SGPTL,7750,3.854395e-04,4.770362e-05,1.408612e-01
SGPTL,7751,4.141019e-04,4.770362e-05,1.408788e-01
SGPTL,7752,4.056634e-04,4.770362e-05,1.408981e-01
SGPTL,7753,4.452628e-04,4.770362e-05,1.409164e-01
SGPTL,7754,4.566943e-04,4.770362e-05,1.409348e-01
SGPTL,7755,4.305161e-04,4.770362e-05,1.409518e-01
SGPTL,7756,4.218440e-04,4.770362e-05,1.409699e-01
SGPTL,7757,4.116650e-04,4.770362e-05,1.409878e-01
SGPTL,7758,4.289177e-04,4.770362e-05,1.410055e-01
SGPTL,7759,4.462322e-04,4.770362e-05,1.410235e-01
SGPTL,7760,4.467435e-04,4.770362e-05,1.410418e-01
SGPTL,7761,4.536343e-04,4.770362e-05,1.410589e-01
SGPTL,7762,4.284331e-04,4.770362e-05,1.410771e-01
SGPTL,7763,4.182419e-04,4.770362e-05,1.410949e-01
SGPTL,7764,4.252249e-04,4.770362e-05,1.411126e-01
SGPTL,7765,4.554722e-04,4.770362e-05,1.411306e-01
SGPTL,7766,4.505814e-04,4.770362e-05,1.411485e-01
SGPTL,7767,4.251084e-04,4.770362e-05,1.411658e-01
SGPTL,7768,4.263934e-04,4.770362e-05,1.411837e-01
SGPTL,7769,4.432538e-04,4.770362e-05,1.412012e-01
SGPTL,7770,5.063842e-04,4.770362e-05,1.412190e-01
SGPTL,7771,5.020970e-04,4.770362e-05,1.412375e-01
SGPTL,7772,4.920662e-04,4.770362e-05,1.412550e-01
SGPTL,7773,4.822419e-04,4.770362e-05,1.412725e-01
SGPTL,7774,4.485462e-04,4.770362e-05,1.412908e-01
SGPTL,7775,4.238220e-04,4.770362e-05,1.413089e-01
SGPTL,7776,4.127722e-04,4.770362e-05,1.413259e-01
SGPTL,7777,4.125809e-04,4.770362e-05,1.413440e-01
SGPTL,7778,4.138677e-04,4.770362e-05,1.413619e-01
SGPTL,7779,4.506544e-04,4.770362e-05,1.413792e-01
SGPTL,7780,4.997817e-04,4.770362e-05,1.413976e-01
SGPTL,7781,5.110528e-04,4.770362e-05,1.414154e-01
SGPTL,7782,5.392480e-04,4.770362e-05,1.414328e-01
SGPTL,7783,5.546148e-04,4.770362e-05,1.414508e-01
SGPTL,7784,5.424058e-04,4.770362e-05,1.414686e-01
SGPTL,7785,4.975823e-04,4.770362e-05,1.414858e-01
SGPTL,7786,4.497579e-04,4.770362e-05,1.415040e-01
SGPTL,7787,4.124863e-04,4.770362e-05,1.415220e-01
SGPTL,7788,4.239577e-04,4.770362e-05,1.415392e-01
SGPTL,7789,4.400789e-04,4.770362e-05,1.415571e-01
SGPTL,7790,4.460409e-04,4.770362e-05,1.415750e-01
SGPTL,7791,4.739387e-04,4.770362e-05,1.415923e-01
SGPTL,7792,4.327728e-04,4.770362e-05,1.416102e-01
SGPTL,7793,4.410798e-04,4.770362e-05,1.416279e-01
SGPTL,7794,4.394262e-04,4.770362e-05,1.416453e-01
SGPTL,7795,4.423898e-04,4.770362e-05,1.416633e-01
SGPTL,7796,4.575329e-04,4.770362e-05,1.416809e-01
SGPTL,7797,4.307742e-04,4.770362e-05,1.416986e-01
SGPTL,7798,4.318159e-04,4.770362e-05,1.417167e-01
SGPTL,7799,4.518356e-04,4.770362e-05,1.417348e-01
SGPTL,7800,4.703153e-04,4.770362e-05,1.417518e-01
SGPTL,7801,4.814339e-04,4.770362e-05,1.417698e-01
SGPTL,7802,4.609143e-04,4.770362e-05,1.417875e-01
SGPTL,7803,4.368549e-04,4.770362e-05,1.418048e-01
SGPTL,7804,4.514114e-04,4.770362e-05,1.418228e-01
SGPTL,7805,4.407616e-04,4.770362e-05,1.418402e-01
SGPTL,7806,4.289488e-04,4.770362e-05,1.418580e-01
SGPTL,7807,4.258131e-04,4.770362e-05,1.418761e-01
SGPTL,7808,4.384743e-04,4.770362e-05,1.418942e-01
SGPTL,7809,4.712894e-04,4.770362e-05,1.419120e-01
SGPTL,7810,4.911888e-04,4.770362e-05,1.419305e-01
SGPTL,7811,4.866901e-04,4.770362e-05,1.419475e-01
SGPTL,7812,4.350065e-04,4.770362e-05,1.419660e-01
SGPTL,7813,4.382952e-04,4.770362e-05,1.419840e-01
SGPTL,7814,4.522457e-04,4.770362e-05,1.420014e-01
SGPTL,7815,4.579492e-04,4.770362e-05,1.420199e-01
SGPTL,7816,4.615922e-04,4.770362e-05,1.420382e-01
SGPTL,7817,4.181099e-04,4.770362e-05,1.420550e-01
SGPTL,7818,3.774271e-04,4.770362e-05,1.420734e-01
SGPTL,7819,3.934513e-04,4.770362e-05,1.420917e-01
SGPTL,7820,4.244652e-04,4.770362e-05,1.421088e-01
SGPTL,7821,4.478142e-04,4.770362e-05,1.421271e-01
SGPTL,7822,4.793130e-04,4.770362e-05,1.421455e-01
SGPTL,7823,4.784205e-04,4.770362e-05,1.421622e-01
SGPTL,7824,5.007191e-04,4.770362e-05,1.421805e-01
SGPTL,7825,4.861238e-04,4.770362e-05,1.421987e-01
SGPTL,7826,4.769475e-04,4.770362e-05,1.422157e-01
SGPTL,7827,4.465205e-04,4.770362e-05,1.422338e-01
SGPTL,7828,4.510199e-04,4.770362e-05,1.422522e-01
SGPTL,7829,4.218839e-04,4.770362e-05,1.422690e-01
SGPTL,7830,4.281449e-04,4.770362e-05,1.422873e-01
SGPTL,7831,4.531462e-04,4.770362e-05,1.423056e-01
SGPTL,7832,4.327734e-04,4.770362e-05,1.423225e-01
SGPTL,7833,4.380967e-04,4.770362e-05,1.423408e-01
SGPTL,7834,4.603180e-04,4.770362e-05,1.423591e-01
SGPTL,7835,4.371668e-04,4.770362e-05,1.423761e-01
SGPTL,7836,4.479593e-04,4.770362e-05,1.423944e-01
SGPTL,7837,4.398252e-04,4.770362e-05,1.424127e-01
SGPTL,7838,4.295732e-04,4.770362e-05,1.424297e-01
SGPTL,7839,4.146860e-04,4.770362e-05,1.424479e-01
SGPTL,7840,4.314876e-04,4.770362e-05,1.424662e-01
SGPTL,7841,4.598187e-04,4.770362e-05,1.424830e-01
SGPTL,7842,4.751997e-04,4.770362e-05,1.425017e-01
SGPTL,7843,4.593981e-04,4.770362e-05,1.425196e-01
SGPTL,7844,4.732187e-04,4.770362e-05,1.425376e-01
SGPTL,7845,4.999867e-04,4.770362e-05,1.425555e-01
SGPTL,7846,4.855097e-04,4.770362e-05,1.425726e-01
SGPTL,7847,4.986962e-04,4.770362e-05,1.425908e-01
SGPTL,7848,4.846589e-04,4.770362e-05,1.426086e-01
SGPTL,7849,4.928836e-04,4.770362e-05,1.426260e-01
SGPTL,7850,4.996863e-04,4.770362e-05,1.426442e-01
SGPTL,7851,4.733298e-04,4.770362e-05,1.426625e-01
SGPTL,7852,4.655602e-04,4.770362e-05,1.426795e-01
SGPTL,7853,5.158430e-04,4.770362e-05,1.426978e-01
SGPTL,7854,5.184678e-04,4.770362e-05,1.427157e-01
SGPTL,7855,5.190907e-04,4.770362e-05,1.427333e-01
SGPTL,7856,4.645684e-04,4.770362e-05,1.427513e-01
SGPTL,7857,4.634765e-04,4.770362e-05,1.427691e-01
SGPTL,7858,4.574017e-04,4.770362e-05,1.427865e-01
SGPTL,7859,4.887483e-04,4.770362e-05,1.428045e-01
SGPTL,7860,5.174898e-04,4.770362e-05,1.428224e-01
SGPTL,7861,5.379873e-04,4.770362e-05,1.428397e-01
SGPTL,7862,5.482027e-04,4.770362e-05,1.428580e-01
SGPTL,7863,5.378410e-04,4.770362e-05,1.428749e-01
SGPTL,7864,5.478837e-04,4.770362e-05,1.428929e-01
SGPTL,7865,5.578727e-04,4.770362e-05,1.429109e-01
SGPTL,7866,5.497666e-04,4.770362e-05,1.429290e-01
SGPTL,7867,5.034103e-04,4.770362e-05,1.429461e-01
SGPTL,7868,4.723148e-04,4.770362e-05,1.429643e-01
SGPTL,7869,4.502698e-04,4.770362e-05,1.429821e-01
SGPTL,7870,4.613018e-04,4.770362e-05,1.429996e-01
SGPTL,7871,4.709822e-04,4.770362e-05,1.430176e-01
SGPTL,7872,4.858974e-04,4.770362e-05,1.430358e-01
SGPTL,7873,4.833357e-04,4.770362e-05,1.430528e-01
SGPTL,7874,4.859838e-04,4.770362e-05,1.430709e-01
SGPTL,7875,5.140566e-04,4.770362e-05,1.430887e-01
SGPTL,7876,4.985995e-04,4.770362e-05,1.431061e-01
SGPTL,7877,4.666272e-04,4.770362e-05,1.431242e-01
SGPTL,7878,4.618710e-04,4.770362e-05,1.431417e-01
SGPTL,7879,4.642790e-04,4.770362e-05,1.431609e-01
SGPTL,7880,4.574648e-04,4.770362e-05,1.431791e-01
SGPTL,7881,4.321280e-04,4.770362e-05,1.431972e-01
SGPTL,7882,4.435483e-04,4.770362e-05,1.432144e-01
SGPTL,7883,4.664763e-04,4.770362e-05,1.432325e-01
SGPTL,7884,4.915942e-04,4.770362e-05,1.432505e-01
SGPTL,7885,4.866391e-04,4.770362e-05,1.432680e-01
SGPTL,7886,4.973582e-04,4.770362e-05,1.432861e-01
SGPTL,7887,5.005782e-04,4.770362e-05,1.433043e-01
SGPTL,7888,5.352235e-04,4.770362e-05,1.433214e-01
SGPTL,7889,5.133561e-04,4.770362e-05,1.433396e-01
SGPTL,7890,4.605992e-04,4.770362e-05,1.433576e-01
SGPTL,7891,4.547958e-04,4.770362e-05,1.433750e-01
SGPTL,7892,4.199124e-04,4.770362e-05,1.433931e-01
SGPTL,7893,4.196444e-04,4.770362e-05,1.434111e-01
SGPTL,7894,4.201194e-04,4.770362e-05,1.434286e-01
SGPTL,7895,4.296177e-04,4.770362e-05,1.434466e-01
SGPTL,7896,4.213787e-04,4.770362e-05,1.434644e-01
SGPTL,7897,4.127657e-04,4.770362e-05,1.434817e-01
SGPTL,7898,4.132543e-04,4.770362e-05,1.434998e-01
SGPTL,7899,4.066098e-04,4.770362e-05,1.435180e-01
SGPTL,7900,4.631524e-04,4.770362e-05,1.435360e-01
SGPTL,7901,4.749921e-04,4.770362e-05,1.435542e-01
SGPTL,7902,4.528946e-04,4.770362e-05,1.435721e-01
SGPTL,7903,4.638391e-04,4.770362e-05,1.435893e-01
SGPTL,7904,4.715085e-04,4.770362e-05,1.436075e-01
SGPTL,7905,4.753411e-04,4.770362e-05,1.436254e-01
SGPTL,7906,4.473643e-04,4.770362e-05,1.436429e-01
SGPTL,7907,4.211650e-04,4.770362e-05,1.436608e-01
SGPTL,7908,3.945099e-04,4.770362e-05,1.436791e-01
SGPTL,7909,4.054712e-04,4.770362e-05,1.436960e-01
SGPTL,7910,4.235874e-04,4.770362e-05,1.437140e-01
SGPTL,7911,4.173322e-04,4.770362e-05,1.437318e-01
SGPTL,7912,4.188842e-04,4.770362e-05,1.437492e-01
SGPTL,7913,4.370858e-04,4.770362e-05,1.437670e-01
SGPTL,7914,4.494518e-04,4.770362e-05,1.437848e-01
SGPTL,7915,4.781714e-04,4.770362e-05,1.438023e-01
SGPTL,7916,4.676587e-04,4.770362e-05,1.438204e-01
SGPTL,7917,4.878073e-04,4.770362e-05,1.438382e-01
SGPTL,7918,4.595063e-04,4.770362e-05,1.438555e-01
SGPTL,7919,4.330116e-04,4.770362e-05,1.438735e-01
SGPTL,7920,4.224743e-04,4.770362e-05,1.438913e-01
SGPTL,7921,4.219419e-04,4.770362e-05,1.439086e-01
SGPTL,7922,4.679458e-04,4.770362e-05,1.439266e-01
SGPTL,7923,4.958039e-04,4.770362e-05,1.439441e-01
SGPTL,7924,5.191112e-04,4.770362e-05,1.439618e-01
SGPTL,7925,4.949892e-04,4.770362e-05,1.439799e-01
SGPTL,7926,4.732612e-04,4.770362e-05,1.439979e-01
SGPTL,7927,4.692385e-04,4.770362e-05,1.440151e-01
SGPTL,7928,4.497840e-04,4.770362e-05,1.440331e-01
SGPTL,7929,4.103793e-04,4.770362e-05,1.440508e-01
SGPTL,7930,4.169321e-04,4.770362e-05,1.440682e-01
SGPTL,7931,4.521032e-04,4.770362e-05,1.440861e-01
SGPTL,7932,4.643227e-04,4.770362e-05,1.441042e-01
SGPTL,7933,4.950694e-04,4.770362e-05,1.441215e-01
SGPTL,7934,5.128095e-04,4.770362e-05,1.441395e-01
SGPTL,7935,5.469222e-04,4.770362e-05,1.441575e-01
SGPTL,7936,5.401364e-04,4.770362e-05,1.441751e-01
SGPTL,7937,5.084287e-04,4.770362e-05,1.441931e-01
SGPTL,7938,4.784871e-04,4.770362e-05,1.442111e-01
SGPTL,7939,4.895418e-04,4.770362e-05,1.442285e-01
SGPTL,7940,4.779184e-04,4.770362e-05,1.442466e-01
SGPTL,7941,4.585203e-04,4.770362e-05,1.442649e-01
SGPTL,7942,4.365537e-04,4.770362e-05,1.442821e-01
SGPTL,7943,4.239818e-04,4.770362e-05,1.443002e-01
SGPTL,7944,3.991246e-04,4.770362e-05,1.443183e-01
SGPTL,7945,4.238039e-04,4.770362e-05,1.443357e-01
SGPTL,7946,4.375151e-04,4.770362e-05,1.443540e-01
SGPTL,7947,4.236859e-04,4.770362e-05,1.443720e-01
SGPTL,7948,4.219044e-04,4.770362e-05,1.443894e-01
SGPTL,7949,4.186899e-04,4.770362e-05,1.444071e-01
SGPTL,7950,4.193291e-04,4.770362e-05,1.444248e-01
SGPTL,7951,3.923643e-04,4.770362e-05,1.444430e-01
SGPTL,7952,3.933133e-04,4.770362e-05,1.444609e-01
SGPTL,7953,4.020610e-04,4.770362e-05,1.444785e-01
SGPTL,7954,3.882496e-04,4.770362e-05,1.444967e-01
SGPTL,7955,3.971724e-04,4.770362e-05,1.445142e-01
SGPTL,7956,3.927964e-04,4.770362e-05,1.445321e-01
SGPTL,7957,4.126778e-04,4.770362e-05,1.445502e-01
SGPTL,7958,4.229861e-04,4.770362e-05,1.445684e-01
SGPTL,7959,3.946761e-04,4.770362e-05,1.445853e-01
SGPTL,7960,3.703423e-04,4.770362e-05,1.446033e-01
SGPTL,7961,3.800507e-04,4.770362e-05,1.446206e-01
SGPTL,7962,3.938016e-04,4.770362e-05,1.446388e-01
SGPTL,7963,3.834102e-04,4.770362e-05,1.446571e-01
SGPTL,7964,3.919112e-04,4.770362e-05,1.446742e-01
SGPTL,7965,3.908228e-04,4.770362e-05,1.446922e-01
SGPTL,7966,3.924331e-04,4.770362e-05,1.447101e-01
SGPTL,7967,3.778221e-04,4.770362e-05,1.447275e-01
SGPTL,7968,3.788287e-04,4.770362e-05,1.447456e-01
SGPTL,7969,4.124801e-04,4.770362e-05,1.447621e-01
SGPTL,7970,4.195728e-04,4.770362e-05,1.447802e-01
SGPTL,7971,4.001509e-04,4.770362e-05,1.447980e-01
SGPTL,7972,4.119946e-04,4.770362e-05,1.448155e-01
SGPTL,7973,4.139859e-04,4.770362e-05,1.448338e-01
SGPTL,7974,3.951245e-04,4.770362e-05,1.448521e-01
SGPTL,7975,4.235085e-04,4.770362e-05,1.448686e-01
SGPTL,7976,4.717383e-04,4.770362e-05,1.448863e-01
SGPTL,7977,5.005916e-04,4.770362e-05,1.449040e-01
SGPTL,7978,4.879647e-04,4.770362e-05,1.449220e-01
SGPTL,7979,4.774896e-04,4.770362e-05,1.449401e-01
SGPTL,7980,4.473769e-04,4.770362e-05,1.449576e-01
SGPTL,7981,4.673118e-04,4.770362e-05,1.449758e-01
SGPTL,7982,4.806722e-04,4.770362e-05,1.449937e-01
SGPTL,7983,4.410465e-04,4.770362e-05,1.450112e-01
SGPTL,7984,4.382552e-04,4.770362e-05,1.450294e-01
SGPTL,7985,4.313035e-04,4.770362e-05,1.450471e-01
SGPTL,7986,3.997465e-04,4.770362e-05,1.450644e-01
SGPTL,7987,3.773087e-04,4.770362e-05,1.450824e-01
SGPTL,7988,3.604856e-04,4.770362e-05,1.451001e-01
SGPTL,7989,3.560230e-04,4.770362e-05,1.451179e-01
SGPTL,7990,3.993638e-04,4.770362e-05,1.451360e-01
SGPTL,7991,4.043511e-04,4.770362e-05,1.451542e-01
SGPTL,7992,4.006434e-04,4.770362e-05,1.451711e-01
SGPTL,7993,4.231001e-04,4.770362e-05,1.451893e-01
SGPTL,7994,4.513347e-04,4.770362e-05,1.452071e-01
SGPTL,7995,4.832199e-04,4.770362e-05,1.452245e-01
SGPTL,7996,4.575525e-04,4.770362e-05,1.452426e-01
SGPTL,7997,4.572163e-04,4.770362e-05,1.452605e-01
SGPTL,7998,4.550840e-04,4.770362e-05,1.452780e-01
SGPTL,7999,4.524542e-04,4.770362e-05,1.452961e-01
SGPTL,8000,4.491037e-04,4.770362e-05,1.453143e-01
SGPTL,8001,4.296614e-04,4.770362e-05,1.453306e-01
