=== setup iniziale del sistema lineare ===
matrice A = X^T X (shape (100, 100)):
[[ 1.     -0.0922 -0.0173 -0.0403 -0.0275 ...  0.0648 -0.02    0.0741  0.0644 -0.0096]
 [-0.0922  1.     -0.0832 -0.0403 -0.0328 ... -0.0131  0.1748 -0.0006 -0.0396 -0.1098]
 [-0.0173 -0.0832  1.     -0.0997 -0.02   ... -0.0945  0.0139 -0.0721  0.0284  0.0155]
 [-0.0403 -0.0403 -0.0997  1.     -0.1078 ...  0.1176 -0.0406  0.0293  0.0054 -0.037 ]
 [-0.0275 -0.0328 -0.02   -0.1078  1.     ... -0.0815  0.0502  0.084  -0.0457 -0.0797]
 ...
 [ 0.0648 -0.0131 -0.0945  0.1176 -0.0815 ...  1.     -0.0458  0.0256 -0.0061 -0.0081]
 [-0.02    0.1748  0.0139 -0.0406  0.0502 ... -0.0458  1.     -0.0824 -0.0423  0.0548]
 [ 0.0741 -0.0006 -0.0721  0.0293  0.084  ...  0.0256 -0.0824  1.     -0.0403  0.0028]
 [ 0.0644 -0.0396  0.0284  0.0054 -0.0457 ... -0.0061 -0.0423 -0.0403  1.      0.0801]
 [-0.0096 -0.1098  0.0155 -0.037  -0.0797 ... -0.0081  0.0548  0.0028  0.0801  1.    ]]

vettore b = X^T y (shape (100,)):
[-1.3005  0.362   0.1747 -0.0798 -0.0097  0.0681 -0.1546 -0.0753 -0.1176 -0.2101  1.4318  0.2217 -0.3736  0.0307 -0.0748 -0.1743  0.2927 -0.13
 -0.0609  0.2333  0.1091  0.1521 -0.9835 -0.1233  0.1318  0.0386  0.254  -0.2613 -0.1018  0.0191  0.0439  0.2414 -0.028   0.0659 -0.0883 -0.011
  0.3323 -0.0434 -0.0112  0.2626 -0.2035 -0.1786  0.2185  0.0062  0.1259  1.3292 -0.1752  0.0942  0.2598 -0.2834 -0.0134  0.2119  0.3352 -0.8403
 -0.0791 -0.0441  0.0128 -0.0249  0.1611 -0.1828 -0.234  -0.2697  0.3212 -0.0879  0.0179  0.067   0.0313  0.1703 -0.1386  0.084   0.5482  0.0413
 -0.2058 -0.0259 -0.113  -0.1263  0.1984 -0.0806 -0.2568  0.1394 -0.1136 -0.0833 -0.2521  1.0748 -0.2662  0.1455 -0.2442 -0.2871  0.2024 -0.169
  0.3743  0.0608 -0.1044  0.0788 -0.4112 -0.1837  0.1168 -0.068  -0.1023  0.1924]

============================================================

--- ITERAZIONE k = 0 ---
vettore w_0:
[0. 0. 0. 0. 0. 0. 0. 0. 0. 0. 0. 0. 0. 0. 0. 0. 0. 0. 0. 0. 0. 0. 0. 0. 0. 0. 0. 0. 0. 0. 0. 0. 0. 0. 0. 0. 0. 0. 0. 0. 0. 0. 0. 0. 0. 0. 0. 0. 0.
 0. 0. 0. 0. 0. 0. 0. 0. 0. 0. 0. 0. 0. 0. 0. 0. 0. 0. 0. 0. 0. 0. 0. 0. 0. 0. 0. 0. 0. 0. 0. 0. 0. 0. 0. 0. 0. 0. 0. 0. 0. 0. 0. 0. 0. 0. 0. 0. 0.
 0. 0.]

diagonale matrice pesi W_0 (1 / max(|w|, eps)):
[1.e+08 1.e+08 1.e+08 1.e+08 1.e+08 1.e+08 1.e+08 1.e+08 1.e+08 1.e+08 1.e+08 1.e+08 1.e+08 1.e+08 1.e+08 1.e+08 1.e+08 1.e+08 1.e+08 1.e+08 1.e+08
 1.e+08 1.e+08 1.e+08 1.e+08 1.e+08 1.e+08 1.e+08 1.e+08 1.e+08 1.e+08 1.e+08 1.e+08 1.e+08 1.e+08 1.e+08 1.e+08 1.e+08 1.e+08 1.e+08 1.e+08 1.e+08
 1.e+08 1.e+08 1.e+08 1.e+08 1.e+08 1.e+08 1.e+08 1.e+08 1.e+08 1.e+08 1.e+08 1.e+08 1.e+08 1.e+08 1.e+08 1.e+08 1.e+08 1.e+08 1.e+08 1.e+08 1.e+08
 1.e+08 1.e+08 1.e+08 1.e+08 1.e+08 1.e+08 1.e+08 1.e+08 1.e+08 1.e+08 1.e+08 1.e+08 1.e+08 1.e+08 1.e+08 1.e+08 1.e+08 1.e+08 1.e+08 1.e+08 1.e+08
 1.e+08 1.e+08 1.e+08 1.e+08 1.e+08 1.e+08 1.e+08 1.e+08 1.e+08 1.e+08 1.e+08 1.e+08 1.e+08 1.e+08 1.e+08 1.e+08]

matrice di sistema Q_0 (A + lambda * W_0):
[[10000001.           -0.0922       -0.0173       -0.0403       -0.0275 ...        0.0648       -0.02          0.0741        0.0644       -0.0096]
 [      -0.0922 10000001.           -0.0832       -0.0403       -0.0328 ...       -0.0131        0.1748       -0.0006       -0.0396       -0.1098]
 [      -0.0173       -0.0832 10000001.           -0.0997       -0.02   ...       -0.0945        0.0139       -0.0721        0.0284        0.0155]
 [      -0.0403       -0.0403       -0.0997 10000001.           -0.1078 ...        0.1176       -0.0406        0.0293        0.0054       -0.037 ]
 [      -0.0275       -0.0328       -0.02         -0.1078 10000001.     ...       -0.0815        0.0502        0.084        -0.0457       -0.0797]
 ...
 [       0.0648       -0.0131       -0.0945        0.1176       -0.0815 ... 10000001.           -0.0458        0.0256       -0.0061       -0.0081]
 [      -0.02          0.1748        0.0139       -0.0406        0.0502 ...       -0.0458 10000001.           -0.0824       -0.0423        0.0548]
 [       0.0741       -0.0006       -0.0721        0.0293        0.084  ...        0.0256       -0.0824 10000001.           -0.0403        0.0028]
 [       0.0644       -0.0396        0.0284        0.0054       -0.0457 ...       -0.0061       -0.0423       -0.0403 10000001.            0.0801]
 [      -0.0096       -0.1098        0.0155       -0.037        -0.0797 ...       -0.0081        0.0548        0.0028        0.0801 10000001.    ]]

------------------------------------------------------------

--- ITERAZIONE k = 1 ---
vettore w_1:
[-0.  0.  0. -0. -0.  0. -0. -0. -0. -0.  0.  0. -0.  0. -0. -0.  0. -0. -0.  0.  0.  0. -0. -0.  0.  0.  0. -0. -0.  0.  0.  0. -0.  0. -0. -0.  0.
 -0. -0.  0. -0. -0.  0.  0.  0.  0. -0.  0.  0. -0. -0.  0.  0. -0. -0. -0.  0. -0.  0. -0. -0. -0.  0. -0.  0.  0.  0.  0. -0.  0.  0.  0. -0. -0.
 -0. -0.  0. -0. -0.  0. -0. -0. -0.  0. -0.  0. -0. -0.  0. -0.  0.  0. -0.  0. -0. -0.  0. -0. -0.  0.]

diagonale matrice pesi W_1 (1 / max(|w|, eps)):
[7.6895e+06 2.7624e+07 5.7243e+07 1.0000e+08 1.0000e+08 1.0000e+08 6.4671e+07 1.0000e+08 8.5048e+07 4.7607e+07 6.9842e+06 4.5099e+07 2.6770e+07
 1.0000e+08 1.0000e+08 5.7379e+07 3.4165e+07 7.6914e+07 1.0000e+08 4.2861e+07 9.1661e+07 6.5731e+07 1.0168e+07 8.1109e+07 7.5877e+07 1.0000e+08
 3.9373e+07 3.8264e+07 9.8238e+07 1.0000e+08 1.0000e+08 4.1424e+07 1.0000e+08 1.0000e+08 1.0000e+08 1.0000e+08 3.0094e+07 1.0000e+08 1.0000e+08
 3.8084e+07 4.9138e+07 5.5992e+07 4.5756e+07 1.0000e+08 7.9406e+07 7.5232e+06 5.7090e+07 1.0000e+08 3.8492e+07 3.5290e+07 1.0000e+08 4.7203e+07
 2.9830e+07 1.1900e+07 1.0000e+08 1.0000e+08 1.0000e+08 1.0000e+08 6.2060e+07 5.4691e+07 4.2736e+07 3.7073e+07 3.1134e+07 1.0000e+08 1.0000e+08
 1.0000e+08 1.0000e+08 5.8736e+07 7.2166e+07 1.0000e+08 1.8241e+07 1.0000e+08 4.8591e+07 1.0000e+08 8.8501e+07 7.9193e+07 5.0392e+07 1.0000e+08
 3.8942e+07 7.1731e+07 8.8033e+07 1.0000e+08 3.9661e+07 9.3038e+06 3.7570e+07 6.8723e+07 4.0958e+07 3.4827e+07 4.9404e+07 5.9159e+07 2.6713e+07
 1.0000e+08 9.5742e+07 1.0000e+08 2.4319e+07 5.4427e+07 8.5635e+07 1.0000e+08 9.7717e+07 5.1980e+07]

matrice di sistema Q_1 (A + lambda * W_1):
[[  768949.5232       -0.0922       -0.0173       -0.0403       -0.0275 ...        0.0648       -0.02          0.0741        0.0644       -0.0096]
 [      -0.0922  2762398.6353       -0.0832       -0.0403       -0.0328 ...       -0.0131        0.1748       -0.0006       -0.0396       -0.1098]
 [      -0.0173       -0.0832  5724280.6299       -0.0997       -0.02   ...       -0.0945        0.0139       -0.0721        0.0284        0.0155]
 [      -0.0403       -0.0403       -0.0997 10000001.           -0.1078 ...        0.1176       -0.0406        0.0293        0.0054       -0.037 ]
 [      -0.0275       -0.0328       -0.02         -0.1078 10000001.     ...       -0.0815        0.0502        0.084        -0.0457       -0.0797]
 ...
 [       0.0648       -0.0131       -0.0945        0.1176       -0.0815 ...  5442679.873        -0.0458        0.0256       -0.0061       -0.0081]
 [      -0.02          0.1748        0.0139       -0.0406        0.0502 ...       -0.0458  8563484.1806       -0.0824       -0.0423        0.0548]
 [       0.0741       -0.0006       -0.0721        0.0293        0.084  ...        0.0256       -0.0824 10000001.           -0.0403        0.0028]
 [       0.0644       -0.0396        0.0284        0.0054       -0.0457 ...       -0.0061       -0.0423       -0.0403  9771657.9155        0.0801]
 [      -0.0096       -0.1098        0.0155       -0.037        -0.0797 ...       -0.0081        0.0548        0.0028        0.0801  5198005.0099]]

------------------------------------------------------------

--- ITERAZIONE k = 2 ---
vettore w_2:
[-0.  0.  0. -0. -0.  0. -0. -0. -0. -0.  0.  0. -0.  0. -0. -0.  0. -0. -0.  0.  0.  0. -0. -0.  0.  0.  0. -0. -0.  0.  0.  0. -0.  0. -0. -0.  0.
 -0. -0.  0. -0. -0.  0.  0.  0.  0. -0.  0.  0. -0. -0.  0.  0. -0. -0. -0.  0. -0.  0. -0. -0. -0.  0. -0.  0.  0.  0.  0. -0.  0.  0.  0. -0. -0.
 -0. -0.  0. -0. -0.  0. -0. -0. -0.  0. -0.  0. -0. -0.  0. -0.  0.  0. -0.  0. -0. -0.  0. -0. -0.  0.]

diagonale matrice pesi W_2 (1 / max(|w|, eps)):
[5.9128e+05 7.6309e+06 3.2767e+07 1.0000e+08 1.0000e+08 1.0000e+08 4.1823e+07 1.0000e+08 7.2332e+07 2.2664e+07 4.8779e+05 2.0339e+07 7.1663e+06
 1.0000e+08 1.0000e+08 3.2923e+07 1.1673e+07 5.9157e+07 1.0000e+08 1.8371e+07 8.4018e+07 4.3206e+07 1.0338e+06 6.5786e+07 5.7573e+07 1.0000e+08
 1.5502e+07 1.4641e+07 9.6508e+07 1.0000e+08 1.0000e+08 1.7159e+07 1.0000e+08 1.0000e+08 1.0000e+08 1.0000e+08 9.0565e+06 1.0000e+08 1.0000e+08
 1.4504e+07 2.4145e+07 3.1351e+07 2.0936e+07 1.0000e+08 6.3053e+07 5.6599e+05 3.2592e+07 1.0000e+08 1.4816e+07 1.2454e+07 1.0000e+08 2.2281e+07
 8.8986e+06 1.4162e+06 1.0000e+08 1.0000e+08 1.0000e+08 1.0000e+08 3.8515e+07 2.9912e+07 1.8264e+07 1.3744e+07 9.6930e+06 1.0000e+08 1.0000e+08
 1.0000e+08 1.0000e+08 3.4499e+07 5.2079e+07 1.0000e+08 3.3274e+06 1.0000e+08 2.3611e+07 1.0000e+08 7.8324e+07 6.2715e+07 2.5394e+07 1.0000e+08
 1.5165e+07 5.1453e+07 7.7498e+07 1.0000e+08 1.5730e+07 8.6562e+05 1.4115e+07 4.7228e+07 1.6776e+07 1.2129e+07 2.4407e+07 3.4998e+07 7.1360e+06
 1.0000e+08 9.1664e+07 1.0000e+08 5.9140e+06 2.9623e+07 7.3333e+07 1.0000e+08 9.5485e+07 2.7019e+07]

matrice di sistema Q_2 (A + lambda * W_2):
[[   59129.2718       -0.0922       -0.0173       -0.0403       -0.0275 ...        0.0648       -0.02          0.0741        0.0644       -0.0096]
 [      -0.0922   763086.0033       -0.0832       -0.0403       -0.0328 ...       -0.0131        0.1748       -0.0006       -0.0396       -0.1098]
 [      -0.0173       -0.0832  3276742.9307       -0.0997       -0.02   ...       -0.0945        0.0139       -0.0721        0.0284        0.0155]
 [      -0.0403       -0.0403       -0.0997 10000001.           -0.1078 ...        0.1176       -0.0406        0.0293        0.0054       -0.037 ]
 [      -0.0275       -0.0328       -0.02         -0.1078 10000001.     ...       -0.0815        0.0502        0.084        -0.0457       -0.0797]
 ...
 [       0.0648       -0.0131       -0.0945        0.1176       -0.0815 ...  2962278.5978       -0.0458        0.0256       -0.0061       -0.0081]
 [      -0.02          0.1748        0.0139       -0.0406        0.0502 ...       -0.0458  7333338.528        -0.0824       -0.0423        0.0548]
 [       0.0741       -0.0006       -0.0721        0.0293        0.084  ...        0.0256       -0.0824 10000001.           -0.0403        0.0028]
 [       0.0644       -0.0396        0.0284        0.0054       -0.0457 ...       -0.0061       -0.0423       -0.0403  9548536.6807        0.0801]
 [      -0.0096       -0.1098        0.0155       -0.037        -0.0797 ...       -0.0081        0.0548        0.0028        0.0801  2701927.5146]]

------------------------------------------------------------

--- ITERAZIONE k = 3 ---
vettore w_3:
[-0.  0.  0. -0. -0.  0. -0. -0. -0. -0.  0.  0. -0.  0. -0. -0.  0. -0. -0.  0.  0.  0. -0. -0.  0.  0.  0. -0. -0.  0.  0.  0. -0.  0. -0. -0.  0.
 -0. -0.  0. -0. -0.  0.  0.  0.  0. -0.  0.  0. -0. -0.  0.  0. -0. -0. -0.  0. -0.  0. -0. -0. -0.  0. -0.  0.  0.  0.  0. -0.  0.  0.  0. -0. -0.
 -0. -0.  0. -0. -0.  0. -0. -0. -0.  0. -0.  0. -0. -0.  0. -0.  0.  0. -0.  0. -0. -0.  0. -0. -0.  0.]

diagonale matrice pesi W_3 (1 / max(|w|, eps)):
[4.5468e+04 2.1080e+06 1.8757e+07 1.0000e+08 1.0000e+08 1.0000e+08 2.7048e+07 1.0000e+08 6.1518e+07 1.0790e+07 3.4069e+04 9.1729e+06 1.9184e+06
 1.0000e+08 1.0000e+08 1.8891e+07 3.9881e+06 4.5501e+07 1.0000e+08 7.8742e+06 7.7012e+07 2.8400e+07 1.0511e+05 5.3359e+07 4.3685e+07 1.0000e+08
 6.1038e+06 5.6025e+06 9.4811e+07 1.0000e+08 1.0000e+08 7.1083e+06 1.0000e+08 1.0000e+08 1.0000e+08 1.0000e+08 2.7255e+06 1.0000e+08 1.0000e+08
 5.5235e+06 1.1865e+07 1.7554e+07 9.5799e+06 1.0000e+08 5.0067e+07 4.2581e+04 1.8607e+07 1.0000e+08 5.7030e+06 4.3950e+06 1.0000e+08 1.0518e+07
 2.6545e+06 1.6853e+05 1.0000e+08 1.0000e+08 1.0000e+08 1.0000e+08 2.3902e+07 1.6359e+07 7.8055e+06 5.0953e+06 3.0178e+06 1.0000e+08 1.0000e+08
 1.0000e+08 1.0000e+08 2.0263e+07 3.7584e+07 1.0000e+08 6.0695e+05 1.0000e+08 1.1473e+07 1.0000e+08 6.9318e+07 4.9666e+07 1.2796e+07 1.0000e+08
 5.9057e+06 3.6909e+07 6.8223e+07 1.0000e+08 6.2389e+06 8.0537e+04 5.3030e+06 3.2457e+07 6.8712e+06 4.2244e+06 1.2058e+07 2.0705e+07 1.9063e+06
 1.0000e+08 8.7762e+07 1.0000e+08 1.4383e+06 1.6123e+07 6.2800e+07 1.0000e+08 9.3306e+07 1.4045e+07]

matrice di sistema Q_3 (A + lambda * W_3):
[[    4547.751        -0.0922       -0.0173       -0.0403       -0.0275 ...        0.0648       -0.02          0.0741        0.0644       -0.0096]
 [      -0.0922   210798.2999       -0.0832       -0.0403       -0.0328 ...       -0.0131        0.1748       -0.0006       -0.0396       -0.1098]
 [      -0.0173       -0.0832  1875729.4489       -0.0997       -0.02   ...       -0.0945        0.0139       -0.0721        0.0284        0.0155]
 [      -0.0403       -0.0403       -0.0997 10000001.           -0.1078 ...        0.1176       -0.0406        0.0293        0.0054       -0.037 ]
 [      -0.0275       -0.0328       -0.02         -0.1078 10000001.     ...       -0.0815        0.0502        0.084        -0.0457       -0.0797]
 ...
 [       0.0648       -0.0131       -0.0945        0.1176       -0.0815 ...  1612291.4225       -0.0458        0.0256       -0.0061       -0.0081]
 [      -0.02          0.1748        0.0139       -0.0406        0.0502 ...       -0.0458  6279997.6619       -0.0824       -0.0423        0.0548]
 [       0.0741       -0.0006       -0.0721        0.0293        0.084  ...        0.0256       -0.0824 10000001.           -0.0403        0.0028]
 [       0.0644       -0.0396        0.0284        0.0054       -0.0457 ...       -0.0061       -0.0423       -0.0403  9330590.157         0.0801]
 [      -0.0096       -0.1098        0.0155       -0.037        -0.0797 ...       -0.0081        0.0548        0.0028        0.0801  1404474.2228]]

------------------------------------------------------------

--- ITERAZIONE k = 4 ---
vettore w_4:
[-0.0003  0.      0.     -0.     -0.      0.     -0.     -0.     -0.     -0.      0.0004  0.     -0.      0.     -0.     -0.      0.     -0.
 -0.      0.      0.      0.     -0.0001 -0.      0.      0.      0.     -0.     -0.      0.      0.      0.     -0.      0.     -0.     -0.
  0.     -0.     -0.      0.     -0.     -0.      0.      0.      0.      0.0003 -0.      0.      0.     -0.     -0.      0.      0.     -0.
 -0.     -0.      0.     -0.      0.     -0.     -0.     -0.      0.     -0.      0.      0.      0.      0.     -0.      0.      0.      0.
 -0.     -0.     -0.     -0.      0.     -0.     -0.      0.     -0.     -0.     -0.      0.0001 -0.      0.     -0.     -0.      0.     -0.
  0.      0.     -0.      0.     -0.     -0.      0.     -0.     -0.      0.    ]

diagonale matrice pesi W_4 (1 / max(|w|, eps)):
[3.4971e+03 5.8240e+05 1.0739e+07 1.0000e+08 1.0000e+08 1.0000e+08 1.7495e+07 1.0000e+08 5.2333e+07 5.1370e+06 2.3801e+03 4.1380e+06 5.1365e+05
 1.0000e+08 1.0000e+08 1.0841e+07 1.3628e+06 3.5002e+07 1.0000e+08 3.3759e+06 7.0587e+07 1.8667e+07 1.0688e+04 4.3278e+07 3.3152e+07 1.0000e+08
 2.4038e+06 2.1442e+06 9.3176e+07 1.0000e+08 1.0000e+08 2.9454e+06 1.0000e+08 1.0000e+08 1.0000e+08 1.0000e+08 8.2033e+05 1.0000e+08 1.0000e+08
 2.1031e+06 5.8304e+06 9.8302e+06 4.3846e+06 1.0000e+08 3.9749e+07 3.2043e+03 1.0626e+07 1.0000e+08 2.1955e+06 1.5515e+06 1.0000e+08 4.9659e+06
 7.9203e+05 2.0057e+04 1.0000e+08 1.0000e+08 1.0000e+08 1.0000e+08 1.4834e+07 8.9491e+06 3.3369e+06 1.8894e+06 9.3972e+05 1.0000e+08 1.0000e+08
 1.0000e+08 1.0000e+08 1.1904e+07 2.7127e+07 1.0000e+08 1.1072e+05 1.0000e+08 5.5767e+06 1.0000e+08 6.1357e+07 3.9334e+07 6.4487e+06 1.0000e+08
 2.3002e+06 2.6483e+07 6.0052e+07 1.0000e+08 2.4751e+06 7.4945e+03 1.9926e+06 2.2309e+07 2.8147e+06 1.4715e+06 5.9582e+06 1.2251e+07 5.0930e+05
 1.0000e+08 8.4038e+07 1.0000e+08 3.4985e+05 8.7765e+06 5.3787e+07 1.0000e+08 9.1183e+07 7.3011e+06]

matrice di sistema Q_4 (A + lambda * W_4):
[[     350.7116       -0.0922       -0.0173       -0.0403       -0.0275 ...        0.0648       -0.02          0.0741        0.0644       -0.0096]
 [      -0.0922    58240.9748       -0.0832       -0.0403       -0.0328 ...       -0.0131        0.1748       -0.0006       -0.0396       -0.1098]
 [      -0.0173       -0.0832  1073930.1442       -0.0997       -0.02   ...       -0.0945        0.0139       -0.0721        0.0284        0.0155]
 [      -0.0403       -0.0403       -0.0997 10000001.           -0.1078 ...        0.1176       -0.0406        0.0293        0.0054       -0.037 ]
 [      -0.0275       -0.0328       -0.02         -0.1078 10000001.     ...       -0.0815        0.0502        0.084        -0.0457       -0.0797]
 ...
 [       0.0648       -0.0131       -0.0945        0.1176       -0.0815 ...   877650.1788       -0.0458        0.0256       -0.0061       -0.0081]
 [      -0.02          0.1748        0.0139       -0.0406        0.0502 ...       -0.0458  5378678.0923       -0.0824       -0.0423        0.0548]
 [       0.0741       -0.0006       -0.0721        0.0293        0.084  ...        0.0256       -0.0824 10000001.           -0.0403        0.0028]
 [       0.0644       -0.0396        0.0284        0.0054       -0.0457 ...       -0.0061       -0.0423       -0.0403  9118319.3806        0.0801]
 [      -0.0096       -0.1098        0.0155       -0.037        -0.0797 ...       -0.0081        0.0548        0.0028        0.0801   730107.1691]]

------------------------------------------------------------

--- ITERAZIONE k = 5 ---
vettore w_5:
[-0.0037  0.      0.     -0.     -0.      0.     -0.     -0.     -0.     -0.      0.006   0.     -0.      0.     -0.     -0.      0.     -0.
 -0.      0.      0.      0.     -0.0009 -0.      0.      0.      0.     -0.     -0.      0.      0.      0.     -0.      0.     -0.     -0.
  0.     -0.     -0.      0.     -0.     -0.      0.      0.      0.      0.0041 -0.      0.      0.     -0.     -0.      0.      0.     -0.0004
 -0.     -0.      0.     -0.      0.     -0.     -0.     -0.      0.     -0.      0.      0.      0.      0.     -0.      0.      0.      0.
 -0.     -0.     -0.     -0.      0.     -0.     -0.      0.     -0.     -0.     -0.      0.0014 -0.      0.     -0.     -0.      0.     -0.
  0.      0.     -0.      0.     -0.     -0.      0.     -0.     -0.      0.    ]

diagonale matrice pesi W_5 (1 / max(|w|, eps)):
[2.6980e+02 1.6121e+05 6.1625e+06 1.0000e+08 1.0000e+08 1.0000e+08 1.1338e+07 1.0000e+08 4.4658e+07 2.4481e+06 1.6691e+02 1.8730e+06 1.3776e+05
 1.0000e+08 1.0000e+08 6.2309e+06 4.6664e+05 2.6957e+07 1.0000e+08 1.4517e+06 6.4624e+07 1.2260e+07 1.0877e+03 3.5103e+07 2.5210e+07 1.0000e+08
 9.4931e+05 8.2291e+05 9.1992e+07 1.0000e+08 1.0000e+08 1.2248e+06 1.0000e+08 1.0000e+08 1.0000e+08 1.0000e+08 2.4734e+05 1.0000e+08 1.0000e+08
 7.9876e+05 2.8666e+06 5.5147e+06 2.0131e+06 1.0000e+08 3.1497e+07 2.4183e+02 6.0884e+06 1.0000e+08 8.4646e+05 5.5009e+05 1.0000e+08 2.3523e+06
 2.3693e+05 2.3874e+03 1.0000e+08 1.0000e+08 1.0000e+08 1.0000e+08 9.1986e+06 4.9079e+06 1.4331e+06 7.0259e+05 2.9319e+05 1.0000e+08 1.0000e+08
 1.0000e+08 1.0000e+08 7.0048e+06 1.9614e+07 1.0000e+08 2.0205e+04 1.0000e+08 2.7223e+06 1.0000e+08 5.4406e+07 3.1176e+07 3.2509e+06 1.0000e+08
 8.9744e+05 1.9076e+07 5.2791e+07 1.0000e+08 9.8495e+05 6.9888e+02 7.5031e+05 1.5369e+07 1.1546e+06 5.1367e+05 2.9493e+06 7.2659e+06 1.3627e+05
 1.0000e+08 8.0653e+07 1.0000e+08 8.5340e+04 4.7863e+06 4.6123e+07 1.0000e+08 8.9164e+07 3.7985e+06]

matrice di sistema Q_5 (A + lambda * W_5):
[[      27.98         -0.0922       -0.0173       -0.0403       -0.0275 ...        0.0648       -0.02          0.0741        0.0644       -0.0096]
 [      -0.0922    16121.7449       -0.0832       -0.0403       -0.0328 ...       -0.0131        0.1748       -0.0006       -0.0396       -0.1098]
 [      -0.0173       -0.0832   616253.3801       -0.0997       -0.02   ...       -0.0945        0.0139       -0.0721        0.0284        0.0155]
 [      -0.0403       -0.0403       -0.0997 10000001.           -0.1078 ...        0.1176       -0.0406        0.0293        0.0054       -0.037 ]
 [      -0.0275       -0.0328       -0.02         -0.1078 10000001.     ...       -0.0815        0.0502        0.084        -0.0457       -0.0797]
 ...
 [       0.0648       -0.0131       -0.0945        0.1176       -0.0815 ...   478632.1812       -0.0458        0.0256       -0.0061       -0.0081]
 [      -0.02          0.1748        0.0139       -0.0406        0.0502 ...       -0.0458  4612310.6115       -0.0824       -0.0423        0.0548]
 [       0.0741       -0.0006       -0.0721        0.0293        0.084  ...        0.0256       -0.0824 10000001.           -0.0403        0.0028]
 [       0.0644       -0.0396        0.0284        0.0054       -0.0457 ...       -0.0061       -0.0423       -0.0403  8916365.4409        0.0801]
 [      -0.0096       -0.1098        0.0155       -0.037        -0.0797 ...       -0.0081        0.0548        0.0028        0.0801   379846.2554]]

------------------------------------------------------------

--- ITERAZIONE k = 6 ---
vettore w_6:
[-0.0462  0.      0.     -0.     -0.      0.     -0.     -0.     -0.     -0.      0.081   0.     -0.      0.     -0.     -0.      0.     -0.
 -0.      0.      0.      0.     -0.009  -0.      0.      0.      0.     -0.     -0.      0.      0.      0.     -0.      0.     -0.     -0.
  0.     -0.     -0.      0.     -0.     -0.      0.      0.      0.      0.0528 -0.      0.      0.     -0.     -0.      0.      0.     -0.0035
 -0.     -0.      0.     -0.      0.     -0.     -0.     -0.      0.     -0.      0.      0.      0.      0.     -0.      0.      0.0003  0.
 -0.     -0.     -0.     -0.      0.     -0.     -0.      0.     -0.     -0.     -0.      0.015  -0.      0.     -0.     -0.      0.     -0.
  0.      0.     -0.      0.     -0.     -0.      0.     -0.     -0.      0.    ]

diagonale matrice pesi W_6 (1 / max(|w|, eps)):
[2.1632e+01 4.5677e+04 3.6360e+06 1.0000e+08 1.0000e+08 1.0000e+08 7.5464e+06 1.0000e+08 3.9648e+07 1.1797e+06 1.2339e+01 8.8516e+05 3.7716e+04
 1.0000e+08 1.0000e+08 3.6426e+06 1.6378e+05 2.0956e+07 1.0000e+08 6.4854e+05 5.8082e+07 7.9661e+06 1.1152e+02 2.8556e+07 1.9673e+07 1.0000e+08
 3.8841e+05 3.2768e+05 9.6396e+07 1.0000e+08 1.0000e+08 5.3309e+05 1.0000e+08 1.0000e+08 1.0000e+08 1.0000e+08 7.6370e+04 1.0000e+08 1.0000e+08
 2.9351e+05 1.4137e+06 3.1664e+06 9.6271e+05 1.0000e+08 2.4462e+07 1.8952e+01 3.6412e+06 1.0000e+08 3.3251e+05 2.0649e+05 1.0000e+08 1.1652e+06
 7.3299e+04 2.8429e+02 1.0000e+08 1.0000e+08 1.0000e+08 1.0000e+08 5.6305e+06 2.7780e+06 6.5547e+05 2.7082e+05 9.3717e+04 1.0000e+08 1.0000e+08
 1.0000e+08 1.0000e+08 4.2085e+06 1.4461e+07 1.0000e+08 3.7014e+03 1.0000e+08 1.4088e+06 1.0000e+08 4.9308e+07 2.4987e+07 1.6443e+06 1.0000e+08
 3.5794e+05 1.4438e+07 4.5705e+07 1.0000e+08 4.0764e+05 6.6755e+01 2.9081e+05 1.0897e+07 4.8130e+05 1.8416e+05 1.4910e+06 4.4217e+06 3.7099e+04
 1.0000e+08 7.9871e+07 1.0000e+08 2.1574e+04 2.6732e+06 3.9979e+07 1.0000e+08 8.7556e+07 1.9924e+06]

matrice di sistema Q_6 (A + lambda * W_6):
[[       3.1632       -0.0922       -0.0173       -0.0403       -0.0275 ...        0.0648       -0.02          0.0741        0.0644       -0.0096]
 [      -0.0922     4568.735        -0.0832       -0.0403       -0.0328 ...       -0.0131        0.1748       -0.0006       -0.0396       -0.1098]
 [      -0.0173       -0.0832   363596.3185       -0.0997       -0.02   ...       -0.0945        0.0139       -0.0721        0.0284        0.0155]
 [      -0.0403       -0.0403       -0.0997 10000001.           -0.1078 ...        0.1176       -0.0406        0.0293        0.0054       -0.037 ]
 [      -0.0275       -0.0328       -0.02         -0.1078 10000001.     ...       -0.0815        0.0502        0.084        -0.0457       -0.0797]
 ...
 [       0.0648       -0.0131       -0.0945        0.1176       -0.0815 ...   267317.7183       -0.0458        0.0256       -0.0061       -0.0081]
 [      -0.02          0.1748        0.0139       -0.0406        0.0502 ...       -0.0458  3997853.2865       -0.0824       -0.0423        0.0548]
 [       0.0741       -0.0006       -0.0721        0.0293        0.084  ...        0.0256       -0.0824 10000001.           -0.0403        0.0028]
 [       0.0644       -0.0396        0.0284        0.0054       -0.0457 ...       -0.0061       -0.0423       -0.0403  8755591.174         0.0801]
 [      -0.0096       -0.1098        0.0155       -0.037        -0.0797 ...       -0.0081        0.0548        0.0028        0.0801   199241.1308]]

------------------------------------------------------------

--- ITERAZIONE k = 7 ---
vettore w_7:
[-0.3923  0.0001  0.     -0.     -0.      0.     -0.     -0.     -0.     -0.      0.6484  0.     -0.0001  0.     -0.     -0.      0.     -0.
 -0.      0.      0.      0.     -0.0814 -0.      0.      0.      0.     -0.     -0.     -0.      0.      0.      0.      0.     -0.      0.
  0.     -0.     -0.      0.     -0.     -0.      0.     -0.      0.      0.4572 -0.      0.      0.     -0.      0.      0.      0.     -0.0295
 -0.     -0.      0.      0.      0.     -0.     -0.     -0.      0.     -0.      0.      0.      0.      0.     -0.      0.      0.0014  0.
 -0.     -0.     -0.     -0.      0.     -0.     -0.      0.     -0.     -0.     -0.      0.1257 -0.      0.     -0.     -0.      0.     -0.
  0.0001  0.     -0.      0.     -0.0001 -0.      0.     -0.     -0.      0.    ]

diagonale matrice pesi W_7 (1 / max(|w|, eps)):
[2.5489e+00 1.5879e+04 2.7948e+06 1.0000e+08 1.0000e+08 1.0000e+08 6.3226e+06 1.0000e+08 5.3861e+07 6.1945e+05 1.5422e+00 6.4665e+05 1.2451e+04
 1.0000e+08 1.0000e+08 2.5136e+06 7.3284e+04 1.8260e+07 1.0000e+08 4.2784e+05 4.6698e+07 4.8120e+06 1.2283e+01 2.3268e+07 1.9341e+07 1.0000e+08
 2.2334e+05 1.8424e+05 1.0000e+08 1.0000e+08 1.0000e+08 3.7594e+05 1.0000e+08 1.0000e+08 1.0000e+08 1.0000e+08 2.8805e+04 1.0000e+08 1.0000e+08
 8.5599e+04 7.2414e+05 2.2365e+06 6.9892e+05 1.0000e+08 1.6358e+07 2.1872e+00 3.4044e+06 1.0000e+08 1.5513e+05 1.4231e+05 1.0000e+08 9.0004e+05
 3.1324e+04 3.3934e+01 1.0000e+08 1.0000e+08 1.0000e+08 1.0000e+08 3.1560e+06 2.1231e+06 6.0207e+05 1.4709e+05 3.7396e+04 1.0000e+08 1.0000e+08
 1.0000e+08 1.0000e+08 3.0279e+06 1.2663e+07 1.0000e+08 7.0394e+02 1.0000e+08 1.3530e+06 1.0000e+08 5.5089e+07 2.1845e+07 8.5067e+05 1.0000e+08
 1.7437e+05 1.8250e+07 3.5566e+07 7.3521e+07 2.5111e+05 7.9566e+00 1.4479e+05 1.0034e+07 2.3119e+05 8.3812e+04 9.1772e+05 3.4576e+06 1.1837e+04
 1.0000e+08 1.0000e+08 1.0000e+08 7.6797e+03 1.8192e+06 3.8090e+07 1.0000e+08 9.0952e+07 1.1458e+06]

matrice di sistema Q_7 (A + lambda * W_7):
[[       1.2549       -0.0922       -0.0173       -0.0403       -0.0275 ...        0.0648       -0.02          0.0741        0.0644       -0.0096]
 [      -0.0922     1588.9342       -0.0832       -0.0403       -0.0328 ...       -0.0131        0.1748       -0.0006       -0.0396       -0.1098]
 [      -0.0173       -0.0832   279479.597        -0.0997       -0.02   ...       -0.0945        0.0139       -0.0721        0.0284        0.0155]
 [      -0.0403       -0.0403       -0.0997 10000001.           -0.1078 ...        0.1176       -0.0406        0.0293        0.0054       -0.037 ]
 [      -0.0275       -0.0328       -0.02         -0.1078 10000001.     ...       -0.0815        0.0502        0.084        -0.0457       -0.0797]
 ...
 [       0.0648       -0.0131       -0.0945        0.1176       -0.0815 ...   181918.4493       -0.0458        0.0256       -0.0061       -0.0081]
 [      -0.02          0.1748        0.0139       -0.0406        0.0502 ...       -0.0458  3808975.5181       -0.0824       -0.0423        0.0548]
 [       0.0741       -0.0006       -0.0721        0.0293        0.084  ...        0.0256       -0.0824 10000001.           -0.0403        0.0028]
 [       0.0644       -0.0396        0.0284        0.0054       -0.0457 ...       -0.0061       -0.0423       -0.0403  9095197.2936        0.0801]
 [      -0.0096       -0.1098        0.0155       -0.037        -0.0797 ...       -0.0081        0.0548        0.0028        0.0801   114577.0511]]

------------------------------------------------------------

--- ITERAZIONE k = 8 ---
vettore w_8:
[-0.9081  0.0001  0.      0.     -0.     -0.     -0.      0.     -0.     -0.      1.2766  0.     -0.0001  0.     -0.     -0.      0.     -0.
 -0.      0.      0.      0.     -0.4383 -0.      0.      0.      0.     -0.      0.     -0.      0.      0.      0.      0.     -0.     -0.
  0.0001  0.     -0.      0.     -0.     -0.      0.     -0.      0.      1.0719 -0.      0.      0.      0.      0.      0.      0.     -0.2063
  0.     -0.      0.      0.      0.     -0.      0.     -0.      0.     -0.      0.      0.      0.      0.     -0.      0.      0.0067 -0.
  0.     -0.     -0.     -0.      0.     -0.     -0.      0.     -0.     -0.     -0.      0.4462 -0.      0.     -0.     -0.      0.     -0.
  0.0002  0.     -0.      0.     -0.0001 -0.      0.     -0.     -0.      0.    ]

diagonale matrice pesi W_8 (1 / max(|w|, eps)):
[1.1012e+00 9.1131e+03 4.7041e+06 1.0000e+08 1.0000e+08 1.0000e+08 7.4703e+06 1.0000e+08 1.0000e+08 4.2842e+05 7.8330e-01 2.7435e+06 6.9344e+03
 1.0000e+08 1.0000e+08 2.9055e+06 7.3893e+04 3.8919e+07 1.0000e+08 1.3203e+06 4.2632e+07 2.8880e+06 2.2815e+00 1.7050e+07 3.5486e+07 1.0000e+08
 4.5676e+05 2.0861e+05 1.0000e+08 1.0000e+08 1.0000e+08 1.2095e+07 1.0000e+08 1.0000e+08 1.0000e+08 1.0000e+08 1.3949e+04 1.0000e+08 1.0000e+08
 2.0169e+04 4.9247e+05 2.4961e+06 4.5046e+06 1.0000e+08 7.7188e+06 9.3289e-01 3.3279e+07 1.0000e+08 1.0921e+05 9.2277e+05 1.0000e+08 1.4378e+06
 3.0409e+04 4.8475e+00 1.0000e+08 1.0000e+08 1.0000e+08 9.9118e+07 1.9168e+06 5.0034e+06 5.4518e+06 2.6234e+05 3.0222e+04 1.0000e+08 9.5547e+07
 1.0000e+08 1.0000e+08 3.2172e+06 2.1677e+07 1.0000e+08 1.4876e+02 1.0000e+08 2.2839e+07 1.0000e+08 9.6187e+07 1.9397e+07 5.1233e+05 1.0000e+08
 1.4285e+05 1.0000e+08 2.2251e+07 4.3016e+07 7.0499e+05 2.2413e+00 1.1156e+05 2.0410e+07 1.7308e+05 6.5285e+04 1.0760e+06 1.1539e+07 5.8102e+03
 1.0000e+08 1.0000e+08 1.0000e+08 7.5983e+03 1.9025e+06 8.3323e+07 1.0000e+08 1.0000e+08 8.4642e+05]

matrice di sistema Q_8 (A + lambda * W_8):
[[       1.1101       -0.0922       -0.0173       -0.0403       -0.0275 ...        0.0648       -0.02          0.0741        0.0644       -0.0096]
 [      -0.0922      912.3058       -0.0832       -0.0403       -0.0328 ...       -0.0131        0.1748       -0.0006       -0.0396       -0.1098]
 [      -0.0173       -0.0832   470415.3748       -0.0997       -0.02   ...       -0.0945        0.0139       -0.0721        0.0284        0.0155]
 [      -0.0403       -0.0403       -0.0997 10000001.           -0.1078 ...        0.1176       -0.0406        0.0293        0.0054       -0.037 ]
 [      -0.0275       -0.0328       -0.02         -0.1078 10000001.     ...       -0.0815        0.0502        0.084        -0.0457       -0.0797]
 ...
 [       0.0648       -0.0131       -0.0945        0.1176       -0.0815 ...   190255.462        -0.0458        0.0256       -0.0061       -0.0081]
 [      -0.02          0.1748        0.0139       -0.0406        0.0502 ...       -0.0458  8332256.9771       -0.0824       -0.0423        0.0548]
 [       0.0741       -0.0006       -0.0721        0.0293        0.084  ...        0.0256       -0.0824 10000001.           -0.0403        0.0028]
 [       0.0644       -0.0396        0.0284        0.0054       -0.0457 ...       -0.0061       -0.0423       -0.0403 10000001.            0.0801]
 [      -0.0096       -0.1098        0.0155       -0.037        -0.0797 ...       -0.0081        0.0548        0.0028        0.0801    84642.9927]]

------------------------------------------------------------

--- ITERAZIONE k = 9 ---
vettore w_9:
[-0.9892  0.0001  0.      0.     -0.     -0.     -0.      0.     -0.     -0.      1.3723 -0.     -0.0002  0.     -0.     -0.      0.      0.
 -0.      0.      0.      0.     -0.7851 -0.      0.      0.     -0.     -0.      0.      0.      0.     -0.      0.      0.     -0.     -0.
  0.0001  0.      0.      0.0002 -0.     -0.     -0.     -0.      0.      1.2172  0.      0.      0.      0.      0.      0.      0.     -0.616
  0.     -0.      0.      0.      0.     -0.      0.      0.      0.     -0.      0.      0.      0.      0.     -0.      0.      0.0292 -0.
  0.     -0.     -0.     -0.      0.     -0.     -0.      0.     -0.     -0.      0.      0.6073 -0.      0.     -0.     -0.      0.      0.
  0.0002  0.     -0.     -0.     -0.0001 -0.     -0.     -0.     -0.      0.    ]

diagonale matrice pesi W_9 (1 / max(|w|, eps)):
[1.0110e+00 7.6413e+03 1.2000e+07 1.0000e+08 1.0000e+08 1.0000e+08 1.0801e+07 1.0000e+08 1.0000e+08 5.0728e+05 7.2870e-01 3.4887e+07 5.9309e+03
 1.0000e+08 1.0000e+08 5.4271e+06 1.5079e+05 1.0000e+08 1.0000e+08 4.6596e+06 5.3938e+07 2.5826e+06 1.2738e+00 1.2922e+07 1.0000e+08 1.0000e+08
 3.4114e+06 3.3638e+05 1.0000e+08 1.0000e+08 1.0000e+08 3.6462e+07 1.0000e+08 1.0000e+08 1.0000e+08 1.0000e+08 7.2748e+03 1.0000e+08 1.0000e+08
 4.5552e+03 5.1158e+05 3.5097e+06 1.0032e+07 1.0000e+08 2.8147e+06 8.2158e-01 1.0000e+08 1.0000e+08 9.5964e+04 7.3399e+06 1.0000e+08 1.5611e+06
 5.6510e+04 1.6234e+00 1.0000e+08 1.0000e+08 1.0000e+08 1.0000e+08 1.6896e+06 1.0000e+08 3.9409e+07 1.7695e+06 8.7947e+04 1.0000e+08 1.0000e+08
 1.0000e+08 1.0000e+08 3.5051e+06 1.0000e+08 1.0000e+08 3.4237e+01 1.0000e+08 1.0000e+08 1.0000e+08 1.0000e+08 1.7012e+07 3.9247e+05 1.0000e+08
 2.0897e+05 1.0000e+08 1.1166e+07 3.3531e+07 5.1043e+06 1.6467e+00 1.4905e+05 1.0000e+08 2.0642e+05 6.0598e+04 2.3442e+06 3.3336e+07 4.2942e+03
 1.0000e+08 1.0000e+08 1.0000e+08 1.5450e+04 2.4608e+06 1.0000e+08 1.0000e+08 1.0000e+08 6.6110e+05]

matrice di sistema Q_9 (A + lambda * W_9):
[[       1.1011       -0.0922       -0.0173       -0.0403       -0.0275 ...        0.0648       -0.02          0.0741        0.0644       -0.0096]
 [      -0.0922      765.1277       -0.0832       -0.0403       -0.0328 ...       -0.0131        0.1748       -0.0006       -0.0396       -0.1098]
 [      -0.0173       -0.0832  1199954.7244       -0.0997       -0.02   ...       -0.0945        0.0139       -0.0721        0.0284        0.0155]
 [      -0.0403       -0.0403       -0.0997 10000001.           -0.1078 ...        0.1176       -0.0406        0.0293        0.0054       -0.037 ]
 [      -0.0275       -0.0328       -0.02         -0.1078 10000001.     ...       -0.0815        0.0502        0.084        -0.0457       -0.0797]
 ...
 [       0.0648       -0.0131       -0.0945        0.1176       -0.0815 ...   246080.279        -0.0458        0.0256       -0.0061       -0.0081]
 [      -0.02          0.1748        0.0139       -0.0406        0.0502 ...       -0.0458 10000001.           -0.0824       -0.0423        0.0548]
 [       0.0741       -0.0006       -0.0721        0.0293        0.084  ...        0.0256       -0.0824 10000001.           -0.0403        0.0028]
 [       0.0644       -0.0396        0.0284        0.0054       -0.0457 ...       -0.0061       -0.0423       -0.0403 10000001.            0.0801]
 [      -0.0096       -0.1098        0.0155       -0.037        -0.0797 ...       -0.0081        0.0548        0.0028        0.0801    66111.4834]]

------------------------------------------------------------

--- ITERAZIONE k = 10 ---
vettore w_10:
[-0.9869  0.0001  0.      0.     -0.     -0.     -0.      0.     -0.     -0.      1.3828 -0.     -0.0002  0.     -0.     -0.      0.      0.
 -0.      0.      0.      0.     -0.8515 -0.      0.      0.     -0.     -0.      0.      0.      0.     -0.      0.      0.     -0.     -0.
  0.0002  0.      0.      0.001  -0.     -0.     -0.     -0.      0.      1.2384  0.      0.      0.     -0.      0.      0.      0.     -0.7881
  0.     -0.      0.      0.      0.     -0.      0.      0.      0.     -0.      0.     -0.      0.      0.      0.      0.      0.1045 -0.
  0.     -0.     -0.     -0.      0.     -0.     -0.      0.     -0.     -0.      0.      0.6315 -0.      0.     -0.     -0.      0.      0.
  0.0003  0.     -0.     -0.     -0.     -0.     -0.     -0.      0.      0.    ]

diagonale matrice pesi W_10 (1 / max(|w|, eps)):
[1.0133e+00 6.9421e+03 3.3217e+07 1.0000e+08 1.0000e+08 1.0000e+08 1.7662e+07 1.0000e+08 1.0000e+08 8.1995e+05 7.2315e-01 1.0000e+08 5.9722e+03
 1.0000e+08 1.0000e+08 1.4894e+07 3.4727e+05 1.0000e+08 1.0000e+08 1.2235e+07 7.2396e+07 3.1259e+06 1.1744e+00 1.0357e+07 1.0000e+08 1.0000e+08
 1.4891e+07 6.1877e+05 1.0000e+08 1.0000e+08 1.0000e+08 8.3882e+07 1.0000e+08 1.0000e+08 1.0000e+08 1.0000e+08 4.1853e+03 1.0000e+08 1.0000e+08
 1.0021e+03 6.8772e+05 4.8887e+06 1.7737e+07 1.0000e+08 9.4222e+05 8.0747e-01 1.0000e+08 1.0000e+08 9.0378e+04 1.0000e+08 1.0000e+08 1.6191e+06
 1.6520e+05 1.2688e+00 1.0000e+08 1.0000e+08 1.0000e+08 1.0000e+08 1.8257e+06 1.0000e+08 1.0000e+08 5.4857e+06 1.0403e+06 1.0000e+08 1.0000e+08
 1.0000e+08 1.0000e+08 3.7076e+06 1.0000e+08 1.0000e+08 9.5703e+00 1.0000e+08 1.0000e+08 1.0000e+08 1.0000e+08 1.5852e+07 3.2843e+05 1.0000e+08
 4.2052e+05 1.0000e+08 5.1874e+06 3.1025e+07 1.5785e+07 1.5835e+00 2.8885e+05 1.0000e+08 2.8350e+05 5.7392e+04 5.7951e+06 7.1518e+07 3.6881e+03
 1.0000e+08 1.0000e+08 1.0000e+08 3.6487e+04 2.9831e+06 1.0000e+08 1.0000e+08 1.0000e+08 5.2443e+05]

matrice di sistema Q_10 (A + lambda * W_10):
[[       1.1013       -0.0922       -0.0173       -0.0403       -0.0275 ...        0.0648       -0.02          0.0741        0.0644       -0.0096]
 [      -0.0922      695.2125       -0.0832       -0.0403       -0.0328 ...       -0.0131        0.1748       -0.0006       -0.0396       -0.1098]
 [      -0.0173       -0.0832  3321749.8482       -0.0997       -0.02   ...       -0.0945        0.0139       -0.0721        0.0284        0.0155]
 [      -0.0403       -0.0403       -0.0997 10000001.           -0.1078 ...        0.1176       -0.0406        0.0293        0.0054       -0.037 ]
 [      -0.0275       -0.0328       -0.02         -0.1078 10000001.     ...       -0.0815        0.0502        0.084        -0.0457       -0.0797]
 ...
 [       0.0648       -0.0131       -0.0945        0.1176       -0.0815 ...   298315.9898       -0.0458        0.0256       -0.0061       -0.0081]
 [      -0.02          0.1748        0.0139       -0.0406        0.0502 ...       -0.0458 10000001.           -0.0824       -0.0423        0.0548]
 [       0.0741       -0.0006       -0.0721        0.0293        0.084  ...        0.0256       -0.0824 10000001.           -0.0403        0.0028]
 [       0.0644       -0.0396        0.0284        0.0054       -0.0457 ...       -0.0061       -0.0423       -0.0403 10000001.            0.0801]
 [      -0.0096       -0.1098        0.0155       -0.037        -0.0797 ...       -0.0081        0.0548        0.0028        0.0801    52443.8338]]

------------------------------------------------------------

--- ITERAZIONE k = 11 ---
vettore w_11:
[-0.9775  0.0002  0.      0.     -0.     -0.     -0.     -0.     -0.     -0.      1.3913  0.     -0.0001  0.     -0.     -0.      0.      0.
 -0.      0.      0.      0.     -0.8552 -0.      0.      0.     -0.     -0.      0.      0.      0.     -0.      0.      0.     -0.     -0.
  0.0004  0.      0.      0.0046 -0.     -0.     -0.     -0.      0.      1.2335 -0.      0.      0.     -0.      0.      0.      0.     -0.8129
  0.     -0.      0.      0.      0.     -0.      0.      0.      0.     -0.      0.     -0.      0.      0.      0.      0.      0.2372 -0.
 -0.     -0.     -0.     -0.      0.     -0.     -0.      0.     -0.     -0.      0.      0.6377 -0.      0.     -0.     -0.      0.      0.
  0.0003  0.     -0.      0.     -0.     -0.     -0.     -0.      0.      0.    ]

diagonale matrice pesi W_11 (1 / max(|w|, eps)):
[1.0230e+00 6.2162e+03 1.0000e+08 1.0000e+08 1.0000e+08 1.0000e+08 3.1152e+07 1.0000e+08 1.0000e+08 1.5540e+06 7.1876e-01 1.0000e+08 6.9154e+03
 1.0000e+08 1.0000e+08 6.1052e+07 7.2162e+05 1.0000e+08 1.0000e+08 3.2252e+07 9.2074e+07 4.0693e+06 1.1693e+00 8.7439e+06 1.0000e+08 1.0000e+08
 8.4139e+07 1.0970e+06 1.0000e+08 1.0000e+08 1.0000e+08 1.0000e+08 1.0000e+08 1.0000e+08 1.0000e+08 1.0000e+08 2.7247e+03 1.0000e+08 1.0000e+08
 2.1804e+02 1.1562e+06 6.1866e+06 3.6658e+07 1.0000e+08 3.0178e+05 8.1070e-01 1.0000e+08 1.0000e+08 8.8712e+04 1.0000e+08 1.0000e+08 1.9412e+06
 7.8764e+05 1.2301e+00 1.0000e+08 1.0000e+08 1.0000e+08 1.0000e+08 2.1372e+06 1.0000e+08 1.0000e+08 1.6915e+07 3.9834e+07 1.0000e+08 1.0000e+08
 1.0000e+08 1.0000e+08 3.9974e+06 1.0000e+08 1.0000e+08 4.2158e+00 1.0000e+08 1.0000e+08 1.0000e+08 1.0000e+08 1.5490e+07 2.8610e+05 1.0000e+08
 9.6408e+05 1.0000e+08 2.3281e+06 3.0043e+07 3.8267e+07 1.5680e+00 6.2596e+05 1.0000e+08 3.8661e+05 5.5909e+04 1.2617e+07 1.0000e+08 3.1717e+03
 1.0000e+08 1.0000e+08 1.0000e+08 8.1146e+04 3.1868e+06 1.0000e+08 1.0000e+08 1.0000e+08 4.0891e+05]

matrice di sistema Q_11 (A + lambda * W_11):
[[       1.1023       -0.0922       -0.0173       -0.0403       -0.0275 ...        0.0648       -0.02          0.0741        0.0644       -0.0096]
 [      -0.0922      622.6207       -0.0832       -0.0403       -0.0328 ...       -0.0131        0.1748       -0.0006       -0.0396       -0.1098]
 [      -0.0173       -0.0832 10000001.           -0.0997       -0.02   ...       -0.0945        0.0139       -0.0721        0.0284        0.0155]
 [      -0.0403       -0.0403       -0.0997 10000001.           -0.1078 ...        0.1176       -0.0406        0.0293        0.0054       -0.037 ]
 [      -0.0275       -0.0328       -0.02         -0.1078 10000001.     ...       -0.0815        0.0502        0.084        -0.0457       -0.0797]
 ...
 [       0.0648       -0.0131       -0.0945        0.1176       -0.0815 ...   318677.7413       -0.0458        0.0256       -0.0061       -0.0081]
 [      -0.02          0.1748        0.0139       -0.0406        0.0502 ...       -0.0458 10000001.           -0.0824       -0.0423        0.0548]
 [       0.0741       -0.0006       -0.0721        0.0293        0.084  ...        0.0256       -0.0824 10000001.           -0.0403        0.0028]
 [       0.0644       -0.0396        0.0284        0.0054       -0.0457 ...       -0.0061       -0.0423       -0.0403 10000001.            0.0801]
 [      -0.0096       -0.1098        0.0155       -0.037        -0.0797 ...       -0.0081        0.0548        0.0028        0.0801    40892.0712]]

------------------------------------------------------------

--- ITERAZIONE k = 12 ---
vettore w_12:
[-0.9719  0.0002  0.      0.     -0.     -0.     -0.     -0.     -0.     -0.      1.3977  0.     -0.0001  0.     -0.     -0.      0.      0.
 -0.      0.      0.      0.     -0.8525 -0.      0.      0.     -0.     -0.      0.      0.      0.     -0.      0.      0.     -0.     -0.
  0.0005  0.      0.      0.0206 -0.     -0.     -0.     -0.      0.      1.2285 -0.      0.      0.     -0.      0.      0.      0.     -0.8165
  0.     -0.      0.      0.      0.     -0.      0.      0.      0.      0.      0.     -0.      0.      0.      0.      0.      0.3282 -0.
 -0.     -0.     -0.     -0.      0.     -0.     -0.      0.     -0.     -0.      0.      0.64   -0.      0.     -0.     -0.      0.      0.
  0.0004  0.     -0.      0.     -0.     -0.     -0.     -0.      0.      0.    ]

diagonale matrice pesi W_12 (1 / max(|w|, eps)):
[1.0289e+00 5.5217e+03 1.0000e+08 1.0000e+08 1.0000e+08 1.0000e+08 5.7316e+07 1.0000e+08 1.0000e+08 3.2803e+06 7.1548e-01 1.0000e+08 8.8105e+03
 1.0000e+08 1.0000e+08 1.0000e+08 1.3792e+06 1.0000e+08 1.0000e+08 8.6442e+07 1.0000e+08 5.5013e+06 1.1730e+00 7.6462e+06 1.0000e+08 1.0000e+08
 1.0000e+08 1.8818e+06 1.0000e+08 1.0000e+08 1.0000e+08 1.0000e+08 1.0000e+08 1.0000e+08 1.0000e+08 1.0000e+08 1.9514e+03 1.0000e+08 1.0000e+08
 4.8561e+01 2.3204e+06 7.3761e+06 9.2108e+07 1.0000e+08 9.4309e+04 8.1398e-01 1.0000e+08 1.0000e+08 9.0406e+04 1.0000e+08 1.0000e+08 2.6256e+06
 5.9921e+06 1.2248e+00 1.0000e+08 1.0000e+08 1.0000e+08 1.0000e+08 2.6279e+06 1.0000e+08 1.0000e+08 5.4526e+07 1.0000e+08 1.0000e+08 1.0000e+08
 1.0000e+08 1.0000e+08 4.4357e+06 1.0000e+08 1.0000e+08 3.0466e+00 1.0000e+08 1.0000e+08 1.0000e+08 1.0000e+08 1.5486e+07 2.5793e+05 1.0000e+08
 2.3607e+06 1.0000e+08 1.0275e+06 2.9558e+07 8.4716e+07 1.5625e+00 1.4136e+06 1.0000e+08 5.2159e+05 5.5942e+04 2.5111e+07 1.0000e+08 2.7173e+03
 1.0000e+08 1.0000e+08 1.0000e+08 1.7201e+05 3.1540e+06 1.0000e+08 1.0000e+08 1.0000e+08 3.1492e+05]

matrice di sistema Q_12 (A + lambda * W_12):
[[       1.1029       -0.0922       -0.0173       -0.0403       -0.0275 ...        0.0648       -0.02          0.0741        0.0644       -0.0096]
 [      -0.0922      553.1732       -0.0832       -0.0403       -0.0328 ...       -0.0131        0.1748       -0.0006       -0.0396       -0.1098]
 [      -0.0173       -0.0832 10000001.           -0.0997       -0.02   ...       -0.0945        0.0139       -0.0721        0.0284        0.0155]
 [      -0.0403       -0.0403       -0.0997 10000001.           -0.1078 ...        0.1176       -0.0406        0.0293        0.0054       -0.037 ]
 [      -0.0275       -0.0328       -0.02         -0.1078 10000001.     ...       -0.0815        0.0502        0.084        -0.0457       -0.0797]
 ...
 [       0.0648       -0.0131       -0.0945        0.1176       -0.0815 ...   315396.2072       -0.0458        0.0256       -0.0061       -0.0081]
 [      -0.02          0.1748        0.0139       -0.0406        0.0502 ...       -0.0458 10000001.           -0.0824       -0.0423        0.0548]
 [       0.0741       -0.0006       -0.0721        0.0293        0.084  ...        0.0256       -0.0824 10000001.           -0.0403        0.0028]
 [       0.0644       -0.0396        0.0284        0.0054       -0.0457 ...       -0.0061       -0.0423       -0.0403 10000001.            0.0801]
 [      -0.0096       -0.1098        0.0155       -0.037        -0.0797 ...       -0.0081        0.0548        0.0028        0.0801    31493.038 ]]

------------------------------------------------------------

--- ITERAZIONE k = 13 ---
vettore w_13:
[-0.9745  0.0002  0.      0.     -0.     -0.     -0.     -0.     -0.     -0.      1.402   0.     -0.0001  0.     -0.     -0.      0.      0.
 -0.      0.      0.      0.     -0.849  -0.      0.      0.      0.     -0.      0.      0.     -0.     -0.      0.      0.     -0.     -0.
  0.0007  0.      0.      0.0808 -0.     -0.     -0.     -0.      0.      1.2309 -0.     -0.      0.     -0.      0.      0.      0.     -0.8207
  0.     -0.      0.      0.      0.     -0.      0.      0.     -0.      0.      0.     -0.      0.      0.      0.      0.      0.3606 -0.
 -0.     -0.     -0.     -0.      0.     -0.     -0.      0.     -0.     -0.      0.      0.6359 -0.      0.     -0.     -0.      0.      0.
  0.0004  0.     -0.      0.     -0.     -0.     -0.     -0.      0.      0.    ]

diagonale matrice pesi W_13 (1 / max(|w|, eps)):
[1.0262e+00 5.0559e+03 1.0000e+08 1.0000e+08 1.0000e+08 1.0000e+08 1.0000e+08 1.0000e+08 1.0000e+08 7.6064e+06 7.1327e-01 1.0000e+08 1.1498e+04
 1.0000e+08 1.0000e+08 1.0000e+08 2.5126e+06 1.0000e+08 1.0000e+08 1.0000e+08 1.0000e+08 8.1499e+06 1.1778e+00 6.7920e+06 1.0000e+08 1.0000e+08
 1.0000e+08 3.2625e+06 1.0000e+08 1.0000e+08 1.0000e+08 1.0000e+08 1.0000e+08 1.0000e+08 1.0000e+08 1.0000e+08 1.4807e+03 1.0000e+08 1.0000e+08
 1.2378e+01 5.2696e+06 8.7688e+06 1.0000e+08 1.0000e+08 2.9255e+04 8.1241e-01 1.0000e+08 1.0000e+08 9.8596e+04 1.0000e+08 1.0000e+08 3.6366e+06
 5.5309e+07 1.2185e+00 1.0000e+08 1.0000e+08 1.0000e+08 1.0000e+08 3.4093e+06 1.0000e+08 1.0000e+08 1.0000e+08 1.0000e+08 1.0000e+08 1.0000e+08
 1.0000e+08 1.0000e+08 5.2037e+06 1.0000e+08 1.0000e+08 2.7731e+00 1.0000e+08 1.0000e+08 1.0000e+08 1.0000e+08 1.5200e+07 2.4685e+05 1.0000e+08
 5.8990e+06 1.0000e+08 4.5435e+05 2.9238e+07 1.0000e+08 1.5726e+00 3.2204e+06 1.0000e+08 7.1829e+05 5.7979e+04 4.8988e+07 1.0000e+08 2.4176e+03
 1.0000e+08 1.0000e+08 1.0000e+08 3.6477e+05 3.0564e+06 1.0000e+08 1.0000e+08 1.0000e+08 2.4387e+05]

matrice di sistema Q_13 (A + lambda * W_13):
[[       1.1026       -0.0922       -0.0173       -0.0403       -0.0275 ...        0.0648       -0.02          0.0741        0.0644       -0.0096]
 [      -0.0922      506.5945       -0.0832       -0.0403       -0.0328 ...       -0.0131        0.1748       -0.0006       -0.0396       -0.1098]
 [      -0.0173       -0.0832 10000001.           -0.0997       -0.02   ...       -0.0945        0.0139       -0.0721        0.0284        0.0155]
 [      -0.0403       -0.0403       -0.0997 10000001.           -0.1078 ...        0.1176       -0.0406        0.0293        0.0054       -0.037 ]
 [      -0.0275       -0.0328       -0.02         -0.1078 10000001.     ...       -0.0815        0.0502        0.084        -0.0457       -0.0797]
 ...
 [       0.0648       -0.0131       -0.0945        0.1176       -0.0815 ...   305637.877        -0.0458        0.0256       -0.0061       -0.0081]
 [      -0.02          0.1748        0.0139       -0.0406        0.0502 ...       -0.0458 10000001.           -0.0824       -0.0423        0.0548]
 [       0.0741       -0.0006       -0.0721        0.0293        0.084  ...        0.0256       -0.0824 10000001.           -0.0403        0.0028]
 [       0.0644       -0.0396        0.0284        0.0054       -0.0457 ...       -0.0061       -0.0423       -0.0403 10000001.            0.0801]
 [      -0.0096       -0.1098        0.0155       -0.037        -0.0797 ...       -0.0081        0.0548        0.0028        0.0801    24388.0538]]

------------------------------------------------------------

--- ITERAZIONE k = 14 ---
vettore w_14:
[-0.9855  0.0002  0.      0.     -0.     -0.     -0.     -0.     -0.     -0.      1.4076  0.     -0.0001  0.     -0.      0.      0.      0.
 -0.      0.      0.      0.     -0.8431 -0.      0.      0.      0.     -0.      0.     -0.     -0.     -0.      0.      0.     -0.     -0.
  0.0008  0.      0.      0.2136 -0.     -0.     -0.     -0.      0.0001  1.241  -0.     -0.      0.     -0.      0.      0.      0.     -0.83
  0.     -0.      0.      0.      0.      0.     -0.      0.     -0.      0.      0.     -0.      0.      0.      0.      0.      0.3741 -0.
 -0.     -0.     -0.     -0.      0.     -0.     -0.      0.     -0.     -0.      0.      0.6236 -0.      0.     -0.     -0.      0.      0.
  0.0004  0.     -0.     -0.     -0.     -0.     -0.     -0.      0.      0.    ]

diagonale matrice pesi W_14 (1 / max(|w|, eps)):
[1.0148e+00 5.0325e+03 1.0000e+08 1.0000e+08 1.0000e+08 1.0000e+08 1.0000e+08 1.0000e+08 1.0000e+08 2.0778e+07 7.1044e-01 1.0000e+08 1.4829e+04
 1.0000e+08 1.0000e+08 1.0000e+08 4.3395e+06 1.0000e+08 1.0000e+08 1.0000e+08 1.0000e+08 1.5195e+07 1.1861e+00 6.1073e+06 1.0000e+08 1.0000e+08
 1.0000e+08 5.9588e+06 1.0000e+08 1.0000e+08 1.0000e+08 1.0000e+08 1.0000e+08 1.0000e+08 1.0000e+08 1.0000e+08 1.2051e+03 1.0000e+08 1.0000e+08
 4.6820e+00 1.4327e+07 1.0789e+07 1.0000e+08 1.0000e+08 9.0659e+03 8.0577e-01 1.0000e+08 1.0000e+08 1.2503e+05 1.0000e+08 1.0000e+08 4.8674e+06
 1.0000e+08 1.2048e+00 1.0000e+08 1.0000e+08 1.0000e+08 1.0000e+08 4.8956e+06 1.0000e+08 1.0000e+08 1.0000e+08 1.0000e+08 1.0000e+08 1.0000e+08
 1.0000e+08 1.0000e+08 6.8948e+06 1.0000e+08 1.0000e+08 2.6731e+00 1.0000e+08 1.0000e+08 1.0000e+08 1.0000e+08 1.4074e+07 2.6862e+05 1.0000e+08
 1.4813e+07 1.0000e+08 2.0413e+05 2.9070e+07 1.0000e+08 1.6037e+00 7.3029e+06 1.0000e+08 1.0498e+06 6.4276e+04 9.6797e+07 1.0000e+08 2.3815e+03
 1.0000e+08 1.0000e+08 1.0000e+08 8.0177e+05 2.9623e+06 1.0000e+08 1.0000e+08 1.0000e+08 1.9322e+05]

matrice di sistema Q_14 (A + lambda * W_14):
[[       1.1015       -0.0922       -0.0173       -0.0403       -0.0275 ...        0.0648       -0.02          0.0741        0.0644       -0.0096]
 [      -0.0922      504.2494       -0.0832       -0.0403       -0.0328 ...       -0.0131        0.1748       -0.0006       -0.0396       -0.1098]
 [      -0.0173       -0.0832 10000001.           -0.0997       -0.02   ...       -0.0945        0.0139       -0.0721        0.0284        0.0155]
 [      -0.0403       -0.0403       -0.0997 10000001.           -0.1078 ...        0.1176       -0.0406        0.0293        0.0054       -0.037 ]
 [      -0.0275       -0.0328       -0.02         -0.1078 10000001.     ...       -0.0815        0.0502        0.084        -0.0457       -0.0797]
 ...
 [       0.0648       -0.0131       -0.0945        0.1176       -0.0815 ...   296233.2612       -0.0458        0.0256       -0.0061       -0.0081]
 [      -0.02          0.1748        0.0139       -0.0406        0.0502 ...       -0.0458 10000001.           -0.0824       -0.0423        0.0548]
 [       0.0741       -0.0006       -0.0721        0.0293        0.084  ...        0.0256       -0.0824 10000001.           -0.0403        0.0028]
 [       0.0644       -0.0396        0.0284        0.0054       -0.0457 ...       -0.0061       -0.0423       -0.0403 10000001.            0.0801]
 [      -0.0096       -0.1098        0.0155       -0.037        -0.0797 ...       -0.0081        0.0548        0.0028        0.0801    19322.7199]]

------------------------------------------------------------

--- ITERAZIONE k = 15 ---
vettore w_15:
[-0.9962  0.0002  0.      0.     -0.     -0.     -0.     -0.     -0.     -0.      1.4124  0.     -0.0001  0.     -0.      0.      0.      0.
 -0.      0.      0.      0.     -0.8378 -0.      0.      0.      0.     -0.      0.     -0.     -0.     -0.      0.      0.     -0.     -0.
  0.001   0.      0.      0.3285 -0.     -0.     -0.      0.      0.0004  1.2508 -0.     -0.      0.     -0.      0.      0.      0.     -0.8388
  0.      0.      0.      0.      0.      0.     -0.      0.     -0.     -0.      0.     -0.      0.      0.      0.      0.      0.382  -0.
 -0.     -0.     -0.     -0.      0.     -0.     -0.      0.     -0.     -0.      0.      0.6115 -0.      0.     -0.     -0.      0.      0.
  0.0004  0.     -0.     -0.     -0.     -0.     -0.     -0.      0.      0.    ]

diagonale matrice pesi W_15 (1 / max(|w|, eps)):
[1.0039e+00 5.4229e+03 1.0000e+08 1.0000e+08 1.0000e+08 1.0000e+08 1.0000e+08 1.0000e+08 1.0000e+08 6.6761e+07 7.0804e-01 1.0000e+08 1.8855e+04
 1.0000e+08 1.0000e+08 1.0000e+08 7.2003e+06 1.0000e+08 1.0000e+08 1.0000e+08 1.0000e+08 3.6680e+07 1.1936e+00 5.5434e+06 1.0000e+08 1.0000e+08
 1.0000e+08 1.1464e+07 1.0000e+08 1.0000e+08 1.0000e+08 1.0000e+08 1.0000e+08 1.0000e+08 1.0000e+08 1.0000e+08 1.0428e+03 1.0000e+08 1.0000e+08
 3.0441e+00 4.6496e+07 1.3726e+07 1.0000e+08 1.0000e+08 2.8113e+03 7.9949e-01 1.0000e+08 1.0000e+08 1.8435e+05 1.0000e+08 1.0000e+08 6.3076e+06
 1.0000e+08 1.1923e+00 1.0000e+08 1.0000e+08 1.0000e+08 1.0000e+08 7.7334e+06 1.0000e+08 1.0000e+08 1.0000e+08 1.0000e+08 1.0000e+08 1.0000e+08
 1.0000e+08 1.0000e+08 1.0271e+07 1.0000e+08 1.0000e+08 2.6181e+00 1.0000e+08 1.0000e+08 1.0000e+08 1.0000e+08 1.2410e+07 3.3062e+05 1.0000e+08
 3.7342e+07 1.0000e+08 9.3062e+04 2.9079e+07 1.0000e+08 1.6354e+00 1.6514e+07 1.0000e+08 1.6204e+06 7.5692e+04 1.0000e+08 1.0000e+08 2.5917e+03
 1.0000e+08 1.0000e+08 1.0000e+08 1.8238e+06 2.8791e+06 1.0000e+08 1.0000e+08 1.0000e+08 1.5638e+05]

matrice di sistema Q_15 (A + lambda * W_15):
[[       1.1004       -0.0922       -0.0173       -0.0403       -0.0275 ...        0.0648       -0.02          0.0741        0.0644       -0.0096]
 [      -0.0922      543.2936       -0.0832       -0.0403       -0.0328 ...       -0.0131        0.1748       -0.0006       -0.0396       -0.1098]
 [      -0.0173       -0.0832 10000001.           -0.0997       -0.02   ...       -0.0945        0.0139       -0.0721        0.0284        0.0155]
 [      -0.0403       -0.0403       -0.0997 10000001.           -0.1078 ...        0.1176       -0.0406        0.0293        0.0054       -0.037 ]
 [      -0.0275       -0.0328       -0.02         -0.1078 10000001.     ...       -0.0815        0.0502        0.084        -0.0457       -0.0797]
 ...
 [       0.0648       -0.0131       -0.0945        0.1176       -0.0815 ...   287912.0625       -0.0458        0.0256       -0.0061       -0.0081]
 [      -0.02          0.1748        0.0139       -0.0406        0.0502 ...       -0.0458 10000001.           -0.0824       -0.0423        0.0548]
 [       0.0741       -0.0006       -0.0721        0.0293        0.084  ...        0.0256       -0.0824 10000001.           -0.0403        0.0028]
 [       0.0644       -0.0396        0.0284        0.0054       -0.0457 ...       -0.0061       -0.0423       -0.0403 10000001.            0.0801]
 [      -0.0096       -0.1098        0.0155       -0.037        -0.0797 ...       -0.0081        0.0548        0.0028        0.0801    15638.5763]]

------------------------------------------------------------

--- ITERAZIONE k = 16 ---
vettore w_16:
[-1.0008  0.0002  0.      0.     -0.     -0.     -0.     -0.     -0.     -0.      1.4143  0.     -0.      0.     -0.      0.      0.      0.
 -0.      0.      0.      0.     -0.8356 -0.      0.      0.      0.     -0.      0.     -0.     -0.     -0.      0.      0.     -0.     -0.
  0.0011  0.      0.      0.3712 -0.     -0.      0.      0.      0.0011  1.2549  0.     -0.      0.     -0.      0.      0.      0.     -0.8427
  0.      0.      0.      0.      0.      0.     -0.      0.     -0.     -0.      0.     -0.      0.      0.      0.      0.      0.3854 -0.
 -0.     -0.     -0.     -0.      0.     -0.     -0.      0.     -0.     -0.      0.      0.6059 -0.      0.     -0.     -0.      0.      0.
  0.0003  0.     -0.     -0.     -0.     -0.     -0.     -0.      0.      0.    ]

diagonale matrice pesi W_16 (1 / max(|w|, eps)):
[9.9918e-01 6.0288e+03 1.0000e+08 1.0000e+08 1.0000e+08 1.0000e+08 1.0000e+08 1.0000e+08 1.0000e+08 1.0000e+08 7.0704e-01 1.0000e+08 2.3864e+04
 1.0000e+08 1.0000e+08 1.0000e+08 1.1779e+07 1.0000e+08 1.0000e+08 1.0000e+08 1.0000e+08 9.9926e+07 1.1967e+00 5.0519e+06 1.0000e+08 1.0000e+08
 1.0000e+08 2.2558e+07 1.0000e+08 1.0000e+08 1.0000e+08 1.0000e+08 1.0000e+08 1.0000e+08 1.0000e+08 1.0000e+08 9.2677e+02 1.0000e+08 1.0000e+08
 2.6938e+00 1.0000e+08 1.7678e+07 1.0000e+08 1.0000e+08 8.7371e+02 7.9685e-01 1.0000e+08 1.0000e+08 2.8928e+05 1.0000e+08 1.0000e+08 8.1038e+06
 1.0000e+08 1.1867e+00 1.0000e+08 1.0000e+08 1.0000e+08 1.0000e+08 1.2689e+07 1.0000e+08 1.0000e+08 1.0000e+08 1.0000e+08 1.0000e+08 1.0000e+08
 1.0000e+08 1.0000e+08 1.6033e+07 1.0000e+08 1.0000e+08 2.5946e+00 1.0000e+08 1.0000e+08 1.0000e+08 1.0000e+08 1.0755e+07 4.2723e+05 1.0000e+08
 9.4608e+07 1.0000e+08 4.2652e+04 2.9229e+07 1.0000e+08 1.6505e+00 3.7404e+07 1.0000e+08 2.5518e+06 9.1194e+04 1.0000e+08 1.0000e+08 2.9385e+03
 1.0000e+08 1.0000e+08 1.0000e+08 4.1974e+06 2.7998e+06 1.0000e+08 1.0000e+08 1.0000e+08 1.2762e+05]

matrice di sistema Q_16 (A + lambda * W_16):
[[       1.0999       -0.0922       -0.0173       -0.0403       -0.0275 ...        0.0648       -0.02          0.0741        0.0644       -0.0096]
 [      -0.0922      603.875        -0.0832       -0.0403       -0.0328 ...       -0.0131        0.1748       -0.0006       -0.0396       -0.1098]
 [      -0.0173       -0.0832 10000001.           -0.0997       -0.02   ...       -0.0945        0.0139       -0.0721        0.0284        0.0155]
 [      -0.0403       -0.0403       -0.0997 10000001.           -0.1078 ...        0.1176       -0.0406        0.0293        0.0054       -0.037 ]
 [      -0.0275       -0.0328       -0.02         -0.1078 10000001.     ...       -0.0815        0.0502        0.084        -0.0457       -0.0797]
 ...
 [       0.0648       -0.0131       -0.0945        0.1176       -0.0815 ...   279981.9877       -0.0458        0.0256       -0.0061       -0.0081]
 [      -0.02          0.1748        0.0139       -0.0406        0.0502 ...       -0.0458 10000001.           -0.0824       -0.0423        0.0548]
 [       0.0741       -0.0006       -0.0721        0.0293        0.084  ...        0.0256       -0.0824 10000001.           -0.0403        0.0028]
 [       0.0644       -0.0396        0.0284        0.0054       -0.0457 ...       -0.0061       -0.0423       -0.0403 10000001.            0.0801]
 [      -0.0096       -0.1098        0.0155       -0.037        -0.0797 ...       -0.0081        0.0548        0.0028        0.0801    12763.0755]]

------------------------------------------------------------

--- ITERAZIONE k = 17 ---
vettore w_17:
[-1.0023  0.0001  0.      0.     -0.     -0.     -0.     -0.     -0.     -0.      1.4149  0.     -0.      0.     -0.      0.      0.      0.
 -0.      0.      0.      0.     -0.8351 -0.      0.      0.      0.     -0.      0.     -0.     -0.     -0.      0.      0.     -0.     -0.
  0.0012  0.      0.      0.3819 -0.     -0.      0.      0.      0.0037  1.2561  0.     -0.      0.     -0.      0.      0.      0.     -0.844
  0.      0.      0.      0.      0.      0.     -0.      0.     -0.     -0.      0.     -0.      0.      0.      0.      0.      0.3867 -0.
 -0.     -0.     -0.     -0.      0.     -0.     -0.      0.     -0.0001 -0.      0.      0.6042 -0.      0.     -0.     -0.      0.      0.
  0.0003  0.     -0.     -0.     -0.     -0.     -0.     -0.      0.      0.    ]

diagonale matrice pesi W_17 (1 / max(|w|, eps)):
[9.9774e-01 6.7575e+03 1.0000e+08 1.0000e+08 1.0000e+08 1.0000e+08 1.0000e+08 1.0000e+08 1.0000e+08 1.0000e+08 7.0675e-01 1.0000e+08 3.0187e+04
 1.0000e+08 1.0000e+08 1.0000e+08 1.9202e+07 1.0000e+08 1.0000e+08 1.0000e+08 1.0000e+08 1.0000e+08 1.1974e+00 4.6102e+06 1.0000e+08 1.0000e+08
 1.0000e+08 4.4746e+07 1.0000e+08 1.0000e+08 1.0000e+08 1.0000e+08 1.0000e+08 1.0000e+08 1.0000e+08 1.0000e+08 8.3134e+02 1.0000e+08 1.0000e+08
 2.6184e+00 1.0000e+08 2.2864e+07 1.0000e+08 1.0000e+08 2.7361e+02 7.9614e-01 1.0000e+08 1.0000e+08 4.6057e+05 1.0000e+08 1.0000e+08 1.0430e+07
 1.0000e+08 1.1848e+00 1.0000e+08 1.0000e+08 1.0000e+08 1.0000e+08 2.0994e+07 1.0000e+08 1.0000e+08 1.0000e+08 1.0000e+08 1.0000e+08 1.0000e+08
 1.0000e+08 1.0000e+08 2.5328e+07 1.0000e+08 1.0000e+08 2.5859e+00 1.0000e+08 1.0000e+08 1.0000e+08 1.0000e+08 9.2878e+06 5.5931e+05 1.0000e+08
 1.0000e+08 1.0000e+08 1.9576e+04 2.9509e+07 1.0000e+08 1.6552e+00 8.4792e+07 1.0000e+08 4.0393e+06 1.1055e+05 1.0000e+08 1.0000e+08 3.3710e+03
 1.0000e+08 1.0000e+08 1.0000e+08 9.6578e+06 2.7264e+06 1.0000e+08 1.0000e+08 1.0000e+08 1.0446e+05]

matrice di sistema Q_17 (A + lambda * W_17):
[[       1.0998       -0.0922       -0.0173       -0.0403       -0.0275 ...        0.0648       -0.02          0.0741        0.0644       -0.0096]
 [      -0.0922      676.7493       -0.0832       -0.0403       -0.0328 ...       -0.0131        0.1748       -0.0006       -0.0396       -0.1098]
 [      -0.0173       -0.0832 10000001.           -0.0997       -0.02   ...       -0.0945        0.0139       -0.0721        0.0284        0.0155]
 [      -0.0403       -0.0403       -0.0997 10000001.           -0.1078 ...        0.1176       -0.0406        0.0293        0.0054       -0.037 ]
 [      -0.0275       -0.0328       -0.02         -0.1078 10000001.     ...       -0.0815        0.0502        0.084        -0.0457       -0.0797]
 ...
 [       0.0648       -0.0131       -0.0945        0.1176       -0.0815 ...   272640.621        -0.0458        0.0256       -0.0061       -0.0081]
 [      -0.02          0.1748        0.0139       -0.0406        0.0502 ...       -0.0458 10000001.           -0.0824       -0.0423        0.0548]
 [       0.0741       -0.0006       -0.0721        0.0293        0.084  ...        0.0256       -0.0824 10000001.           -0.0403        0.0028]
 [       0.0644       -0.0396        0.0284        0.0054       -0.0457 ...       -0.0061       -0.0423       -0.0403 10000001.            0.0801]
 [      -0.0096       -0.1098        0.0155       -0.037        -0.0797 ...       -0.0081        0.0548        0.0028        0.0801    10447.008 ]]

------------------------------------------------------------

--- ITERAZIONE k = 18 ---
vettore w_18:
[-1.0029  0.0001  0.      0.     -0.     -0.     -0.     -0.     -0.     -0.      1.4151  0.     -0.      0.     -0.      0.      0.      0.
 -0.      0.      0.      0.     -0.8353 -0.      0.      0.      0.     -0.      0.     -0.     -0.     -0.      0.      0.     -0.     -0.
  0.0013  0.      0.      0.3843 -0.     -0.      0.      0.      0.0114  1.2561  0.     -0.      0.     -0.      0.      0.      0.     -0.8449
  0.      0.      0.      0.      0.      0.     -0.      0.     -0.     -0.      0.      0.      0.      0.      0.      0.      0.3876 -0.
 -0.     -0.     -0.     -0.      0.     -0.     -0.      0.     -0.0001 -0.      0.      0.604  -0.      0.     -0.     -0.      0.      0.
  0.0003  0.     -0.     -0.     -0.     -0.     -0.     -0.      0.      0.    ]

diagonale matrice pesi W_18 (1 / max(|w|, eps)):
[9.9710e-01 7.5972e+03 1.0000e+08 1.0000e+08 1.0000e+08 1.0000e+08 1.0000e+08 1.0000e+08 1.0000e+08 1.0000e+08 7.0666e-01 1.0000e+08 3.8221e+04
 1.0000e+08 1.0000e+08 1.0000e+08 3.1273e+07 1.0000e+08 1.0000e+08 1.0000e+08 1.0000e+08 1.0000e+08 1.1972e+00 4.2095e+06 1.0000e+08 1.0000e+08
 1.0000e+08 8.9398e+07 1.0000e+08 1.0000e+08 1.0000e+08 1.0000e+08 1.0000e+08 1.0000e+08 1.0000e+08 1.0000e+08 7.5051e+02 1.0000e+08 1.0000e+08
 2.6021e+00 1.0000e+08 2.9728e+07 1.0000e+08 1.0000e+08 8.7766e+01 7.9612e-01 1.0000e+08 1.0000e+08 7.3128e+05 1.0000e+08 1.0000e+08 1.3555e+07
 1.0000e+08 1.1836e+00 1.0000e+08 1.0000e+08 1.0000e+08 1.0000e+08 3.4613e+07 1.0000e+08 1.0000e+08 1.0000e+08 1.0000e+08 1.0000e+08 1.0000e+08
 1.0000e+08 1.0000e+08 4.0139e+07 1.0000e+08 1.0000e+08 2.5801e+00 1.0000e+08 1.0000e+08 1.0000e+08 1.0000e+08 8.0340e+06 7.3654e+05 1.0000e+08
 1.0000e+08 1.0000e+08 8.9926e+03 3.0056e+07 1.0000e+08 1.6555e+00 1.0000e+08 1.0000e+08 6.4108e+06 1.3449e+05 1.0000e+08 1.0000e+08 3.8916e+03
 1.0000e+08 1.0000e+08 1.0000e+08 2.2032e+07 2.6689e+06 1.0000e+08 1.0000e+08 1.0000e+08 8.5792e+04]

matrice di sistema Q_18 (A + lambda * W_18):
[[       1.0997       -0.0922       -0.0173       -0.0403       -0.0275 ...        0.0648       -0.02          0.0741        0.0644       -0.0096]
 [      -0.0922      760.7183       -0.0832       -0.0403       -0.0328 ...       -0.0131        0.1748       -0.0006       -0.0396       -0.1098]
 [      -0.0173       -0.0832 10000001.           -0.0997       -0.02   ...       -0.0945        0.0139       -0.0721        0.0284        0.0155]
 [      -0.0403       -0.0403       -0.0997 10000001.           -0.1078 ...        0.1176       -0.0406        0.0293        0.0054       -0.037 ]
 [      -0.0275       -0.0328       -0.02         -0.1078 10000001.     ...       -0.0815        0.0502        0.084        -0.0457       -0.0797]
 ...
 [       0.0648       -0.0131       -0.0945        0.1176       -0.0815 ...   266892.4808       -0.0458        0.0256       -0.0061       -0.0081]
 [      -0.02          0.1748        0.0139       -0.0406        0.0502 ...       -0.0458 10000001.           -0.0824       -0.0423        0.0548]
 [       0.0741       -0.0006       -0.0721        0.0293        0.084  ...        0.0256       -0.0824 10000001.           -0.0403        0.0028]
 [       0.0644       -0.0396        0.0284        0.0054       -0.0457 ...       -0.0061       -0.0423       -0.0403 10000001.            0.0801]
 [      -0.0096       -0.1098        0.0155       -0.037        -0.0797 ...       -0.0081        0.0548        0.0028        0.0801     8580.1893]]

------------------------------------------------------------

--- ITERAZIONE k = 19 ---
vettore w_19:
[-1.0038  0.0001  0.      0.     -0.     -0.     -0.     -0.     -0.     -0.      1.4153  0.     -0.      0.     -0.      0.      0.      0.
 -0.      0.      0.      0.     -0.8361 -0.      0.      0.      0.     -0.      0.     -0.     -0.     -0.      0.      0.     -0.     -0.
  0.0015  0.      0.      0.3848 -0.     -0.      0.      0.      0.0331  1.2554  0.     -0.      0.     -0.      0.      0.      0.     -0.8465
  0.      0.      0.      0.      0.      0.     -0.      0.     -0.     -0.      0.      0.      0.      0.      0.      0.      0.3892 -0.
 -0.     -0.     -0.     -0.      0.     -0.     -0.      0.     -0.0002 -0.      0.      0.6049 -0.      0.     -0.     -0.      0.      0.
  0.0002  0.     -0.     -0.     -0.     -0.     -0.     -0.      0.      0.    ]

diagonale matrice pesi W_19 (1 / max(|w|, eps)):
[9.9617e-01 8.5769e+03 1.0000e+08 1.0000e+08 1.0000e+08 1.0000e+08 1.0000e+08 1.0000e+08 1.0000e+08 1.0000e+08 7.0659e-01 1.0000e+08 4.8532e+04
 1.0000e+08 1.0000e+08 1.0000e+08 5.0909e+07 1.0000e+08 1.0000e+08 1.0000e+08 1.0000e+08 1.0000e+08 1.1960e+00 3.8462e+06 1.0000e+08 1.0000e+08
 1.0000e+08 1.0000e+08 1.0000e+08 1.0000e+08 1.0000e+08 1.0000e+08 1.0000e+08 1.0000e+08 1.0000e+08 1.0000e+08 6.8538e+02 1.0000e+08 1.0000e+08
 2.5988e+00 1.0000e+08 3.9194e+07 1.0000e+08 1.0000e+08 3.0215e+01 7.9654e-01 1.0000e+08 1.0000e+08 1.1411e+06 1.0000e+08 1.0000e+08 1.8122e+07
 1.0000e+08 1.1813e+00 1.0000e+08 1.0000e+08 1.0000e+08 1.0000e+08 5.6186e+07 1.0000e+08 1.0000e+08 1.0000e+08 1.0000e+08 1.0000e+08 1.0000e+08
 1.0000e+08 1.0000e+08 6.3768e+07 1.0000e+08 1.0000e+08 2.5692e+00 1.0000e+08 1.0000e+08 1.0000e+08 1.0000e+08 6.9997e+06 9.7962e+05 1.0000e+08
 1.0000e+08 1.0000e+08 4.1372e+03 3.1348e+07 1.0000e+08 1.6530e+00 1.0000e+08 1.0000e+08 1.0224e+07 1.6475e+05 1.0000e+08 1.0000e+08 4.5468e+03
 1.0000e+08 1.0000e+08 1.0000e+08 4.9029e+07 2.6531e+06 1.0000e+08 1.0000e+08 1.0000e+08 7.1055e+04]

matrice di sistema Q_19 (A + lambda * W_19):
[[       1.0996       -0.0922       -0.0173       -0.0403       -0.0275 ...        0.0648       -0.02          0.0741        0.0644       -0.0096]
 [      -0.0922      858.6929       -0.0832       -0.0403       -0.0328 ...       -0.0131        0.1748       -0.0006       -0.0396       -0.1098]
 [      -0.0173       -0.0832 10000001.           -0.0997       -0.02   ...       -0.0945        0.0139       -0.0721        0.0284        0.0155]
 [      -0.0403       -0.0403       -0.0997 10000001.           -0.1078 ...        0.1176       -0.0406        0.0293        0.0054       -0.037 ]
 [      -0.0275       -0.0328       -0.02         -0.1078 10000001.     ...       -0.0815        0.0502        0.084        -0.0457       -0.0797]
 ...
 [       0.0648       -0.0131       -0.0945        0.1176       -0.0815 ...   265307.7691       -0.0458        0.0256       -0.0061       -0.0081]
 [      -0.02          0.1748        0.0139       -0.0406        0.0502 ...       -0.0458 10000001.           -0.0824       -0.0423        0.0548]
 [       0.0741       -0.0006       -0.0721        0.0293        0.084  ...        0.0256       -0.0824 10000001.           -0.0403        0.0028]
 [       0.0644       -0.0396        0.0284        0.0054       -0.0457 ...       -0.0061       -0.0423       -0.0403 10000001.            0.0801]
 [      -0.0096       -0.1098        0.0155       -0.037        -0.0797 ...       -0.0081        0.0548        0.0028        0.0801     7106.5284]]

------------------------------------------------------------

--- ITERAZIONE k = 20 ---
vettore w_20:
[-1.0058  0.0001  0.      0.     -0.     -0.     -0.     -0.     -0.     -0.      1.4155  0.     -0.      0.     -0.      0.      0.      0.
 -0.      0.      0.      0.     -0.838  -0.      0.      0.      0.     -0.      0.     -0.     -0.     -0.      0.      0.     -0.     -0.
  0.0016  0.      0.      0.3848 -0.     -0.      0.      0.      0.0807  1.2538 -0.     -0.      0.     -0.      0.      0.      0.     -0.8501
  0.      0.      0.      0.      0.      0.     -0.      0.     -0.     -0.      0.      0.      0.      0.      0.      0.      0.3928 -0.
 -0.     -0.     -0.     -0.      0.     -0.     -0.      0.     -0.0005 -0.      0.      0.6072 -0.      0.     -0.     -0.      0.      0.
  0.0002  0.     -0.     -0.     -0.     -0.     -0.     -0.      0.      0.    ]

diagonale matrice pesi W_20 (1 / max(|w|, eps)):
[9.9427e-01 9.7672e+03 1.0000e+08 1.0000e+08 1.0000e+08 1.0000e+08 1.0000e+08 1.0000e+08 1.0000e+08 1.0000e+08 7.0644e-01 1.0000e+08 6.2026e+04
 1.0000e+08 1.0000e+08 1.0000e+08 8.2817e+07 1.0000e+08 1.0000e+08 1.0000e+08 1.0000e+08 1.0000e+08 1.1933e+00 3.5184e+06 1.0000e+08 1.0000e+08
 1.0000e+08 1.0000e+08 1.0000e+08 1.0000e+08 1.0000e+08 1.0000e+08 1.0000e+08 1.0000e+08 1.0000e+08 1.0000e+08 6.4074e+02 1.0000e+08 1.0000e+08
 2.5985e+00 1.0000e+08 5.3301e+07 1.0000e+08 1.0000e+08 1.2392e+01 7.9755e-01 1.0000e+08 1.0000e+08 1.7130e+06 1.0000e+08 1.0000e+08 2.5848e+07
 1.0000e+08 1.1764e+00 1.0000e+08 1.0000e+08 1.0000e+08 1.0000e+08 8.8144e+07 1.0000e+08 1.0000e+08 1.0000e+08 1.0000e+08 1.0000e+08 1.0000e+08
 1.0000e+08 1.0000e+08 1.0000e+08 1.0000e+08 1.0000e+08 2.5460e+00 1.0000e+08 1.0000e+08 1.0000e+08 1.0000e+08 6.2006e+06 1.3308e+06 1.0000e+08
 1.0000e+08 1.0000e+08 1.9094e+03 3.4504e+07 1.0000e+08 1.6470e+00 1.0000e+08 1.0000e+08 1.6476e+07 2.0485e+05 1.0000e+08 1.0000e+08 5.4539e+03
 1.0000e+08 1.0000e+08 1.0000e+08 1.0000e+08 2.7302e+06 1.0000e+08 1.0000e+08 1.0000e+08 5.9951e+04]

matrice di sistema Q_20 (A + lambda * W_20):
[[       1.0994       -0.0922       -0.0173       -0.0403       -0.0275 ...        0.0648       -0.02          0.0741        0.0644       -0.0096]
 [      -0.0922      977.717        -0.0832       -0.0403       -0.0328 ...       -0.0131        0.1748       -0.0006       -0.0396       -0.1098]
 [      -0.0173       -0.0832 10000001.           -0.0997       -0.02   ...       -0.0945        0.0139       -0.0721        0.0284        0.0155]
 [      -0.0403       -0.0403       -0.0997 10000001.           -0.1078 ...        0.1176       -0.0406        0.0293        0.0054       -0.037 ]
 [      -0.0275       -0.0328       -0.02         -0.1078 10000001.     ...       -0.0815        0.0502        0.084        -0.0457       -0.0797]
 ...
 [       0.0648       -0.0131       -0.0945        0.1176       -0.0815 ...   273024.2717       -0.0458        0.0256       -0.0061       -0.0081]
 [      -0.02          0.1748        0.0139       -0.0406        0.0502 ...       -0.0458 10000001.           -0.0824       -0.0423        0.0548]
 [       0.0741       -0.0006       -0.0721        0.0293        0.084  ...        0.0256       -0.0824 10000001.           -0.0403        0.0028]
 [       0.0644       -0.0396        0.0284        0.0054       -0.0457 ...       -0.0061       -0.0423       -0.0403 10000001.            0.0801]
 [      -0.0096       -0.1098        0.0155       -0.037        -0.0797 ...       -0.0081        0.0548        0.0028        0.0801     5996.1359]]

------------------------------------------------------------

--- ITERAZIONE k = 21 ---
vettore w_21:
[-1.0084  0.0001  0.      0.     -0.     -0.     -0.     -0.     -0.     -0.      1.416   0.     -0.      0.     -0.      0.      0.      0.
  0.      0.      0.      0.     -0.8407 -0.      0.      0.      0.     -0.      0.     -0.     -0.     -0.      0.      0.     -0.     -0.
  0.0016  0.      0.      0.3848 -0.     -0.      0.      0.      0.1455  1.2516 -0.     -0.      0.     -0.      0.      0.      0.     -0.855
  0.      0.      0.      0.      0.     -0.     -0.      0.     -0.     -0.      0.      0.      0.      0.      0.      0.      0.3979 -0.
 -0.     -0.     -0.     -0.      0.     -0.     -0.      0.     -0.0011 -0.      0.      0.6104 -0.      0.     -0.     -0.      0.      0.
  0.0001  0.     -0.     -0.     -0.     -0.     -0.     -0.      0.      0.    ]

diagonale matrice pesi W_21 (1 / max(|w|, eps)):
[9.9166e-01 1.1256e+04 1.0000e+08 1.0000e+08 1.0000e+08 1.0000e+08 1.0000e+08 1.0000e+08 1.0000e+08 1.0000e+08 7.0623e-01 1.0000e+08 8.0007e+04
 1.0000e+08 1.0000e+08 1.0000e+08 1.0000e+08 1.0000e+08 1.0000e+08 1.0000e+08 1.0000e+08 1.0000e+08 1.1895e+00 3.2241e+06 1.0000e+08 1.0000e+08
 1.0000e+08 1.0000e+08 1.0000e+08 1.0000e+08 1.0000e+08 1.0000e+08 1.0000e+08 1.0000e+08 1.0000e+08 1.0000e+08 6.1879e+02 1.0000e+08 1.0000e+08
 2.5989e+00 1.0000e+08 7.5728e+07 1.0000e+08 1.0000e+08 6.8715e+00 7.9899e-01 1.0000e+08 1.0000e+08 2.4454e+06 1.0000e+08 1.0000e+08 4.0574e+07
 1.0000e+08 1.1696e+00 1.0000e+08 1.0000e+08 1.0000e+08 1.0000e+08 1.0000e+08 1.0000e+08 1.0000e+08 1.0000e+08 1.0000e+08 1.0000e+08 1.0000e+08
 1.0000e+08 1.0000e+08 1.0000e+08 1.0000e+08 1.0000e+08 2.5131e+00 1.0000e+08 1.0000e+08 1.0000e+08 1.0000e+08 5.6218e+06 1.8627e+06 1.0000e+08
 1.0000e+08 1.0000e+08 8.8583e+02 4.1080e+07 1.0000e+08 1.6384e+00 1.0000e+08 1.0000e+08 2.6945e+07 2.6008e+05 1.0000e+08 1.0000e+08 6.7877e+03
 1.0000e+08 1.0000e+08 1.0000e+08 1.0000e+08 2.9515e+06 1.0000e+08 1.0000e+08 1.0000e+08 5.1915e+04]

matrice di sistema Q_21 (A + lambda * W_21):
[[       1.0992       -0.0922       -0.0173       -0.0403       -0.0275 ...        0.0648       -0.02          0.0741        0.0644       -0.0096]
 [      -0.0922     1126.6466       -0.0832       -0.0403       -0.0328 ...       -0.0131        0.1748       -0.0006       -0.0396       -0.1098]
 [      -0.0173       -0.0832 10000001.           -0.0997       -0.02   ...       -0.0945        0.0139       -0.0721        0.0284        0.0155]
 [      -0.0403       -0.0403       -0.0997 10000001.           -0.1078 ...        0.1176       -0.0406        0.0293        0.0054       -0.037 ]
 [      -0.0275       -0.0328       -0.02         -0.1078 10000001.     ...       -0.0815        0.0502        0.084        -0.0457       -0.0797]
 ...
 [       0.0648       -0.0131       -0.0945        0.1176       -0.0815 ...   295149.7471       -0.0458        0.0256       -0.0061       -0.0081]
 [      -0.02          0.1748        0.0139       -0.0406        0.0502 ...       -0.0458 10000001.           -0.0824       -0.0423        0.0548]
 [       0.0741       -0.0006       -0.0721        0.0293        0.084  ...        0.0256       -0.0824 10000001.           -0.0403        0.0028]
 [       0.0644       -0.0396        0.0284        0.0054       -0.0457 ...       -0.0061       -0.0423       -0.0403 10000001.            0.0801]
 [      -0.0096       -0.1098        0.0155       -0.037        -0.0797 ...       -0.0081        0.0548        0.0028        0.0801     5192.4556]]

------------------------------------------------------------

--- ITERAZIONE k = 22 ---
vettore w_22:
[-1.0105  0.0001  0.      0.     -0.     -0.     -0.     -0.     -0.     -0.      1.4163  0.     -0.      0.     -0.      0.      0.      0.
  0.      0.      0.      0.     -0.8428 -0.      0.      0.      0.     -0.      0.     -0.     -0.     -0.      0.      0.     -0.     -0.
  0.0016  0.      0.      0.3847 -0.     -0.      0.     -0.      0.1938  1.2497 -0.     -0.      0.     -0.      0.      0.      0.     -0.859
  0.     -0.      0.      0.      0.     -0.     -0.      0.     -0.      0.      0.      0.      0.      0.      0.      0.      0.4023 -0.
 -0.     -0.     -0.     -0.      0.     -0.     -0.      0.     -0.0024 -0.      0.      0.613  -0.      0.     -0.     -0.      0.      0.
  0.0001  0.     -0.     -0.     -0.     -0.     -0.     -0.      0.      0.    ]

diagonale matrice pesi W_22 (1 / max(|w|, eps)):
[9.8966e-01 1.3091e+04 1.0000e+08 1.0000e+08 1.0000e+08 1.0000e+08 1.0000e+08 1.0000e+08 1.0000e+08 1.0000e+08 7.0605e-01 1.0000e+08 1.0397e+05
 1.0000e+08 1.0000e+08 1.0000e+08 1.0000e+08 1.0000e+08 1.0000e+08 1.0000e+08 1.0000e+08 1.0000e+08 1.1865e+00 2.9598e+06 1.0000e+08 1.0000e+08
 1.0000e+08 1.0000e+08 1.0000e+08 1.0000e+08 1.0000e+08 1.0000e+08 1.0000e+08 1.0000e+08 1.0000e+08 1.0000e+08 6.1308e+02 1.0000e+08 1.0000e+08
 2.5994e+00 1.0000e+08 1.0000e+08 1.0000e+08 1.0000e+08 5.1603e+00 8.0017e-01 1.0000e+08 1.0000e+08 3.3711e+06 1.0000e+08 1.0000e+08 6.8883e+07
 1.0000e+08 1.1642e+00 1.0000e+08 1.0000e+08 1.0000e+08 1.0000e+08 1.0000e+08 1.0000e+08 1.0000e+08 1.0000e+08 1.0000e+08 1.0000e+08 1.0000e+08
 1.0000e+08 1.0000e+08 1.0000e+08 1.0000e+08 1.0000e+08 2.4858e+00 1.0000e+08 1.0000e+08 1.0000e+08 1.0000e+08 5.1889e+06 2.6698e+06 1.0000e+08
 1.0000e+08 1.0000e+08 4.1407e+02 5.2131e+07 1.0000e+08 1.6314e+00 1.0000e+08 1.0000e+08 4.4611e+07 3.3556e+05 1.0000e+08 1.0000e+08 8.6856e+03
 1.0000e+08 1.0000e+08 1.0000e+08 1.0000e+08 3.3166e+06 1.0000e+08 1.0000e+08 1.0000e+08 4.5890e+04]

matrice di sistema Q_22 (A + lambda * W_22):
[[       1.099        -0.0922       -0.0173       -0.0403       -0.0275 ...        0.0648       -0.02          0.0741        0.0644       -0.0096]
 [      -0.0922     1310.0624       -0.0832       -0.0403       -0.0328 ...       -0.0131        0.1748       -0.0006       -0.0396       -0.1098]
 [      -0.0173       -0.0832 10000001.           -0.0997       -0.02   ...       -0.0945        0.0139       -0.0721        0.0284        0.0155]
 [      -0.0403       -0.0403       -0.0997 10000001.           -0.1078 ...        0.1176       -0.0406        0.0293        0.0054       -0.037 ]
 [      -0.0275       -0.0328       -0.02         -0.1078 10000001.     ...       -0.0815        0.0502        0.084        -0.0457       -0.0797]
 ...
 [       0.0648       -0.0131       -0.0945        0.1176       -0.0815 ...   331663.9522       -0.0458        0.0256       -0.0061       -0.0081]
 [      -0.02          0.1748        0.0139       -0.0406        0.0502 ...       -0.0458 10000001.           -0.0824       -0.0423        0.0548]
 [       0.0741       -0.0006       -0.0721        0.0293        0.084  ...        0.0256       -0.0824 10000001.           -0.0403        0.0028]
 [       0.0644       -0.0396        0.0284        0.0054       -0.0457 ...       -0.0061       -0.0423       -0.0403 10000001.            0.0801]
 [      -0.0096       -0.1098        0.0155       -0.037        -0.0797 ...       -0.0081        0.0548        0.0028        0.0801     4589.9955]]

------------------------------------------------------------

--- ITERAZIONE k = 23 ---
vettore w_23:
[-1.0115  0.0001  0.      0.     -0.     -0.     -0.     -0.     -0.     -0.      1.4166  0.     -0.      0.     -0.      0.      0.      0.
  0.      0.      0.      0.     -0.844  -0.      0.      0.      0.     -0.      0.     -0.     -0.     -0.      0.      0.     -0.     -0.
  0.0016  0.      0.      0.3846 -0.     -0.      0.     -0.      0.216   1.2487 -0.     -0.      0.     -0.      0.      0.      0.     -0.8611
  0.     -0.      0.      0.      0.     -0.     -0.      0.     -0.      0.      0.      0.      0.      0.      0.      0.      0.4048 -0.
 -0.     -0.     -0.     -0.      0.     -0.     -0.      0.     -0.0051 -0.      0.      0.6143 -0.      0.     -0.     -0.      0.      0.
  0.0001  0.     -0.     -0.     -0.     -0.     -0.     -0.      0.      0.    ]

diagonale matrice pesi W_23 (1 / max(|w|, eps)):
[9.8866e-01 1.5282e+04 1.0000e+08 1.0000e+08 1.0000e+08 1.0000e+08 1.0000e+08 1.0000e+08 1.0000e+08 1.0000e+08 7.0592e-01 1.0000e+08 1.3554e+05
 1.0000e+08 1.0000e+08 1.0000e+08 1.0000e+08 1.0000e+08 1.0000e+08 1.0000e+08 1.0000e+08 1.0000e+08 1.1849e+00 2.7224e+06 1.0000e+08 1.0000e+08
 1.0000e+08 1.0000e+08 1.0000e+08 1.0000e+08 1.0000e+08 1.0000e+08 1.0000e+08 1.0000e+08 1.0000e+08 1.0000e+08 6.1526e+02 1.0000e+08 1.0000e+08
 2.5999e+00 1.0000e+08 1.0000e+08 1.0000e+08 1.0000e+08 4.6291e+00 8.0081e-01 1.0000e+08 1.0000e+08 4.5846e+06 1.0000e+08 1.0000e+08 1.0000e+08
 1.0000e+08 1.1613e+00 1.0000e+08 1.0000e+08 1.0000e+08 1.0000e+08 1.0000e+08 1.0000e+08 1.0000e+08 1.0000e+08 1.0000e+08 1.0000e+08 1.0000e+08
 1.0000e+08 1.0000e+08 1.0000e+08 1.0000e+08 1.0000e+08 2.4705e+00 1.0000e+08 1.0000e+08 1.0000e+08 1.0000e+08 4.8304e+06 3.8747e+06 1.0000e+08
 1.0000e+08 1.0000e+08 1.9610e+02 6.8392e+07 1.0000e+08 1.6279e+00 1.0000e+08 1.0000e+08 7.4462e+07 4.3607e+05 1.0000e+08 1.0000e+08 1.1238e+04
 1.0000e+08 1.0000e+08 1.0000e+08 1.0000e+08 3.8012e+06 1.0000e+08 1.0000e+08 1.0000e+08 4.1044e+04]

matrice di sistema Q_23 (A + lambda * W_23):
[[       1.0989       -0.0922       -0.0173       -0.0403       -0.0275 ...        0.0648       -0.02          0.0741        0.0644       -0.0096]
 [      -0.0922     1529.2124       -0.0832       -0.0403       -0.0328 ...       -0.0131        0.1748       -0.0006       -0.0396       -0.1098]
 [      -0.0173       -0.0832 10000001.           -0.0997       -0.02   ...       -0.0945        0.0139       -0.0721        0.0284        0.0155]
 [      -0.0403       -0.0403       -0.0997 10000001.           -0.1078 ...        0.1176       -0.0406        0.0293        0.0054       -0.037 ]
 [      -0.0275       -0.0328       -0.02         -0.1078 10000001.     ...       -0.0815        0.0502        0.084        -0.0457       -0.0797]
 ...
 [       0.0648       -0.0131       -0.0945        0.1176       -0.0815 ...   380119.6913       -0.0458        0.0256       -0.0061       -0.0081]
 [      -0.02          0.1748        0.0139       -0.0406        0.0502 ...       -0.0458 10000001.           -0.0824       -0.0423        0.0548]
 [       0.0741       -0.0006       -0.0721        0.0293        0.084  ...        0.0256       -0.0824 10000001.           -0.0403        0.0028]
 [       0.0644       -0.0396        0.0284        0.0054       -0.0457 ...       -0.0061       -0.0423       -0.0403 10000001.            0.0801]
 [      -0.0096       -0.1098        0.0155       -0.037        -0.0797 ...       -0.0081        0.0548        0.0028        0.0801     4105.4007]]

------------------------------------------------------------

--- ITERAZIONE k = 24 ---
vettore w_24:
[-1.0119  0.0001  0.      0.     -0.     -0.     -0.     -0.     -0.     -0.      1.4168  0.     -0.      0.     -0.      0.      0.      0.
 -0.      0.      0.      0.     -0.8446 -0.      0.      0.      0.     -0.      0.     -0.     -0.     -0.      0.      0.     -0.     -0.
  0.0016  0.      0.      0.3845 -0.     -0.      0.     -0.      0.224   1.2482 -0.     -0.      0.     -0.      0.      0.      0.     -0.8621
  0.     -0.      0.      0.      0.     -0.     -0.      0.     -0.      0.      0.      0.      0.      0.      0.      0.      0.406  -0.
 -0.     -0.     -0.     -0.      0.     -0.     -0.      0.     -0.0105 -0.      0.      0.6148 -0.      0.     -0.     -0.      0.      0.
  0.0001  0.     -0.     -0.     -0.     -0.     -0.     -0.      0.      0.    ]

diagonale matrice pesi W_24 (1 / max(|w|, eps)):
[9.8821e-01 1.7847e+04 1.0000e+08 1.0000e+08 1.0000e+08 1.0000e+08 1.0000e+08 1.0000e+08 1.0000e+08 1.0000e+08 7.0581e-01 1.0000e+08 1.7666e+05
 1.0000e+08 1.0000e+08 1.0000e+08 1.0000e+08 1.0000e+08 1.0000e+08 1.0000e+08 1.0000e+08 1.0000e+08 1.1840e+00 2.5108e+06 1.0000e+08 1.0000e+08
 1.0000e+08 1.0000e+08 1.0000e+08 1.0000e+08 1.0000e+08 1.0000e+08 1.0000e+08 1.0000e+08 1.0000e+08 1.0000e+08 6.2069e+02 1.0000e+08 1.0000e+08
 2.6008e+00 1.0000e+08 1.0000e+08 1.0000e+08 1.0000e+08 4.4644e+00 8.0116e-01 1.0000e+08 1.0000e+08 6.2311e+06 1.0000e+08 1.0000e+08 1.0000e+08
 1.0000e+08 1.1599e+00 1.0000e+08 1.0000e+08 1.0000e+08 1.0000e+08 1.0000e+08 1.0000e+08 1.0000e+08 1.0000e+08 1.0000e+08 1.0000e+08 1.0000e+08
 1.0000e+08 1.0000e+08 1.0000e+08 1.0000e+08 1.0000e+08 2.4630e+00 1.0000e+08 1.0000e+08 1.0000e+08 1.0000e+08 4.5109e+06 5.6610e+06 1.0000e+08
 1.0000e+08 1.0000e+08 9.5298e+01 9.1278e+07 1.0000e+08 1.6265e+00 1.0000e+08 1.0000e+08 1.0000e+08 5.6746e+05 1.0000e+08 1.0000e+08 1.4538e+04
 1.0000e+08 1.0000e+08 1.0000e+08 1.0000e+08 4.4020e+06 1.0000e+08 1.0000e+08 1.0000e+08 3.7037e+04]

matrice di sistema Q_24 (A + lambda * W_24):
[[       1.0988       -0.0922       -0.0173       -0.0403       -0.0275 ...        0.0648       -0.02          0.0741        0.0644       -0.0096]
 [      -0.0922     1785.7119       -0.0832       -0.0403       -0.0328 ...       -0.0131        0.1748       -0.0006       -0.0396       -0.1098]
 [      -0.0173       -0.0832 10000001.           -0.0997       -0.02   ...       -0.0945        0.0139       -0.0721        0.0284        0.0155]
 [      -0.0403       -0.0403       -0.0997 10000001.           -0.1078 ...        0.1176       -0.0406        0.0293        0.0054       -0.037 ]
 [      -0.0275       -0.0328       -0.02         -0.1078 10000001.     ...       -0.0815        0.0502        0.084        -0.0457       -0.0797]
 ...
 [       0.0648       -0.0131       -0.0945        0.1176       -0.0815 ...   440198.5421       -0.0458        0.0256       -0.0061       -0.0081]
 [      -0.02          0.1748        0.0139       -0.0406        0.0502 ...       -0.0458 10000001.           -0.0824       -0.0423        0.0548]
 [       0.0741       -0.0006       -0.0721        0.0293        0.084  ...        0.0256       -0.0824 10000001.           -0.0403        0.0028]
 [       0.0644       -0.0396        0.0284        0.0054       -0.0457 ...       -0.0061       -0.0423       -0.0403 10000001.            0.0801]
 [      -0.0096       -0.1098        0.0155       -0.037        -0.0797 ...       -0.0081        0.0548        0.0028        0.0801     3704.6945]]

------------------------------------------------------------

--- ITERAZIONE k = 25 ---
vettore w_25:
[-1.0122  0.      0.      0.     -0.     -0.     -0.     -0.     -0.     -0.      1.4171  0.     -0.      0.     -0.      0.      0.      0.
 -0.      0.      0.      0.     -0.8452 -0.      0.      0.      0.     -0.      0.     -0.     -0.     -0.      0.      0.     -0.     -0.
  0.0016  0.      0.      0.3842 -0.     -0.      0.     -0.      0.2265  1.2477 -0.     -0.      0.     -0.      0.      0.      0.     -0.8629
  0.     -0.      0.      0.      0.     -0.     -0.      0.     -0.      0.      0.      0.      0.      0.      0.      0.      0.4068 -0.
 -0.     -0.     -0.     -0.      0.     -0.     -0.      0.     -0.0205 -0.      0.      0.6149 -0.      0.     -0.     -0.      0.      0.
  0.0001  0.     -0.     -0.     -0.     -0.     -0.     -0.      0.      0.    ]

diagonale matrice pesi W_25 (1 / max(|w|, eps)):
[9.8791e-01 2.0805e+04 1.0000e+08 1.0000e+08 1.0000e+08 1.0000e+08 1.0000e+08 1.0000e+08 1.0000e+08 1.0000e+08 7.0566e-01 1.0000e+08 2.2953e+05
 1.0000e+08 1.0000e+08 1.0000e+08 1.0000e+08 1.0000e+08 1.0000e+08 1.0000e+08 1.0000e+08 1.0000e+08 1.1832e+00 2.3264e+06 1.0000e+08 1.0000e+08
 1.0000e+08 1.0000e+08 1.0000e+08 1.0000e+08 1.0000e+08 1.0000e+08 1.0000e+08 1.0000e+08 1.0000e+08 1.0000e+08 6.2773e+02 1.0000e+08 1.0000e+08
 2.6026e+00 1.0000e+08 1.0000e+08 1.0000e+08 1.0000e+08 4.4142e+00 8.0147e-01 1.0000e+08 1.0000e+08 8.5344e+06 1.0000e+08 1.0000e+08 1.0000e+08
 1.0000e+08 1.1589e+00 1.0000e+08 1.0000e+08 1.0000e+08 1.0000e+08 1.0000e+08 1.0000e+08 1.0000e+08 1.0000e+08 1.0000e+08 1.0000e+08 1.0000e+08
 1.0000e+08 1.0000e+08 1.0000e+08 1.0000e+08 1.0000e+08 2.4582e+00 1.0000e+08 1.0000e+08 1.0000e+08 1.0000e+08 4.2173e+06 8.3195e+06 1.0000e+08
 1.0000e+08 1.0000e+08 4.8666e+01 1.0000e+08 1.0000e+08 1.6262e+00 1.0000e+08 1.0000e+08 1.0000e+08 7.3689e+05 1.0000e+08 1.0000e+08 1.8656e+04
 1.0000e+08 1.0000e+08 1.0000e+08 1.0000e+08 5.1467e+06 1.0000e+08 1.0000e+08 1.0000e+08 3.3813e+04]

matrice di sistema Q_25 (A + lambda * W_25):
[[       1.0988       -0.0922       -0.0173       -0.0403       -0.0275 ...        0.0648       -0.02          0.0741        0.0644       -0.0096]
 [      -0.0922     2081.5366       -0.0832       -0.0403       -0.0328 ...       -0.0131        0.1748       -0.0006       -0.0396       -0.1098]
 [      -0.0173       -0.0832 10000001.           -0.0997       -0.02   ...       -0.0945        0.0139       -0.0721        0.0284        0.0155]
 [      -0.0403       -0.0403       -0.0997 10000001.           -0.1078 ...        0.1176       -0.0406        0.0293        0.0054       -0.037 ]
 [      -0.0275       -0.0328       -0.02         -0.1078 10000001.     ...       -0.0815        0.0502        0.084        -0.0457       -0.0797]
 ...
 [       0.0648       -0.0131       -0.0945        0.1176       -0.0815 ...   514667.1758       -0.0458        0.0256       -0.0061       -0.0081]
 [      -0.02          0.1748        0.0139       -0.0406        0.0502 ...       -0.0458 10000001.           -0.0824       -0.0423        0.0548]
 [       0.0741       -0.0006       -0.0721        0.0293        0.084  ...        0.0256       -0.0824 10000001.           -0.0403        0.0028]
 [       0.0644       -0.0396        0.0284        0.0054       -0.0457 ...       -0.0061       -0.0423       -0.0403 10000001.            0.0801]
 [      -0.0096       -0.1098        0.0155       -0.037        -0.0797 ...       -0.0081        0.0548        0.0028        0.0801     3382.2738]]

------------------------------------------------------------

--- ITERAZIONE k = 26 ---
vettore w_26:
[-1.0126  0.      0.      0.     -0.     -0.     -0.     -0.     -0.     -0.      1.4176  0.     -0.      0.     -0.      0.      0.      0.
 -0.      0.      0.      0.     -0.8459 -0.      0.      0.      0.     -0.      0.     -0.     -0.     -0.      0.      0.     -0.     -0.
  0.0016  0.      0.      0.3838 -0.     -0.      0.     -0.      0.2273  1.2471 -0.     -0.      0.     -0.      0.      0.      0.     -0.8638
  0.     -0.      0.      0.      0.     -0.     -0.      0.     -0.      0.      0.      0.      0.      0.      0.      0.      0.4076 -0.
 -0.     -0.     -0.     -0.      0.     -0.     -0.      0.     -0.0369 -0.      0.      0.6148 -0.      0.     -0.     -0.      0.      0.
  0.      0.     -0.     -0.     -0.     -0.     -0.     -0.      0.      0.    ]

diagonale matrice pesi W_26 (1 / max(|w|, eps)):
[9.8757e-01 2.4168e+04 1.0000e+08 1.0000e+08 1.0000e+08 1.0000e+08 1.0000e+08 1.0000e+08 1.0000e+08 1.0000e+08 7.0543e-01 1.0000e+08 2.9647e+05
 1.0000e+08 1.0000e+08 1.0000e+08 1.0000e+08 1.0000e+08 1.0000e+08 1.0000e+08 1.0000e+08 1.0000e+08 1.1821e+00 2.1715e+06 1.0000e+08 1.0000e+08
 1.0000e+08 1.0000e+08 1.0000e+08 1.0000e+08 1.0000e+08 1.0000e+08 1.0000e+08 1.0000e+08 1.0000e+08 1.0000e+08 6.3610e+02 1.0000e+08 1.0000e+08
 2.6056e+00 1.0000e+08 1.0000e+08 1.0000e+08 1.0000e+08 4.4003e+00 8.0186e-01 1.0000e+08 1.0000e+08 1.1867e+07 1.0000e+08 1.0000e+08 1.0000e+08
 1.0000e+08 1.1576e+00 1.0000e+08 1.0000e+08 1.0000e+08 1.0000e+08 1.0000e+08 1.0000e+08 1.0000e+08 1.0000e+08 1.0000e+08 1.0000e+08 1.0000e+08
 1.0000e+08 1.0000e+08 1.0000e+08 1.0000e+08 1.0000e+08 2.4535e+00 1.0000e+08 1.0000e+08 1.0000e+08 1.0000e+08 3.9446e+06 1.2322e+07 1.0000e+08
 1.0000e+08 1.0000e+08 2.7092e+01 1.0000e+08 1.0000e+08 1.6264e+00 1.0000e+08 1.0000e+08 1.0000e+08 9.5236e+05 1.0000e+08 1.0000e+08 2.3589e+04
 1.0000e+08 1.0000e+08 1.0000e+08 1.0000e+08 6.0957e+06 1.0000e+08 1.0000e+08 1.0000e+08 3.1423e+04]

matrice di sistema Q_26 (A + lambda * W_26):
[[       1.0988       -0.0922       -0.0173       -0.0403       -0.0275 ...        0.0648       -0.02          0.0741        0.0644       -0.0096]
 [      -0.0922     2417.7884       -0.0832       -0.0403       -0.0328 ...       -0.0131        0.1748       -0.0006       -0.0396       -0.1098]
 [      -0.0173       -0.0832 10000001.           -0.0997       -0.02   ...       -0.0945        0.0139       -0.0721        0.0284        0.0155]
 [      -0.0403       -0.0403       -0.0997 10000001.           -0.1078 ...        0.1176       -0.0406        0.0293        0.0054       -0.037 ]
 [      -0.0275       -0.0328       -0.02         -0.1078 10000001.     ...       -0.0815        0.0502        0.084        -0.0457       -0.0797]
 ...
 [       0.0648       -0.0131       -0.0945        0.1176       -0.0815 ...   609572.5213       -0.0458        0.0256       -0.0061       -0.0081]
 [      -0.02          0.1748        0.0139       -0.0406        0.0502 ...       -0.0458 10000001.           -0.0824       -0.0423        0.0548]
 [       0.0741       -0.0006       -0.0721        0.0293        0.084  ...        0.0256       -0.0824 10000001.           -0.0403        0.0028]
 [       0.0644       -0.0396        0.0284        0.0054       -0.0457 ...       -0.0061       -0.0423       -0.0403 10000001.            0.0801]
 [      -0.0096       -0.1098        0.0155       -0.037        -0.0797 ...       -0.0081        0.0548        0.0028        0.0801     3143.3282]]

------------------------------------------------------------

--- ITERAZIONE k = 27 ---
vettore w_27:
[-1.013   0.      0.      0.     -0.     -0.     -0.     -0.     -0.     -0.      1.4182  0.     -0.      0.     -0.      0.      0.      0.
 -0.      0.      0.      0.     -0.8469 -0.      0.      0.      0.     -0.      0.     -0.     -0.     -0.      0.      0.     -0.     -0.
  0.0015  0.      0.      0.3832 -0.     -0.      0.     -0.      0.2274  1.2463 -0.     -0.      0.     -0.      0.      0.      0.     -0.865
  0.     -0.      0.      0.      0.     -0.     -0.      0.     -0.      0.      0.      0.      0.      0.      0.      0.      0.4085 -0.
 -0.     -0.     -0.     -0.      0.     -0.     -0.      0.     -0.0584 -0.      0.      0.6147 -0.      0.     -0.     -0.      0.      0.
  0.      0.     -0.     -0.     -0.     -0.     -0.     -0.      0.      0.    ]

diagonale matrice pesi W_27 (1 / max(|w|, eps)):
[9.8715e-01 2.7940e+04 1.0000e+08 1.0000e+08 1.0000e+08 1.0000e+08 1.0000e+08 1.0000e+08 1.0000e+08 1.0000e+08 7.0512e-01 1.0000e+08 3.7995e+05
 1.0000e+08 1.0000e+08 1.0000e+08 1.0000e+08 1.0000e+08 1.0000e+08 1.0000e+08 1.0000e+08 1.0000e+08 1.1808e+00 2.0470e+06 1.0000e+08 1.0000e+08
 1.0000e+08 1.0000e+08 1.0000e+08 1.0000e+08 1.0000e+08 1.0000e+08 1.0000e+08 1.0000e+08 1.0000e+08 1.0000e+08 6.4595e+02 1.0000e+08 1.0000e+08
 2.6097e+00 1.0000e+08 1.0000e+08 1.0000e+08 1.0000e+08 4.3983e+00 8.0237e-01 1.0000e+08 1.0000e+08 1.6850e+07 1.0000e+08 1.0000e+08 1.0000e+08
 1.0000e+08 1.1561e+00 1.0000e+08 1.0000e+08 1.0000e+08 1.0000e+08 1.0000e+08 1.0000e+08 1.0000e+08 1.0000e+08 1.0000e+08 1.0000e+08 1.0000e+08
 1.0000e+08 1.0000e+08 1.0000e+08 1.0000e+08 1.0000e+08 2.4479e+00 1.0000e+08 1.0000e+08 1.0000e+08 1.0000e+08 3.6906e+06 1.8429e+07 1.0000e+08
 1.0000e+08 1.0000e+08 1.7111e+01 1.0000e+08 1.0000e+08 1.6268e+00 1.0000e+08 1.0000e+08 1.0000e+08 1.2228e+06 1.0000e+08 1.0000e+08 2.9248e+04
 1.0000e+08 1.0000e+08 1.0000e+08 1.0000e+08 7.3406e+06 1.0000e+08 1.0000e+08 1.0000e+08 2.9897e+04]

matrice di sistema Q_27 (A + lambda * W_27):
[[       1.0987       -0.0922       -0.0173       -0.0403       -0.0275 ...        0.0648       -0.02          0.0741        0.0644       -0.0096]
 [      -0.0922     2794.9851       -0.0832       -0.0403       -0.0328 ...       -0.0131        0.1748       -0.0006       -0.0396       -0.1098]
 [      -0.0173       -0.0832 10000001.           -0.0997       -0.02   ...       -0.0945        0.0139       -0.0721        0.0284        0.0155]
 [      -0.0403       -0.0403       -0.0997 10000001.           -0.1078 ...        0.1176       -0.0406        0.0293        0.0054       -0.037 ]
 [      -0.0275       -0.0328       -0.02         -0.1078 10000001.     ...       -0.0815        0.0502        0.084        -0.0457       -0.0797]
 ...
 [       0.0648       -0.0131       -0.0945        0.1176       -0.0815 ...   734061.4246       -0.0458        0.0256       -0.0061       -0.0081]
 [      -0.02          0.1748        0.0139       -0.0406        0.0502 ...       -0.0458 10000001.           -0.0824       -0.0423        0.0548]
 [       0.0741       -0.0006       -0.0721        0.0293        0.084  ...        0.0256       -0.0824 10000001.           -0.0403        0.0028]
 [       0.0644       -0.0396        0.0284        0.0054       -0.0457 ...       -0.0061       -0.0423       -0.0403 10000001.            0.0801]
 [      -0.0096       -0.1098        0.0155       -0.037        -0.0797 ...       -0.0081        0.0548        0.0028        0.0801     2990.7067]]

------------------------------------------------------------

--- ITERAZIONE k = 28 ---
vettore w_28:
[-1.0134  0.      0.      0.     -0.     -0.     -0.     -0.     -0.     -0.      1.4188  0.     -0.      0.     -0.      0.      0.      0.
 -0.      0.      0.      0.     -0.8479 -0.      0.      0.      0.     -0.      0.     -0.     -0.     -0.      0.      0.     -0.     -0.
  0.0015  0.      0.      0.3826 -0.     -0.      0.     -0.      0.2273  1.2455 -0.     -0.      0.     -0.      0.      0.      0.     -0.8662
  0.     -0.      0.      0.      0.     -0.     -0.      0.     -0.      0.      0.      0.      0.      0.      0.      0.      0.4095 -0.
 -0.     -0.     -0.     -0.      0.     -0.     -0.      0.     -0.08   -0.     -0.      0.6145 -0.      0.     -0.     -0.      0.      0.
  0.      0.     -0.     -0.     -0.     -0.     -0.     -0.      0.      0.    ]

diagonale matrice pesi W_28 (1 / max(|w|, eps)):
[9.8674e-01 3.2146e+04 1.0000e+08 1.0000e+08 1.0000e+08 1.0000e+08 1.0000e+08 1.0000e+08 1.0000e+08 1.0000e+08 7.0482e-01 1.0000e+08 4.8318e+05
 1.0000e+08 1.0000e+08 1.0000e+08 1.0000e+08 1.0000e+08 1.0000e+08 1.0000e+08 1.0000e+08 1.0000e+08 1.1794e+00 1.9489e+06 1.0000e+08 1.0000e+08
 1.0000e+08 1.0000e+08 1.0000e+08 1.0000e+08 1.0000e+08 1.0000e+08 1.0000e+08 1.0000e+08 1.0000e+08 1.0000e+08 6.5731e+02 1.0000e+08 1.0000e+08
 2.6140e+00 1.0000e+08 1.0000e+08 1.0000e+08 1.0000e+08 4.3998e+00 8.0288e-01 1.0000e+08 1.0000e+08 2.4446e+07 1.0000e+08 1.0000e+08 1.0000e+08
 1.0000e+08 1.1545e+00 1.0000e+08 1.0000e+08 1.0000e+08 1.0000e+08 1.0000e+08 1.0000e+08 1.0000e+08 1.0000e+08 1.0000e+08 1.0000e+08 1.0000e+08
 1.0000e+08 1.0000e+08 1.0000e+08 1.0000e+08 1.0000e+08 2.4423e+00 1.0000e+08 1.0000e+08 1.0000e+08 1.0000e+08 3.4536e+06 2.7835e+07 1.0000e+08
 1.0000e+08 1.0000e+08 1.2493e+01 1.0000e+08 1.0000e+08 1.6273e+00 1.0000e+08 1.0000e+08 1.0000e+08 1.5596e+06 1.0000e+08 1.0000e+08 3.5569e+04
 1.0000e+08 1.0000e+08 1.0000e+08 1.0000e+08 8.9892e+06 1.0000e+08 1.0000e+08 1.0000e+08 2.9136e+04]

matrice di sistema Q_28 (A + lambda * W_28):
[[       1.0987       -0.0922       -0.0173       -0.0403       -0.0275 ...        0.0648       -0.02          0.0741        0.0644       -0.0096]
 [      -0.0922     3215.6282       -0.0832       -0.0403       -0.0328 ...       -0.0131        0.1748       -0.0006       -0.0396       -0.1098]
 [      -0.0173       -0.0832 10000001.           -0.0997       -0.02   ...       -0.0945        0.0139       -0.0721        0.0284        0.0155]
 [      -0.0403       -0.0403       -0.0997 10000001.           -0.1078 ...        0.1176       -0.0406        0.0293        0.0054       -0.037 ]
 [      -0.0275       -0.0328       -0.02         -0.1078 10000001.     ...       -0.0815        0.0502        0.084        -0.0457       -0.0797]
 ...
 [       0.0648       -0.0131       -0.0945        0.1176       -0.0815 ...   898922.2675       -0.0458        0.0256       -0.0061       -0.0081]
 [      -0.02          0.1748        0.0139       -0.0406        0.0502 ...       -0.0458 10000001.           -0.0824       -0.0423        0.0548]
 [       0.0741       -0.0006       -0.0721        0.0293        0.084  ...        0.0256       -0.0824 10000001.           -0.0403        0.0028]
 [       0.0644       -0.0396        0.0284        0.0054       -0.0457 ...       -0.0061       -0.0423       -0.0403 10000001.            0.0801]
 [      -0.0096       -0.1098        0.0155       -0.037        -0.0797 ...       -0.0081        0.0548        0.0028        0.0801     2914.6081]]

------------------------------------------------------------

--- ITERAZIONE k = 29 ---
vettore w_29:
[-1.0138  0.      0.      0.     -0.     -0.     -0.     -0.     -0.     -0.      1.4193  0.     -0.      0.     -0.      0.      0.      0.
 -0.      0.      0.      0.     -0.8486 -0.      0.      0.      0.     -0.      0.     -0.     -0.     -0.      0.      0.     -0.     -0.
  0.0015  0.      0.      0.382  -0.     -0.      0.      0.      0.2272  1.2449 -0.     -0.      0.     -0.      0.      0.      0.     -0.8671
  0.     -0.      0.      0.      0.     -0.     -0.      0.     -0.      0.      0.      0.      0.      0.      0.      0.      0.4102 -0.
 -0.     -0.     -0.     -0.      0.     -0.     -0.      0.     -0.0966 -0.     -0.      0.6144 -0.      0.     -0.     -0.      0.      0.
  0.      0.     -0.     -0.     -0.     -0.     -0.     -0.      0.      0.    ]

diagonale matrice pesi W_29 (1 / max(|w|, eps)):
[9.8642e-01 3.6852e+04 1.0000e+08 1.0000e+08 1.0000e+08 1.0000e+08 1.0000e+08 1.0000e+08 1.0000e+08 1.0000e+08 7.0458e-01 1.0000e+08 6.1089e+05
 1.0000e+08 1.0000e+08 1.0000e+08 1.0000e+08 1.0000e+08 1.0000e+08 1.0000e+08 1.0000e+08 1.0000e+08 1.1783e+00 1.8699e+06 1.0000e+08 1.0000e+08
 1.0000e+08 1.0000e+08 1.0000e+08 1.0000e+08 1.0000e+08 1.0000e+08 1.0000e+08 1.0000e+08 1.0000e+08 1.0000e+08 6.6991e+02 1.0000e+08 1.0000e+08
 2.6175e+00 1.0000e+08 1.0000e+08 1.0000e+08 1.0000e+08 4.4019e+00 8.0328e-01 1.0000e+08 1.0000e+08 3.6064e+07 1.0000e+08 1.0000e+08 1.0000e+08
 1.0000e+08 1.1532e+00 1.0000e+08 1.0000e+08 1.0000e+08 1.0000e+08 1.0000e+08 1.0000e+08 1.0000e+08 1.0000e+08 1.0000e+08 1.0000e+08 1.0000e+08
 1.0000e+08 1.0000e+08 1.0000e+08 1.0000e+08 1.0000e+08 2.4377e+00 1.0000e+08 1.0000e+08 1.0000e+08 1.0000e+08 3.2323e+06 4.2361e+07 1.0000e+08
 1.0000e+08 1.0000e+08 1.0356e+01 1.0000e+08 1.0000e+08 1.6277e+00 1.0000e+08 1.0000e+08 1.0000e+08 1.9793e+06 1.0000e+08 1.0000e+08 4.2628e+04
 1.0000e+08 1.0000e+08 1.0000e+08 1.0000e+08 1.1152e+07 1.0000e+08 1.0000e+08 1.0000e+08 2.8930e+04]

matrice di sistema Q_29 (A + lambda * W_29):
[[       1.0986       -0.0922       -0.0173       -0.0403       -0.0275 ...        0.0648       -0.02          0.0741        0.0644       -0.0096]
 [      -0.0922     3686.1563       -0.0832       -0.0403       -0.0328 ...       -0.0131        0.1748       -0.0006       -0.0396       -0.1098]
 [      -0.0173       -0.0832 10000001.           -0.0997       -0.02   ...       -0.0945        0.0139       -0.0721        0.0284        0.0155]
 [      -0.0403       -0.0403       -0.0997 10000001.           -0.1078 ...        0.1176       -0.0406        0.0293        0.0054       -0.037 ]
 [      -0.0275       -0.0328       -0.02         -0.1078 10000001.     ...       -0.0815        0.0502        0.084        -0.0457       -0.0797]
 ...
 [       0.0648       -0.0131       -0.0945        0.1176       -0.0815 ...  1115173.3693       -0.0458        0.0256       -0.0061       -0.0081]
 [      -0.02          0.1748        0.0139       -0.0406        0.0502 ...       -0.0458 10000001.           -0.0824       -0.0423        0.0548]
 [       0.0741       -0.0006       -0.0721        0.0293        0.084  ...        0.0256       -0.0824 10000001.           -0.0403        0.0028]
 [       0.0644       -0.0396        0.0284        0.0054       -0.0457 ...       -0.0061       -0.0423       -0.0403 10000001.            0.0801]
 [      -0.0096       -0.1098        0.0155       -0.037        -0.0797 ...       -0.0081        0.0548        0.0028        0.0801     2893.9643]]

------------------------------------------------------------

--- ITERAZIONE k = 30 ---
vettore w_30:
[-1.014   0.      0.      0.     -0.     -0.     -0.     -0.     -0.     -0.      1.4196  0.     -0.      0.     -0.      0.      0.      0.
 -0.      0.      0.      0.     -0.8491 -0.      0.      0.      0.     -0.      0.     -0.     -0.     -0.      0.      0.     -0.     -0.
  0.0015  0.      0.      0.3817 -0.     -0.      0.      0.      0.2271  1.2445 -0.     -0.      0.     -0.      0.      0.      0.     -0.8677
  0.     -0.      0.      0.      0.     -0.     -0.      0.     -0.      0.      0.      0.      0.      0.      0.      0.      0.4107 -0.
 -0.     -0.     -0.     -0.      0.     -0.     -0.      0.     -0.1068 -0.     -0.      0.6143 -0.      0.     -0.     -0.      0.      0.
  0.      0.     -0.     -0.     -0.     -0.     -0.     -0.      0.      0.    ]

diagonale matrice pesi W_30 (1 / max(|w|, eps)):
[9.8622e-01 4.2151e+04 1.0000e+08 1.0000e+08 1.0000e+08 1.0000e+08 1.0000e+08 1.0000e+08 1.0000e+08 1.0000e+08 7.0442e-01 1.0000e+08 7.6964e+05
 1.0000e+08 1.0000e+08 1.0000e+08 1.0000e+08 1.0000e+08 1.0000e+08 1.0000e+08 1.0000e+08 1.0000e+08 1.1777e+00 1.8027e+06 1.0000e+08 1.0000e+08
 1.0000e+08 1.0000e+08 1.0000e+08 1.0000e+08 1.0000e+08 1.0000e+08 1.0000e+08 1.0000e+08 1.0000e+08 1.0000e+08 6.8335e+02 1.0000e+08 1.0000e+08
 2.6198e+00 1.0000e+08 1.0000e+08 1.0000e+08 1.0000e+08 4.4034e+00 8.0353e-01 1.0000e+08 1.0000e+08 5.3763e+07 1.0000e+08 1.0000e+08 1.0000e+08
 1.0000e+08 1.1525e+00 1.0000e+08 1.0000e+08 1.0000e+08 1.0000e+08 1.0000e+08 1.0000e+08 1.0000e+08 1.0000e+08 1.0000e+08 1.0000e+08 1.0000e+08
 1.0000e+08 1.0000e+08 1.0000e+08 1.0000e+08 1.0000e+08 2.4347e+00 1.0000e+08 1.0000e+08 1.0000e+08 1.0000e+08 3.0254e+06 6.4767e+07 1.0000e+08
 1.0000e+08 1.0000e+08 9.3665e+00 1.0000e+08 1.0000e+08 1.6280e+00 1.0000e+08 1.0000e+08 1.0000e+08 2.5040e+06 1.0000e+08 1.0000e+08 5.0634e+04
 1.0000e+08 1.0000e+08 1.0000e+08 1.0000e+08 1.3947e+07 1.0000e+08 1.0000e+08 1.0000e+08 2.9062e+04]

matrice di sistema Q_30 (A + lambda * W_30):
[[       1.0986       -0.0922       -0.0173       -0.0403       -0.0275 ...        0.0648       -0.02          0.0741        0.0644       -0.0096]
 [      -0.0922     4216.0686       -0.0832       -0.0403       -0.0328 ...       -0.0131        0.1748       -0.0006       -0.0396       -0.1098]
 [      -0.0173       -0.0832 10000001.           -0.0997       -0.02   ...       -0.0945        0.0139       -0.0721        0.0284        0.0155]
 [      -0.0403       -0.0403       -0.0997 10000001.           -0.1078 ...        0.1176       -0.0406        0.0293        0.0054       -0.037 ]
 [      -0.0275       -0.0328       -0.02         -0.1078 10000001.     ...       -0.0815        0.0502        0.084        -0.0457       -0.0797]
 ...
 [       0.0648       -0.0131       -0.0945        0.1176       -0.0815 ...  1394654.1882       -0.0458        0.0256       -0.0061       -0.0081]
 [      -0.02          0.1748        0.0139       -0.0406        0.0502 ...       -0.0458 10000001.           -0.0824       -0.0423        0.0548]
 [       0.0741       -0.0006       -0.0721        0.0293        0.084  ...        0.0256       -0.0824 10000001.           -0.0403        0.0028]
 [       0.0644       -0.0396        0.0284        0.0054       -0.0457 ...       -0.0061       -0.0423       -0.0403 10000001.            0.0801]
 [      -0.0096       -0.1098        0.0155       -0.037        -0.0797 ...       -0.0081        0.0548        0.0028        0.0801     2907.1535]]

------------------------------------------------------------

--- ITERAZIONE k = 31 ---
vettore w_31:
[-1.0141  0.      0.      0.     -0.     -0.     -0.     -0.     -0.     -0.      1.4198  0.     -0.      0.     -0.      0.      0.      0.
 -0.      0.      0.      0.     -0.8494 -0.      0.      0.      0.     -0.      0.     -0.     -0.     -0.      0.      0.     -0.     -0.
  0.0014  0.      0.      0.3815 -0.     -0.      0.      0.      0.2271  1.2443 -0.     -0.      0.     -0.      0.      0.      0.     -0.868
  0.      0.      0.      0.      0.     -0.     -0.      0.     -0.      0.      0.      0.      0.      0.      0.      0.      0.411  -0.
 -0.     -0.     -0.     -0.      0.     -0.     -0.      0.     -0.1123 -0.     -0.      0.6142 -0.      0.     -0.     -0.      0.      0.
  0.      0.     -0.     -0.     -0.     -0.     -0.     -0.      0.      0.    ]

diagonale matrice pesi W_31 (1 / max(|w|, eps)):
[9.8611e-01 4.8153e+04 1.0000e+08 1.0000e+08 1.0000e+08 1.0000e+08 1.0000e+08 1.0000e+08 1.0000e+08 1.0000e+08 7.0434e-01 1.0000e+08 9.6784e+05
 1.0000e+08 1.0000e+08 1.0000e+08 1.0000e+08 1.0000e+08 1.0000e+08 1.0000e+08 1.0000e+08 1.0000e+08 1.1773e+00 1.7424e+06 1.0000e+08 1.0000e+08
 1.0000e+08 1.0000e+08 1.0000e+08 1.0000e+08 1.0000e+08 1.0000e+08 1.0000e+08 1.0000e+08 1.0000e+08 1.0000e+08 6.9732e+02 1.0000e+08 1.0000e+08
 2.6212e+00 1.0000e+08 1.0000e+08 1.0000e+08 1.0000e+08 4.4043e+00 8.0368e-01 1.0000e+08 1.0000e+08 8.0602e+07 1.0000e+08 1.0000e+08 1.0000e+08
 1.0000e+08 1.1520e+00 1.0000e+08 1.0000e+08 1.0000e+08 1.0000e+08 1.0000e+08 1.0000e+08 1.0000e+08 1.0000e+08 1.0000e+08 1.0000e+08 1.0000e+08
 1.0000e+08 1.0000e+08 1.0000e+08 1.0000e+08 1.0000e+08 2.4329e+00 1.0000e+08 1.0000e+08 1.0000e+08 1.0000e+08 2.8320e+06 9.9275e+07 1.0000e+08
 1.0000e+08 1.0000e+08 8.9085e+00 1.0000e+08 1.0000e+08 1.6281e+00 1.0000e+08 1.0000e+08 1.0000e+08 3.1625e+06 1.0000e+08 1.0000e+08 5.9857e+04
 1.0000e+08 1.0000e+08 1.0000e+08 1.0000e+08 1.7518e+07 1.0000e+08 1.0000e+08 1.0000e+08 2.9379e+04]

matrice di sistema Q_31 (A + lambda * W_31):
[[       1.0986       -0.0922       -0.0173       -0.0403       -0.0275 ...        0.0648       -0.02          0.0741        0.0644       -0.0096]
 [      -0.0922     4816.2915       -0.0832       -0.0403       -0.0328 ...       -0.0131        0.1748       -0.0006       -0.0396       -0.1098]
 [      -0.0173       -0.0832 10000001.           -0.0997       -0.02   ...       -0.0945        0.0139       -0.0721        0.0284        0.0155]
 [      -0.0403       -0.0403       -0.0997 10000001.           -0.1078 ...        0.1176       -0.0406        0.0293        0.0054       -0.037 ]
 [      -0.0275       -0.0328       -0.02         -0.1078 10000001.     ...       -0.0815        0.0502        0.084        -0.0457       -0.0797]
 ...
 [       0.0648       -0.0131       -0.0945        0.1176       -0.0815 ...  1751801.6842       -0.0458        0.0256       -0.0061       -0.0081]
 [      -0.02          0.1748        0.0139       -0.0406        0.0502 ...       -0.0458 10000001.           -0.0824       -0.0423        0.0548]
 [       0.0741       -0.0006       -0.0721        0.0293        0.084  ...        0.0256       -0.0824 10000001.           -0.0403        0.0028]
 [       0.0644       -0.0396        0.0284        0.0054       -0.0457 ...       -0.0061       -0.0423       -0.0403 10000001.            0.0801]
 [      -0.0096       -0.1098        0.0155       -0.037        -0.0797 ...       -0.0081        0.0548        0.0028        0.0801     2938.8918]]

------------------------------------------------------------

--- ITERAZIONE k = 32 ---
vettore w_32:
[-1.0141  0.      0.      0.     -0.     -0.     -0.     -0.     -0.     -0.      1.4199  0.     -0.      0.     -0.      0.      0.      0.
 -0.      0.      0.      0.     -0.8496 -0.      0.      0.      0.     -0.      0.     -0.     -0.     -0.      0.      0.     -0.     -0.
  0.0014  0.      0.      0.3814 -0.     -0.      0.      0.      0.227   1.2442 -0.     -0.      0.     -0.      0.      0.      0.     -0.8682
  0.      0.      0.      0.      0.     -0.     -0.      0.     -0.      0.      0.      0.      0.      0.      0.      0.      0.4112 -0.
 -0.     -0.     -0.     -0.      0.     -0.     -0.      0.     -0.115  -0.     -0.      0.6142 -0.      0.     -0.     -0.      0.      0.
  0.      0.     -0.     -0.     -0.     -0.     -0.     -0.      0.      0.    ]

diagonale matrice pesi W_32 (1 / max(|w|, eps)):
[9.8606e-01 5.4975e+04 1.0000e+08 1.0000e+08 1.0000e+08 1.0000e+08 1.0000e+08 1.0000e+08 1.0000e+08 1.0000e+08 7.0429e-01 1.0000e+08 1.2160e+06
 1.0000e+08 1.0000e+08 1.0000e+08 1.0000e+08 1.0000e+08 1.0000e+08 1.0000e+08 1.0000e+08 1.0000e+08 1.1771e+00 1.6863e+06 1.0000e+08 1.0000e+08
 1.0000e+08 1.0000e+08 1.0000e+08 1.0000e+08 1.0000e+08 1.0000e+08 1.0000e+08 1.0000e+08 1.0000e+08 1.0000e+08 7.1161e+02 1.0000e+08 1.0000e+08
 2.6219e+00 1.0000e+08 1.0000e+08 1.0000e+08 1.0000e+08 4.4048e+00 8.0375e-01 1.0000e+08 1.0000e+08 1.0000e+08 1.0000e+08 1.0000e+08 1.0000e+08
 1.0000e+08 1.1518e+00 1.0000e+08 1.0000e+08 1.0000e+08 1.0000e+08 1.0000e+08 1.0000e+08 1.0000e+08 1.0000e+08 1.0000e+08 1.0000e+08 1.0000e+08
 1.0000e+08 1.0000e+08 1.0000e+08 1.0000e+08 1.0000e+08 2.4320e+00 1.0000e+08 1.0000e+08 1.0000e+08 1.0000e+08 2.6511e+06 1.0000e+08 1.0000e+08
 1.0000e+08 1.0000e+08 8.6964e+00 1.0000e+08 1.0000e+08 1.6282e+00 1.0000e+08 1.0000e+08 1.0000e+08 3.9910e+06 1.0000e+08 1.0000e+08 7.0589e+04
 1.0000e+08 1.0000e+08 1.0000e+08 1.0000e+08 2.2052e+07 1.0000e+08 1.0000e+08 1.0000e+08 2.9794e+04]

matrice di sistema Q_32 (A + lambda * W_32):
[[       1.0986       -0.0922       -0.0173       -0.0403       -0.0275 ...        0.0648       -0.02          0.0741        0.0644       -0.0096]
 [      -0.0922     5498.5481       -0.0832       -0.0403       -0.0328 ...       -0.0131        0.1748       -0.0006       -0.0396       -0.1098]
 [      -0.0173       -0.0832 10000001.           -0.0997       -0.02   ...       -0.0945        0.0139       -0.0721        0.0284        0.0155]
 [      -0.0403       -0.0403       -0.0997 10000001.           -0.1078 ...        0.1176       -0.0406        0.0293        0.0054       -0.037 ]
 [      -0.0275       -0.0328       -0.02         -0.1078 10000001.     ...       -0.0815        0.0502        0.084        -0.0457       -0.0797]
 ...
 [       0.0648       -0.0131       -0.0945        0.1176       -0.0815 ...  2205216.1728       -0.0458        0.0256       -0.0061       -0.0081]
 [      -0.02          0.1748        0.0139       -0.0406        0.0502 ...       -0.0458 10000001.           -0.0824       -0.0423        0.0548]
 [       0.0741       -0.0006       -0.0721        0.0293        0.084  ...        0.0256       -0.0824 10000001.           -0.0403        0.0028]
 [       0.0644       -0.0396        0.0284        0.0054       -0.0457 ...       -0.0061       -0.0423       -0.0403 10000001.            0.0801]
 [      -0.0096       -0.1098        0.0155       -0.037        -0.0797 ...       -0.0081        0.0548        0.0028        0.0801     2980.3755]]

------------------------------------------------------------

--- ITERAZIONE k = 33 ---
vettore w_33:
[-1.0142  0.      0.      0.     -0.     -0.     -0.     -0.     -0.     -0.      1.4199  0.     -0.      0.     -0.      0.      0.      0.
 -0.      0.      0.      0.     -0.8496 -0.      0.      0.      0.     -0.      0.     -0.     -0.     -0.      0.      0.     -0.     -0.
  0.0014  0.      0.      0.3814 -0.     -0.      0.      0.      0.227   1.2441 -0.     -0.      0.     -0.      0.      0.      0.     -0.8683
  0.      0.      0.      0.      0.     -0.     -0.      0.     -0.      0.      0.      0.      0.      0.      0.      0.      0.4113 -0.
 -0.     -0.     -0.     -0.      0.     -0.     -0.      0.     -0.1163 -0.     -0.      0.6142 -0.      0.     -0.     -0.      0.      0.
  0.      0.     -0.     -0.     -0.     -0.     -0.     -0.      0.      0.    ]

diagonale matrice pesi W_33 (1 / max(|w|, eps)):
[9.8603e-01 6.2745e+04 1.0000e+08 1.0000e+08 1.0000e+08 1.0000e+08 1.0000e+08 1.0000e+08 1.0000e+08 1.0000e+08 7.0427e-01 1.0000e+08 1.5270e+06
 1.0000e+08 1.0000e+08 1.0000e+08 1.0000e+08 1.0000e+08 1.0000e+08 1.0000e+08 1.0000e+08 1.0000e+08 1.1770e+00 1.6330e+06 1.0000e+08 1.0000e+08
 1.0000e+08 1.0000e+08 1.0000e+08 1.0000e+08 1.0000e+08 1.0000e+08 1.0000e+08 1.0000e+08 1.0000e+08 1.0000e+08 7.2612e+02 1.0000e+08 1.0000e+08
 2.6222e+00 1.0000e+08 1.0000e+08 1.0000e+08 1.0000e+08 4.4050e+00 8.0378e-01 1.0000e+08 1.0000e+08 1.0000e+08 1.0000e+08 1.0000e+08 1.0000e+08
 1.0000e+08 1.1517e+00 1.0000e+08 1.0000e+08 1.0000e+08 1.0000e+08 1.0000e+08 1.0000e+08 1.0000e+08 1.0000e+08 1.0000e+08 1.0000e+08 1.0000e+08
 1.0000e+08 1.0000e+08 1.0000e+08 1.0000e+08 1.0000e+08 2.4316e+00 1.0000e+08 1.0000e+08 1.0000e+08 1.0000e+08 2.4819e+06 1.0000e+08 1.0000e+08
 1.0000e+08 1.0000e+08 8.5981e+00 1.0000e+08 1.0000e+08 1.6282e+00 1.0000e+08 1.0000e+08 1.0000e+08 5.0344e+06 1.0000e+08 1.0000e+08 8.3148e+04
 1.0000e+08 1.0000e+08 1.0000e+08 1.0000e+08 2.7789e+07 1.0000e+08 1.0000e+08 1.0000e+08 3.0260e+04]

matrice di sistema Q_33 (A + lambda * W_33):
[[       1.0986       -0.0922       -0.0173       -0.0403       -0.0275 ...        0.0648       -0.02          0.0741        0.0644       -0.0096]
 [      -0.0922     6275.4938       -0.0832       -0.0403       -0.0328 ...       -0.0131        0.1748       -0.0006       -0.0396       -0.1098]
 [      -0.0173       -0.0832 10000001.           -0.0997       -0.02   ...       -0.0945        0.0139       -0.0721        0.0284        0.0155]
 [      -0.0403       -0.0403       -0.0997 10000001.           -0.1078 ...        0.1176       -0.0406        0.0293        0.0054       -0.037 ]
 [      -0.0275       -0.0328       -0.02         -0.1078 10000001.     ...       -0.0815        0.0502        0.084        -0.0457       -0.0797]
 ...
 [       0.0648       -0.0131       -0.0945        0.1176       -0.0815 ...  2778909.7283       -0.0458        0.0256       -0.0061       -0.0081]
 [      -0.02          0.1748        0.0139       -0.0406        0.0502 ...       -0.0458 10000001.           -0.0824       -0.0423        0.0548]
 [       0.0741       -0.0006       -0.0721        0.0293        0.084  ...        0.0256       -0.0824 10000001.           -0.0403        0.0028]
 [       0.0644       -0.0396        0.0284        0.0054       -0.0457 ...       -0.0061       -0.0423       -0.0403 10000001.            0.0801]
 [      -0.0096       -0.1098        0.0155       -0.037        -0.0797 ...       -0.0081        0.0548        0.0028        0.0801     3027.0449]]

------------------------------------------------------------

--- ITERAZIONE k = 34 ---
vettore w_34:
[-1.0142  0.      0.      0.     -0.     -0.     -0.     -0.     -0.     -0.      1.4199  0.     -0.      0.     -0.      0.      0.      0.
 -0.      0.      0.      0.     -0.8497 -0.      0.      0.      0.     -0.      0.     -0.     -0.     -0.      0.      0.     -0.     -0.
  0.0013  0.      0.      0.3813 -0.     -0.      0.      0.      0.227   1.2441 -0.     -0.      0.     -0.      0.      0.      0.     -0.8683
  0.      0.      0.      0.      0.     -0.     -0.      0.     -0.      0.      0.      0.      0.      0.      0.      0.      0.4113 -0.
 -0.     -0.     -0.     -0.      0.     -0.     -0.      0.     -0.1169 -0.     -0.      0.6142 -0.      0.     -0.     -0.      0.      0.
  0.      0.     -0.     -0.     -0.     -0.     -0.     -0.      0.      0.    ]

diagonale matrice pesi W_34 (1 / max(|w|, eps)):
[9.8602e-01 7.1601e+04 1.0000e+08 1.0000e+08 1.0000e+08 1.0000e+08 1.0000e+08 1.0000e+08 1.0000e+08 1.0000e+08 7.0426e-01 1.0000e+08 1.9171e+06
 1.0000e+08 1.0000e+08 1.0000e+08 1.0000e+08 1.0000e+08 1.0000e+08 1.0000e+08 1.0000e+08 1.0000e+08 1.1769e+00 1.5819e+06 1.0000e+08 1.0000e+08
 1.0000e+08 1.0000e+08 1.0000e+08 1.0000e+08 1.0000e+08 1.0000e+08 1.0000e+08 1.0000e+08 1.0000e+08 1.0000e+08 7.4079e+02 1.0000e+08 1.0000e+08
 2.6224e+00 1.0000e+08 1.0000e+08 1.0000e+08 1.0000e+08 4.4051e+00 8.0380e-01 1.0000e+08 1.0000e+08 1.0000e+08 1.0000e+08 1.0000e+08 1.0000e+08
 1.0000e+08 1.1517e+00 1.0000e+08 1.0000e+08 1.0000e+08 1.0000e+08 1.0000e+08 1.0000e+08 1.0000e+08 1.0000e+08 1.0000e+08 1.0000e+08 1.0000e+08
 1.0000e+08 1.0000e+08 1.0000e+08 1.0000e+08 1.0000e+08 2.4313e+00 1.0000e+08 1.0000e+08 1.0000e+08 1.0000e+08 2.3234e+06 1.0000e+08 1.0000e+08
 1.0000e+08 1.0000e+08 8.5526e+00 1.0000e+08 1.0000e+08 1.6282e+00 1.0000e+08 1.0000e+08 1.0000e+08 6.3495e+06 1.0000e+08 1.0000e+08 9.7887e+04
 1.0000e+08 1.0000e+08 1.0000e+08 1.0000e+08 3.5036e+07 1.0000e+08 1.0000e+08 1.0000e+08 3.0757e+04]

matrice di sistema Q_34 (A + lambda * W_34):
[[       1.0986       -0.0922       -0.0173       -0.0403       -0.0275 ...        0.0648       -0.02          0.0741        0.0644       -0.0096]
 [      -0.0922     7161.0819       -0.0832       -0.0403       -0.0328 ...       -0.0131        0.1748       -0.0006       -0.0396       -0.1098]
 [      -0.0173       -0.0832 10000001.           -0.0997       -0.02   ...       -0.0945        0.0139       -0.0721        0.0284        0.0155]
 [      -0.0403       -0.0403       -0.0997 10000001.           -0.1078 ...        0.1176       -0.0406        0.0293        0.0054       -0.037 ]
 [      -0.0275       -0.0328       -0.02         -0.1078 10000001.     ...       -0.0815        0.0502        0.084        -0.0457       -0.0797]
 ...
 [       0.0648       -0.0131       -0.0945        0.1176       -0.0815 ...  3503605.224        -0.0458        0.0256       -0.0061       -0.0081]
 [      -0.02          0.1748        0.0139       -0.0406        0.0502 ...       -0.0458 10000001.           -0.0824       -0.0423        0.0548]
 [       0.0741       -0.0006       -0.0721        0.0293        0.084  ...        0.0256       -0.0824 10000001.           -0.0403        0.0028]
 [       0.0644       -0.0396        0.0284        0.0054       -0.0457 ...       -0.0061       -0.0423       -0.0403 10000001.            0.0801]
 [      -0.0096       -0.1098        0.0155       -0.037        -0.0797 ...       -0.0081        0.0548        0.0028        0.0801     3076.6608]]

------------------------------------------------------------

--- ITERAZIONE k = 35 ---
vettore w_35:
[-1.0142  0.      0.      0.     -0.     -0.     -0.     -0.     -0.     -0.      1.4199  0.     -0.      0.     -0.      0.      0.      0.
 -0.      0.      0.      0.     -0.8497 -0.      0.      0.      0.     -0.      0.     -0.     -0.     -0.      0.      0.     -0.     -0.
  0.0013  0.      0.      0.3813 -0.     -0.      0.      0.      0.227   1.2441 -0.     -0.      0.     -0.      0.      0.      0.     -0.8683
  0.      0.      0.      0.      0.     -0.     -0.      0.     -0.      0.      0.      0.      0.      0.      0.      0.      0.4113 -0.
 -0.     -0.     -0.     -0.      0.     -0.     -0.      0.     -0.1172 -0.     -0.      0.6142 -0.      0.     -0.     -0.      0.      0.
  0.      0.     -0.     -0.     -0.     -0.     -0.     -0.      0.      0.    ]

diagonale matrice pesi W_35 (1 / max(|w|, eps)):
[9.8601e-01 8.1699e+04 1.0000e+08 1.0000e+08 1.0000e+08 1.0000e+08 1.0000e+08 1.0000e+08 1.0000e+08 1.0000e+08 7.0426e-01 1.0000e+08 2.4067e+06
 1.0000e+08 1.0000e+08 1.0000e+08 1.0000e+08 1.0000e+08 1.0000e+08 1.0000e+08 1.0000e+08 1.0000e+08 1.1769e+00 1.5325e+06 1.0000e+08 1.0000e+08
 1.0000e+08 1.0000e+08 1.0000e+08 1.0000e+08 1.0000e+08 1.0000e+08 1.0000e+08 1.0000e+08 1.0000e+08 1.0000e+08 7.5559e+02 1.0000e+08 1.0000e+08
 2.6225e+00 1.0000e+08 1.0000e+08 1.0000e+08 1.0000e+08 4.4051e+00 8.0381e-01 1.0000e+08 1.0000e+08 1.0000e+08 1.0000e+08 1.0000e+08 1.0000e+08
 1.0000e+08 1.1516e+00 1.0000e+08 1.0000e+08 1.0000e+08 1.0000e+08 1.0000e+08 1.0000e+08 1.0000e+08 1.0000e+08 1.0000e+08 1.0000e+08 1.0000e+08
 1.0000e+08 1.0000e+08 1.0000e+08 1.0000e+08 1.0000e+08 2.4312e+00 1.0000e+08 1.0000e+08 1.0000e+08 1.0000e+08 2.1752e+06 1.0000e+08 1.0000e+08
 1.0000e+08 1.0000e+08 8.5315e+00 1.0000e+08 1.0000e+08 1.6282e+00 1.0000e+08 1.0000e+08 1.0000e+08 8.0075e+06 1.0000e+08 1.0000e+08 1.1521e+05
 1.0000e+08 1.0000e+08 1.0000e+08 1.0000e+08 4.4183e+07 1.0000e+08 1.0000e+08 1.0000e+08 3.1272e+04]

matrice di sistema Q_35 (A + lambda * W_35):
[[       1.0986       -0.0922       -0.0173       -0.0403       -0.0275 ...        0.0648       -0.02          0.0741        0.0644       -0.0096]
 [      -0.0922     8170.9445       -0.0832       -0.0403       -0.0328 ...       -0.0131        0.1748       -0.0006       -0.0396       -0.1098]
 [      -0.0173       -0.0832 10000001.           -0.0997       -0.02   ...       -0.0945        0.0139       -0.0721        0.0284        0.0155]
 [      -0.0403       -0.0403       -0.0997 10000001.           -0.1078 ...        0.1176       -0.0406        0.0293        0.0054       -0.037 ]
 [      -0.0275       -0.0328       -0.02         -0.1078 10000001.     ...       -0.0815        0.0502        0.084        -0.0457       -0.0797]
 ...
 [       0.0648       -0.0131       -0.0945        0.1176       -0.0815 ...  4418344.8425       -0.0458        0.0256       -0.0061       -0.0081]
 [      -0.02          0.1748        0.0139       -0.0406        0.0502 ...       -0.0458 10000001.           -0.0824       -0.0423        0.0548]
 [       0.0741       -0.0006       -0.0721        0.0293        0.084  ...        0.0256       -0.0824 10000001.           -0.0403        0.0028]
 [       0.0644       -0.0396        0.0284        0.0054       -0.0457 ...       -0.0061       -0.0423       -0.0403 10000001.            0.0801]
 [      -0.0096       -0.1098        0.0155       -0.037        -0.0797 ...       -0.0081        0.0548        0.0028        0.0801     3128.154 ]]

------------------------------------------------------------

--- ITERAZIONE k = 36 ---
vettore w_36:
[-1.0142  0.      0.      0.     -0.     -0.     -0.     -0.     -0.     -0.      1.4199  0.     -0.      0.     -0.      0.      0.      0.
 -0.      0.      0.      0.     -0.8497 -0.      0.      0.      0.     -0.      0.     -0.     -0.     -0.      0.      0.     -0.     -0.
  0.0013  0.      0.      0.3813 -0.     -0.      0.      0.      0.227   1.2441 -0.     -0.      0.     -0.      0.      0.      0.     -0.8683
  0.      0.      0.      0.      0.     -0.     -0.      0.     -0.      0.      0.      0.      0.      0.      0.      0.      0.4113 -0.
 -0.     -0.     -0.     -0.      0.     -0.     -0.      0.     -0.1173 -0.     -0.      0.6142 -0.      0.     -0.     -0.      0.      0.
  0.      0.     -0.     -0.     -0.     -0.     -0.     -0.      0.      0.    ]

diagonale matrice pesi W_36 (1 / max(|w|, eps)):
[9.8600e-01 9.3218e+04 1.0000e+08 1.0000e+08 1.0000e+08 1.0000e+08 1.0000e+08 1.0000e+08 1.0000e+08 1.0000e+08 7.0425e-01 1.0000e+08 3.0211e+06
 1.0000e+08 1.0000e+08 1.0000e+08 1.0000e+08 1.0000e+08 1.0000e+08 1.0000e+08 1.0000e+08 1.0000e+08 1.1769e+00 1.4847e+06 1.0000e+08 1.0000e+08
 1.0000e+08 1.0000e+08 1.0000e+08 1.0000e+08 1.0000e+08 1.0000e+08 1.0000e+08 1.0000e+08 1.0000e+08 1.0000e+08 7.7051e+02 1.0000e+08 1.0000e+08
 2.6225e+00 1.0000e+08 1.0000e+08 1.0000e+08 1.0000e+08 4.4051e+00 8.0381e-01 1.0000e+08 1.0000e+08 1.0000e+08 1.0000e+08 1.0000e+08 1.0000e+08
 1.0000e+08 1.1516e+00 1.0000e+08 1.0000e+08 1.0000e+08 1.0000e+08 1.0000e+08 1.0000e+08 1.0000e+08 1.0000e+08 1.0000e+08 1.0000e+08 1.0000e+08
 1.0000e+08 1.0000e+08 1.0000e+08 1.0000e+08 1.0000e+08 2.4311e+00 1.0000e+08 1.0000e+08 1.0000e+08 1.0000e+08 2.0365e+06 1.0000e+08 1.0000e+08
 1.0000e+08 1.0000e+08 8.5218e+00 1.0000e+08 1.0000e+08 1.6282e+00 1.0000e+08 1.0000e+08 1.0000e+08 1.0098e+07 1.0000e+08 1.0000e+08 1.3557e+05
 1.0000e+08 1.0000e+08 1.0000e+08 1.0000e+08 5.5726e+07 1.0000e+08 1.0000e+08 1.0000e+08 3.1800e+04]

matrice di sistema Q_36 (A + lambda * W_36):
[[       1.0986       -0.0922       -0.0173       -0.0403       -0.0275 ...        0.0648       -0.02          0.0741        0.0644       -0.0096]
 [      -0.0922     9322.7548       -0.0832       -0.0403       -0.0328 ...       -0.0131        0.1748       -0.0006       -0.0396       -0.1098]
 [      -0.0173       -0.0832 10000001.           -0.0997       -0.02   ...       -0.0945        0.0139       -0.0721        0.0284        0.0155]
 [      -0.0403       -0.0403       -0.0997 10000001.           -0.1078 ...        0.1176       -0.0406        0.0293        0.0054       -0.037 ]
 [      -0.0275       -0.0328       -0.02         -0.1078 10000001.     ...       -0.0815        0.0502        0.084        -0.0457       -0.0797]
 ...
 [       0.0648       -0.0131       -0.0945        0.1176       -0.0815 ...  5572555.7702       -0.0458        0.0256       -0.0061       -0.0081]
 [      -0.02          0.1748        0.0139       -0.0406        0.0502 ...       -0.0458 10000001.           -0.0824       -0.0423        0.0548]
 [       0.0741       -0.0006       -0.0721        0.0293        0.084  ...        0.0256       -0.0824 10000001.           -0.0403        0.0028]
 [       0.0644       -0.0396        0.0284        0.0054       -0.0457 ...       -0.0061       -0.0423       -0.0403 10000001.            0.0801]
 [      -0.0096       -0.1098        0.0155       -0.037        -0.0797 ...       -0.0081        0.0548        0.0028        0.0801     3181.0238]]

------------------------------------------------------------

--- ITERAZIONE k = 37 ---
vettore w_37:
[-1.0142  0.      0.      0.     -0.     -0.     -0.     -0.     -0.     -0.      1.4199  0.     -0.      0.     -0.      0.      0.      0.
 -0.      0.      0.      0.     -0.8497 -0.      0.      0.      0.     -0.      0.     -0.     -0.     -0.      0.      0.     -0.     -0.
  0.0013  0.      0.      0.3813 -0.     -0.      0.      0.      0.227   1.2441 -0.     -0.      0.     -0.      0.      0.      0.     -0.8684
  0.      0.      0.      0.      0.     -0.     -0.      0.     -0.      0.      0.      0.      0.      0.      0.      0.      0.4113 -0.
 -0.     -0.     -0.     -0.      0.     -0.     -0.      0.     -0.1174 -0.     -0.      0.6142 -0.      0.     -0.     -0.      0.      0.
  0.      0.     -0.     -0.     -0.     -0.     -0.     -0.      0.      0.    ]

diagonale matrice pesi W_37 (1 / max(|w|, eps)):
[9.8600e-01 1.0636e+05 1.0000e+08 1.0000e+08 1.0000e+08 1.0000e+08 1.0000e+08 1.0000e+08 1.0000e+08 1.0000e+08 7.0425e-01 1.0000e+08 3.7923e+06
 1.0000e+08 1.0000e+08 1.0000e+08 1.0000e+08 1.0000e+08 1.0000e+08 1.0000e+08 1.0000e+08 1.0000e+08 1.1769e+00 1.4384e+06 1.0000e+08 1.0000e+08
 1.0000e+08 1.0000e+08 1.0000e+08 1.0000e+08 1.0000e+08 1.0000e+08 1.0000e+08 1.0000e+08 1.0000e+08 1.0000e+08 7.8554e+02 1.0000e+08 1.0000e+08
 2.6225e+00 1.0000e+08 1.0000e+08 1.0000e+08 1.0000e+08 4.4051e+00 8.0381e-01 1.0000e+08 1.0000e+08 1.0000e+08 1.0000e+08 1.0000e+08 1.0000e+08
 1.0000e+08 1.1516e+00 1.0000e+08 1.0000e+08 1.0000e+08 1.0000e+08 1.0000e+08 1.0000e+08 1.0000e+08 1.0000e+08 1.0000e+08 1.0000e+08 1.0000e+08
 1.0000e+08 1.0000e+08 1.0000e+08 1.0000e+08 1.0000e+08 2.4311e+00 1.0000e+08 1.0000e+08 1.0000e+08 1.0000e+08 1.9066e+06 1.0000e+08 1.0000e+08
 1.0000e+08 1.0000e+08 8.5172e+00 1.0000e+08 1.0000e+08 1.6282e+00 1.0000e+08 1.0000e+08 1.0000e+08 1.2734e+07 1.0000e+08 1.0000e+08 1.5953e+05
 1.0000e+08 1.0000e+08 1.0000e+08 1.0000e+08 7.0287e+07 1.0000e+08 1.0000e+08 1.0000e+08 3.2340e+04]

matrice di sistema Q_37 (A + lambda * W_37):
[[       1.0986       -0.0922       -0.0173       -0.0403       -0.0275 ...        0.0648       -0.02          0.0741        0.0644       -0.0096]
 [      -0.0922    10636.5866       -0.0832       -0.0403       -0.0328 ...       -0.0131        0.1748       -0.0006       -0.0396       -0.1098]
 [      -0.0173       -0.0832 10000001.           -0.0997       -0.02   ...       -0.0945        0.0139       -0.0721        0.0284        0.0155]
 [      -0.0403       -0.0403       -0.0997 10000001.           -0.1078 ...        0.1176       -0.0406        0.0293        0.0054       -0.037 ]
 [      -0.0275       -0.0328       -0.02         -0.1078 10000001.     ...       -0.0815        0.0502        0.084        -0.0457       -0.0797]
 ...
 [       0.0648       -0.0131       -0.0945        0.1176       -0.0815 ...  7028694.9061       -0.0458        0.0256       -0.0061       -0.0081]
 [      -0.02          0.1748        0.0139       -0.0406        0.0502 ...       -0.0458 10000001.           -0.0824       -0.0423        0.0548]
 [       0.0741       -0.0006       -0.0721        0.0293        0.084  ...        0.0256       -0.0824 10000001.           -0.0403        0.0028]
 [       0.0644       -0.0396        0.0284        0.0054       -0.0457 ...       -0.0061       -0.0423       -0.0403 10000001.            0.0801]
 [      -0.0096       -0.1098        0.0155       -0.037        -0.0797 ...       -0.0081        0.0548        0.0028        0.0801     3235.0417]]

------------------------------------------------------------

--- ITERAZIONE k = 38 ---
vettore w_38:
[-1.0142  0.      0.      0.     -0.     -0.     -0.     -0.     -0.     -0.      1.42    0.     -0.      0.     -0.      0.      0.      0.
 -0.      0.      0.      0.     -0.8497 -0.      0.      0.      0.     -0.      0.     -0.     -0.     -0.      0.      0.     -0.     -0.
  0.0012  0.      0.      0.3813 -0.     -0.      0.      0.      0.227   1.2441 -0.     -0.      0.     -0.      0.      0.      0.     -0.8684
  0.      0.      0.      0.      0.     -0.     -0.      0.     -0.      0.      0.      0.      0.      0.      0.      0.      0.4113 -0.
 -0.     -0.     -0.     -0.      0.     -0.     -0.      0.     -0.1174 -0.     -0.      0.6142 -0.      0.     -0.     -0.      0.      0.
  0.      0.     -0.     -0.     -0.     -0.     -0.     -0.      0.      0.    ]

diagonale matrice pesi W_38 (1 / max(|w|, eps)):
[9.8600e-01 1.2134e+05 1.0000e+08 1.0000e+08 1.0000e+08 1.0000e+08 1.0000e+08 1.0000e+08 1.0000e+08 1.0000e+08 7.0425e-01 1.0000e+08 4.7601e+06
 1.0000e+08 1.0000e+08 1.0000e+08 1.0000e+08 1.0000e+08 1.0000e+08 1.0000e+08 1.0000e+08 1.0000e+08 1.1769e+00 1.3936e+06 1.0000e+08 1.0000e+08
 1.0000e+08 1.0000e+08 1.0000e+08 1.0000e+08 1.0000e+08 1.0000e+08 1.0000e+08 1.0000e+08 1.0000e+08 1.0000e+08 8.0069e+02 1.0000e+08 1.0000e+08
 2.6225e+00 1.0000e+08 1.0000e+08 1.0000e+08 1.0000e+08 4.4050e+00 8.0382e-01 1.0000e+08 1.0000e+08 1.0000e+08 1.0000e+08 1.0000e+08 1.0000e+08
 1.0000e+08 1.1516e+00 1.0000e+08 1.0000e+08 1.0000e+08 1.0000e+08 1.0000e+08 1.0000e+08 1.0000e+08 1.0000e+08 1.0000e+08 1.0000e+08 1.0000e+08
 1.0000e+08 1.0000e+08 1.0000e+08 1.0000e+08 1.0000e+08 2.4310e+00 1.0000e+08 1.0000e+08 1.0000e+08 1.0000e+08 1.7851e+06 1.0000e+08 1.0000e+08
 1.0000e+08 1.0000e+08 8.5151e+00 1.0000e+08 1.0000e+08 1.6282e+00 1.0000e+08 1.0000e+08 1.0000e+08 1.6059e+07 1.0000e+08 1.0000e+08 1.8771e+05
 1.0000e+08 1.0000e+08 1.0000e+08 1.0000e+08 8.8656e+07 1.0000e+08 1.0000e+08 1.0000e+08 3.2891e+04]

matrice di sistema Q_38 (A + lambda * W_38):
[[       1.0986       -0.0922       -0.0173       -0.0403       -0.0275 ...        0.0648       -0.02          0.0741        0.0644       -0.0096]
 [      -0.0922    12135.2922       -0.0832       -0.0403       -0.0328 ...       -0.0131        0.1748       -0.0006       -0.0396       -0.1098]
 [      -0.0173       -0.0832 10000001.           -0.0997       -0.02   ...       -0.0945        0.0139       -0.0721        0.0284        0.0155]
 [      -0.0403       -0.0403       -0.0997 10000001.           -0.1078 ...        0.1176       -0.0406        0.0293        0.0054       -0.037 ]
 [      -0.0275       -0.0328       -0.02         -0.1078 10000001.     ...       -0.0815        0.0502        0.084        -0.0457       -0.0797]
 ...
 [       0.0648       -0.0131       -0.0945        0.1176       -0.0815 ...  8865612.9133       -0.0458        0.0256       -0.0061       -0.0081]
 [      -0.02          0.1748        0.0139       -0.0406        0.0502 ...       -0.0458 10000001.           -0.0824       -0.0423        0.0548]
 [       0.0741       -0.0006       -0.0721        0.0293        0.084  ...        0.0256       -0.0824 10000001.           -0.0403        0.0028]
 [       0.0644       -0.0396        0.0284        0.0054       -0.0457 ...       -0.0061       -0.0423       -0.0403 10000001.            0.0801]
 [      -0.0096       -0.1098        0.0155       -0.037        -0.0797 ...       -0.0081        0.0548        0.0028        0.0801     3290.1078]]

------------------------------------------------------------

--- ITERAZIONE k = 39 ---
vettore w_39:
[-1.0142  0.      0.      0.     -0.     -0.     -0.     -0.     -0.     -0.      1.42    0.     -0.      0.     -0.      0.      0.      0.
 -0.      0.      0.      0.     -0.8497 -0.      0.      0.      0.     -0.      0.     -0.     -0.     -0.      0.      0.     -0.     -0.
  0.0012  0.      0.      0.3813 -0.     -0.      0.      0.      0.227   1.2441 -0.     -0.      0.     -0.      0.      0.      0.     -0.8684
  0.      0.      0.      0.      0.     -0.     -0.      0.     -0.      0.      0.      0.      0.      0.      0.      0.      0.4113 -0.
 -0.     -0.     -0.     -0.      0.     -0.     -0.      0.     -0.1175 -0.     -0.      0.6142 -0.      0.     -0.     -0.      0.      0.
  0.      0.     -0.     -0.     -0.     -0.     -0.     -0.      0.      0.    ]

diagonale matrice pesi W_39 (1 / max(|w|, eps)):
[9.8599e-01 1.3844e+05 1.0000e+08 1.0000e+08 1.0000e+08 1.0000e+08 1.0000e+08 1.0000e+08 1.0000e+08 1.0000e+08 7.0425e-01 1.0000e+08 5.9748e+06
 1.0000e+08 1.0000e+08 1.0000e+08 1.0000e+08 1.0000e+08 1.0000e+08 1.0000e+08 1.0000e+08 1.0000e+08 1.1769e+00 1.3501e+06 1.0000e+08 1.0000e+08
 1.0000e+08 1.0000e+08 1.0000e+08 1.0000e+08 1.0000e+08 1.0000e+08 1.0000e+08 1.0000e+08 1.0000e+08 1.0000e+08 8.1594e+02 1.0000e+08 1.0000e+08
 2.6225e+00 1.0000e+08 1.0000e+08 1.0000e+08 1.0000e+08 4.4050e+00 8.0382e-01 1.0000e+08 1.0000e+08 1.0000e+08 1.0000e+08 1.0000e+08 1.0000e+08
 1.0000e+08 1.1516e+00 1.0000e+08 1.0000e+08 1.0000e+08 1.0000e+08 1.0000e+08 1.0000e+08 1.0000e+08 1.0000e+08 1.0000e+08 1.0000e+08 1.0000e+08
 1.0000e+08 1.0000e+08 1.0000e+08 1.0000e+08 1.0000e+08 2.4310e+00 1.0000e+08 1.0000e+08 1.0000e+08 1.0000e+08 1.6713e+06 1.0000e+08 1.0000e+08
 1.0000e+08 1.0000e+08 8.5141e+00 1.0000e+08 1.0000e+08 1.6282e+00 1.0000e+08 1.0000e+08 1.0000e+08 2.0251e+07 1.0000e+08 1.0000e+08 2.2087e+05
 1.0000e+08 1.0000e+08 1.0000e+08 1.0000e+08 1.0000e+08 1.0000e+08 1.0000e+08 1.0000e+08 3.3452e+04]

matrice di sistema Q_39 (A + lambda * W_39):
[[       1.0986       -0.0922       -0.0173       -0.0403       -0.0275 ...        0.0648       -0.02          0.0741        0.0644       -0.0096]
 [      -0.0922    13844.9144       -0.0832       -0.0403       -0.0328 ...       -0.0131        0.1748       -0.0006       -0.0396       -0.1098]
 [      -0.0173       -0.0832 10000001.           -0.0997       -0.02   ...       -0.0945        0.0139       -0.0721        0.0284        0.0155]
 [      -0.0403       -0.0403       -0.0997 10000001.           -0.1078 ...        0.1176       -0.0406        0.0293        0.0054       -0.037 ]
 [      -0.0275       -0.0328       -0.02         -0.1078 10000001.     ...       -0.0815        0.0502        0.084        -0.0457       -0.0797]
 ...
 [       0.0648       -0.0131       -0.0945        0.1176       -0.0815 ... 10000001.           -0.0458        0.0256       -0.0061       -0.0081]
 [      -0.02          0.1748        0.0139       -0.0406        0.0502 ...       -0.0458 10000001.           -0.0824       -0.0423        0.0548]
 [       0.0741       -0.0006       -0.0721        0.0293        0.084  ...        0.0256       -0.0824 10000001.           -0.0403        0.0028]
 [       0.0644       -0.0396        0.0284        0.0054       -0.0457 ...       -0.0061       -0.0423       -0.0403 10000001.            0.0801]
 [      -0.0096       -0.1098        0.0155       -0.037        -0.0797 ...       -0.0081        0.0548        0.0028        0.0801     3346.1838]]

------------------------------------------------------------

--- ITERAZIONE k = 40 ---
vettore w_40:
[-1.0142  0.      0.      0.     -0.     -0.     -0.     -0.     -0.     -0.      1.42    0.     -0.      0.     -0.      0.      0.      0.
 -0.      0.      0.      0.     -0.8497 -0.      0.      0.      0.     -0.      0.     -0.     -0.     -0.      0.      0.     -0.     -0.
  0.0012  0.      0.      0.3813 -0.     -0.      0.      0.      0.227   1.2441 -0.     -0.      0.     -0.      0.      0.      0.     -0.8684
  0.      0.      0.      0.      0.     -0.     -0.      0.     -0.      0.      0.      0.      0.      0.      0.      0.      0.4114 -0.
 -0.     -0.     -0.     -0.      0.     -0.     -0.      0.     -0.1175 -0.     -0.      0.6142 -0.      0.     -0.     -0.      0.      0.
  0.      0.     -0.     -0.     -0.     -0.     -0.     -0.      0.      0.    ]

diagonale matrice pesi W_40 (1 / max(|w|, eps)):
[9.8599e-01 1.5794e+05 1.0000e+08 1.0000e+08 1.0000e+08 1.0000e+08 1.0000e+08 1.0000e+08 1.0000e+08 1.0000e+08 7.0425e-01 1.0000e+08 7.4993e+06
 1.0000e+08 1.0000e+08 1.0000e+08 1.0000e+08 1.0000e+08 1.0000e+08 1.0000e+08 1.0000e+08 1.0000e+08 1.1769e+00 1.3079e+06 1.0000e+08 1.0000e+08
 1.0000e+08 1.0000e+08 1.0000e+08 1.0000e+08 1.0000e+08 1.0000e+08 1.0000e+08 1.0000e+08 1.0000e+08 1.0000e+08 8.3130e+02 1.0000e+08 1.0000e+08
 2.6225e+00 1.0000e+08 1.0000e+08 1.0000e+08 1.0000e+08 4.4050e+00 8.0382e-01 1.0000e+08 1.0000e+08 1.0000e+08 1.0000e+08 1.0000e+08 1.0000e+08
 1.0000e+08 1.1516e+00 1.0000e+08 1.0000e+08 1.0000e+08 1.0000e+08 1.0000e+08 1.0000e+08 1.0000e+08 1.0000e+08 1.0000e+08 1.0000e+08 1.0000e+08
 1.0000e+08 1.0000e+08 1.0000e+08 1.0000e+08 1.0000e+08 2.4310e+00 1.0000e+08 1.0000e+08 1.0000e+08 1.0000e+08 1.5649e+06 1.0000e+08 1.0000e+08
 1.0000e+08 1.0000e+08 8.5137e+00 1.0000e+08 1.0000e+08 1.6282e+00 1.0000e+08 1.0000e+08 1.0000e+08 2.5539e+07 1.0000e+08 1.0000e+08 2.5987e+05
 1.0000e+08 1.0000e+08 1.0000e+08 1.0000e+08 1.0000e+08 1.0000e+08 1.0000e+08 1.0000e+08 3.4023e+04]

matrice di sistema Q_40 (A + lambda * W_40):
[[       1.0986       -0.0922       -0.0173       -0.0403       -0.0275 ...        0.0648       -0.02          0.0741        0.0644       -0.0096]
 [      -0.0922    15795.1474       -0.0832       -0.0403       -0.0328 ...       -0.0131        0.1748       -0.0006       -0.0396       -0.1098]
 [      -0.0173       -0.0832 10000001.           -0.0997       -0.02   ...       -0.0945        0.0139       -0.0721        0.0284        0.0155]
 [      -0.0403       -0.0403       -0.0997 10000001.           -0.1078 ...        0.1176       -0.0406        0.0293        0.0054       -0.037 ]
 [      -0.0275       -0.0328       -0.02         -0.1078 10000001.     ...       -0.0815        0.0502        0.084        -0.0457       -0.0797]
 ...
 [       0.0648       -0.0131       -0.0945        0.1176       -0.0815 ... 10000001.           -0.0458        0.0256       -0.0061       -0.0081]
 [      -0.02          0.1748        0.0139       -0.0406        0.0502 ...       -0.0458 10000001.           -0.0824       -0.0423        0.0548]
 [       0.0741       -0.0006       -0.0721        0.0293        0.084  ...        0.0256       -0.0824 10000001.           -0.0403        0.0028]
 [       0.0644       -0.0396        0.0284        0.0054       -0.0457 ...       -0.0061       -0.0423       -0.0403 10000001.            0.0801]
 [      -0.0096       -0.1098        0.0155       -0.037        -0.0797 ...       -0.0081        0.0548        0.0028        0.0801     3403.2599]]

------------------------------------------------------------

--- ITERAZIONE k = 41 ---
vettore w_41:
[-1.0142  0.      0.      0.     -0.     -0.     -0.     -0.     -0.     -0.      1.42    0.     -0.      0.     -0.      0.      0.      0.
 -0.      0.      0.      0.     -0.8497 -0.      0.      0.      0.     -0.      0.     -0.     -0.     -0.      0.      0.     -0.     -0.
  0.0012  0.      0.      0.3813 -0.     -0.      0.      0.      0.227   1.2441 -0.     -0.      0.     -0.      0.      0.      0.     -0.8684
  0.      0.      0.      0.      0.     -0.     -0.      0.     -0.      0.      0.      0.      0.      0.      0.      0.      0.4114 -0.
 -0.     -0.     -0.     -0.      0.     -0.     -0.      0.     -0.1175 -0.     -0.      0.6142 -0.      0.     -0.     -0.      0.      0.
  0.      0.     -0.     -0.     -0.     -0.     -0.     -0.      0.      0.    ]

diagonale matrice pesi W_41 (1 / max(|w|, eps)):
[9.8599e-01 1.8019e+05 1.0000e+08 1.0000e+08 1.0000e+08 1.0000e+08 1.0000e+08 1.0000e+08 1.0000e+08 1.0000e+08 7.0425e-01 1.0000e+08 9.4127e+06
 1.0000e+08 1.0000e+08 1.0000e+08 1.0000e+08 1.0000e+08 1.0000e+08 1.0000e+08 1.0000e+08 1.0000e+08 1.1769e+00 1.2671e+06 1.0000e+08 1.0000e+08
 1.0000e+08 1.0000e+08 1.0000e+08 1.0000e+08 1.0000e+08 1.0000e+08 1.0000e+08 1.0000e+08 1.0000e+08 1.0000e+08 8.4677e+02 1.0000e+08 1.0000e+08
 2.6225e+00 1.0000e+08 1.0000e+08 1.0000e+08 1.0000e+08 4.4050e+00 8.0382e-01 1.0000e+08 1.0000e+08 1.0000e+08 1.0000e+08 1.0000e+08 1.0000e+08
 1.0000e+08 1.1516e+00 1.0000e+08 1.0000e+08 1.0000e+08 1.0000e+08 1.0000e+08 1.0000e+08 1.0000e+08 1.0000e+08 1.0000e+08 1.0000e+08 1.0000e+08
 1.0000e+08 1.0000e+08 1.0000e+08 1.0000e+08 1.0000e+08 2.4310e+00 1.0000e+08 1.0000e+08 1.0000e+08 1.0000e+08 1.4652e+06 1.0000e+08 1.0000e+08
 1.0000e+08 1.0000e+08 8.5134e+00 1.0000e+08 1.0000e+08 1.6282e+00 1.0000e+08 1.0000e+08 1.0000e+08 3.2206e+07 1.0000e+08 1.0000e+08 3.0576e+05
 1.0000e+08 1.0000e+08 1.0000e+08 1.0000e+08 1.0000e+08 1.0000e+08 1.0000e+08 1.0000e+08 3.4603e+04]

matrice di sistema Q_41 (A + lambda * W_41):
[[       1.0986       -0.0922       -0.0173       -0.0403       -0.0275 ...        0.0648       -0.02          0.0741        0.0644       -0.0096]
 [      -0.0922    18019.8557       -0.0832       -0.0403       -0.0328 ...       -0.0131        0.1748       -0.0006       -0.0396       -0.1098]
 [      -0.0173       -0.0832 10000001.           -0.0997       -0.02   ...       -0.0945        0.0139       -0.0721        0.0284        0.0155]
 [      -0.0403       -0.0403       -0.0997 10000001.           -0.1078 ...        0.1176       -0.0406        0.0293        0.0054       -0.037 ]
 [      -0.0275       -0.0328       -0.02         -0.1078 10000001.     ...       -0.0815        0.0502        0.084        -0.0457       -0.0797]
 ...
 [       0.0648       -0.0131       -0.0945        0.1176       -0.0815 ... 10000001.           -0.0458        0.0256       -0.0061       -0.0081]
 [      -0.02          0.1748        0.0139       -0.0406        0.0502 ...       -0.0458 10000001.           -0.0824       -0.0423        0.0548]
 [       0.0741       -0.0006       -0.0721        0.0293        0.084  ...        0.0256       -0.0824 10000001.           -0.0403        0.0028]
 [       0.0644       -0.0396        0.0284        0.0054       -0.0457 ...       -0.0061       -0.0423       -0.0403 10000001.            0.0801]
 [      -0.0096       -0.1098        0.0155       -0.037        -0.0797 ...       -0.0081        0.0548        0.0028        0.0801     3461.3406]]

------------------------------------------------------------

--- ITERAZIONE k = 42 ---
vettore w_42:
[-1.0142  0.      0.      0.     -0.     -0.     -0.     -0.     -0.     -0.      1.42    0.     -0.      0.     -0.      0.      0.      0.
 -0.      0.      0.      0.     -0.8497 -0.      0.      0.      0.     -0.      0.     -0.     -0.     -0.      0.      0.     -0.     -0.
  0.0012  0.      0.      0.3813 -0.     -0.      0.      0.      0.227   1.2441 -0.     -0.      0.     -0.      0.      0.      0.     -0.8684
  0.      0.      0.      0.      0.     -0.     -0.      0.     -0.      0.      0.      0.      0.      0.      0.      0.      0.4114 -0.
 -0.     -0.     -0.     -0.      0.     -0.     -0.      0.     -0.1175 -0.     -0.      0.6142 -0.      0.     -0.     -0.      0.      0.
  0.      0.     -0.     -0.     -0.     -0.     -0.     -0.      0.      0.    ]

diagonale matrice pesi W_42 (1 / max(|w|, eps)):
[9.8599e-01 2.0557e+05 1.0000e+08 1.0000e+08 1.0000e+08 1.0000e+08 1.0000e+08 1.0000e+08 1.0000e+08 1.0000e+08 7.0425e-01 1.0000e+08 1.1814e+07
 1.0000e+08 1.0000e+08 1.0000e+08 1.0000e+08 1.0000e+08 1.0000e+08 1.0000e+08 1.0000e+08 1.0000e+08 1.1769e+00 1.2275e+06 1.0000e+08 1.0000e+08
 1.0000e+08 1.0000e+08 1.0000e+08 1.0000e+08 1.0000e+08 1.0000e+08 1.0000e+08 1.0000e+08 1.0000e+08 1.0000e+08 8.6235e+02 1.0000e+08 1.0000e+08
 2.6224e+00 1.0000e+08 1.0000e+08 1.0000e+08 1.0000e+08 4.4049e+00 8.0382e-01 1.0000e+08 1.0000e+08 1.0000e+08 1.0000e+08 1.0000e+08 1.0000e+08
 1.0000e+08 1.1516e+00 1.0000e+08 1.0000e+08 1.0000e+08 1.0000e+08 1.0000e+08 1.0000e+08 1.0000e+08 1.0000e+08 1.0000e+08 1.0000e+08 1.0000e+08
 1.0000e+08 1.0000e+08 1.0000e+08 1.0000e+08 1.0000e+08 2.4310e+00 1.0000e+08 1.0000e+08 1.0000e+08 1.0000e+08 1.3719e+06 1.0000e+08 1.0000e+08
 1.0000e+08 1.0000e+08 8.5133e+00 1.0000e+08 1.0000e+08 1.6282e+00 1.0000e+08 1.0000e+08 1.0000e+08 4.0615e+07 1.0000e+08 1.0000e+08 3.5975e+05
 1.0000e+08 1.0000e+08 1.0000e+08 1.0000e+08 1.0000e+08 1.0000e+08 1.0000e+08 1.0000e+08 3.5194e+04]

matrice di sistema Q_42 (A + lambda * W_42):
[[       1.0986       -0.0922       -0.0173       -0.0403       -0.0275 ...        0.0648       -0.02          0.0741        0.0644       -0.0096]
 [      -0.0922    20557.6647       -0.0832       -0.0403       -0.0328 ...       -0.0131        0.1748       -0.0006       -0.0396       -0.1098]
 [      -0.0173       -0.0832 10000001.           -0.0997       -0.02   ...       -0.0945        0.0139       -0.0721        0.0284        0.0155]
 [      -0.0403       -0.0403       -0.0997 10000001.           -0.1078 ...        0.1176       -0.0406        0.0293        0.0054       -0.037 ]
 [      -0.0275       -0.0328       -0.02         -0.1078 10000001.     ...       -0.0815        0.0502        0.084        -0.0457       -0.0797]
 ...
 [       0.0648       -0.0131       -0.0945        0.1176       -0.0815 ... 10000001.           -0.0458        0.0256       -0.0061       -0.0081]
 [      -0.02          0.1748        0.0139       -0.0406        0.0502 ...       -0.0458 10000001.           -0.0824       -0.0423        0.0548]
 [       0.0741       -0.0006       -0.0721        0.0293        0.084  ...        0.0256       -0.0824 10000001.           -0.0403        0.0028]
 [       0.0644       -0.0396        0.0284        0.0054       -0.0457 ...       -0.0061       -0.0423       -0.0403 10000001.            0.0801]
 [      -0.0096       -0.1098        0.0155       -0.037        -0.0797 ...       -0.0081        0.0548        0.0028        0.0801     3520.4368]]

------------------------------------------------------------

--- ITERAZIONE k = 43 ---
vettore w_43:
[-1.0142  0.      0.      0.     -0.     -0.     -0.     -0.     -0.     -0.      1.42    0.     -0.      0.     -0.      0.      0.      0.
 -0.      0.      0.      0.     -0.8497 -0.      0.      0.      0.     -0.      0.     -0.     -0.     -0.      0.      0.     -0.     -0.
  0.0011  0.      0.      0.3813 -0.     -0.      0.      0.      0.227   1.2441 -0.     -0.      0.     -0.      0.      0.      0.     -0.8684
  0.      0.      0.      0.      0.     -0.     -0.      0.     -0.      0.      0.      0.      0.      0.      0.      0.      0.4114 -0.
 -0.     -0.     -0.     -0.      0.     -0.     -0.      0.     -0.1175 -0.     -0.      0.6142 -0.      0.     -0.     -0.      0.      0.
  0.      0.     -0.     -0.     -0.     -0.     -0.     -0.      0.      0.    ]

diagonale matrice pesi W_43 (1 / max(|w|, eps)):
[9.8598e-01 2.3452e+05 1.0000e+08 1.0000e+08 1.0000e+08 1.0000e+08 1.0000e+08 1.0000e+08 1.0000e+08 1.0000e+08 7.0424e-01 1.0000e+08 1.4828e+07
 1.0000e+08 1.0000e+08 1.0000e+08 1.0000e+08 1.0000e+08 1.0000e+08 1.0000e+08 1.0000e+08 1.0000e+08 1.1769e+00 1.1891e+06 1.0000e+08 1.0000e+08
 1.0000e+08 1.0000e+08 1.0000e+08 1.0000e+08 1.0000e+08 1.0000e+08 1.0000e+08 1.0000e+08 1.0000e+08 1.0000e+08 8.7805e+02 1.0000e+08 1.0000e+08
 2.6224e+00 1.0000e+08 1.0000e+08 1.0000e+08 1.0000e+08 4.4049e+00 8.0382e-01 1.0000e+08 1.0000e+08 1.0000e+08 1.0000e+08 1.0000e+08 1.0000e+08
 1.0000e+08 1.1516e+00 1.0000e+08 1.0000e+08 1.0000e+08 1.0000e+08 1.0000e+08 1.0000e+08 1.0000e+08 1.0000e+08 1.0000e+08 1.0000e+08 1.0000e+08
 1.0000e+08 1.0000e+08 1.0000e+08 1.0000e+08 1.0000e+08 2.4309e+00 1.0000e+08 1.0000e+08 1.0000e+08 1.0000e+08 1.2845e+06 1.0000e+08 1.0000e+08
 1.0000e+08 1.0000e+08 8.5133e+00 1.0000e+08 1.0000e+08 1.6282e+00 1.0000e+08 1.0000e+08 1.0000e+08 5.1220e+07 1.0000e+08 1.0000e+08 4.2327e+05
 1.0000e+08 1.0000e+08 1.0000e+08 1.0000e+08 1.0000e+08 1.0000e+08 1.0000e+08 1.0000e+08 3.5796e+04]

matrice di sistema Q_43 (A + lambda * W_43):
[[       1.0986       -0.0922       -0.0173       -0.0403       -0.0275 ...        0.0648       -0.02          0.0741        0.0644       -0.0096]
 [      -0.0922    23452.6318       -0.0832       -0.0403       -0.0328 ...       -0.0131        0.1748       -0.0006       -0.0396       -0.1098]
 [      -0.0173       -0.0832 10000001.           -0.0997       -0.02   ...       -0.0945        0.0139       -0.0721        0.0284        0.0155]
 [      -0.0403       -0.0403       -0.0997 10000001.           -0.1078 ...        0.1176       -0.0406        0.0293        0.0054       -0.037 ]
 [      -0.0275       -0.0328       -0.02         -0.1078 10000001.     ...       -0.0815        0.0502        0.084        -0.0457       -0.0797]
 ...
 [       0.0648       -0.0131       -0.0945        0.1176       -0.0815 ... 10000001.           -0.0458        0.0256       -0.0061       -0.0081]
 [      -0.02          0.1748        0.0139       -0.0406        0.0502 ...       -0.0458 10000001.           -0.0824       -0.0423        0.0548]
 [       0.0741       -0.0006       -0.0721        0.0293        0.084  ...        0.0256       -0.0824 10000001.           -0.0403        0.0028]
 [       0.0644       -0.0396        0.0284        0.0054       -0.0457 ...       -0.0061       -0.0423       -0.0403 10000001.            0.0801]
 [      -0.0096       -0.1098        0.0155       -0.037        -0.0797 ...       -0.0081        0.0548        0.0028        0.0801     3580.5628]]

------------------------------------------------------------

--- ITERAZIONE k = 44 ---
vettore w_44:
[-1.0142  0.      0.      0.     -0.     -0.     -0.     -0.     -0.     -0.      1.42    0.     -0.      0.     -0.      0.      0.      0.
 -0.      0.      0.      0.     -0.8497 -0.      0.      0.      0.     -0.      0.     -0.     -0.     -0.      0.      0.     -0.     -0.
  0.0011  0.      0.      0.3813 -0.     -0.      0.      0.      0.227   1.2441 -0.     -0.      0.     -0.      0.      0.      0.     -0.8684
  0.      0.      0.      0.      0.     -0.     -0.      0.     -0.      0.      0.      0.      0.      0.      0.      0.      0.4114 -0.
 -0.     -0.     -0.     -0.      0.     -0.     -0.      0.     -0.1175 -0.     -0.      0.6142 -0.      0.     -0.     -0.      0.      0.
  0.      0.     -0.     -0.     -0.     -0.     -0.     -0.      0.      0.    ]

diagonale matrice pesi W_44 (1 / max(|w|, eps)):
[9.8598e-01 2.6754e+05 1.0000e+08 1.0000e+08 1.0000e+08 1.0000e+08 1.0000e+08 1.0000e+08 1.0000e+08 1.0000e+08 7.0424e-01 1.0000e+08 1.8610e+07
 1.0000e+08 1.0000e+08 1.0000e+08 1.0000e+08 1.0000e+08 1.0000e+08 1.0000e+08 1.0000e+08 1.0000e+08 1.1769e+00 1.1519e+06 1.0000e+08 1.0000e+08
 1.0000e+08 1.0000e+08 1.0000e+08 1.0000e+08 1.0000e+08 1.0000e+08 1.0000e+08 1.0000e+08 1.0000e+08 1.0000e+08 8.9385e+02 1.0000e+08 1.0000e+08
 2.6224e+00 1.0000e+08 1.0000e+08 1.0000e+08 1.0000e+08 4.4049e+00 8.0382e-01 1.0000e+08 1.0000e+08 1.0000e+08 1.0000e+08 1.0000e+08 1.0000e+08
 1.0000e+08 1.1516e+00 1.0000e+08 1.0000e+08 1.0000e+08 1.0000e+08 1.0000e+08 1.0000e+08 1.0000e+08 1.0000e+08 1.0000e+08 1.0000e+08 1.0000e+08
 1.0000e+08 1.0000e+08 1.0000e+08 1.0000e+08 1.0000e+08 2.4309e+00 1.0000e+08 1.0000e+08 1.0000e+08 1.0000e+08 1.2028e+06 1.0000e+08 1.0000e+08
 1.0000e+08 1.0000e+08 8.5132e+00 1.0000e+08 1.0000e+08 1.6282e+00 1.0000e+08 1.0000e+08 1.0000e+08 6.4595e+07 1.0000e+08 1.0000e+08 4.9800e+05
 1.0000e+08 1.0000e+08 1.0000e+08 1.0000e+08 1.0000e+08 1.0000e+08 1.0000e+08 1.0000e+08 3.6407e+04]

matrice di sistema Q_44 (A + lambda * W_44):
[[       1.0986       -0.0922       -0.0173       -0.0403       -0.0275 ...        0.0648       -0.02          0.0741        0.0644       -0.0096]
 [      -0.0922    26755.0109       -0.0832       -0.0403       -0.0328 ...       -0.0131        0.1748       -0.0006       -0.0396       -0.1098]
 [      -0.0173       -0.0832 10000001.           -0.0997       -0.02   ...       -0.0945        0.0139       -0.0721        0.0284        0.0155]
 [      -0.0403       -0.0403       -0.0997 10000001.           -0.1078 ...        0.1176       -0.0406        0.0293        0.0054       -0.037 ]
 [      -0.0275       -0.0328       -0.02         -0.1078 10000001.     ...       -0.0815        0.0502        0.084        -0.0457       -0.0797]
 ...
 [       0.0648       -0.0131       -0.0945        0.1176       -0.0815 ... 10000001.           -0.0458        0.0256       -0.0061       -0.0081]
 [      -0.02          0.1748        0.0139       -0.0406        0.0502 ...       -0.0458 10000001.           -0.0824       -0.0423        0.0548]
 [       0.0741       -0.0006       -0.0721        0.0293        0.084  ...        0.0256       -0.0824 10000001.           -0.0403        0.0028]
 [       0.0644       -0.0396        0.0284        0.0054       -0.0457 ...       -0.0061       -0.0423       -0.0403 10000001.            0.0801]
 [      -0.0096       -0.1098        0.0155       -0.037        -0.0797 ...       -0.0081        0.0548        0.0028        0.0801     3641.7346]]

------------------------------------------------------------

--- ITERAZIONE k = 45 ---
vettore w_45:
[-1.0142  0.      0.      0.     -0.     -0.     -0.     -0.     -0.     -0.      1.42    0.     -0.      0.     -0.      0.      0.      0.
 -0.      0.      0.      0.     -0.8497 -0.      0.      0.      0.     -0.      0.     -0.     -0.     -0.      0.      0.     -0.     -0.
  0.0011  0.      0.      0.3813 -0.     -0.      0.      0.      0.227   1.2441 -0.     -0.      0.     -0.      0.      0.      0.     -0.8684
  0.      0.      0.      0.      0.     -0.     -0.      0.     -0.      0.      0.      0.      0.      0.      0.      0.      0.4114 -0.
 -0.     -0.     -0.     -0.      0.     -0.     -0.      0.     -0.1175 -0.     -0.      0.6142 -0.      0.     -0.     -0.      0.      0.
  0.      0.     -0.     -0.     -0.     -0.     -0.     -0.      0.      0.    ]

diagonale matrice pesi W_45 (1 / max(|w|, eps)):
[9.8598e-01 3.0521e+05 1.0000e+08 1.0000e+08 1.0000e+08 1.0000e+08 1.0000e+08 1.0000e+08 1.0000e+08 1.0000e+08 7.0424e-01 1.0000e+08 2.3357e+07
 1.0000e+08 1.0000e+08 1.0000e+08 1.0000e+08 1.0000e+08 1.0000e+08 1.0000e+08 1.0000e+08 1.0000e+08 1.1769e+00 1.1159e+06 1.0000e+08 1.0000e+08
 1.0000e+08 1.0000e+08 1.0000e+08 1.0000e+08 1.0000e+08 1.0000e+08 1.0000e+08 1.0000e+08 1.0000e+08 1.0000e+08 9.0977e+02 1.0000e+08 1.0000e+08
 2.6224e+00 1.0000e+08 1.0000e+08 1.0000e+08 1.0000e+08 4.4049e+00 8.0382e-01 1.0000e+08 1.0000e+08 1.0000e+08 1.0000e+08 1.0000e+08 1.0000e+08
 1.0000e+08 1.1516e+00 1.0000e+08 1.0000e+08 1.0000e+08 1.0000e+08 1.0000e+08 1.0000e+08 1.0000e+08 1.0000e+08 1.0000e+08 1.0000e+08 1.0000e+08
 1.0000e+08 1.0000e+08 1.0000e+08 1.0000e+08 1.0000e+08 2.4309e+00 1.0000e+08 1.0000e+08 1.0000e+08 1.0000e+08 1.1263e+06 1.0000e+08 1.0000e+08
 1.0000e+08 1.0000e+08 8.5132e+00 1.0000e+08 1.0000e+08 1.6282e+00 1.0000e+08 1.0000e+08 1.0000e+08 8.1462e+07 1.0000e+08 1.0000e+08 5.8592e+05
 1.0000e+08 1.0000e+08 1.0000e+08 1.0000e+08 1.0000e+08 1.0000e+08 1.0000e+08 1.0000e+08 3.7030e+04]

matrice di sistema Q_45 (A + lambda * W_45):
[[       1.0986       -0.0922       -0.0173       -0.0403       -0.0275 ...        0.0648       -0.02          0.0741        0.0644       -0.0096]
 [      -0.0922    30522.1254       -0.0832       -0.0403       -0.0328 ...       -0.0131        0.1748       -0.0006       -0.0396       -0.1098]
 [      -0.0173       -0.0832 10000001.           -0.0997       -0.02   ...       -0.0945        0.0139       -0.0721        0.0284        0.0155]
 [      -0.0403       -0.0403       -0.0997 10000001.           -0.1078 ...        0.1176       -0.0406        0.0293        0.0054       -0.037 ]
 [      -0.0275       -0.0328       -0.02         -0.1078 10000001.     ...       -0.0815        0.0502        0.084        -0.0457       -0.0797]
 ...
 [       0.0648       -0.0131       -0.0945        0.1176       -0.0815 ... 10000001.           -0.0458        0.0256       -0.0061       -0.0081]
 [      -0.02          0.1748        0.0139       -0.0406        0.0502 ...       -0.0458 10000001.           -0.0824       -0.0423        0.0548]
 [       0.0741       -0.0006       -0.0721        0.0293        0.084  ...        0.0256       -0.0824 10000001.           -0.0403        0.0028]
 [       0.0644       -0.0396        0.0284        0.0054       -0.0457 ...       -0.0061       -0.0423       -0.0403 10000001.            0.0801]
 [      -0.0096       -0.1098        0.0155       -0.037        -0.0797 ...       -0.0081        0.0548        0.0028        0.0801     3703.9693]]

------------------------------------------------------------

--- ITERAZIONE k = 46 ---
vettore w_46:
[-1.0142  0.      0.      0.     -0.     -0.     -0.     -0.     -0.     -0.      1.42    0.     -0.      0.     -0.      0.      0.      0.
 -0.      0.      0.      0.     -0.8497 -0.      0.      0.      0.     -0.      0.     -0.     -0.     -0.      0.      0.     -0.     -0.
  0.0011  0.      0.      0.3813 -0.     -0.      0.      0.      0.227   1.2441 -0.     -0.      0.     -0.      0.      0.      0.     -0.8684
  0.      0.      0.      0.      0.     -0.     -0.      0.     -0.      0.      0.      0.      0.      0.      0.      0.      0.4114 -0.
 -0.     -0.     -0.     -0.      0.     -0.     -0.      0.     -0.1175 -0.     -0.      0.6142 -0.      0.     -0.     -0.      0.      0.
  0.      0.     -0.     -0.     -0.     -0.     -0.     -0.      0.      0.    ]

diagonale matrice pesi W_46 (1 / max(|w|, eps)):
[9.8598e-01 3.4818e+05 1.0000e+08 1.0000e+08 1.0000e+08 1.0000e+08 1.0000e+08 1.0000e+08 1.0000e+08 1.0000e+08 7.0424e-01 1.0000e+08 2.9314e+07
 1.0000e+08 1.0000e+08 1.0000e+08 1.0000e+08 1.0000e+08 1.0000e+08 1.0000e+08 1.0000e+08 1.0000e+08 1.1769e+00 1.0809e+06 1.0000e+08 1.0000e+08
 1.0000e+08 1.0000e+08 1.0000e+08 1.0000e+08 1.0000e+08 1.0000e+08 1.0000e+08 1.0000e+08 1.0000e+08 1.0000e+08 9.2581e+02 1.0000e+08 1.0000e+08
 2.6224e+00 1.0000e+08 1.0000e+08 1.0000e+08 1.0000e+08 4.4049e+00 8.0382e-01 1.0000e+08 1.0000e+08 1.0000e+08 1.0000e+08 1.0000e+08 1.0000e+08
 1.0000e+08 1.1516e+00 1.0000e+08 1.0000e+08 1.0000e+08 1.0000e+08 1.0000e+08 1.0000e+08 1.0000e+08 1.0000e+08 1.0000e+08 1.0000e+08 1.0000e+08
 1.0000e+08 1.0000e+08 1.0000e+08 1.0000e+08 1.0000e+08 2.4309e+00 1.0000e+08 1.0000e+08 1.0000e+08 1.0000e+08 1.0546e+06 1.0000e+08 1.0000e+08
 1.0000e+08 1.0000e+08 8.5132e+00 1.0000e+08 1.0000e+08 1.6282e+00 1.0000e+08 1.0000e+08 1.0000e+08 1.0000e+08 1.0000e+08 1.0000e+08 6.8935e+05
 1.0000e+08 1.0000e+08 1.0000e+08 1.0000e+08 1.0000e+08 1.0000e+08 1.0000e+08 1.0000e+08 3.7663e+04]

matrice di sistema Q_46 (A + lambda * W_46):
[[       1.0986       -0.0922       -0.0173       -0.0403       -0.0275 ...        0.0648       -0.02          0.0741        0.0644       -0.0096]
 [      -0.0922    34819.362        -0.0832       -0.0403       -0.0328 ...       -0.0131        0.1748       -0.0006       -0.0396       -0.1098]
 [      -0.0173       -0.0832 10000001.           -0.0997       -0.02   ...       -0.0945        0.0139       -0.0721        0.0284        0.0155]
 [      -0.0403       -0.0403       -0.0997 10000001.           -0.1078 ...        0.1176       -0.0406        0.0293        0.0054       -0.037 ]
 [      -0.0275       -0.0328       -0.02         -0.1078 10000001.     ...       -0.0815        0.0502        0.084        -0.0457       -0.0797]
 ...
 [       0.0648       -0.0131       -0.0945        0.1176       -0.0815 ... 10000001.           -0.0458        0.0256       -0.0061       -0.0081]
 [      -0.02          0.1748        0.0139       -0.0406        0.0502 ...       -0.0458 10000001.           -0.0824       -0.0423        0.0548]
 [       0.0741       -0.0006       -0.0721        0.0293        0.084  ...        0.0256       -0.0824 10000001.           -0.0403        0.0028]
 [       0.0644       -0.0396        0.0284        0.0054       -0.0457 ...       -0.0061       -0.0423       -0.0403 10000001.            0.0801]
 [      -0.0096       -0.1098        0.0155       -0.037        -0.0797 ...       -0.0081        0.0548        0.0028        0.0801     3767.2846]]

------------------------------------------------------------

--- ITERAZIONE k = 47 ---
vettore w_47:
[-1.0142  0.      0.      0.     -0.     -0.     -0.     -0.     -0.     -0.      1.42    0.     -0.      0.     -0.      0.      0.      0.
 -0.      0.      0.      0.     -0.8497 -0.      0.      0.      0.     -0.      0.     -0.     -0.     -0.      0.      0.     -0.     -0.
  0.0011  0.      0.      0.3813 -0.     -0.      0.      0.      0.227   1.2441 -0.     -0.      0.     -0.      0.      0.      0.     -0.8684
  0.      0.      0.      0.      0.     -0.     -0.      0.     -0.      0.      0.      0.      0.      0.      0.      0.      0.4114 -0.
 -0.     -0.     -0.     -0.      0.     -0.     -0.      0.     -0.1175 -0.     -0.      0.6142 -0.      0.     -0.     -0.      0.      0.
  0.      0.     -0.     -0.     -0.     -0.     -0.     -0.      0.      0.    ]

diagonale matrice pesi W_47 (1 / max(|w|, eps)):
[9.8598e-01 3.9720e+05 1.0000e+08 1.0000e+08 1.0000e+08 1.0000e+08 1.0000e+08 1.0000e+08 1.0000e+08 1.0000e+08 7.0424e-01 1.0000e+08 3.6790e+07
 1.0000e+08 1.0000e+08 1.0000e+08 1.0000e+08 1.0000e+08 1.0000e+08 1.0000e+08 1.0000e+08 1.0000e+08 1.1769e+00 1.0470e+06 1.0000e+08 1.0000e+08
 1.0000e+08 1.0000e+08 1.0000e+08 1.0000e+08 1.0000e+08 1.0000e+08 1.0000e+08 1.0000e+08 1.0000e+08 1.0000e+08 9.4196e+02 1.0000e+08 1.0000e+08
 2.6224e+00 1.0000e+08 1.0000e+08 1.0000e+08 1.0000e+08 4.4048e+00 8.0382e-01 1.0000e+08 1.0000e+08 1.0000e+08 1.0000e+08 1.0000e+08 1.0000e+08
 1.0000e+08 1.1516e+00 1.0000e+08 1.0000e+08 1.0000e+08 1.0000e+08 1.0000e+08 1.0000e+08 1.0000e+08 1.0000e+08 1.0000e+08 1.0000e+08 1.0000e+08
 1.0000e+08 1.0000e+08 1.0000e+08 1.0000e+08 1.0000e+08 2.4309e+00 1.0000e+08 1.0000e+08 1.0000e+08 1.0000e+08 9.8753e+05 1.0000e+08 1.0000e+08
 1.0000e+08 1.0000e+08 8.5132e+00 1.0000e+08 1.0000e+08 1.6282e+00 1.0000e+08 1.0000e+08 1.0000e+08 1.0000e+08 1.0000e+08 1.0000e+08 8.1104e+05
 1.0000e+08 1.0000e+08 1.0000e+08 1.0000e+08 1.0000e+08 1.0000e+08 1.0000e+08 1.0000e+08 3.8307e+04]

matrice di sistema Q_47 (A + lambda * W_47):
[[       1.0986       -0.0922       -0.0173       -0.0403       -0.0275 ...        0.0648       -0.02          0.0741        0.0644       -0.0096]
 [      -0.0922    39721.3053       -0.0832       -0.0403       -0.0328 ...       -0.0131        0.1748       -0.0006       -0.0396       -0.1098]
 [      -0.0173       -0.0832 10000001.           -0.0997       -0.02   ...       -0.0945        0.0139       -0.0721        0.0284        0.0155]
 [      -0.0403       -0.0403       -0.0997 10000001.           -0.1078 ...        0.1176       -0.0406        0.0293        0.0054       -0.037 ]
 [      -0.0275       -0.0328       -0.02         -0.1078 10000001.     ...       -0.0815        0.0502        0.084        -0.0457       -0.0797]
 ...
 [       0.0648       -0.0131       -0.0945        0.1176       -0.0815 ... 10000001.           -0.0458        0.0256       -0.0061       -0.0081]
 [      -0.02          0.1748        0.0139       -0.0406        0.0502 ...       -0.0458 10000001.           -0.0824       -0.0423        0.0548]
 [       0.0741       -0.0006       -0.0721        0.0293        0.084  ...        0.0256       -0.0824 10000001.           -0.0403        0.0028]
 [       0.0644       -0.0396        0.0284        0.0054       -0.0457 ...       -0.0061       -0.0423       -0.0403 10000001.            0.0801]
 [      -0.0096       -0.1098        0.0155       -0.037        -0.0797 ...       -0.0081        0.0548        0.0028        0.0801     3831.6985]]

------------------------------------------------------------

--- ITERAZIONE k = 48 ---
vettore w_48:
[-1.0142  0.      0.      0.     -0.     -0.     -0.     -0.     -0.     -0.      1.42    0.     -0.      0.     -0.      0.      0.      0.
 -0.      0.      0.      0.     -0.8497 -0.      0.      0.      0.     -0.      0.     -0.     -0.     -0.      0.      0.     -0.     -0.
  0.001   0.      0.      0.3813 -0.     -0.      0.      0.      0.227   1.2441 -0.     -0.      0.     -0.      0.      0.      0.     -0.8684
  0.      0.      0.      0.      0.     -0.     -0.      0.     -0.      0.      0.      0.      0.      0.      0.      0.      0.4114 -0.
 -0.     -0.     -0.     -0.      0.     -0.     -0.      0.     -0.1175 -0.     -0.      0.6142 -0.      0.     -0.     -0.      0.      0.
  0.      0.     -0.     -0.     -0.     -0.     -0.     -0.      0.      0.    ]

diagonale matrice pesi W_48 (1 / max(|w|, eps)):
[9.8598e-01 4.5312e+05 1.0000e+08 1.0000e+08 1.0000e+08 1.0000e+08 1.0000e+08 1.0000e+08 1.0000e+08 1.0000e+08 7.0424e-01 1.0000e+08 4.6171e+07
 1.0000e+08 1.0000e+08 1.0000e+08 1.0000e+08 1.0000e+08 1.0000e+08 1.0000e+08 1.0000e+08 1.0000e+08 1.1769e+00 1.0142e+06 1.0000e+08 1.0000e+08
 1.0000e+08 1.0000e+08 1.0000e+08 1.0000e+08 1.0000e+08 1.0000e+08 1.0000e+08 1.0000e+08 1.0000e+08 1.0000e+08 9.5822e+02 1.0000e+08 1.0000e+08
 2.6224e+00 1.0000e+08 1.0000e+08 1.0000e+08 1.0000e+08 4.4048e+00 8.0382e-01 1.0000e+08 1.0000e+08 1.0000e+08 1.0000e+08 1.0000e+08 1.0000e+08
 1.0000e+08 1.1516e+00 1.0000e+08 1.0000e+08 1.0000e+08 1.0000e+08 1.0000e+08 1.0000e+08 1.0000e+08 1.0000e+08 1.0000e+08 1.0000e+08 1.0000e+08
 1.0000e+08 1.0000e+08 1.0000e+08 1.0000e+08 1.0000e+08 2.4309e+00 1.0000e+08 1.0000e+08 1.0000e+08 1.0000e+08 9.2473e+05 1.0000e+08 1.0000e+08
 1.0000e+08 1.0000e+08 8.5131e+00 1.0000e+08 1.0000e+08 1.6282e+00 1.0000e+08 1.0000e+08 1.0000e+08 1.0000e+08 1.0000e+08 1.0000e+08 9.5421e+05
 1.0000e+08 1.0000e+08 1.0000e+08 1.0000e+08 1.0000e+08 1.0000e+08 1.0000e+08 1.0000e+08 3.8962e+04]

matrice di sistema Q_48 (A + lambda * W_48):
[[       1.0986       -0.0922       -0.0173       -0.0403       -0.0275 ...        0.0648       -0.02          0.0741        0.0644       -0.0096]
 [      -0.0922    45313.0316       -0.0832       -0.0403       -0.0328 ...       -0.0131        0.1748       -0.0006       -0.0396       -0.1098]
 [      -0.0173       -0.0832 10000001.           -0.0997       -0.02   ...       -0.0945        0.0139       -0.0721        0.0284        0.0155]
 [      -0.0403       -0.0403       -0.0997 10000001.           -0.1078 ...        0.1176       -0.0406        0.0293        0.0054       -0.037 ]
 [      -0.0275       -0.0328       -0.02         -0.1078 10000001.     ...       -0.0815        0.0502        0.084        -0.0457       -0.0797]
 ...
 [       0.0648       -0.0131       -0.0945        0.1176       -0.0815 ... 10000001.           -0.0458        0.0256       -0.0061       -0.0081]
 [      -0.02          0.1748        0.0139       -0.0406        0.0502 ...       -0.0458 10000001.           -0.0824       -0.0423        0.0548]
 [       0.0741       -0.0006       -0.0721        0.0293        0.084  ...        0.0256       -0.0824 10000001.           -0.0403        0.0028]
 [       0.0644       -0.0396        0.0284        0.0054       -0.0457 ...       -0.0061       -0.0423       -0.0403 10000001.            0.0801]
 [      -0.0096       -0.1098        0.0155       -0.037        -0.0797 ...       -0.0081        0.0548        0.0028        0.0801     3897.2298]]

------------------------------------------------------------

--- ITERAZIONE k = 49 ---
vettore w_49:
[-1.0142  0.      0.      0.     -0.     -0.     -0.     -0.     -0.     -0.      1.42    0.     -0.      0.     -0.      0.      0.      0.
 -0.      0.      0.      0.     -0.8497 -0.      0.      0.      0.     -0.      0.     -0.     -0.     -0.      0.      0.     -0.     -0.
  0.001   0.      0.      0.3813 -0.     -0.      0.      0.      0.227   1.2441 -0.     -0.      0.     -0.      0.      0.      0.     -0.8684
  0.      0.      0.      0.      0.     -0.     -0.      0.     -0.      0.      0.      0.      0.      0.      0.      0.      0.4114 -0.
 -0.     -0.     -0.     -0.      0.     -0.     -0.      0.     -0.1175 -0.     -0.      0.6142 -0.      0.     -0.     -0.      0.      0.
  0.      0.     -0.     -0.     -0.     -0.     -0.     -0.      0.      0.    ]

diagonale matrice pesi W_49 (1 / max(|w|, eps)):
[9.8597e-01 5.1691e+05 1.0000e+08 1.0000e+08 1.0000e+08 1.0000e+08 1.0000e+08 1.0000e+08 1.0000e+08 1.0000e+08 7.0424e-01 1.0000e+08 5.7945e+07
 1.0000e+08 1.0000e+08 1.0000e+08 1.0000e+08 1.0000e+08 1.0000e+08 1.0000e+08 1.0000e+08 1.0000e+08 1.1769e+00 9.8240e+05 1.0000e+08 1.0000e+08
 1.0000e+08 1.0000e+08 1.0000e+08 1.0000e+08 1.0000e+08 1.0000e+08 1.0000e+08 1.0000e+08 1.0000e+08 1.0000e+08 9.7460e+02 1.0000e+08 1.0000e+08
 2.6224e+00 1.0000e+08 1.0000e+08 1.0000e+08 1.0000e+08 4.4048e+00 8.0382e-01 1.0000e+08 1.0000e+08 1.0000e+08 1.0000e+08 1.0000e+08 1.0000e+08
 1.0000e+08 1.1516e+00 1.0000e+08 1.0000e+08 1.0000e+08 1.0000e+08 1.0000e+08 1.0000e+08 1.0000e+08 1.0000e+08 1.0000e+08 1.0000e+08 1.0000e+08
 1.0000e+08 1.0000e+08 1.0000e+08 1.0000e+08 1.0000e+08 2.4308e+00 1.0000e+08 1.0000e+08 1.0000e+08 1.0000e+08 8.6594e+05 1.0000e+08 1.0000e+08
 1.0000e+08 1.0000e+08 8.5131e+00 1.0000e+08 1.0000e+08 1.6282e+00 1.0000e+08 1.0000e+08 1.0000e+08 1.0000e+08 1.0000e+08 1.0000e+08 1.1226e+06
 1.0000e+08 1.0000e+08 1.0000e+08 1.0000e+08 1.0000e+08 1.0000e+08 1.0000e+08 1.0000e+08 3.9629e+04]

matrice di sistema Q_49 (A + lambda * W_49):
[[       1.0986       -0.0922       -0.0173       -0.0403       -0.0275 ...        0.0648       -0.02          0.0741        0.0644       -0.0096]
 [      -0.0922    51691.5841       -0.0832       -0.0403       -0.0328 ...       -0.0131        0.1748       -0.0006       -0.0396       -0.1098]
 [      -0.0173       -0.0832 10000001.           -0.0997       -0.02   ...       -0.0945        0.0139       -0.0721        0.0284        0.0155]
 [      -0.0403       -0.0403       -0.0997 10000001.           -0.1078 ...        0.1176       -0.0406        0.0293        0.0054       -0.037 ]
 [      -0.0275       -0.0328       -0.02         -0.1078 10000001.     ...       -0.0815        0.0502        0.084        -0.0457       -0.0797]
 ...
 [       0.0648       -0.0131       -0.0945        0.1176       -0.0815 ... 10000001.           -0.0458        0.0256       -0.0061       -0.0081]
 [      -0.02          0.1748        0.0139       -0.0406        0.0502 ...       -0.0458 10000001.           -0.0824       -0.0423        0.0548]
 [       0.0741       -0.0006       -0.0721        0.0293        0.084  ...        0.0256       -0.0824 10000001.           -0.0403        0.0028]
 [       0.0644       -0.0396        0.0284        0.0054       -0.0457 ...       -0.0061       -0.0423       -0.0403 10000001.            0.0801]
 [      -0.0096       -0.1098        0.0155       -0.037        -0.0797 ...       -0.0081        0.0548        0.0028        0.0801     3963.8972]]

------------------------------------------------------------

--- ITERAZIONE k = 50 ---
vettore w_50:
[-1.0142  0.      0.      0.     -0.     -0.     -0.     -0.     -0.     -0.      1.42    0.     -0.      0.     -0.      0.      0.      0.
 -0.      0.      0.      0.     -0.8497 -0.      0.      0.      0.     -0.      0.     -0.     -0.     -0.      0.      0.     -0.     -0.
  0.001   0.      0.      0.3813 -0.     -0.      0.      0.      0.227   1.2441 -0.     -0.      0.     -0.      0.      0.      0.     -0.8684
  0.      0.      0.      0.      0.     -0.     -0.      0.     -0.      0.      0.      0.      0.      0.      0.      0.      0.4114 -0.
 -0.     -0.     -0.     -0.      0.     -0.     -0.      0.     -0.1175 -0.     -0.      0.6142 -0.      0.     -0.     -0.      0.      0.
  0.      0.     -0.     -0.     -0.     -0.     -0.     -0.      0.      0.    ]

diagonale matrice pesi W_50 (1 / max(|w|, eps)):
[9.8597e-01 5.8967e+05 1.0000e+08 1.0000e+08 1.0000e+08 1.0000e+08 1.0000e+08 1.0000e+08 1.0000e+08 1.0000e+08 7.0424e-01 1.0000e+08 7.2719e+07
 1.0000e+08 1.0000e+08 1.0000e+08 1.0000e+08 1.0000e+08 1.0000e+08 1.0000e+08 1.0000e+08 1.0000e+08 1.1769e+00 9.5158e+05 1.0000e+08 1.0000e+08
 1.0000e+08 1.0000e+08 1.0000e+08 1.0000e+08 1.0000e+08 1.0000e+08 1.0000e+08 1.0000e+08 1.0000e+08 1.0000e+08 9.9110e+02 1.0000e+08 1.0000e+08
 2.6224e+00 1.0000e+08 1.0000e+08 1.0000e+08 1.0000e+08 4.4048e+00 8.0382e-01 1.0000e+08 1.0000e+08 1.0000e+08 1.0000e+08 1.0000e+08 1.0000e+08
 1.0000e+08 1.1516e+00 1.0000e+08 1.0000e+08 1.0000e+08 1.0000e+08 1.0000e+08 1.0000e+08 1.0000e+08 1.0000e+08 1.0000e+08 1.0000e+08 1.0000e+08
 1.0000e+08 1.0000e+08 1.0000e+08 1.0000e+08 1.0000e+08 2.4308e+00 1.0000e+08 1.0000e+08 1.0000e+08 1.0000e+08 8.1090e+05 1.0000e+08 1.0000e+08
 1.0000e+08 1.0000e+08 8.5131e+00 1.0000e+08 1.0000e+08 1.6282e+00 1.0000e+08 1.0000e+08 1.0000e+08 1.0000e+08 1.0000e+08 1.0000e+08 1.3208e+06
 1.0000e+08 1.0000e+08 1.0000e+08 1.0000e+08 1.0000e+08 1.0000e+08 1.0000e+08 1.0000e+08 4.0307e+04]

matrice di sistema Q_50 (A + lambda * W_50):
[[       1.0986       -0.0922       -0.0173       -0.0403       -0.0275 ...        0.0648       -0.02          0.0741        0.0644       -0.0096]
 [      -0.0922    58967.6568       -0.0832       -0.0403       -0.0328 ...       -0.0131        0.1748       -0.0006       -0.0396       -0.1098]
 [      -0.0173       -0.0832 10000001.           -0.0997       -0.02   ...       -0.0945        0.0139       -0.0721        0.0284        0.0155]
 [      -0.0403       -0.0403       -0.0997 10000001.           -0.1078 ...        0.1176       -0.0406        0.0293        0.0054       -0.037 ]
 [      -0.0275       -0.0328       -0.02         -0.1078 10000001.     ...       -0.0815        0.0502        0.084        -0.0457       -0.0797]
 ...
 [       0.0648       -0.0131       -0.0945        0.1176       -0.0815 ... 10000001.           -0.0458        0.0256       -0.0061       -0.0081]
 [      -0.02          0.1748        0.0139       -0.0406        0.0502 ...       -0.0458 10000001.           -0.0824       -0.0423        0.0548]
 [       0.0741       -0.0006       -0.0721        0.0293        0.084  ...        0.0256       -0.0824 10000001.           -0.0403        0.0028]
 [       0.0644       -0.0396        0.0284        0.0054       -0.0457 ...       -0.0061       -0.0423       -0.0403 10000001.            0.0801]
 [      -0.0096       -0.1098        0.0155       -0.037        -0.0797 ...       -0.0081        0.0548        0.0028        0.0801     4031.7202]]

------------------------------------------------------------

--- ITERAZIONE k = 51 ---
vettore w_51:
[-1.0142  0.      0.      0.     -0.     -0.     -0.     -0.     -0.     -0.      1.42    0.     -0.      0.     -0.      0.      0.      0.
 -0.      0.      0.      0.     -0.8497 -0.      0.      0.      0.     -0.      0.     -0.     -0.     -0.      0.      0.     -0.     -0.
  0.001   0.      0.      0.3813 -0.     -0.      0.      0.      0.227   1.2441 -0.     -0.      0.     -0.      0.      0.      0.     -0.8684
  0.      0.      0.      0.      0.     -0.     -0.      0.     -0.      0.      0.      0.      0.      0.      0.      0.      0.4114 -0.
 -0.     -0.     -0.     -0.      0.     -0.     -0.      0.     -0.1175 -0.     -0.      0.6142 -0.      0.     -0.     -0.      0.      0.
  0.      0.     -0.     -0.     -0.     -0.     -0.     -0.      0.      0.    ]

diagonale matrice pesi W_51 (1 / max(|w|, eps)):
[9.8597e-01 6.7267e+05 1.0000e+08 1.0000e+08 1.0000e+08 1.0000e+08 1.0000e+08 1.0000e+08 1.0000e+08 1.0000e+08 7.0424e-01 1.0000e+08 9.1260e+07
 1.0000e+08 1.0000e+08 1.0000e+08 1.0000e+08 1.0000e+08 1.0000e+08 1.0000e+08 1.0000e+08 1.0000e+08 1.1769e+00 9.2170e+05 1.0000e+08 1.0000e+08
 1.0000e+08 1.0000e+08 1.0000e+08 1.0000e+08 1.0000e+08 1.0000e+08 1.0000e+08 1.0000e+08 1.0000e+08 1.0000e+08 1.0077e+03 1.0000e+08 1.0000e+08
 2.6224e+00 1.0000e+08 1.0000e+08 1.0000e+08 1.0000e+08 4.4048e+00 8.0382e-01 1.0000e+08 1.0000e+08 1.0000e+08 1.0000e+08 1.0000e+08 1.0000e+08
 1.0000e+08 1.1516e+00 1.0000e+08 1.0000e+08 1.0000e+08 1.0000e+08 1.0000e+08 1.0000e+08 1.0000e+08 1.0000e+08 1.0000e+08 1.0000e+08 1.0000e+08
 1.0000e+08 1.0000e+08 1.0000e+08 1.0000e+08 1.0000e+08 2.4308e+00 1.0000e+08 1.0000e+08 1.0000e+08 1.0000e+08 7.5937e+05 1.0000e+08 1.0000e+08
 1.0000e+08 1.0000e+08 8.5131e+00 1.0000e+08 1.0000e+08 1.6282e+00 1.0000e+08 1.0000e+08 1.0000e+08 1.0000e+08 1.0000e+08 1.0000e+08 1.5539e+06
 1.0000e+08 1.0000e+08 1.0000e+08 1.0000e+08 1.0000e+08 1.0000e+08 1.0000e+08 1.0000e+08 4.0997e+04]

matrice di sistema Q_51 (A + lambda * W_51):
[[       1.0986       -0.0922       -0.0173       -0.0403       -0.0275 ...        0.0648       -0.02          0.0741        0.0644       -0.0096]
 [      -0.0922    67267.5137       -0.0832       -0.0403       -0.0328 ...       -0.0131        0.1748       -0.0006       -0.0396       -0.1098]
 [      -0.0173       -0.0832 10000001.           -0.0997       -0.02   ...       -0.0945        0.0139       -0.0721        0.0284        0.0155]
 [      -0.0403       -0.0403       -0.0997 10000001.           -0.1078 ...        0.1176       -0.0406        0.0293        0.0054       -0.037 ]
 [      -0.0275       -0.0328       -0.02         -0.1078 10000001.     ...       -0.0815        0.0502        0.084        -0.0457       -0.0797]
 ...
 [       0.0648       -0.0131       -0.0945        0.1176       -0.0815 ... 10000001.           -0.0458        0.0256       -0.0061       -0.0081]
 [      -0.02          0.1748        0.0139       -0.0406        0.0502 ...       -0.0458 10000001.           -0.0824       -0.0423        0.0548]
 [       0.0741       -0.0006       -0.0721        0.0293        0.084  ...        0.0256       -0.0824 10000001.           -0.0403        0.0028]
 [       0.0644       -0.0396        0.0284        0.0054       -0.0457 ...       -0.0061       -0.0423       -0.0403 10000001.            0.0801]
 [      -0.0096       -0.1098        0.0155       -0.037        -0.0797 ...       -0.0081        0.0548        0.0028        0.0801     4100.7183]]

------------------------------------------------------------

--- ITERAZIONE k = 52 ---
vettore w_52:
[-1.0142  0.      0.      0.     -0.     -0.     -0.     -0.     -0.     -0.      1.42    0.     -0.      0.     -0.      0.      0.      0.
 -0.      0.      0.      0.     -0.8497 -0.      0.      0.      0.     -0.      0.     -0.     -0.     -0.      0.      0.     -0.     -0.
  0.001   0.      0.      0.3813 -0.     -0.      0.      0.      0.227   1.2441 -0.     -0.      0.     -0.      0.      0.      0.     -0.8684
  0.      0.      0.      0.      0.     -0.     -0.      0.     -0.      0.      0.      0.      0.      0.      0.      0.      0.4114 -0.
 -0.     -0.     -0.     -0.      0.     -0.     -0.      0.     -0.1175 -0.     -0.      0.6142 -0.      0.     -0.     -0.      0.      0.
  0.      0.     -0.     -0.     -0.     -0.     -0.     -0.      0.      0.    ]

diagonale matrice pesi W_52 (1 / max(|w|, eps)):
[9.8597e-01 7.6734e+05 1.0000e+08 1.0000e+08 1.0000e+08 1.0000e+08 1.0000e+08 1.0000e+08 1.0000e+08 1.0000e+08 7.0424e-01 1.0000e+08 1.0000e+08
 1.0000e+08 1.0000e+08 1.0000e+08 1.0000e+08 1.0000e+08 1.0000e+08 1.0000e+08 1.0000e+08 1.0000e+08 1.1770e+00 8.9275e+05 1.0000e+08 1.0000e+08
 1.0000e+08 1.0000e+08 1.0000e+08 1.0000e+08 1.0000e+08 1.0000e+08 1.0000e+08 1.0000e+08 1.0000e+08 1.0000e+08 1.0245e+03 1.0000e+08 1.0000e+08
 2.6224e+00 1.0000e+08 1.0000e+08 1.0000e+08 1.0000e+08 4.4047e+00 8.0382e-01 1.0000e+08 1.0000e+08 1.0000e+08 1.0000e+08 1.0000e+08 1.0000e+08
 1.0000e+08 1.1516e+00 1.0000e+08 1.0000e+08 1.0000e+08 1.0000e+08 1.0000e+08 1.0000e+08 1.0000e+08 1.0000e+08 1.0000e+08 1.0000e+08 1.0000e+08
 1.0000e+08 1.0000e+08 1.0000e+08 1.0000e+08 1.0000e+08 2.4308e+00 1.0000e+08 1.0000e+08 1.0000e+08 1.0000e+08 7.1112e+05 1.0000e+08 1.0000e+08
 1.0000e+08 1.0000e+08 8.5131e+00 1.0000e+08 1.0000e+08 1.6282e+00 1.0000e+08 1.0000e+08 1.0000e+08 1.0000e+08 1.0000e+08 1.0000e+08 1.8282e+06
 1.0000e+08 1.0000e+08 1.0000e+08 1.0000e+08 1.0000e+08 1.0000e+08 1.0000e+08 1.0000e+08 4.1699e+04]

matrice di sistema Q_52 (A + lambda * W_52):
[[       1.0986       -0.0922       -0.0173       -0.0403       -0.0275 ...        0.0648       -0.02          0.0741        0.0644       -0.0096]
 [      -0.0922    76735.1788       -0.0832       -0.0403       -0.0328 ...       -0.0131        0.1748       -0.0006       -0.0396       -0.1098]
 [      -0.0173       -0.0832 10000001.           -0.0997       -0.02   ...       -0.0945        0.0139       -0.0721        0.0284        0.0155]
 [      -0.0403       -0.0403       -0.0997 10000001.           -0.1078 ...        0.1176       -0.0406        0.0293        0.0054       -0.037 ]
 [      -0.0275       -0.0328       -0.02         -0.1078 10000001.     ...       -0.0815        0.0502        0.084        -0.0457       -0.0797]
 ...
 [       0.0648       -0.0131       -0.0945        0.1176       -0.0815 ... 10000001.           -0.0458        0.0256       -0.0061       -0.0081]
 [      -0.02          0.1748        0.0139       -0.0406        0.0502 ...       -0.0458 10000001.           -0.0824       -0.0423        0.0548]
 [       0.0741       -0.0006       -0.0721        0.0293        0.084  ...        0.0256       -0.0824 10000001.           -0.0403        0.0028]
 [       0.0644       -0.0396        0.0284        0.0054       -0.0457 ...       -0.0061       -0.0423       -0.0403 10000001.            0.0801]
 [      -0.0096       -0.1098        0.0155       -0.037        -0.0797 ...       -0.0081        0.0548        0.0028        0.0801     4170.9115]]

------------------------------------------------------------

--- ITERAZIONE k = 53 ---
vettore w_53:
[-1.0142  0.      0.      0.     -0.     -0.     -0.     -0.     -0.     -0.      1.42    0.     -0.      0.     -0.      0.      0.      0.
 -0.      0.      0.      0.     -0.8497 -0.      0.      0.      0.     -0.      0.     -0.     -0.     -0.      0.      0.     -0.     -0.
  0.001   0.      0.      0.3813 -0.     -0.      0.      0.      0.227   1.2441 -0.     -0.      0.     -0.      0.      0.      0.     -0.8684
  0.      0.      0.      0.      0.     -0.     -0.      0.     -0.      0.      0.      0.      0.      0.      0.      0.      0.4114 -0.
 -0.     -0.     -0.     -0.      0.     -0.     -0.      0.     -0.1175 -0.     -0.      0.6142 -0.      0.     -0.     -0.      0.      0.
  0.      0.     -0.     -0.     -0.     -0.     -0.     -0.      0.      0.    ]

diagonale matrice pesi W_53 (1 / max(|w|, eps)):
[9.8597e-01 8.7534e+05 1.0000e+08 1.0000e+08 1.0000e+08 1.0000e+08 1.0000e+08 1.0000e+08 1.0000e+08 1.0000e+08 7.0424e-01 1.0000e+08 1.0000e+08
 1.0000e+08 1.0000e+08 1.0000e+08 1.0000e+08 1.0000e+08 1.0000e+08 1.0000e+08 1.0000e+08 1.0000e+08 1.1770e+00 8.6470e+05 1.0000e+08 1.0000e+08
 1.0000e+08 1.0000e+08 1.0000e+08 1.0000e+08 1.0000e+08 1.0000e+08 1.0000e+08 1.0000e+08 1.0000e+08 1.0000e+08 1.0413e+03 1.0000e+08 1.0000e+08
 2.6224e+00 1.0000e+08 1.0000e+08 1.0000e+08 1.0000e+08 4.4047e+00 8.0382e-01 1.0000e+08 1.0000e+08 1.0000e+08 1.0000e+08 1.0000e+08 1.0000e+08
 1.0000e+08 1.1516e+00 1.0000e+08 1.0000e+08 1.0000e+08 1.0000e+08 1.0000e+08 1.0000e+08 1.0000e+08 1.0000e+08 1.0000e+08 1.0000e+08 1.0000e+08
 1.0000e+08 1.0000e+08 1.0000e+08 1.0000e+08 1.0000e+08 2.4308e+00 1.0000e+08 1.0000e+08 1.0000e+08 1.0000e+08 6.6594e+05 1.0000e+08 1.0000e+08
 1.0000e+08 1.0000e+08 8.5131e+00 1.0000e+08 1.0000e+08 1.6282e+00 1.0000e+08 1.0000e+08 1.0000e+08 1.0000e+08 1.0000e+08 1.0000e+08 2.1509e+06
 1.0000e+08 1.0000e+08 1.0000e+08 1.0000e+08 1.0000e+08 1.0000e+08 1.0000e+08 1.0000e+08 4.2413e+04]

matrice di sistema Q_53 (A + lambda * W_53):
[[       1.0986       -0.0922       -0.0173       -0.0403       -0.0275 ...        0.0648       -0.02          0.0741        0.0644       -0.0096]
 [      -0.0922    87534.9339       -0.0832       -0.0403       -0.0328 ...       -0.0131        0.1748       -0.0006       -0.0396       -0.1098]
 [      -0.0173       -0.0832 10000001.           -0.0997       -0.02   ...       -0.0945        0.0139       -0.0721        0.0284        0.0155]
 [      -0.0403       -0.0403       -0.0997 10000001.           -0.1078 ...        0.1176       -0.0406        0.0293        0.0054       -0.037 ]
 [      -0.0275       -0.0328       -0.02         -0.1078 10000001.     ...       -0.0815        0.0502        0.084        -0.0457       -0.0797]
 ...
 [       0.0648       -0.0131       -0.0945        0.1176       -0.0815 ... 10000001.           -0.0458        0.0256       -0.0061       -0.0081]
 [      -0.02          0.1748        0.0139       -0.0406        0.0502 ...       -0.0458 10000001.           -0.0824       -0.0423        0.0548]
 [       0.0741       -0.0006       -0.0721        0.0293        0.084  ...        0.0256       -0.0824 10000001.           -0.0403        0.0028]
 [       0.0644       -0.0396        0.0284        0.0054       -0.0457 ...       -0.0061       -0.0423       -0.0403 10000001.            0.0801]
 [      -0.0096       -0.1098        0.0155       -0.037        -0.0797 ...       -0.0081        0.0548        0.0028        0.0801     4242.3203]]

------------------------------------------------------------

--- ITERAZIONE k = 54 ---
vettore w_54:
[-1.0142  0.      0.      0.     -0.     -0.     -0.     -0.     -0.     -0.      1.42    0.     -0.      0.     -0.      0.      0.      0.
 -0.      0.      0.      0.     -0.8496 -0.      0.      0.      0.     -0.      0.     -0.     -0.     -0.      0.      0.     -0.     -0.
  0.0009  0.      0.      0.3813 -0.     -0.      0.      0.      0.227   1.2441 -0.     -0.      0.     -0.      0.      0.      0.     -0.8684
  0.      0.      0.      0.      0.     -0.     -0.      0.     -0.      0.      0.      0.      0.      0.      0.      0.      0.4114 -0.
 -0.     -0.     -0.     -0.      0.     -0.     -0.      0.     -0.1175 -0.     -0.      0.6142 -0.      0.     -0.     -0.      0.      0.
  0.      0.     -0.     -0.     -0.     -0.     -0.     -0.      0.      0.    ]

diagonale matrice pesi W_54 (1 / max(|w|, eps)):
[9.8597e-01 9.9853e+05 1.0000e+08 1.0000e+08 1.0000e+08 1.0000e+08 1.0000e+08 1.0000e+08 1.0000e+08 1.0000e+08 7.0424e-01 1.0000e+08 1.0000e+08
 1.0000e+08 1.0000e+08 1.0000e+08 1.0000e+08 1.0000e+08 1.0000e+08 1.0000e+08 1.0000e+08 1.0000e+08 1.1770e+00 8.3752e+05 1.0000e+08 1.0000e+08
 1.0000e+08 1.0000e+08 1.0000e+08 1.0000e+08 1.0000e+08 1.0000e+08 1.0000e+08 1.0000e+08 1.0000e+08 1.0000e+08 1.0583e+03 1.0000e+08 1.0000e+08
 2.6224e+00 1.0000e+08 1.0000e+08 1.0000e+08 1.0000e+08 4.4047e+00 8.0382e-01 1.0000e+08 1.0000e+08 1.0000e+08 1.0000e+08 1.0000e+08 1.0000e+08
 1.0000e+08 1.1516e+00 1.0000e+08 1.0000e+08 1.0000e+08 1.0000e+08 1.0000e+08 1.0000e+08 1.0000e+08 1.0000e+08 1.0000e+08 1.0000e+08 1.0000e+08
 1.0000e+08 1.0000e+08 1.0000e+08 1.0000e+08 1.0000e+08 2.4308e+00 1.0000e+08 1.0000e+08 1.0000e+08 1.0000e+08 6.2365e+05 1.0000e+08 1.0000e+08
 1.0000e+08 1.0000e+08 8.5130e+00 1.0000e+08 1.0000e+08 1.6282e+00 1.0000e+08 1.0000e+08 1.0000e+08 1.0000e+08 1.0000e+08 1.0000e+08 2.5305e+06
 1.0000e+08 1.0000e+08 1.0000e+08 1.0000e+08 1.0000e+08 1.0000e+08 1.0000e+08 1.0000e+08 4.3140e+04]

matrice di sistema Q_54 (A + lambda * W_54):
[[       1.0986       -0.0922       -0.0173       -0.0403       -0.0275 ...        0.0648       -0.02          0.0741        0.0644       -0.0096]
 [      -0.0922    99854.1674       -0.0832       -0.0403       -0.0328 ...       -0.0131        0.1748       -0.0006       -0.0396       -0.1098]
 [      -0.0173       -0.0832 10000001.           -0.0997       -0.02   ...       -0.0945        0.0139       -0.0721        0.0284        0.0155]
 [      -0.0403       -0.0403       -0.0997 10000001.           -0.1078 ...        0.1176       -0.0406        0.0293        0.0054       -0.037 ]
 [      -0.0275       -0.0328       -0.02         -0.1078 10000001.     ...       -0.0815        0.0502        0.084        -0.0457       -0.0797]
 ...
 [       0.0648       -0.0131       -0.0945        0.1176       -0.0815 ... 10000001.           -0.0458        0.0256       -0.0061       -0.0081]
 [      -0.02          0.1748        0.0139       -0.0406        0.0502 ...       -0.0458 10000001.           -0.0824       -0.0423        0.0548]
 [       0.0741       -0.0006       -0.0721        0.0293        0.084  ...        0.0256       -0.0824 10000001.           -0.0403        0.0028]
 [       0.0644       -0.0396        0.0284        0.0054       -0.0457 ...       -0.0061       -0.0423       -0.0403 10000001.            0.0801]
 [      -0.0096       -0.1098        0.0155       -0.037        -0.0797 ...       -0.0081        0.0548        0.0028        0.0801     4314.9653]]

------------------------------------------------------------

--- ITERAZIONE k = 55 ---
vettore w_55:
[-1.0142  0.      0.      0.     -0.     -0.     -0.     -0.     -0.     -0.      1.42    0.     -0.      0.     -0.      0.      0.      0.
 -0.      0.      0.      0.     -0.8496 -0.      0.      0.      0.     -0.      0.     -0.     -0.     -0.      0.      0.     -0.     -0.
  0.0009  0.      0.      0.3813 -0.     -0.      0.      0.      0.227   1.2441 -0.     -0.      0.     -0.      0.      0.      0.     -0.8684
  0.      0.      0.      0.      0.     -0.     -0.      0.     -0.      0.      0.      0.      0.      0.      0.      0.      0.4114 -0.
 -0.     -0.     -0.     -0.      0.     -0.     -0.      0.     -0.1175 -0.     -0.      0.6142 -0.      0.     -0.     -0.      0.      0.
  0.      0.     -0.     -0.     -0.     -0.     -0.     -0.      0.      0.    ]

diagonale matrice pesi W_55 (1 / max(|w|, eps)):
[9.8597e-01 1.1391e+06 1.0000e+08 1.0000e+08 1.0000e+08 1.0000e+08 1.0000e+08 1.0000e+08 1.0000e+08 1.0000e+08 7.0424e-01 1.0000e+08 1.0000e+08
 1.0000e+08 1.0000e+08 1.0000e+08 1.0000e+08 1.0000e+08 1.0000e+08 1.0000e+08 1.0000e+08 1.0000e+08 1.1770e+00 8.1118e+05 1.0000e+08 1.0000e+08
 1.0000e+08 1.0000e+08 1.0000e+08 1.0000e+08 1.0000e+08 1.0000e+08 1.0000e+08 1.0000e+08 1.0000e+08 1.0000e+08 1.0754e+03 1.0000e+08 1.0000e+08
 2.6223e+00 1.0000e+08 1.0000e+08 1.0000e+08 1.0000e+08 4.4047e+00 8.0382e-01 1.0000e+08 1.0000e+08 1.0000e+08 1.0000e+08 1.0000e+08 1.0000e+08
 1.0000e+08 1.1516e+00 1.0000e+08 1.0000e+08 1.0000e+08 1.0000e+08 1.0000e+08 1.0000e+08 1.0000e+08 1.0000e+08 1.0000e+08 1.0000e+08 1.0000e+08
 1.0000e+08 1.0000e+08 1.0000e+08 1.0000e+08 1.0000e+08 2.4308e+00 1.0000e+08 1.0000e+08 1.0000e+08 1.0000e+08 5.8404e+05 1.0000e+08 1.0000e+08
 1.0000e+08 1.0000e+08 8.5130e+00 1.0000e+08 1.0000e+08 1.6282e+00 1.0000e+08 1.0000e+08 1.0000e+08 1.0000e+08 1.0000e+08 1.0000e+08 2.9771e+06
 1.0000e+08 1.0000e+08 1.0000e+08 1.0000e+08 1.0000e+08 1.0000e+08 1.0000e+08 1.0000e+08 4.3879e+04]

matrice di sistema Q_55 (A + lambda * W_55):
[[       1.0986       -0.0922       -0.0173       -0.0403       -0.0275 ...        0.0648       -0.02          0.0741        0.0644       -0.0096]
 [      -0.0922   113906.6241       -0.0832       -0.0403       -0.0328 ...       -0.0131        0.1748       -0.0006       -0.0396       -0.1098]
 [      -0.0173       -0.0832 10000001.           -0.0997       -0.02   ...       -0.0945        0.0139       -0.0721        0.0284        0.0155]
 [      -0.0403       -0.0403       -0.0997 10000001.           -0.1078 ...        0.1176       -0.0406        0.0293        0.0054       -0.037 ]
 [      -0.0275       -0.0328       -0.02         -0.1078 10000001.     ...       -0.0815        0.0502        0.084        -0.0457       -0.0797]
 ...
 [       0.0648       -0.0131       -0.0945        0.1176       -0.0815 ... 10000001.           -0.0458        0.0256       -0.0061       -0.0081]
 [      -0.02          0.1748        0.0139       -0.0406        0.0502 ...       -0.0458 10000001.           -0.0824       -0.0423        0.0548]
 [       0.0741       -0.0006       -0.0721        0.0293        0.084  ...        0.0256       -0.0824 10000001.           -0.0403        0.0028]
 [       0.0644       -0.0396        0.0284        0.0054       -0.0457 ...       -0.0061       -0.0423       -0.0403 10000001.            0.0801]
 [      -0.0096       -0.1098        0.0155       -0.037        -0.0797 ...       -0.0081        0.0548        0.0028        0.0801     4388.8678]]

------------------------------------------------------------

--- ITERAZIONE k = 56 ---
vettore w_56:
[-1.0142  0.      0.      0.     -0.     -0.     -0.     -0.     -0.     -0.      1.42    0.     -0.      0.     -0.      0.      0.      0.
 -0.      0.      0.      0.     -0.8496 -0.      0.      0.      0.     -0.      0.     -0.     -0.     -0.      0.      0.     -0.     -0.
  0.0009  0.      0.      0.3813 -0.     -0.      0.      0.      0.227   1.2441 -0.     -0.      0.     -0.      0.      0.      0.     -0.8684
  0.      0.      0.      0.      0.     -0.     -0.      0.     -0.      0.      0.      0.      0.      0.      0.      0.      0.4114 -0.
 -0.     -0.     -0.     -0.      0.     -0.     -0.      0.     -0.1175 -0.     -0.      0.6142 -0.      0.     -0.     -0.      0.      0.
  0.      0.     -0.     -0.     -0.     -0.     -0.     -0.      0.      0.    ]

diagonale matrice pesi W_56 (1 / max(|w|, eps)):
[9.8596e-01 1.2994e+06 1.0000e+08 1.0000e+08 1.0000e+08 1.0000e+08 1.0000e+08 1.0000e+08 1.0000e+08 1.0000e+08 7.0423e-01 1.0000e+08 1.0000e+08
 1.0000e+08 1.0000e+08 1.0000e+08 1.0000e+08 1.0000e+08 1.0000e+08 1.0000e+08 1.0000e+08 1.0000e+08 1.1770e+00 7.8566e+05 1.0000e+08 1.0000e+08
 1.0000e+08 1.0000e+08 1.0000e+08 1.0000e+08 1.0000e+08 1.0000e+08 1.0000e+08 1.0000e+08 1.0000e+08 1.0000e+08 1.0926e+03 1.0000e+08 1.0000e+08
 2.6223e+00 1.0000e+08 1.0000e+08 1.0000e+08 1.0000e+08 4.4047e+00 8.0382e-01 1.0000e+08 1.0000e+08 1.0000e+08 1.0000e+08 1.0000e+08 1.0000e+08
 1.0000e+08 1.1516e+00 1.0000e+08 1.0000e+08 1.0000e+08 1.0000e+08 1.0000e+08 1.0000e+08 1.0000e+08 1.0000e+08 1.0000e+08 1.0000e+08 1.0000e+08
 1.0000e+08 1.0000e+08 1.0000e+08 1.0000e+08 1.0000e+08 2.4307e+00 1.0000e+08 1.0000e+08 1.0000e+08 1.0000e+08 5.4696e+05 1.0000e+08 1.0000e+08
 1.0000e+08 1.0000e+08 8.5130e+00 1.0000e+08 1.0000e+08 1.6282e+00 1.0000e+08 1.0000e+08 1.0000e+08 1.0000e+08 1.0000e+08 1.0000e+08 3.5025e+06
 1.0000e+08 1.0000e+08 1.0000e+08 1.0000e+08 1.0000e+08 1.0000e+08 1.0000e+08 1.0000e+08 4.4630e+04]

matrice di sistema Q_56 (A + lambda * W_56):
[[       1.0986       -0.0922       -0.0173       -0.0403       -0.0275 ...        0.0648       -0.02          0.0741        0.0644       -0.0096]
 [      -0.0922   129936.1119       -0.0832       -0.0403       -0.0328 ...       -0.0131        0.1748       -0.0006       -0.0396       -0.1098]
 [      -0.0173       -0.0832 10000001.           -0.0997       -0.02   ...       -0.0945        0.0139       -0.0721        0.0284        0.0155]
 [      -0.0403       -0.0403       -0.0997 10000001.           -0.1078 ...        0.1176       -0.0406        0.0293        0.0054       -0.037 ]
 [      -0.0275       -0.0328       -0.02         -0.1078 10000001.     ...       -0.0815        0.0502        0.084        -0.0457       -0.0797]
 ...
 [       0.0648       -0.0131       -0.0945        0.1176       -0.0815 ... 10000001.           -0.0458        0.0256       -0.0061       -0.0081]
 [      -0.02          0.1748        0.0139       -0.0406        0.0502 ...       -0.0458 10000001.           -0.0824       -0.0423        0.0548]
 [       0.0741       -0.0006       -0.0721        0.0293        0.084  ...        0.0256       -0.0824 10000001.           -0.0403        0.0028]
 [       0.0644       -0.0396        0.0284        0.0054       -0.0457 ...       -0.0061       -0.0423       -0.0403 10000001.            0.0801]
 [      -0.0096       -0.1098        0.0155       -0.037        -0.0797 ...       -0.0081        0.0548        0.0028        0.0801     4464.049 ]]

------------------------------------------------------------

--- ITERAZIONE k = 57 ---
vettore w_57:
[-1.0142  0.      0.      0.     -0.     -0.     -0.     -0.     -0.     -0.      1.42    0.     -0.      0.     -0.      0.      0.      0.
 -0.      0.      0.      0.     -0.8496 -0.      0.      0.      0.     -0.      0.     -0.     -0.     -0.      0.      0.     -0.     -0.
  0.0009  0.      0.      0.3813 -0.     -0.      0.      0.      0.227   1.2441 -0.     -0.      0.     -0.      0.      0.      0.     -0.8684
  0.      0.      0.      0.      0.     -0.     -0.      0.     -0.      0.      0.      0.      0.      0.      0.      0.      0.4114 -0.
 -0.     -0.     -0.     -0.      0.     -0.     -0.      0.     -0.1175 -0.     -0.      0.6142 -0.      0.     -0.     -0.      0.      0.
  0.      0.     -0.     -0.     -0.     -0.     -0.     -0.      0.      0.    ]

diagonale matrice pesi W_57 (1 / max(|w|, eps)):
[9.8596e-01 1.4822e+06 1.0000e+08 1.0000e+08 1.0000e+08 1.0000e+08 1.0000e+08 1.0000e+08 1.0000e+08 1.0000e+08 7.0423e-01 1.0000e+08 1.0000e+08
 1.0000e+08 1.0000e+08 1.0000e+08 1.0000e+08 1.0000e+08 1.0000e+08 1.0000e+08 1.0000e+08 1.0000e+08 1.1770e+00 7.6094e+05 1.0000e+08 1.0000e+08
 1.0000e+08 1.0000e+08 1.0000e+08 1.0000e+08 1.0000e+08 1.0000e+08 1.0000e+08 1.0000e+08 1.0000e+08 1.0000e+08 1.1100e+03 1.0000e+08 1.0000e+08
 2.6223e+00 1.0000e+08 1.0000e+08 1.0000e+08 1.0000e+08 4.4047e+00 8.0382e-01 1.0000e+08 1.0000e+08 1.0000e+08 1.0000e+08 1.0000e+08 1.0000e+08
 1.0000e+08 1.1516e+00 1.0000e+08 1.0000e+08 1.0000e+08 1.0000e+08 1.0000e+08 1.0000e+08 1.0000e+08 1.0000e+08 1.0000e+08 1.0000e+08 1.0000e+08
 1.0000e+08 1.0000e+08 1.0000e+08 1.0000e+08 1.0000e+08 2.4307e+00 1.0000e+08 1.0000e+08 1.0000e+08 1.0000e+08 5.1224e+05 1.0000e+08 1.0000e+08
 1.0000e+08 1.0000e+08 8.5130e+00 1.0000e+08 1.0000e+08 1.6282e+00 1.0000e+08 1.0000e+08 1.0000e+08 1.0000e+08 1.0000e+08 1.0000e+08 4.1206e+06
 1.0000e+08 1.0000e+08 1.0000e+08 1.0000e+08 1.0000e+08 1.0000e+08 1.0000e+08 1.0000e+08 4.5395e+04]

matrice di sistema Q_57 (A + lambda * W_57):
[[       1.0986       -0.0922       -0.0173       -0.0403       -0.0275 ...        0.0648       -0.02          0.0741        0.0644       -0.0096]
 [      -0.0922   148220.729        -0.0832       -0.0403       -0.0328 ...       -0.0131        0.1748       -0.0006       -0.0396       -0.1098]
 [      -0.0173       -0.0832 10000001.           -0.0997       -0.02   ...       -0.0945        0.0139       -0.0721        0.0284        0.0155]
 [      -0.0403       -0.0403       -0.0997 10000001.           -0.1078 ...        0.1176       -0.0406        0.0293        0.0054       -0.037 ]
 [      -0.0275       -0.0328       -0.02         -0.1078 10000001.     ...       -0.0815        0.0502        0.084        -0.0457       -0.0797]
 ...
 [       0.0648       -0.0131       -0.0945        0.1176       -0.0815 ... 10000001.           -0.0458        0.0256       -0.0061       -0.0081]
 [      -0.02          0.1748        0.0139       -0.0406        0.0502 ...       -0.0458 10000001.           -0.0824       -0.0423        0.0548]
 [       0.0741       -0.0006       -0.0721        0.0293        0.084  ...        0.0256       -0.0824 10000001.           -0.0403        0.0028]
 [       0.0644       -0.0396        0.0284        0.0054       -0.0457 ...       -0.0061       -0.0423       -0.0403 10000001.            0.0801]
 [      -0.0096       -0.1098        0.0155       -0.037        -0.0797 ...       -0.0081        0.0548        0.0028        0.0801     4540.531 ]]

------------------------------------------------------------

--- ITERAZIONE k = 58 ---
vettore w_58:
[-1.0142  0.      0.      0.     -0.     -0.     -0.     -0.     -0.     -0.      1.42    0.     -0.      0.     -0.      0.      0.      0.
 -0.      0.      0.      0.     -0.8496 -0.      0.      0.      0.     -0.      0.     -0.     -0.     -0.      0.      0.     -0.     -0.
  0.0009  0.      0.      0.3813 -0.     -0.      0.      0.      0.227   1.2441 -0.     -0.      0.     -0.      0.      0.      0.     -0.8684
  0.      0.      0.      0.      0.     -0.     -0.      0.     -0.      0.      0.      0.      0.      0.      0.      0.      0.4114 -0.
 -0.     -0.     -0.     -0.      0.     -0.     -0.      0.     -0.1175 -0.     -0.      0.6142 -0.      0.     -0.     -0.      0.      0.
  0.      0.     -0.     -0.     -0.     -0.     -0.     -0.      0.      0.    ]

diagonale matrice pesi W_58 (1 / max(|w|, eps)):
[9.8596e-01 1.6908e+06 1.0000e+08 1.0000e+08 1.0000e+08 1.0000e+08 1.0000e+08 1.0000e+08 1.0000e+08 1.0000e+08 7.0423e-01 1.0000e+08 1.0000e+08
 1.0000e+08 1.0000e+08 1.0000e+08 1.0000e+08 1.0000e+08 1.0000e+08 1.0000e+08 1.0000e+08 1.0000e+08 1.1770e+00 7.3698e+05 1.0000e+08 1.0000e+08
 1.0000e+08 1.0000e+08 1.0000e+08 1.0000e+08 1.0000e+08 1.0000e+08 1.0000e+08 1.0000e+08 1.0000e+08 1.0000e+08 1.1274e+03 1.0000e+08 1.0000e+08
 2.6223e+00 1.0000e+08 1.0000e+08 1.0000e+08 1.0000e+08 4.4046e+00 8.0383e-01 1.0000e+08 1.0000e+08 1.0000e+08 1.0000e+08 1.0000e+08 1.0000e+08
 1.0000e+08 1.1516e+00 1.0000e+08 1.0000e+08 1.0000e+08 1.0000e+08 1.0000e+08 1.0000e+08 1.0000e+08 1.0000e+08 1.0000e+08 1.0000e+08 1.0000e+08
 1.0000e+08 1.0000e+08 1.0000e+08 1.0000e+08 1.0000e+08 2.4307e+00 1.0000e+08 1.0000e+08 1.0000e+08 1.0000e+08 4.7973e+05 1.0000e+08 1.0000e+08
 1.0000e+08 1.0000e+08 8.5130e+00 1.0000e+08 1.0000e+08 1.6282e+00 1.0000e+08 1.0000e+08 1.0000e+08 1.0000e+08 1.0000e+08 1.0000e+08 4.8478e+06
 1.0000e+08 1.0000e+08 1.0000e+08 1.0000e+08 1.0000e+08 1.0000e+08 1.0000e+08 1.0000e+08 4.6173e+04]

matrice di sistema Q_58 (A + lambda * W_58):
[[       1.0986       -0.0922       -0.0173       -0.0403       -0.0275 ...        0.0648       -0.02          0.0741        0.0644       -0.0096]
 [      -0.0922   169077.6865       -0.0832       -0.0403       -0.0328 ...       -0.0131        0.1748       -0.0006       -0.0396       -0.1098]
 [      -0.0173       -0.0832 10000001.           -0.0997       -0.02   ...       -0.0945        0.0139       -0.0721        0.0284        0.0155]
 [      -0.0403       -0.0403       -0.0997 10000001.           -0.1078 ...        0.1176       -0.0406        0.0293        0.0054       -0.037 ]
 [      -0.0275       -0.0328       -0.02         -0.1078 10000001.     ...       -0.0815        0.0502        0.084        -0.0457       -0.0797]
 ...
 [       0.0648       -0.0131       -0.0945        0.1176       -0.0815 ... 10000001.           -0.0458        0.0256       -0.0061       -0.0081]
 [      -0.02          0.1748        0.0139       -0.0406        0.0502 ...       -0.0458 10000001.           -0.0824       -0.0423        0.0548]
 [       0.0741       -0.0006       -0.0721        0.0293        0.084  ...        0.0256       -0.0824 10000001.           -0.0403        0.0028]
 [       0.0644       -0.0396        0.0284        0.0054       -0.0457 ...       -0.0061       -0.0423       -0.0403 10000001.            0.0801]
 [      -0.0096       -0.1098        0.0155       -0.037        -0.0797 ...       -0.0081        0.0548        0.0028        0.0801     4618.336 ]]

------------------------------------------------------------

--- ITERAZIONE k = 59 ---
vettore w_59:
[-1.0142  0.      0.      0.     -0.     -0.     -0.     -0.     -0.     -0.      1.42    0.     -0.      0.     -0.      0.      0.      0.
 -0.      0.      0.      0.     -0.8496 -0.      0.      0.      0.     -0.      0.     -0.     -0.     -0.      0.      0.     -0.     -0.
  0.0009  0.      0.      0.3813 -0.     -0.      0.      0.      0.227   1.2441 -0.     -0.      0.     -0.      0.      0.      0.     -0.8684
  0.      0.      0.      0.      0.     -0.     -0.      0.     -0.      0.      0.      0.      0.      0.      0.      0.      0.4114 -0.
 -0.     -0.     -0.     -0.      0.     -0.     -0.      0.     -0.1175 -0.     -0.      0.6142 -0.      0.     -0.     -0.      0.      0.
  0.      0.     -0.     -0.     -0.     -0.     -0.     -0.      0.      0.    ]

diagonale matrice pesi W_59 (1 / max(|w|, eps)):
[9.8596e-01 1.9287e+06 1.0000e+08 1.0000e+08 1.0000e+08 1.0000e+08 1.0000e+08 1.0000e+08 1.0000e+08 1.0000e+08 7.0423e-01 1.0000e+08 1.0000e+08
 1.0000e+08 1.0000e+08 1.0000e+08 1.0000e+08 1.0000e+08 1.0000e+08 1.0000e+08 1.0000e+08 1.0000e+08 1.1770e+00 7.1377e+05 1.0000e+08 1.0000e+08
 1.0000e+08 1.0000e+08 1.0000e+08 1.0000e+08 1.0000e+08 1.0000e+08 1.0000e+08 1.0000e+08 1.0000e+08 1.0000e+08 1.1450e+03 1.0000e+08 1.0000e+08
 2.6223e+00 1.0000e+08 1.0000e+08 1.0000e+08 1.0000e+08 4.4046e+00 8.0383e-01 1.0000e+08 1.0000e+08 1.0000e+08 1.0000e+08 1.0000e+08 1.0000e+08
 1.0000e+08 1.1516e+00 1.0000e+08 1.0000e+08 1.0000e+08 1.0000e+08 1.0000e+08 1.0000e+08 1.0000e+08 1.0000e+08 1.0000e+08 1.0000e+08 1.0000e+08
 1.0000e+08 1.0000e+08 1.0000e+08 1.0000e+08 1.0000e+08 2.4307e+00 1.0000e+08 1.0000e+08 1.0000e+08 1.0000e+08 4.4929e+05 1.0000e+08 1.0000e+08
 1.0000e+08 1.0000e+08 8.5130e+00 1.0000e+08 1.0000e+08 1.6282e+00 1.0000e+08 1.0000e+08 1.0000e+08 1.0000e+08 1.0000e+08 1.0000e+08 5.7034e+06
 1.0000e+08 1.0000e+08 1.0000e+08 1.0000e+08 1.0000e+08 1.0000e+08 1.0000e+08 1.0000e+08 4.6965e+04]

matrice di sistema Q_59 (A + lambda * W_59):
[[       1.0986       -0.0922       -0.0173       -0.0403       -0.0275 ...        0.0648       -0.02          0.0741        0.0644       -0.0096]
 [      -0.0922   192868.8086       -0.0832       -0.0403       -0.0328 ...       -0.0131        0.1748       -0.0006       -0.0396       -0.1098]
 [      -0.0173       -0.0832 10000001.           -0.0997       -0.02   ...       -0.0945        0.0139       -0.0721        0.0284        0.0155]
 [      -0.0403       -0.0403       -0.0997 10000001.           -0.1078 ...        0.1176       -0.0406        0.0293        0.0054       -0.037 ]
 [      -0.0275       -0.0328       -0.02         -0.1078 10000001.     ...       -0.0815        0.0502        0.084        -0.0457       -0.0797]
 ...
 [       0.0648       -0.0131       -0.0945        0.1176       -0.0815 ... 10000001.           -0.0458        0.0256       -0.0061       -0.0081]
 [      -0.02          0.1748        0.0139       -0.0406        0.0502 ...       -0.0458 10000001.           -0.0824       -0.0423        0.0548]
 [       0.0741       -0.0006       -0.0721        0.0293        0.084  ...        0.0256       -0.0824 10000001.           -0.0403        0.0028]
 [       0.0644       -0.0396        0.0284        0.0054       -0.0457 ...       -0.0061       -0.0423       -0.0403 10000001.            0.0801]
 [      -0.0096       -0.1098        0.0155       -0.037        -0.0797 ...       -0.0081        0.0548        0.0028        0.0801     4697.4866]]

------------------------------------------------------------

--- ITERAZIONE k = 60 ---
vettore w_60:
[-1.0142  0.      0.      0.     -0.     -0.     -0.     -0.     -0.     -0.      1.42    0.     -0.      0.     -0.      0.      0.      0.
 -0.      0.      0.      0.     -0.8496 -0.      0.      0.      0.     -0.      0.     -0.     -0.     -0.      0.      0.     -0.     -0.
  0.0009  0.      0.      0.3813 -0.     -0.      0.      0.      0.227   1.2441 -0.     -0.      0.     -0.      0.      0.      0.     -0.8684
  0.      0.      0.      0.      0.     -0.     -0.      0.     -0.      0.      0.      0.      0.      0.      0.      0.      0.4114 -0.
 -0.     -0.     -0.     -0.      0.     -0.     -0.      0.     -0.1175 -0.     -0.      0.6142 -0.      0.     -0.     -0.      0.      0.
  0.      0.     -0.     -0.     -0.     -0.     -0.     -0.      0.      0.    ]

diagonale matrice pesi W_60 (1 / max(|w|, eps)):
[9.8596e-01 2.2001e+06 1.0000e+08 1.0000e+08 1.0000e+08 1.0000e+08 1.0000e+08 1.0000e+08 1.0000e+08 1.0000e+08 7.0423e-01 1.0000e+08 1.0000e+08
 1.0000e+08 1.0000e+08 1.0000e+08 1.0000e+08 1.0000e+08 1.0000e+08 1.0000e+08 1.0000e+08 1.0000e+08 1.1770e+00 6.9128e+05 1.0000e+08 1.0000e+08
 1.0000e+08 1.0000e+08 1.0000e+08 1.0000e+08 1.0000e+08 1.0000e+08 1.0000e+08 1.0000e+08 1.0000e+08 1.0000e+08 1.1627e+03 1.0000e+08 1.0000e+08
 2.6223e+00 1.0000e+08 1.0000e+08 1.0000e+08 1.0000e+08 4.4046e+00 8.0383e-01 1.0000e+08 1.0000e+08 1.0000e+08 1.0000e+08 1.0000e+08 1.0000e+08
 1.0000e+08 1.1516e+00 1.0000e+08 1.0000e+08 1.0000e+08 1.0000e+08 1.0000e+08 1.0000e+08 1.0000e+08 1.0000e+08 1.0000e+08 1.0000e+08 1.0000e+08
 1.0000e+08 1.0000e+08 1.0000e+08 1.0000e+08 1.0000e+08 2.4307e+00 1.0000e+08 1.0000e+08 1.0000e+08 1.0000e+08 4.2078e+05 1.0000e+08 1.0000e+08
 1.0000e+08 1.0000e+08 8.5130e+00 1.0000e+08 1.0000e+08 1.6282e+00 1.0000e+08 1.0000e+08 1.0000e+08 1.0000e+08 1.0000e+08 1.0000e+08 6.7098e+06
 1.0000e+08 1.0000e+08 1.0000e+08 1.0000e+08 1.0000e+08 1.0000e+08 1.0000e+08 1.0000e+08 4.7770e+04]

matrice di sistema Q_60 (A + lambda * W_60):
[[       1.0986       -0.0922       -0.0173       -0.0403       -0.0275 ...        0.0648       -0.02          0.0741        0.0644       -0.0096]
 [      -0.0922   220006.8061       -0.0832       -0.0403       -0.0328 ...       -0.0131        0.1748       -0.0006       -0.0396       -0.1098]
 [      -0.0173       -0.0832 10000001.           -0.0997       -0.02   ...       -0.0945        0.0139       -0.0721        0.0284        0.0155]
 [      -0.0403       -0.0403       -0.0997 10000001.           -0.1078 ...        0.1176       -0.0406        0.0293        0.0054       -0.037 ]
 [      -0.0275       -0.0328       -0.02         -0.1078 10000001.     ...       -0.0815        0.0502        0.084        -0.0457       -0.0797]
 ...
 [       0.0648       -0.0131       -0.0945        0.1176       -0.0815 ... 10000001.           -0.0458        0.0256       -0.0061       -0.0081]
 [      -0.02          0.1748        0.0139       -0.0406        0.0502 ...       -0.0458 10000001.           -0.0824       -0.0423        0.0548]
 [       0.0741       -0.0006       -0.0721        0.0293        0.084  ...        0.0256       -0.0824 10000001.           -0.0403        0.0028]
 [       0.0644       -0.0396        0.0284        0.0054       -0.0457 ...       -0.0061       -0.0423       -0.0403 10000001.            0.0801]
 [      -0.0096       -0.1098        0.0155       -0.037        -0.0797 ...       -0.0081        0.0548        0.0028        0.0801     4778.0059]]

------------------------------------------------------------

--- ITERAZIONE k = 61 ---
vettore w_61:
[-1.0142  0.      0.      0.     -0.     -0.     -0.     -0.     -0.     -0.      1.42    0.     -0.      0.     -0.      0.      0.      0.
 -0.      0.      0.      0.     -0.8496 -0.      0.      0.      0.     -0.      0.     -0.     -0.     -0.      0.      0.     -0.     -0.
  0.0008  0.      0.      0.3813 -0.     -0.      0.      0.      0.227   1.2441 -0.     -0.      0.     -0.      0.      0.      0.     -0.8684
  0.      0.      0.      0.      0.     -0.     -0.      0.     -0.      0.      0.      0.      0.      0.      0.      0.      0.4114 -0.
 -0.     -0.     -0.     -0.      0.     -0.     -0.      0.     -0.1175 -0.     -0.      0.6142 -0.      0.     -0.     -0.      0.      0.
  0.      0.     -0.     -0.     -0.     -0.     -0.     -0.      0.      0.    ]

diagonale matrice pesi W_61 (1 / max(|w|, eps)):
[9.8596e-01 2.5096e+06 1.0000e+08 1.0000e+08 1.0000e+08 1.0000e+08 1.0000e+08 1.0000e+08 1.0000e+08 1.0000e+08 7.0423e-01 1.0000e+08 1.0000e+08
 1.0000e+08 1.0000e+08 1.0000e+08 1.0000e+08 1.0000e+08 1.0000e+08 1.0000e+08 1.0000e+08 1.0000e+08 1.1770e+00 6.6949e+05 1.0000e+08 1.0000e+08
 1.0000e+08 1.0000e+08 1.0000e+08 1.0000e+08 1.0000e+08 1.0000e+08 1.0000e+08 1.0000e+08 1.0000e+08 1.0000e+08 1.1806e+03 1.0000e+08 1.0000e+08
 2.6223e+00 1.0000e+08 1.0000e+08 1.0000e+08 1.0000e+08 4.4046e+00 8.0383e-01 1.0000e+08 1.0000e+08 1.0000e+08 1.0000e+08 1.0000e+08 1.0000e+08
 1.0000e+08 1.1516e+00 1.0000e+08 1.0000e+08 1.0000e+08 1.0000e+08 1.0000e+08 1.0000e+08 1.0000e+08 1.0000e+08 1.0000e+08 1.0000e+08 1.0000e+08
 1.0000e+08 1.0000e+08 1.0000e+08 1.0000e+08 1.0000e+08 2.4307e+00 1.0000e+08 1.0000e+08 1.0000e+08 1.0000e+08 3.9409e+05 1.0000e+08 1.0000e+08
 1.0000e+08 1.0000e+08 8.5130e+00 1.0000e+08 1.0000e+08 1.6282e+00 1.0000e+08 1.0000e+08 1.0000e+08 1.0000e+08 1.0000e+08 1.0000e+08 7.8939e+06
 1.0000e+08 1.0000e+08 1.0000e+08 1.0000e+08 1.0000e+08 1.0000e+08 1.0000e+08 1.0000e+08 4.8589e+04]

matrice di sistema Q_61 (A + lambda * W_61):
[[       1.0986       -0.0922       -0.0173       -0.0403       -0.0275 ...        0.0648       -0.02          0.0741        0.0644       -0.0096]
 [      -0.0922   250962.4322       -0.0832       -0.0403       -0.0328 ...       -0.0131        0.1748       -0.0006       -0.0396       -0.1098]
 [      -0.0173       -0.0832 10000001.           -0.0997       -0.02   ...       -0.0945        0.0139       -0.0721        0.0284        0.0155]
 [      -0.0403       -0.0403       -0.0997 10000001.           -0.1078 ...        0.1176       -0.0406        0.0293        0.0054       -0.037 ]
 [      -0.0275       -0.0328       -0.02         -0.1078 10000001.     ...       -0.0815        0.0502        0.084        -0.0457       -0.0797]
 ...
 [       0.0648       -0.0131       -0.0945        0.1176       -0.0815 ... 10000001.           -0.0458        0.0256       -0.0061       -0.0081]
 [      -0.02          0.1748        0.0139       -0.0406        0.0502 ...       -0.0458 10000001.           -0.0824       -0.0423        0.0548]
 [       0.0741       -0.0006       -0.0721        0.0293        0.084  ...        0.0256       -0.0824 10000001.           -0.0403        0.0028]
 [       0.0644       -0.0396        0.0284        0.0054       -0.0457 ...       -0.0061       -0.0423       -0.0403 10000001.            0.0801]
 [      -0.0096       -0.1098        0.0155       -0.037        -0.0797 ...       -0.0081        0.0548        0.0028        0.0801     4859.9173]]

------------------------------------------------------------

--- ITERAZIONE k = 62 ---
vettore w_62:
[-1.0142  0.      0.      0.     -0.     -0.     -0.     -0.     -0.     -0.      1.42    0.     -0.      0.     -0.      0.      0.      0.
 -0.      0.      0.      0.     -0.8496 -0.      0.      0.      0.     -0.      0.     -0.     -0.     -0.      0.      0.     -0.     -0.
  0.0008  0.      0.      0.3813 -0.     -0.      0.      0.      0.227   1.244  -0.     -0.      0.     -0.      0.      0.      0.     -0.8684
  0.      0.      0.      0.      0.     -0.     -0.      0.     -0.      0.      0.      0.      0.      0.      0.      0.      0.4114 -0.
 -0.     -0.     -0.     -0.      0.     -0.     -0.      0.     -0.1175 -0.     -0.      0.6142 -0.      0.     -0.     -0.      0.      0.
  0.      0.     -0.     -0.     -0.     -0.     -0.     -0.      0.      0.    ]

diagonale matrice pesi W_62 (1 / max(|w|, eps)):
[9.8596e-01 2.8627e+06 1.0000e+08 1.0000e+08 1.0000e+08 1.0000e+08 1.0000e+08 1.0000e+08 1.0000e+08 1.0000e+08 7.0423e-01 1.0000e+08 1.0000e+08
 1.0000e+08 1.0000e+08 1.0000e+08 1.0000e+08 1.0000e+08 1.0000e+08 1.0000e+08 1.0000e+08 1.0000e+08 1.1770e+00 6.4839e+05 1.0000e+08 1.0000e+08
 1.0000e+08 1.0000e+08 1.0000e+08 1.0000e+08 1.0000e+08 1.0000e+08 1.0000e+08 1.0000e+08 1.0000e+08 1.0000e+08 1.1986e+03 1.0000e+08 1.0000e+08
 2.6223e+00 1.0000e+08 1.0000e+08 1.0000e+08 1.0000e+08 4.4046e+00 8.0383e-01 1.0000e+08 1.0000e+08 1.0000e+08 1.0000e+08 1.0000e+08 1.0000e+08
 1.0000e+08 1.1516e+00 1.0000e+08 1.0000e+08 1.0000e+08 1.0000e+08 1.0000e+08 1.0000e+08 1.0000e+08 1.0000e+08 1.0000e+08 1.0000e+08 1.0000e+08
 1.0000e+08 1.0000e+08 1.0000e+08 1.0000e+08 1.0000e+08 2.4307e+00 1.0000e+08 1.0000e+08 1.0000e+08 1.0000e+08 3.6909e+05 1.0000e+08 1.0000e+08
 1.0000e+08 1.0000e+08 8.5129e+00 1.0000e+08 1.0000e+08 1.6282e+00 1.0000e+08 1.0000e+08 1.0000e+08 1.0000e+08 1.0000e+08 1.0000e+08 9.2869e+06
 1.0000e+08 1.0000e+08 1.0000e+08 1.0000e+08 1.0000e+08 1.0000e+08 1.0000e+08 1.0000e+08 4.9422e+04]

matrice di sistema Q_62 (A + lambda * W_62):
[[       1.0986       -0.0922       -0.0173       -0.0403       -0.0275 ...        0.0648       -0.02          0.0741        0.0644       -0.0096]
 [      -0.0922   286272.6445       -0.0832       -0.0403       -0.0328 ...       -0.0131        0.1748       -0.0006       -0.0396       -0.1098]
 [      -0.0173       -0.0832 10000001.           -0.0997       -0.02   ...       -0.0945        0.0139       -0.0721        0.0284        0.0155]
 [      -0.0403       -0.0403       -0.0997 10000001.           -0.1078 ...        0.1176       -0.0406        0.0293        0.0054       -0.037 ]
 [      -0.0275       -0.0328       -0.02         -0.1078 10000001.     ...       -0.0815        0.0502        0.084        -0.0457       -0.0797]
 ...
 [       0.0648       -0.0131       -0.0945        0.1176       -0.0815 ... 10000001.           -0.0458        0.0256       -0.0061       -0.0081]
 [      -0.02          0.1748        0.0139       -0.0406        0.0502 ...       -0.0458 10000001.           -0.0824       -0.0423        0.0548]
 [       0.0741       -0.0006       -0.0721        0.0293        0.084  ...        0.0256       -0.0824 10000001.           -0.0403        0.0028]
 [       0.0644       -0.0396        0.0284        0.0054       -0.0457 ...       -0.0061       -0.0423       -0.0403 10000001.            0.0801]
 [      -0.0096       -0.1098        0.0155       -0.037        -0.0797 ...       -0.0081        0.0548        0.0028        0.0801     4943.2447]]

------------------------------------------------------------

--- ITERAZIONE k = 63 ---
vettore w_63:
[-1.0142  0.      0.      0.     -0.     -0.     -0.     -0.     -0.     -0.      1.42    0.     -0.      0.     -0.      0.      0.      0.
 -0.      0.      0.      0.     -0.8496 -0.      0.      0.      0.     -0.      0.     -0.     -0.     -0.      0.      0.     -0.     -0.
  0.0008  0.      0.      0.3813 -0.     -0.      0.      0.      0.227   1.244  -0.     -0.      0.     -0.      0.      0.      0.     -0.8684
  0.      0.      0.      0.      0.     -0.     -0.      0.     -0.      0.      0.      0.      0.      0.      0.      0.      0.4114 -0.
 -0.     -0.     -0.     -0.      0.     -0.     -0.      0.     -0.1175 -0.     -0.      0.6142 -0.      0.     -0.     -0.      0.      0.
  0.      0.     -0.     -0.     -0.     -0.     -0.     -0.      0.      0.    ]

diagonale matrice pesi W_63 (1 / max(|w|, eps)):
[9.8596e-01 3.2655e+06 1.0000e+08 1.0000e+08 1.0000e+08 1.0000e+08 1.0000e+08 1.0000e+08 1.0000e+08 1.0000e+08 7.0423e-01 1.0000e+08 1.0000e+08
 1.0000e+08 1.0000e+08 1.0000e+08 1.0000e+08 1.0000e+08 1.0000e+08 1.0000e+08 1.0000e+08 1.0000e+08 1.1770e+00 6.2794e+05 1.0000e+08 1.0000e+08
 1.0000e+08 1.0000e+08 1.0000e+08 1.0000e+08 1.0000e+08 1.0000e+08 1.0000e+08 1.0000e+08 1.0000e+08 1.0000e+08 1.2167e+03 1.0000e+08 1.0000e+08
 2.6223e+00 1.0000e+08 1.0000e+08 1.0000e+08 1.0000e+08 4.4046e+00 8.0383e-01 1.0000e+08 1.0000e+08 1.0000e+08 1.0000e+08 1.0000e+08 1.0000e+08
 1.0000e+08 1.1515e+00 1.0000e+08 1.0000e+08 1.0000e+08 1.0000e+08 1.0000e+08 1.0000e+08 1.0000e+08 1.0000e+08 1.0000e+08 1.0000e+08 1.0000e+08
 1.0000e+08 1.0000e+08 1.0000e+08 1.0000e+08 1.0000e+08 2.4307e+00 1.0000e+08 1.0000e+08 1.0000e+08 1.0000e+08 3.4569e+05 1.0000e+08 1.0000e+08
 1.0000e+08 1.0000e+08 8.5129e+00 1.0000e+08 1.0000e+08 1.6282e+00 1.0000e+08 1.0000e+08 1.0000e+08 1.0000e+08 1.0000e+08 1.0000e+08 1.0926e+07
 1.0000e+08 1.0000e+08 1.0000e+08 1.0000e+08 1.0000e+08 1.0000e+08 1.0000e+08 1.0000e+08 5.0270e+04]

matrice di sistema Q_63 (A + lambda * W_63):
[[       1.0986       -0.0922       -0.0173       -0.0403       -0.0275 ...        0.0648       -0.02          0.0741        0.0644       -0.0096]
 [      -0.0922   326549.9141       -0.0832       -0.0403       -0.0328 ...       -0.0131        0.1748       -0.0006       -0.0396       -0.1098]
 [      -0.0173       -0.0832 10000001.           -0.0997       -0.02   ...       -0.0945        0.0139       -0.0721        0.0284        0.0155]
 [      -0.0403       -0.0403       -0.0997 10000001.           -0.1078 ...        0.1176       -0.0406        0.0293        0.0054       -0.037 ]
 [      -0.0275       -0.0328       -0.02         -0.1078 10000001.     ...       -0.0815        0.0502        0.084        -0.0457       -0.0797]
 ...
 [       0.0648       -0.0131       -0.0945        0.1176       -0.0815 ... 10000001.           -0.0458        0.0256       -0.0061       -0.0081]
 [      -0.02          0.1748        0.0139       -0.0406        0.0502 ...       -0.0458 10000001.           -0.0824       -0.0423        0.0548]
 [       0.0741       -0.0006       -0.0721        0.0293        0.084  ...        0.0256       -0.0824 10000001.           -0.0403        0.0028]
 [       0.0644       -0.0396        0.0284        0.0054       -0.0457 ...       -0.0061       -0.0423       -0.0403 10000001.            0.0801]
 [      -0.0096       -0.1098        0.0155       -0.037        -0.0797 ...       -0.0081        0.0548        0.0028        0.0801     5028.0124]]

------------------------------------------------------------

--- ITERAZIONE k = 64 ---
vettore w_64:
[-1.0142  0.      0.      0.     -0.     -0.     -0.     -0.     -0.     -0.      1.42    0.     -0.      0.     -0.      0.      0.      0.
 -0.      0.      0.      0.     -0.8496 -0.      0.      0.      0.     -0.      0.     -0.     -0.     -0.      0.      0.     -0.     -0.
  0.0008  0.      0.      0.3813 -0.     -0.      0.      0.      0.227   1.244  -0.     -0.      0.     -0.      0.      0.      0.     -0.8684
  0.      0.      0.      0.      0.     -0.     -0.      0.     -0.      0.      0.      0.      0.      0.      0.      0.      0.4114 -0.
 -0.     -0.     -0.     -0.      0.     -0.     -0.      0.     -0.1175 -0.     -0.      0.6142 -0.      0.     -0.     -0.      0.      0.
  0.      0.     -0.     -0.     -0.     -0.     -0.     -0.      0.      0.    ]

diagonale matrice pesi W_64 (1 / max(|w|, eps)):
[9.8595e-01 3.7249e+06 1.0000e+08 1.0000e+08 1.0000e+08 1.0000e+08 1.0000e+08 1.0000e+08 1.0000e+08 1.0000e+08 7.0423e-01 1.0000e+08 1.0000e+08
 1.0000e+08 1.0000e+08 1.0000e+08 1.0000e+08 1.0000e+08 1.0000e+08 1.0000e+08 1.0000e+08 1.0000e+08 1.1770e+00 6.0813e+05 1.0000e+08 1.0000e+08
 1.0000e+08 1.0000e+08 1.0000e+08 1.0000e+08 1.0000e+08 1.0000e+08 1.0000e+08 1.0000e+08 1.0000e+08 1.0000e+08 1.2349e+03 1.0000e+08 1.0000e+08
 2.6223e+00 1.0000e+08 1.0000e+08 1.0000e+08 1.0000e+08 4.4046e+00 8.0383e-01 1.0000e+08 1.0000e+08 1.0000e+08 1.0000e+08 1.0000e+08 1.0000e+08
 1.0000e+08 1.1515e+00 1.0000e+08 1.0000e+08 1.0000e+08 1.0000e+08 1.0000e+08 1.0000e+08 1.0000e+08 1.0000e+08 1.0000e+08 1.0000e+08 1.0000e+08
 1.0000e+08 1.0000e+08 1.0000e+08 1.0000e+08 1.0000e+08 2.4306e+00 1.0000e+08 1.0000e+08 1.0000e+08 1.0000e+08 3.2377e+05 1.0000e+08 1.0000e+08
 1.0000e+08 1.0000e+08 8.5129e+00 1.0000e+08 1.0000e+08 1.6282e+00 1.0000e+08 1.0000e+08 1.0000e+08 1.0000e+08 1.0000e+08 1.0000e+08 1.2854e+07
 1.0000e+08 1.0000e+08 1.0000e+08 1.0000e+08 1.0000e+08 1.0000e+08 1.0000e+08 1.0000e+08 5.1132e+04]

matrice di sistema Q_64 (A + lambda * W_64):
[[       1.0986       -0.0922       -0.0173       -0.0403       -0.0275 ...        0.0648       -0.02          0.0741        0.0644       -0.0096]
 [      -0.0922   372492.8446       -0.0832       -0.0403       -0.0328 ...       -0.0131        0.1748       -0.0006       -0.0396       -0.1098]
 [      -0.0173       -0.0832 10000001.           -0.0997       -0.02   ...       -0.0945        0.0139       -0.0721        0.0284        0.0155]
 [      -0.0403       -0.0403       -0.0997 10000001.           -0.1078 ...        0.1176       -0.0406        0.0293        0.0054       -0.037 ]
 [      -0.0275       -0.0328       -0.02         -0.1078 10000001.     ...       -0.0815        0.0502        0.084        -0.0457       -0.0797]
 ...
 [       0.0648       -0.0131       -0.0945        0.1176       -0.0815 ... 10000001.           -0.0458        0.0256       -0.0061       -0.0081]
 [      -0.02          0.1748        0.0139       -0.0406        0.0502 ...       -0.0458 10000001.           -0.0824       -0.0423        0.0548]
 [       0.0741       -0.0006       -0.0721        0.0293        0.084  ...        0.0256       -0.0824 10000001.           -0.0403        0.0028]
 [       0.0644       -0.0396        0.0284        0.0054       -0.0457 ...       -0.0061       -0.0423       -0.0403 10000001.            0.0801]
 [      -0.0096       -0.1098        0.0155       -0.037        -0.0797 ...       -0.0081        0.0548        0.0028        0.0801     5114.245 ]]

------------------------------------------------------------

--- ITERAZIONE k = 65 ---
vettore w_65:
[-1.0142  0.      0.      0.     -0.     -0.     -0.     -0.     -0.     -0.      1.42    0.     -0.      0.     -0.      0.      0.      0.
 -0.      0.      0.      0.     -0.8496 -0.      0.      0.      0.     -0.      0.     -0.     -0.     -0.      0.      0.     -0.     -0.
  0.0008  0.      0.      0.3813 -0.     -0.      0.      0.      0.227   1.244  -0.     -0.      0.     -0.      0.      0.      0.     -0.8684
  0.      0.      0.      0.      0.     -0.     -0.      0.     -0.      0.      0.      0.      0.      0.      0.      0.      0.4114 -0.
 -0.     -0.     -0.     -0.      0.     -0.     -0.      0.     -0.1175 -0.     -0.      0.6142 -0.      0.     -0.     -0.      0.      0.
  0.      0.     -0.     -0.     -0.     -0.     -0.     -0.      0.      0.    ]

diagonale matrice pesi W_65 (1 / max(|w|, eps)):
[9.8595e-01 4.2490e+06 1.0000e+08 1.0000e+08 1.0000e+08 1.0000e+08 1.0000e+08 1.0000e+08 1.0000e+08 1.0000e+08 7.0423e-01 1.0000e+08 1.0000e+08
 1.0000e+08 1.0000e+08 1.0000e+08 1.0000e+08 1.0000e+08 1.0000e+08 1.0000e+08 1.0000e+08 1.0000e+08 1.1770e+00 5.8894e+05 1.0000e+08 1.0000e+08
 1.0000e+08 1.0000e+08 1.0000e+08 1.0000e+08 1.0000e+08 1.0000e+08 1.0000e+08 1.0000e+08 1.0000e+08 1.0000e+08 1.2533e+03 1.0000e+08 1.0000e+08
 2.6223e+00 1.0000e+08 1.0000e+08 1.0000e+08 1.0000e+08 4.4046e+00 8.0383e-01 1.0000e+08 1.0000e+08 1.0000e+08 1.0000e+08 1.0000e+08 1.0000e+08
 1.0000e+08 1.1515e+00 1.0000e+08 1.0000e+08 1.0000e+08 1.0000e+08 1.0000e+08 1.0000e+08 1.0000e+08 1.0000e+08 1.0000e+08 1.0000e+08 1.0000e+08
 1.0000e+08 1.0000e+08 1.0000e+08 1.0000e+08 1.0000e+08 2.4306e+00 1.0000e+08 1.0000e+08 1.0000e+08 1.0000e+08 3.0324e+05 1.0000e+08 1.0000e+08
 1.0000e+08 1.0000e+08 8.5129e+00 1.0000e+08 1.0000e+08 1.6282e+00 1.0000e+08 1.0000e+08 1.0000e+08 1.0000e+08 1.0000e+08 1.0000e+08 1.5122e+07
 1.0000e+08 1.0000e+08 1.0000e+08 1.0000e+08 1.0000e+08 1.0000e+08 1.0000e+08 1.0000e+08 5.2010e+04]

matrice di sistema Q_65 (A + lambda * W_65):
[[       1.0986       -0.0922       -0.0173       -0.0403       -0.0275 ...        0.0648       -0.02          0.0741        0.0644       -0.0096]
 [      -0.0922   424898.2825       -0.0832       -0.0403       -0.0328 ...       -0.0131        0.1748       -0.0006       -0.0396       -0.1098]
 [      -0.0173       -0.0832 10000001.           -0.0997       -0.02   ...       -0.0945        0.0139       -0.0721        0.0284        0.0155]
 [      -0.0403       -0.0403       -0.0997 10000001.           -0.1078 ...        0.1176       -0.0406        0.0293        0.0054       -0.037 ]
 [      -0.0275       -0.0328       -0.02         -0.1078 10000001.     ...       -0.0815        0.0502        0.084        -0.0457       -0.0797]
 ...
 [       0.0648       -0.0131       -0.0945        0.1176       -0.0815 ... 10000001.           -0.0458        0.0256       -0.0061       -0.0081]
 [      -0.02          0.1748        0.0139       -0.0406        0.0502 ...       -0.0458 10000001.           -0.0824       -0.0423        0.0548]
 [       0.0741       -0.0006       -0.0721        0.0293        0.084  ...        0.0256       -0.0824 10000001.           -0.0403        0.0028]
 [       0.0644       -0.0396        0.0284        0.0054       -0.0457 ...       -0.0061       -0.0423       -0.0403 10000001.            0.0801]
 [      -0.0096       -0.1098        0.0155       -0.037        -0.0797 ...       -0.0081        0.0548        0.0028        0.0801     5201.9679]]

------------------------------------------------------------

--- ITERAZIONE k = 66 ---
vettore w_66:
[-1.0142  0.      0.      0.     -0.     -0.     -0.     -0.     -0.     -0.      1.42    0.     -0.      0.     -0.      0.      0.      0.
 -0.      0.      0.      0.     -0.8496 -0.      0.      0.      0.     -0.      0.     -0.     -0.     -0.      0.      0.     -0.     -0.
  0.0008  0.      0.      0.3813 -0.     -0.      0.      0.      0.227   1.244  -0.     -0.      0.     -0.      0.      0.      0.     -0.8684
  0.      0.      0.      0.      0.     -0.     -0.      0.     -0.      0.      0.      0.      0.      0.      0.      0.      0.4114 -0.
 -0.     -0.     -0.     -0.      0.     -0.     -0.      0.     -0.1175 -0.     -0.      0.6142 -0.      0.     -0.     -0.      0.      0.
  0.      0.     -0.     -0.     -0.     -0.     -0.     -0.      0.      0.    ]

diagonale matrice pesi W_66 (1 / max(|w|, eps)):
[9.8595e-01 4.8467e+06 1.0000e+08 1.0000e+08 1.0000e+08 1.0000e+08 1.0000e+08 1.0000e+08 1.0000e+08 1.0000e+08 7.0423e-01 1.0000e+08 1.0000e+08
 1.0000e+08 1.0000e+08 1.0000e+08 1.0000e+08 1.0000e+08 1.0000e+08 1.0000e+08 1.0000e+08 1.0000e+08 1.1770e+00 5.7035e+05 1.0000e+08 1.0000e+08
 1.0000e+08 1.0000e+08 1.0000e+08 1.0000e+08 1.0000e+08 1.0000e+08 1.0000e+08 1.0000e+08 1.0000e+08 1.0000e+08 1.2718e+03 1.0000e+08 1.0000e+08
 2.6223e+00 1.0000e+08 1.0000e+08 1.0000e+08 1.0000e+08 4.4045e+00 8.0383e-01 1.0000e+08 1.0000e+08 1.0000e+08 1.0000e+08 1.0000e+08 1.0000e+08
 1.0000e+08 1.1515e+00 1.0000e+08 1.0000e+08 1.0000e+08 1.0000e+08 1.0000e+08 1.0000e+08 1.0000e+08 1.0000e+08 1.0000e+08 1.0000e+08 1.0000e+08
 1.0000e+08 1.0000e+08 1.0000e+08 1.0000e+08 1.0000e+08 2.4306e+00 1.0000e+08 1.0000e+08 1.0000e+08 1.0000e+08 2.8402e+05 1.0000e+08 1.0000e+08
 1.0000e+08 1.0000e+08 8.5129e+00 1.0000e+08 1.0000e+08 1.6282e+00 1.0000e+08 1.0000e+08 1.0000e+08 1.0000e+08 1.0000e+08 1.0000e+08 1.7790e+07
 1.0000e+08 1.0000e+08 1.0000e+08 1.0000e+08 1.0000e+08 1.0000e+08 1.0000e+08 1.0000e+08 5.2902e+04]

matrice di sistema Q_66 (A + lambda * W_66):
[[       1.0986       -0.0922       -0.0173       -0.0403       -0.0275 ...        0.0648       -0.02          0.0741        0.0644       -0.0096]
 [      -0.0922   484675.132        -0.0832       -0.0403       -0.0328 ...       -0.0131        0.1748       -0.0006       -0.0396       -0.1098]
 [      -0.0173       -0.0832 10000001.           -0.0997       -0.02   ...       -0.0945        0.0139       -0.0721        0.0284        0.0155]
 [      -0.0403       -0.0403       -0.0997 10000001.           -0.1078 ...        0.1176       -0.0406        0.0293        0.0054       -0.037 ]
 [      -0.0275       -0.0328       -0.02         -0.1078 10000001.     ...       -0.0815        0.0502        0.084        -0.0457       -0.0797]
 ...
 [       0.0648       -0.0131       -0.0945        0.1176       -0.0815 ... 10000001.           -0.0458        0.0256       -0.0061       -0.0081]
 [      -0.02          0.1748        0.0139       -0.0406        0.0502 ...       -0.0458 10000001.           -0.0824       -0.0423        0.0548]
 [       0.0741       -0.0006       -0.0721        0.0293        0.084  ...        0.0256       -0.0824 10000001.           -0.0403        0.0028]
 [       0.0644       -0.0396        0.0284        0.0054       -0.0457 ...       -0.0061       -0.0423       -0.0403 10000001.            0.0801]
 [      -0.0096       -0.1098        0.0155       -0.037        -0.0797 ...       -0.0081        0.0548        0.0028        0.0801     5291.2064]]

------------------------------------------------------------

--- ITERAZIONE k = 67 ---
vettore w_67:
[-1.0142  0.      0.      0.     -0.     -0.     -0.     -0.     -0.     -0.      1.42    0.     -0.      0.     -0.      0.      0.      0.
 -0.      0.      0.      0.     -0.8496 -0.      0.      0.      0.     -0.      0.     -0.     -0.     -0.      0.      0.     -0.     -0.
  0.0008  0.      0.      0.3813 -0.     -0.      0.      0.      0.227   1.244  -0.     -0.      0.     -0.      0.      0.      0.     -0.8684
  0.      0.      0.      0.      0.     -0.     -0.      0.     -0.      0.      0.      0.      0.      0.      0.      0.      0.4114 -0.
 -0.     -0.     -0.     -0.      0.     -0.     -0.      0.     -0.1175 -0.     -0.      0.6142 -0.      0.     -0.     -0.      0.      0.
  0.      0.     -0.     -0.     -0.     -0.     -0.     -0.      0.      0.    ]

diagonale matrice pesi W_67 (1 / max(|w|, eps)):
[9.8595e-01 5.5286e+06 1.0000e+08 1.0000e+08 1.0000e+08 1.0000e+08 1.0000e+08 1.0000e+08 1.0000e+08 1.0000e+08 7.0423e-01 1.0000e+08 1.0000e+08
 1.0000e+08 1.0000e+08 1.0000e+08 1.0000e+08 1.0000e+08 1.0000e+08 1.0000e+08 1.0000e+08 1.0000e+08 1.1770e+00 5.5234e+05 1.0000e+08 1.0000e+08
 1.0000e+08 1.0000e+08 1.0000e+08 1.0000e+08 1.0000e+08 1.0000e+08 1.0000e+08 1.0000e+08 1.0000e+08 1.0000e+08 1.2904e+03 1.0000e+08 1.0000e+08
 2.6223e+00 1.0000e+08 1.0000e+08 1.0000e+08 1.0000e+08 4.4045e+00 8.0383e-01 1.0000e+08 1.0000e+08 1.0000e+08 1.0000e+08 1.0000e+08 1.0000e+08
 1.0000e+08 1.1515e+00 1.0000e+08 1.0000e+08 1.0000e+08 1.0000e+08 1.0000e+08 1.0000e+08 1.0000e+08 1.0000e+08 1.0000e+08 1.0000e+08 1.0000e+08
 1.0000e+08 1.0000e+08 1.0000e+08 1.0000e+08 1.0000e+08 2.4306e+00 1.0000e+08 1.0000e+08 1.0000e+08 1.0000e+08 2.6602e+05 1.0000e+08 1.0000e+08
 1.0000e+08 1.0000e+08 8.5129e+00 1.0000e+08 1.0000e+08 1.6282e+00 1.0000e+08 1.0000e+08 1.0000e+08 1.0000e+08 1.0000e+08 1.0000e+08 2.0929e+07
 1.0000e+08 1.0000e+08 1.0000e+08 1.0000e+08 1.0000e+08 1.0000e+08 1.0000e+08 1.0000e+08 5.3810e+04]

matrice di sistema Q_67 (A + lambda * W_67):
[[       1.0986       -0.0922       -0.0173       -0.0403       -0.0275 ...        0.0648       -0.02          0.0741        0.0644       -0.0096]
 [      -0.0922   552860.1106       -0.0832       -0.0403       -0.0328 ...       -0.0131        0.1748       -0.0006       -0.0396       -0.1098]
 [      -0.0173       -0.0832 10000001.           -0.0997       -0.02   ...       -0.0945        0.0139       -0.0721        0.0284        0.0155]
 [      -0.0403       -0.0403       -0.0997 10000001.           -0.1078 ...        0.1176       -0.0406        0.0293        0.0054       -0.037 ]
 [      -0.0275       -0.0328       -0.02         -0.1078 10000001.     ...       -0.0815        0.0502        0.084        -0.0457       -0.0797]
 ...
 [       0.0648       -0.0131       -0.0945        0.1176       -0.0815 ... 10000001.           -0.0458        0.0256       -0.0061       -0.0081]
 [      -0.02          0.1748        0.0139       -0.0406        0.0502 ...       -0.0458 10000001.           -0.0824       -0.0423        0.0548]
 [       0.0741       -0.0006       -0.0721        0.0293        0.084  ...        0.0256       -0.0824 10000001.           -0.0403        0.0028]
 [       0.0644       -0.0396        0.0284        0.0054       -0.0457 ...       -0.0061       -0.0423       -0.0403 10000001.            0.0801]
 [      -0.0096       -0.1098        0.0155       -0.037        -0.0797 ...       -0.0081        0.0548        0.0028        0.0801     5381.9867]]

------------------------------------------------------------

--- ITERAZIONE k = 68 ---
vettore w_68:
[-1.0143  0.      0.      0.     -0.     -0.     -0.     -0.     -0.     -0.      1.42    0.     -0.      0.     -0.      0.      0.      0.
 -0.      0.      0.      0.     -0.8496 -0.      0.      0.      0.     -0.      0.     -0.     -0.     -0.      0.      0.     -0.     -0.
  0.0008  0.      0.      0.3813 -0.     -0.      0.      0.      0.227   1.244  -0.     -0.      0.     -0.      0.      0.      0.     -0.8684
  0.      0.      0.      0.      0.     -0.     -0.      0.     -0.      0.      0.      0.      0.      0.      0.      0.      0.4114 -0.
 -0.     -0.     -0.     -0.      0.     -0.     -0.      0.     -0.1175 -0.     -0.      0.6142 -0.      0.     -0.     -0.      0.      0.
  0.      0.     -0.     -0.     -0.     -0.     -0.     -0.      0.      0.    ]

diagonale matrice pesi W_68 (1 / max(|w|, eps)):
[9.8595e-01 6.3063e+06 1.0000e+08 1.0000e+08 1.0000e+08 1.0000e+08 1.0000e+08 1.0000e+08 1.0000e+08 1.0000e+08 7.0423e-01 1.0000e+08 1.0000e+08
 1.0000e+08 1.0000e+08 1.0000e+08 1.0000e+08 1.0000e+08 1.0000e+08 1.0000e+08 1.0000e+08 1.0000e+08 1.1770e+00 5.3489e+05 1.0000e+08 1.0000e+08
 1.0000e+08 1.0000e+08 1.0000e+08 1.0000e+08 1.0000e+08 1.0000e+08 1.0000e+08 1.0000e+08 1.0000e+08 1.0000e+08 1.3092e+03 1.0000e+08 1.0000e+08
 2.6223e+00 1.0000e+08 1.0000e+08 1.0000e+08 1.0000e+08 4.4045e+00 8.0383e-01 1.0000e+08 1.0000e+08 1.0000e+08 1.0000e+08 1.0000e+08 1.0000e+08
 1.0000e+08 1.1515e+00 1.0000e+08 1.0000e+08 1.0000e+08 1.0000e+08 1.0000e+08 1.0000e+08 1.0000e+08 1.0000e+08 1.0000e+08 1.0000e+08 1.0000e+08
 1.0000e+08 1.0000e+08 1.0000e+08 1.0000e+08 1.0000e+08 2.4306e+00 1.0000e+08 1.0000e+08 1.0000e+08 1.0000e+08 2.4917e+05 1.0000e+08 1.0000e+08
 1.0000e+08 1.0000e+08 8.5129e+00 1.0000e+08 1.0000e+08 1.6282e+00 1.0000e+08 1.0000e+08 1.0000e+08 1.0000e+08 1.0000e+08 1.0000e+08 2.4622e+07
 1.0000e+08 1.0000e+08 1.0000e+08 1.0000e+08 1.0000e+08 1.0000e+08 1.0000e+08 1.0000e+08 5.4733e+04]

matrice di sistema Q_68 (A + lambda * W_68):
[[       1.0986       -0.0922       -0.0173       -0.0403       -0.0275 ...        0.0648       -0.02          0.0741        0.0644       -0.0096]
 [      -0.0922   630635.7212       -0.0832       -0.0403       -0.0328 ...       -0.0131        0.1748       -0.0006       -0.0396       -0.1098]
 [      -0.0173       -0.0832 10000001.           -0.0997       -0.02   ...       -0.0945        0.0139       -0.0721        0.0284        0.0155]
 [      -0.0403       -0.0403       -0.0997 10000001.           -0.1078 ...        0.1176       -0.0406        0.0293        0.0054       -0.037 ]
 [      -0.0275       -0.0328       -0.02         -0.1078 10000001.     ...       -0.0815        0.0502        0.084        -0.0457       -0.0797]
 ...
 [       0.0648       -0.0131       -0.0945        0.1176       -0.0815 ... 10000001.           -0.0458        0.0256       -0.0061       -0.0081]
 [      -0.02          0.1748        0.0139       -0.0406        0.0502 ...       -0.0458 10000001.           -0.0824       -0.0423        0.0548]
 [       0.0741       -0.0006       -0.0721        0.0293        0.084  ...        0.0256       -0.0824 10000001.           -0.0403        0.0028]
 [       0.0644       -0.0396        0.0284        0.0054       -0.0457 ...       -0.0061       -0.0423       -0.0403 10000001.            0.0801]
 [      -0.0096       -0.1098        0.0155       -0.037        -0.0797 ...       -0.0081        0.0548        0.0028        0.0801     5474.3353]]

------------------------------------------------------------

--- ITERAZIONE k = 69 ---
vettore w_69:
[-1.0143  0.      0.      0.     -0.     -0.     -0.     -0.     -0.     -0.      1.42    0.     -0.      0.     -0.      0.      0.      0.
 -0.      0.      0.      0.     -0.8496 -0.      0.      0.      0.     -0.      0.     -0.     -0.     -0.      0.      0.     -0.     -0.
  0.0008  0.      0.      0.3813 -0.     -0.      0.      0.      0.227   1.244  -0.     -0.      0.     -0.      0.      0.      0.     -0.8684
  0.      0.      0.      0.      0.     -0.     -0.      0.     -0.      0.      0.      0.      0.      0.      0.      0.      0.4114 -0.
 -0.     -0.     -0.     -0.      0.     -0.     -0.      0.     -0.1175 -0.     -0.      0.6142 -0.      0.     -0.     -0.      0.      0.
  0.      0.     -0.     -0.     -0.     -0.     -0.     -0.      0.      0.    ]

diagonale matrice pesi W_69 (1 / max(|w|, eps)):
[9.8595e-01 7.1935e+06 1.0000e+08 1.0000e+08 1.0000e+08 1.0000e+08 1.0000e+08 1.0000e+08 1.0000e+08 1.0000e+08 7.0423e-01 1.0000e+08 1.0000e+08
 1.0000e+08 1.0000e+08 1.0000e+08 1.0000e+08 1.0000e+08 1.0000e+08 1.0000e+08 1.0000e+08 1.0000e+08 1.1770e+00 5.1799e+05 1.0000e+08 1.0000e+08
 1.0000e+08 1.0000e+08 1.0000e+08 1.0000e+08 1.0000e+08 1.0000e+08 1.0000e+08 1.0000e+08 1.0000e+08 1.0000e+08 1.3281e+03 1.0000e+08 1.0000e+08
 2.6223e+00 1.0000e+08 1.0000e+08 1.0000e+08 1.0000e+08 4.4045e+00 8.0383e-01 1.0000e+08 1.0000e+08 1.0000e+08 1.0000e+08 1.0000e+08 1.0000e+08
 1.0000e+08 1.1515e+00 1.0000e+08 1.0000e+08 1.0000e+08 1.0000e+08 1.0000e+08 1.0000e+08 1.0000e+08 1.0000e+08 1.0000e+08 1.0000e+08 1.0000e+08
 1.0000e+08 1.0000e+08 1.0000e+08 1.0000e+08 1.0000e+08 2.4306e+00 1.0000e+08 1.0000e+08 1.0000e+08 1.0000e+08 2.3338e+05 1.0000e+08 1.0000e+08
 1.0000e+08 1.0000e+08 8.5129e+00 1.0000e+08 1.0000e+08 1.6282e+00 1.0000e+08 1.0000e+08 1.0000e+08 1.0000e+08 1.0000e+08 1.0000e+08 2.8966e+07
 1.0000e+08 1.0000e+08 1.0000e+08 1.0000e+08 1.0000e+08 1.0000e+08 1.0000e+08 1.0000e+08 5.5673e+04]

matrice di sistema Q_69 (A + lambda * W_69):
[[       1.0986       -0.0922       -0.0173       -0.0403       -0.0275 ...        0.0648       -0.02          0.0741        0.0644       -0.0096]
 [      -0.0922   719350.7491       -0.0832       -0.0403       -0.0328 ...       -0.0131        0.1748       -0.0006       -0.0396       -0.1098]
 [      -0.0173       -0.0832 10000001.           -0.0997       -0.02   ...       -0.0945        0.0139       -0.0721        0.0284        0.0155]
 [      -0.0403       -0.0403       -0.0997 10000001.           -0.1078 ...        0.1176       -0.0406        0.0293        0.0054       -0.037 ]
 [      -0.0275       -0.0328       -0.02         -0.1078 10000001.     ...       -0.0815        0.0502        0.084        -0.0457       -0.0797]
 ...
 [       0.0648       -0.0131       -0.0945        0.1176       -0.0815 ... 10000001.           -0.0458        0.0256       -0.0061       -0.0081]
 [      -0.02          0.1748        0.0139       -0.0406        0.0502 ...       -0.0458 10000001.           -0.0824       -0.0423        0.0548]
 [       0.0741       -0.0006       -0.0721        0.0293        0.084  ...        0.0256       -0.0824 10000001.           -0.0403        0.0028]
 [       0.0644       -0.0396        0.0284        0.0054       -0.0457 ...       -0.0061       -0.0423       -0.0403 10000001.            0.0801]
 [      -0.0096       -0.1098        0.0155       -0.037        -0.0797 ...       -0.0081        0.0548        0.0028        0.0801     5568.2791]]

------------------------------------------------------------

--- ITERAZIONE k = 70 ---
vettore w_70:
[-1.0143  0.      0.      0.     -0.     -0.     -0.     -0.     -0.     -0.      1.42    0.     -0.      0.     -0.      0.      0.      0.
 -0.      0.      0.      0.     -0.8496 -0.      0.      0.      0.     -0.      0.     -0.     -0.     -0.      0.      0.     -0.     -0.
  0.0007  0.      0.      0.3814 -0.     -0.      0.      0.      0.227   1.244  -0.     -0.      0.     -0.      0.      0.      0.     -0.8684
  0.      0.      0.      0.      0.     -0.     -0.      0.     -0.      0.      0.      0.      0.      0.      0.      0.      0.4114 -0.
 -0.     -0.     -0.     -0.      0.     -0.     -0.      0.     -0.1175 -0.     -0.      0.6142 -0.      0.     -0.     -0.      0.      0.
  0.      0.     -0.     -0.     -0.     -0.     -0.     -0.      0.      0.    ]

diagonale matrice pesi W_70 (1 / max(|w|, eps)):
[9.8595e-01 8.2054e+06 1.0000e+08 1.0000e+08 1.0000e+08 1.0000e+08 1.0000e+08 1.0000e+08 1.0000e+08 1.0000e+08 7.0423e-01 1.0000e+08 1.0000e+08
 1.0000e+08 1.0000e+08 1.0000e+08 1.0000e+08 1.0000e+08 1.0000e+08 1.0000e+08 1.0000e+08 1.0000e+08 1.1770e+00 5.0162e+05 1.0000e+08 1.0000e+08
 1.0000e+08 1.0000e+08 1.0000e+08 1.0000e+08 1.0000e+08 1.0000e+08 1.0000e+08 1.0000e+08 1.0000e+08 1.0000e+08 1.3471e+03 1.0000e+08 1.0000e+08
 2.6223e+00 1.0000e+08 1.0000e+08 1.0000e+08 1.0000e+08 4.4045e+00 8.0383e-01 1.0000e+08 1.0000e+08 1.0000e+08 1.0000e+08 1.0000e+08 1.0000e+08
 1.0000e+08 1.1515e+00 1.0000e+08 1.0000e+08 1.0000e+08 1.0000e+08 1.0000e+08 1.0000e+08 1.0000e+08 1.0000e+08 1.0000e+08 1.0000e+08 1.0000e+08
 1.0000e+08 1.0000e+08 1.0000e+08 1.0000e+08 1.0000e+08 2.4306e+00 1.0000e+08 1.0000e+08 1.0000e+08 1.0000e+08 2.1860e+05 1.0000e+08 1.0000e+08
 1.0000e+08 1.0000e+08 8.5128e+00 1.0000e+08 1.0000e+08 1.6282e+00 1.0000e+08 1.0000e+08 1.0000e+08 1.0000e+08 1.0000e+08 1.0000e+08 3.4077e+07
 1.0000e+08 1.0000e+08 1.0000e+08 1.0000e+08 1.0000e+08 1.0000e+08 1.0000e+08 1.0000e+08 5.6628e+04]

matrice di sistema Q_70 (A + lambda * W_70):
[[       1.0986       -0.0922       -0.0173       -0.0403       -0.0275 ...        0.0648       -0.02          0.0741        0.0644       -0.0096]
 [      -0.0922   820543.6426       -0.0832       -0.0403       -0.0328 ...       -0.0131        0.1748       -0.0006       -0.0396       -0.1098]
 [      -0.0173       -0.0832 10000001.           -0.0997       -0.02   ...       -0.0945        0.0139       -0.0721        0.0284        0.0155]
 [      -0.0403       -0.0403       -0.0997 10000001.           -0.1078 ...        0.1176       -0.0406        0.0293        0.0054       -0.037 ]
 [      -0.0275       -0.0328       -0.02         -0.1078 10000001.     ...       -0.0815        0.0502        0.084        -0.0457       -0.0797]
 ...
 [       0.0648       -0.0131       -0.0945        0.1176       -0.0815 ... 10000001.           -0.0458        0.0256       -0.0061       -0.0081]
 [      -0.02          0.1748        0.0139       -0.0406        0.0502 ...       -0.0458 10000001.           -0.0824       -0.0423        0.0548]
 [       0.0741       -0.0006       -0.0721        0.0293        0.084  ...        0.0256       -0.0824 10000001.           -0.0403        0.0028]
 [       0.0644       -0.0396        0.0284        0.0054       -0.0457 ...       -0.0061       -0.0423       -0.0403 10000001.            0.0801]
 [      -0.0096       -0.1098        0.0155       -0.037        -0.0797 ...       -0.0081        0.0548        0.0028        0.0801     5663.8456]]

------------------------------------------------------------

--- ITERAZIONE k = 71 ---
vettore w_71:
[-1.0143  0.      0.      0.     -0.     -0.     -0.     -0.     -0.     -0.      1.42    0.     -0.      0.     -0.      0.      0.      0.
 -0.      0.      0.      0.     -0.8496 -0.      0.      0.      0.     -0.      0.     -0.     -0.     -0.      0.      0.     -0.     -0.
  0.0007  0.      0.      0.3814 -0.     -0.      0.      0.      0.227   1.244  -0.     -0.      0.     -0.      0.      0.      0.     -0.8684
  0.      0.      0.      0.      0.     -0.     -0.      0.     -0.      0.      0.      0.      0.      0.      0.      0.      0.4114 -0.
 -0.     -0.     -0.     -0.      0.     -0.     -0.      0.     -0.1175 -0.     -0.      0.6142 -0.      0.     -0.     -0.      0.      0.
  0.      0.     -0.     -0.     -0.     -0.     -0.     -0.      0.      0.    ]

diagonale matrice pesi W_71 (1 / max(|w|, eps)):
[9.8595e-01 9.3597e+06 1.0000e+08 1.0000e+08 1.0000e+08 1.0000e+08 1.0000e+08 1.0000e+08 1.0000e+08 1.0000e+08 7.0423e-01 1.0000e+08 1.0000e+08
 1.0000e+08 1.0000e+08 1.0000e+08 1.0000e+08 1.0000e+08 1.0000e+08 1.0000e+08 1.0000e+08 1.0000e+08 1.1770e+00 4.8576e+05 1.0000e+08 1.0000e+08
 1.0000e+08 1.0000e+08 1.0000e+08 1.0000e+08 1.0000e+08 1.0000e+08 1.0000e+08 1.0000e+08 1.0000e+08 1.0000e+08 1.3663e+03 1.0000e+08 1.0000e+08
 2.6223e+00 1.0000e+08 1.0000e+08 1.0000e+08 1.0000e+08 4.4045e+00 8.0383e-01 1.0000e+08 1.0000e+08 1.0000e+08 1.0000e+08 1.0000e+08 1.0000e+08
 1.0000e+08 1.1515e+00 1.0000e+08 1.0000e+08 1.0000e+08 1.0000e+08 1.0000e+08 1.0000e+08 1.0000e+08 1.0000e+08 1.0000e+08 1.0000e+08 1.0000e+08
 1.0000e+08 1.0000e+08 1.0000e+08 1.0000e+08 1.0000e+08 2.4306e+00 1.0000e+08 1.0000e+08 1.0000e+08 1.0000e+08 2.0475e+05 1.0000e+08 1.0000e+08
 1.0000e+08 1.0000e+08 8.5128e+00 1.0000e+08 1.0000e+08 1.6282e+00 1.0000e+08 1.0000e+08 1.0000e+08 1.0000e+08 1.0000e+08 1.0000e+08 4.0090e+07
 1.0000e+08 1.0000e+08 1.0000e+08 1.0000e+08 1.0000e+08 1.0000e+08 1.0000e+08 1.0000e+08 5.7601e+04]

matrice di sistema Q_71 (A + lambda * W_71):
[[       1.0986       -0.0922       -0.0173       -0.0403       -0.0275 ...        0.0648       -0.02          0.0741        0.0644       -0.0096]
 [      -0.0922   935969.1787       -0.0832       -0.0403       -0.0328 ...       -0.0131        0.1748       -0.0006       -0.0396       -0.1098]
 [      -0.0173       -0.0832 10000001.           -0.0997       -0.02   ...       -0.0945        0.0139       -0.0721        0.0284        0.0155]
 [      -0.0403       -0.0403       -0.0997 10000001.           -0.1078 ...        0.1176       -0.0406        0.0293        0.0054       -0.037 ]
 [      -0.0275       -0.0328       -0.02         -0.1078 10000001.     ...       -0.0815        0.0502        0.084        -0.0457       -0.0797]
 ...
 [       0.0648       -0.0131       -0.0945        0.1176       -0.0815 ... 10000001.           -0.0458        0.0256       -0.0061       -0.0081]
 [      -0.02          0.1748        0.0139       -0.0406        0.0502 ...       -0.0458 10000001.           -0.0824       -0.0423        0.0548]
 [       0.0741       -0.0006       -0.0721        0.0293        0.084  ...        0.0256       -0.0824 10000001.           -0.0403        0.0028]
 [       0.0644       -0.0396        0.0284        0.0054       -0.0457 ...       -0.0061       -0.0423       -0.0403 10000001.            0.0801]
 [      -0.0096       -0.1098        0.0155       -0.037        -0.0797 ...       -0.0081        0.0548        0.0028        0.0801     5761.0625]]

------------------------------------------------------------

--- ITERAZIONE k = 72 ---
vettore w_72:
[-1.0143  0.      0.      0.     -0.     -0.     -0.     -0.     -0.     -0.      1.42    0.     -0.      0.     -0.      0.      0.      0.
 -0.      0.      0.      0.     -0.8496 -0.      0.      0.      0.     -0.      0.     -0.     -0.     -0.      0.      0.     -0.     -0.
  0.0007  0.      0.      0.3814 -0.     -0.      0.      0.      0.227   1.244  -0.     -0.      0.     -0.      0.      0.      0.     -0.8684
  0.      0.      0.      0.      0.     -0.     -0.      0.     -0.      0.      0.      0.      0.      0.      0.      0.      0.4114 -0.
 -0.     -0.     -0.     -0.      0.     -0.     -0.      0.     -0.1175 -0.     -0.      0.6142 -0.      0.     -0.     -0.      0.      0.
  0.      0.     -0.     -0.     -0.     -0.     -0.     -0.      0.      0.    ]

diagonale matrice pesi W_72 (1 / max(|w|, eps)):
[9.8595e-01 1.0676e+07 1.0000e+08 1.0000e+08 1.0000e+08 1.0000e+08 1.0000e+08 1.0000e+08 1.0000e+08 1.0000e+08 7.0423e-01 1.0000e+08 1.0000e+08
 1.0000e+08 1.0000e+08 1.0000e+08 1.0000e+08 1.0000e+08 1.0000e+08 1.0000e+08 1.0000e+08 1.0000e+08 1.1770e+00 4.7040e+05 1.0000e+08 1.0000e+08
 1.0000e+08 1.0000e+08 1.0000e+08 1.0000e+08 1.0000e+08 1.0000e+08 1.0000e+08 1.0000e+08 1.0000e+08 1.0000e+08 1.3856e+03 1.0000e+08 1.0000e+08
 2.6223e+00 1.0000e+08 1.0000e+08 1.0000e+08 1.0000e+08 4.4045e+00 8.0383e-01 1.0000e+08 1.0000e+08 1.0000e+08 1.0000e+08 1.0000e+08 1.0000e+08
 1.0000e+08 1.1515e+00 1.0000e+08 1.0000e+08 1.0000e+08 1.0000e+08 1.0000e+08 1.0000e+08 1.0000e+08 1.0000e+08 1.0000e+08 1.0000e+08 1.0000e+08
 1.0000e+08 1.0000e+08 1.0000e+08 1.0000e+08 1.0000e+08 2.4306e+00 1.0000e+08 1.0000e+08 1.0000e+08 1.0000e+08 1.9179e+05 1.0000e+08 1.0000e+08
 1.0000e+08 1.0000e+08 8.5128e+00 1.0000e+08 1.0000e+08 1.6282e+00 1.0000e+08 1.0000e+08 1.0000e+08 1.0000e+08 1.0000e+08 1.0000e+08 4.7164e+07
 1.0000e+08 1.0000e+08 1.0000e+08 1.0000e+08 1.0000e+08 1.0000e+08 1.0000e+08 1.0000e+08 5.8590e+04]

matrice di sistema Q_72 (A + lambda * W_72):
[[       1.0986       -0.0922       -0.0173       -0.0403       -0.0275 ...        0.0648       -0.02          0.0741        0.0644       -0.0096]
 [      -0.0922  1067628.8789       -0.0832       -0.0403       -0.0328 ...       -0.0131        0.1748       -0.0006       -0.0396       -0.1098]
 [      -0.0173       -0.0832 10000001.           -0.0997       -0.02   ...       -0.0945        0.0139       -0.0721        0.0284        0.0155]
 [      -0.0403       -0.0403       -0.0997 10000001.           -0.1078 ...        0.1176       -0.0406        0.0293        0.0054       -0.037 ]
 [      -0.0275       -0.0328       -0.02         -0.1078 10000001.     ...       -0.0815        0.0502        0.084        -0.0457       -0.0797]
 ...
 [       0.0648       -0.0131       -0.0945        0.1176       -0.0815 ... 10000001.           -0.0458        0.0256       -0.0061       -0.0081]
 [      -0.02          0.1748        0.0139       -0.0406        0.0502 ...       -0.0458 10000001.           -0.0824       -0.0423        0.0548]
 [       0.0741       -0.0006       -0.0721        0.0293        0.084  ...        0.0256       -0.0824 10000001.           -0.0403        0.0028]
 [       0.0644       -0.0396        0.0284        0.0054       -0.0457 ...       -0.0061       -0.0423       -0.0403 10000001.            0.0801]
 [      -0.0096       -0.1098        0.0155       -0.037        -0.0797 ...       -0.0081        0.0548        0.0028        0.0801     5859.9585]]

------------------------------------------------------------

--- ITERAZIONE k = 73 ---
vettore w_73:
[-1.0143  0.      0.      0.     -0.     -0.     -0.     -0.     -0.     -0.      1.42    0.     -0.      0.     -0.      0.      0.      0.
 -0.      0.      0.      0.     -0.8496 -0.      0.      0.      0.     -0.      0.     -0.     -0.     -0.      0.      0.     -0.     -0.
  0.0007  0.      0.      0.3814 -0.     -0.      0.      0.      0.227   1.244  -0.     -0.      0.     -0.      0.      0.      0.     -0.8684
  0.      0.      0.      0.      0.     -0.     -0.      0.     -0.      0.      0.      0.      0.      0.      0.      0.      0.4114 -0.
 -0.     -0.     -0.     -0.      0.     -0.     -0.      0.     -0.1175 -0.     -0.      0.6142 -0.      0.     -0.     -0.      0.      0.
  0.      0.     -0.     -0.     -0.     -0.     -0.     -0.      0.      0.    ]

diagonale matrice pesi W_73 (1 / max(|w|, eps)):
[9.8595e-01 1.2178e+07 1.0000e+08 1.0000e+08 1.0000e+08 1.0000e+08 1.0000e+08 1.0000e+08 1.0000e+08 1.0000e+08 7.0423e-01 1.0000e+08 1.0000e+08
 1.0000e+08 1.0000e+08 1.0000e+08 1.0000e+08 1.0000e+08 1.0000e+08 1.0000e+08 1.0000e+08 1.0000e+08 1.1770e+00 4.5552e+05 1.0000e+08 1.0000e+08
 1.0000e+08 1.0000e+08 1.0000e+08 1.0000e+08 1.0000e+08 1.0000e+08 1.0000e+08 1.0000e+08 1.0000e+08 1.0000e+08 1.4050e+03 1.0000e+08 1.0000e+08
 2.6222e+00 1.0000e+08 1.0000e+08 1.0000e+08 1.0000e+08 4.4045e+00 8.0383e-01 1.0000e+08 1.0000e+08 1.0000e+08 1.0000e+08 1.0000e+08 1.0000e+08
 1.0000e+08 1.1515e+00 1.0000e+08 1.0000e+08 1.0000e+08 1.0000e+08 1.0000e+08 1.0000e+08 1.0000e+08 1.0000e+08 1.0000e+08 1.0000e+08 1.0000e+08
 1.0000e+08 1.0000e+08 1.0000e+08 1.0000e+08 1.0000e+08 2.4306e+00 1.0000e+08 1.0000e+08 1.0000e+08 1.0000e+08 1.7965e+05 1.0000e+08 1.0000e+08
 1.0000e+08 1.0000e+08 8.5128e+00 1.0000e+08 1.0000e+08 1.6282e+00 1.0000e+08 1.0000e+08 1.0000e+08 1.0000e+08 1.0000e+08 1.0000e+08 5.5485e+07
 1.0000e+08 1.0000e+08 1.0000e+08 1.0000e+08 1.0000e+08 1.0000e+08 1.0000e+08 1.0000e+08 5.9596e+04]

matrice di sistema Q_73 (A + lambda * W_73):
[[       1.0986       -0.0922       -0.0173       -0.0403       -0.0275 ...        0.0648       -0.02          0.0741        0.0644       -0.0096]
 [      -0.0922  1217805.6995       -0.0832       -0.0403       -0.0328 ...       -0.0131        0.1748       -0.0006       -0.0396       -0.1098]
 [      -0.0173       -0.0832 10000001.           -0.0997       -0.02   ...       -0.0945        0.0139       -0.0721        0.0284        0.0155]
 [      -0.0403       -0.0403       -0.0997 10000001.           -0.1078 ...        0.1176       -0.0406        0.0293        0.0054       -0.037 ]
 [      -0.0275       -0.0328       -0.02         -0.1078 10000001.     ...       -0.0815        0.0502        0.084        -0.0457       -0.0797]
 ...
 [       0.0648       -0.0131       -0.0945        0.1176       -0.0815 ... 10000001.           -0.0458        0.0256       -0.0061       -0.0081]
 [      -0.02          0.1748        0.0139       -0.0406        0.0502 ...       -0.0458 10000001.           -0.0824       -0.0423        0.0548]
 [       0.0741       -0.0006       -0.0721        0.0293        0.084  ...        0.0256       -0.0824 10000001.           -0.0403        0.0028]
 [       0.0644       -0.0396        0.0284        0.0054       -0.0457 ...       -0.0061       -0.0423       -0.0403 10000001.            0.0801]
 [      -0.0096       -0.1098        0.0155       -0.037        -0.0797 ...       -0.0081        0.0548        0.0028        0.0801     5960.5622]]

------------------------------------------------------------

--- ITERAZIONE k = 74 ---
vettore w_74:
[-1.0143  0.      0.      0.     -0.     -0.     -0.     -0.     -0.     -0.      1.42    0.     -0.      0.     -0.      0.      0.      0.
 -0.      0.      0.      0.     -0.8496 -0.      0.      0.      0.     -0.      0.     -0.     -0.     -0.      0.      0.     -0.     -0.
  0.0007  0.      0.      0.3814 -0.     -0.      0.      0.      0.227   1.244  -0.     -0.      0.     -0.      0.      0.      0.     -0.8684
  0.      0.      0.      0.      0.     -0.     -0.      0.     -0.      0.      0.      0.      0.      0.      0.      0.      0.4114 -0.
 -0.     -0.     -0.     -0.      0.     -0.     -0.      0.     -0.1175 -0.     -0.      0.6142 -0.      0.     -0.     -0.      0.      0.
  0.      0.     -0.     -0.     -0.     -0.     -0.     -0.      0.      0.    ]

diagonale matrice pesi W_74 (1 / max(|w|, eps)):
[9.8594e-01 1.3891e+07 1.0000e+08 1.0000e+08 1.0000e+08 1.0000e+08 1.0000e+08 1.0000e+08 1.0000e+08 1.0000e+08 7.0423e-01 1.0000e+08 1.0000e+08
 1.0000e+08 1.0000e+08 1.0000e+08 1.0000e+08 1.0000e+08 1.0000e+08 1.0000e+08 1.0000e+08 1.0000e+08 1.1770e+00 4.4111e+05 1.0000e+08 1.0000e+08
 1.0000e+08 1.0000e+08 1.0000e+08 1.0000e+08 1.0000e+08 1.0000e+08 1.0000e+08 1.0000e+08 1.0000e+08 1.0000e+08 1.4246e+03 1.0000e+08 1.0000e+08
 2.6222e+00 1.0000e+08 1.0000e+08 1.0000e+08 1.0000e+08 4.4045e+00 8.0383e-01 1.0000e+08 1.0000e+08 1.0000e+08 1.0000e+08 1.0000e+08 1.0000e+08
 1.0000e+08 1.1515e+00 1.0000e+08 1.0000e+08 1.0000e+08 1.0000e+08 1.0000e+08 1.0000e+08 1.0000e+08 1.0000e+08 1.0000e+08 1.0000e+08 1.0000e+08
 1.0000e+08 1.0000e+08 1.0000e+08 1.0000e+08 1.0000e+08 2.4305e+00 1.0000e+08 1.0000e+08 1.0000e+08 1.0000e+08 1.6827e+05 1.0000e+08 1.0000e+08
 1.0000e+08 1.0000e+08 8.5128e+00 1.0000e+08 1.0000e+08 1.6282e+00 1.0000e+08 1.0000e+08 1.0000e+08 1.0000e+08 1.0000e+08 1.0000e+08 6.5275e+07
 1.0000e+08 1.0000e+08 1.0000e+08 1.0000e+08 1.0000e+08 1.0000e+08 1.0000e+08 1.0000e+08 6.0619e+04]

matrice di sistema Q_74 (A + lambda * W_74):
[[       1.0986       -0.0922       -0.0173       -0.0403       -0.0275 ...        0.0648       -0.02          0.0741        0.0644       -0.0096]
 [      -0.0922  1389103.5998       -0.0832       -0.0403       -0.0328 ...       -0.0131        0.1748       -0.0006       -0.0396       -0.1098]
 [      -0.0173       -0.0832 10000001.           -0.0997       -0.02   ...       -0.0945        0.0139       -0.0721        0.0284        0.0155]
 [      -0.0403       -0.0403       -0.0997 10000001.           -0.1078 ...        0.1176       -0.0406        0.0293        0.0054       -0.037 ]
 [      -0.0275       -0.0328       -0.02         -0.1078 10000001.     ...       -0.0815        0.0502        0.084        -0.0457       -0.0797]
 ...
 [       0.0648       -0.0131       -0.0945        0.1176       -0.0815 ... 10000001.           -0.0458        0.0256       -0.0061       -0.0081]
 [      -0.02          0.1748        0.0139       -0.0406        0.0502 ...       -0.0458 10000001.           -0.0824       -0.0423        0.0548]
 [       0.0741       -0.0006       -0.0721        0.0293        0.084  ...        0.0256       -0.0824 10000001.           -0.0403        0.0028]
 [       0.0644       -0.0396        0.0284        0.0054       -0.0457 ...       -0.0061       -0.0423       -0.0403 10000001.            0.0801]
 [      -0.0096       -0.1098        0.0155       -0.037        -0.0797 ...       -0.0081        0.0548        0.0028        0.0801     6062.9031]]

------------------------------------------------------------

--- ITERAZIONE k = 75 ---
vettore w_75:
[-1.0143  0.      0.      0.     -0.     -0.     -0.     -0.     -0.     -0.      1.42    0.     -0.      0.     -0.      0.      0.      0.
 -0.      0.      0.      0.     -0.8496 -0.      0.      0.      0.     -0.      0.     -0.     -0.     -0.      0.      0.     -0.     -0.
  0.0007  0.      0.      0.3814 -0.     -0.      0.      0.      0.227   1.244  -0.     -0.      0.     -0.      0.      0.      0.     -0.8684
  0.      0.      0.      0.      0.     -0.     -0.      0.     -0.      0.      0.      0.      0.      0.      0.      0.      0.4114 -0.
 -0.     -0.     -0.     -0.      0.     -0.     -0.      0.     -0.1175 -0.     -0.      0.6142 -0.      0.     -0.     -0.      0.      0.
  0.      0.     -0.     -0.     -0.     -0.     -0.     -0.      0.      0.    ]

diagonale matrice pesi W_75 (1 / max(|w|, eps)):
[9.8594e-01 1.5845e+07 1.0000e+08 1.0000e+08 1.0000e+08 1.0000e+08 1.0000e+08 1.0000e+08 1.0000e+08 1.0000e+08 7.0423e-01 1.0000e+08 1.0000e+08
 1.0000e+08 1.0000e+08 1.0000e+08 1.0000e+08 1.0000e+08 1.0000e+08 1.0000e+08 1.0000e+08 1.0000e+08 1.1770e+00 4.2715e+05 1.0000e+08 1.0000e+08
 1.0000e+08 1.0000e+08 1.0000e+08 1.0000e+08 1.0000e+08 1.0000e+08 1.0000e+08 1.0000e+08 1.0000e+08 1.0000e+08 1.4443e+03 1.0000e+08 1.0000e+08
 2.6222e+00 1.0000e+08 1.0000e+08 1.0000e+08 1.0000e+08 4.4044e+00 8.0383e-01 1.0000e+08 1.0000e+08 1.0000e+08 1.0000e+08 1.0000e+08 1.0000e+08
 1.0000e+08 1.1515e+00 1.0000e+08 1.0000e+08 1.0000e+08 1.0000e+08 1.0000e+08 1.0000e+08 1.0000e+08 1.0000e+08 1.0000e+08 1.0000e+08 1.0000e+08
 1.0000e+08 1.0000e+08 1.0000e+08 1.0000e+08 1.0000e+08 2.4305e+00 1.0000e+08 1.0000e+08 1.0000e+08 1.0000e+08 1.5762e+05 1.0000e+08 1.0000e+08
 1.0000e+08 1.0000e+08 8.5128e+00 1.0000e+08 1.0000e+08 1.6282e+00 1.0000e+08 1.0000e+08 1.0000e+08 1.0000e+08 1.0000e+08 1.0000e+08 7.6791e+07
 1.0000e+08 1.0000e+08 1.0000e+08 1.0000e+08 1.0000e+08 1.0000e+08 1.0000e+08 1.0000e+08 6.1660e+04]

matrice di sistema Q_75 (A + lambda * W_75):
[[       1.0986       -0.0922       -0.0173       -0.0403       -0.0275 ...        0.0648       -0.02          0.0741        0.0644       -0.0096]
 [      -0.0922  1584492.6714       -0.0832       -0.0403       -0.0328 ...       -0.0131        0.1748       -0.0006       -0.0396       -0.1098]
 [      -0.0173       -0.0832 10000001.           -0.0997       -0.02   ...       -0.0945        0.0139       -0.0721        0.0284        0.0155]
 [      -0.0403       -0.0403       -0.0997 10000001.           -0.1078 ...        0.1176       -0.0406        0.0293        0.0054       -0.037 ]
 [      -0.0275       -0.0328       -0.02         -0.1078 10000001.     ...       -0.0815        0.0502        0.084        -0.0457       -0.0797]
 ...
 [       0.0648       -0.0131       -0.0945        0.1176       -0.0815 ... 10000001.           -0.0458        0.0256       -0.0061       -0.0081]
 [      -0.02          0.1748        0.0139       -0.0406        0.0502 ...       -0.0458 10000001.           -0.0824       -0.0423        0.0548]
 [       0.0741       -0.0006       -0.0721        0.0293        0.084  ...        0.0256       -0.0824 10000001.           -0.0403        0.0028]
 [       0.0644       -0.0396        0.0284        0.0054       -0.0457 ...       -0.0061       -0.0423       -0.0403 10000001.            0.0801]
 [      -0.0096       -0.1098        0.0155       -0.037        -0.0797 ...       -0.0081        0.0548        0.0028        0.0801     6167.0112]]

------------------------------------------------------------

--- ITERAZIONE k = 76 ---
vettore w_76:
[-1.0143  0.      0.      0.     -0.     -0.     -0.     -0.     -0.     -0.      1.42    0.     -0.      0.     -0.      0.      0.      0.
 -0.      0.      0.      0.     -0.8496 -0.      0.      0.      0.     -0.      0.     -0.     -0.     -0.      0.      0.     -0.     -0.
  0.0007  0.      0.      0.3814 -0.     -0.      0.      0.      0.227   1.244  -0.     -0.      0.     -0.      0.      0.      0.     -0.8684
  0.      0.      0.      0.      0.     -0.     -0.      0.     -0.      0.      0.      0.      0.      0.      0.      0.      0.4114 -0.
 -0.     -0.     -0.     -0.      0.     -0.     -0.      0.     -0.1175 -0.     -0.      0.6142 -0.      0.     -0.     -0.      0.      0.
  0.      0.     -0.     -0.     -0.     -0.     -0.     -0.      0.      0.    ]

diagonale matrice pesi W_76 (1 / max(|w|, eps)):
[9.8594e-01 1.8074e+07 1.0000e+08 1.0000e+08 1.0000e+08 1.0000e+08 1.0000e+08 1.0000e+08 1.0000e+08 1.0000e+08 7.0422e-01 1.0000e+08 1.0000e+08
 1.0000e+08 1.0000e+08 1.0000e+08 1.0000e+08 1.0000e+08 1.0000e+08 1.0000e+08 1.0000e+08 1.0000e+08 1.1770e+00 4.1363e+05 1.0000e+08 1.0000e+08
 1.0000e+08 1.0000e+08 1.0000e+08 1.0000e+08 1.0000e+08 1.0000e+08 1.0000e+08 1.0000e+08 1.0000e+08 1.0000e+08 1.4642e+03 1.0000e+08 1.0000e+08
 2.6222e+00 1.0000e+08 1.0000e+08 1.0000e+08 1.0000e+08 4.4044e+00 8.0383e-01 1.0000e+08 1.0000e+08 1.0000e+08 1.0000e+08 1.0000e+08 1.0000e+08
 1.0000e+08 1.1515e+00 1.0000e+08 1.0000e+08 1.0000e+08 1.0000e+08 1.0000e+08 1.0000e+08 1.0000e+08 1.0000e+08 1.0000e+08 1.0000e+08 1.0000e+08
 1.0000e+08 1.0000e+08 1.0000e+08 1.0000e+08 1.0000e+08 2.4305e+00 1.0000e+08 1.0000e+08 1.0000e+08 1.0000e+08 1.4765e+05 1.0000e+08 1.0000e+08
 1.0000e+08 1.0000e+08 8.5128e+00 1.0000e+08 1.0000e+08 1.6282e+00 1.0000e+08 1.0000e+08 1.0000e+08 1.0000e+08 1.0000e+08 1.0000e+08 9.0340e+07
 1.0000e+08 1.0000e+08 1.0000e+08 1.0000e+08 1.0000e+08 1.0000e+08 1.0000e+08 1.0000e+08 6.2719e+04]

matrice di sistema Q_76 (A + lambda * W_76):
[[       1.0986       -0.0922       -0.0173       -0.0403       -0.0275 ...        0.0648       -0.02          0.0741        0.0644       -0.0096]
 [      -0.0922  1807360.6118       -0.0832       -0.0403       -0.0328 ...       -0.0131        0.1748       -0.0006       -0.0396       -0.1098]
 [      -0.0173       -0.0832 10000001.           -0.0997       -0.02   ...       -0.0945        0.0139       -0.0721        0.0284        0.0155]
 [      -0.0403       -0.0403       -0.0997 10000001.           -0.1078 ...        0.1176       -0.0406        0.0293        0.0054       -0.037 ]
 [      -0.0275       -0.0328       -0.02         -0.1078 10000001.     ...       -0.0815        0.0502        0.084        -0.0457       -0.0797]
 ...
 [       0.0648       -0.0131       -0.0945        0.1176       -0.0815 ... 10000001.           -0.0458        0.0256       -0.0061       -0.0081]
 [      -0.02          0.1748        0.0139       -0.0406        0.0502 ...       -0.0458 10000001.           -0.0824       -0.0423        0.0548]
 [       0.0741       -0.0006       -0.0721        0.0293        0.084  ...        0.0256       -0.0824 10000001.           -0.0403        0.0028]
 [       0.0644       -0.0396        0.0284        0.0054       -0.0457 ...       -0.0061       -0.0423       -0.0403 10000001.            0.0801]
 [      -0.0096       -0.1098        0.0155       -0.037        -0.0797 ...       -0.0081        0.0548        0.0028        0.0801     6272.9168]]

------------------------------------------------------------

--- ITERAZIONE k = 77 ---
vettore w_77:
[-1.0143  0.      0.      0.     -0.     -0.     -0.     -0.     -0.     -0.      1.42    0.     -0.      0.     -0.      0.      0.      0.
 -0.      0.      0.      0.     -0.8496 -0.      0.      0.      0.     -0.      0.     -0.     -0.     -0.      0.      0.     -0.     -0.
  0.0007  0.      0.      0.3814 -0.     -0.      0.      0.      0.227   1.244  -0.     -0.      0.     -0.      0.      0.      0.     -0.8684
  0.      0.      0.      0.      0.     -0.     -0.      0.     -0.      0.      0.      0.      0.      0.      0.      0.      0.4114 -0.
 -0.     -0.     -0.     -0.      0.     -0.     -0.      0.     -0.1175 -0.     -0.      0.6142 -0.      0.     -0.     -0.      0.      0.
  0.      0.     -0.     -0.     -0.     -0.     -0.     -0.      0.      0.    ]

diagonale matrice pesi W_77 (1 / max(|w|, eps)):
[9.8594e-01 2.0616e+07 1.0000e+08 1.0000e+08 1.0000e+08 1.0000e+08 1.0000e+08 1.0000e+08 1.0000e+08 1.0000e+08 7.0422e-01 1.0000e+08 1.0000e+08
 1.0000e+08 1.0000e+08 1.0000e+08 1.0000e+08 1.0000e+08 1.0000e+08 1.0000e+08 1.0000e+08 1.0000e+08 1.1770e+00 4.0054e+05 1.0000e+08 1.0000e+08
 1.0000e+08 1.0000e+08 1.0000e+08 1.0000e+08 1.0000e+08 1.0000e+08 1.0000e+08 1.0000e+08 1.0000e+08 1.0000e+08 1.4842e+03 1.0000e+08 1.0000e+08
 2.6222e+00 1.0000e+08 1.0000e+08 1.0000e+08 1.0000e+08 4.4044e+00 8.0383e-01 1.0000e+08 1.0000e+08 1.0000e+08 1.0000e+08 1.0000e+08 1.0000e+08
 1.0000e+08 1.1515e+00 1.0000e+08 1.0000e+08 1.0000e+08 1.0000e+08 1.0000e+08 1.0000e+08 1.0000e+08 1.0000e+08 1.0000e+08 1.0000e+08 1.0000e+08
 1.0000e+08 1.0000e+08 1.0000e+08 1.0000e+08 1.0000e+08 2.4305e+00 1.0000e+08 1.0000e+08 1.0000e+08 1.0000e+08 1.3831e+05 1.0000e+08 1.0000e+08
 1.0000e+08 1.0000e+08 8.5128e+00 1.0000e+08 1.0000e+08 1.6282e+00 1.0000e+08 1.0000e+08 1.0000e+08 1.0000e+08 1.0000e+08 1.0000e+08 1.0000e+08
 1.0000e+08 1.0000e+08 1.0000e+08 1.0000e+08 1.0000e+08 1.0000e+08 1.0000e+08 1.0000e+08 6.3797e+04]

matrice di sistema Q_77 (A + lambda * W_77):
[[       1.0986       -0.0922       -0.0173       -0.0403       -0.0275 ...        0.0648       -0.02          0.0741        0.0644       -0.0096]
 [      -0.0922  2061571.4336       -0.0832       -0.0403       -0.0328 ...       -0.0131        0.1748       -0.0006       -0.0396       -0.1098]
 [      -0.0173       -0.0832 10000001.           -0.0997       -0.02   ...       -0.0945        0.0139       -0.0721        0.0284        0.0155]
 [      -0.0403       -0.0403       -0.0997 10000001.           -0.1078 ...        0.1176       -0.0406        0.0293        0.0054       -0.037 ]
 [      -0.0275       -0.0328       -0.02         -0.1078 10000001.     ...       -0.0815        0.0502        0.084        -0.0457       -0.0797]
 ...
 [       0.0648       -0.0131       -0.0945        0.1176       -0.0815 ... 10000001.           -0.0458        0.0256       -0.0061       -0.0081]
 [      -0.02          0.1748        0.0139       -0.0406        0.0502 ...       -0.0458 10000001.           -0.0824       -0.0423        0.0548]
 [       0.0741       -0.0006       -0.0721        0.0293        0.084  ...        0.0256       -0.0824 10000001.           -0.0403        0.0028]
 [       0.0644       -0.0396        0.0284        0.0054       -0.0457 ...       -0.0061       -0.0423       -0.0403 10000001.            0.0801]
 [      -0.0096       -0.1098        0.0155       -0.037        -0.0797 ...       -0.0081        0.0548        0.0028        0.0801     6380.6508]]

------------------------------------------------------------

--- ITERAZIONE k = 78 ---
vettore w_78:
[-1.0143  0.      0.      0.     -0.     -0.     -0.     -0.     -0.     -0.      1.42    0.     -0.      0.     -0.      0.      0.      0.
 -0.      0.      0.      0.     -0.8496 -0.      0.      0.      0.     -0.      0.     -0.     -0.     -0.      0.      0.     -0.     -0.
  0.0007  0.      0.      0.3814 -0.     -0.      0.      0.      0.227   1.244  -0.     -0.      0.     -0.      0.      0.      0.     -0.8684
  0.      0.      0.      0.      0.     -0.     -0.      0.     -0.      0.      0.      0.      0.      0.      0.      0.      0.4114 -0.
 -0.     -0.     -0.     -0.      0.     -0.     -0.      0.     -0.1175 -0.     -0.      0.6142 -0.      0.     -0.     -0.      0.      0.
  0.      0.     -0.     -0.     -0.     -0.     -0.     -0.      0.      0.    ]

diagonale matrice pesi W_78 (1 / max(|w|, eps)):
[9.8594e-01 2.3515e+07 1.0000e+08 1.0000e+08 1.0000e+08 1.0000e+08 1.0000e+08 1.0000e+08 1.0000e+08 1.0000e+08 7.0422e-01 1.0000e+08 1.0000e+08
 1.0000e+08 1.0000e+08 1.0000e+08 1.0000e+08 1.0000e+08 1.0000e+08 1.0000e+08 1.0000e+08 1.0000e+08 1.1770e+00 3.8785e+05 1.0000e+08 1.0000e+08
 1.0000e+08 1.0000e+08 1.0000e+08 1.0000e+08 1.0000e+08 1.0000e+08 1.0000e+08 1.0000e+08 1.0000e+08 1.0000e+08 1.5043e+03 1.0000e+08 1.0000e+08
 2.6222e+00 1.0000e+08 1.0000e+08 1.0000e+08 1.0000e+08 4.4044e+00 8.0383e-01 1.0000e+08 1.0000e+08 1.0000e+08 1.0000e+08 1.0000e+08 1.0000e+08
 1.0000e+08 1.1515e+00 1.0000e+08 1.0000e+08 1.0000e+08 1.0000e+08 1.0000e+08 1.0000e+08 1.0000e+08 1.0000e+08 1.0000e+08 1.0000e+08 1.0000e+08
 1.0000e+08 1.0000e+08 1.0000e+08 1.0000e+08 1.0000e+08 2.4305e+00 1.0000e+08 1.0000e+08 1.0000e+08 1.0000e+08 1.2956e+05 1.0000e+08 1.0000e+08
 1.0000e+08 1.0000e+08 8.5128e+00 1.0000e+08 1.0000e+08 1.6282e+00 1.0000e+08 1.0000e+08 1.0000e+08 1.0000e+08 1.0000e+08 1.0000e+08 1.0000e+08
 1.0000e+08 1.0000e+08 1.0000e+08 1.0000e+08 1.0000e+08 1.0000e+08 1.0000e+08 1.0000e+08 6.4892e+04]

matrice di sistema Q_78 (A + lambda * W_78):
[[       1.0986       -0.0922       -0.0173       -0.0403       -0.0275 ...        0.0648       -0.02          0.0741        0.0644       -0.0096]
 [      -0.0922  2351532.4257       -0.0832       -0.0403       -0.0328 ...       -0.0131        0.1748       -0.0006       -0.0396       -0.1098]
 [      -0.0173       -0.0832 10000001.           -0.0997       -0.02   ...       -0.0945        0.0139       -0.0721        0.0284        0.0155]
 [      -0.0403       -0.0403       -0.0997 10000001.           -0.1078 ...        0.1176       -0.0406        0.0293        0.0054       -0.037 ]
 [      -0.0275       -0.0328       -0.02         -0.1078 10000001.     ...       -0.0815        0.0502        0.084        -0.0457       -0.0797]
 ...
 [       0.0648       -0.0131       -0.0945        0.1176       -0.0815 ... 10000001.           -0.0458        0.0256       -0.0061       -0.0081]
 [      -0.02          0.1748        0.0139       -0.0406        0.0502 ...       -0.0458 10000001.           -0.0824       -0.0423        0.0548]
 [       0.0741       -0.0006       -0.0721        0.0293        0.084  ...        0.0256       -0.0824 10000001.           -0.0403        0.0028]
 [       0.0644       -0.0396        0.0284        0.0054       -0.0457 ...       -0.0061       -0.0423       -0.0403 10000001.            0.0801]
 [      -0.0096       -0.1098        0.0155       -0.037        -0.0797 ...       -0.0081        0.0548        0.0028        0.0801     6490.2449]]

------------------------------------------------------------

--- ITERAZIONE k = 79 ---
vettore w_79:
[-1.0143  0.      0.      0.     -0.     -0.     -0.     -0.     -0.     -0.      1.42    0.     -0.      0.     -0.      0.      0.      0.
 -0.      0.      0.      0.     -0.8496 -0.      0.      0.      0.     -0.      0.     -0.     -0.     -0.      0.      0.     -0.     -0.
  0.0007  0.      0.      0.3814 -0.     -0.      0.      0.      0.227   1.244  -0.     -0.      0.     -0.      0.      0.      0.     -0.8684
  0.      0.      0.      0.      0.     -0.     -0.      0.     -0.      0.      0.      0.      0.      0.      0.      0.      0.4114 -0.
 -0.     -0.     -0.     -0.      0.     -0.     -0.      0.     -0.1175 -0.     -0.      0.6142 -0.      0.     -0.     -0.      0.      0.
  0.      0.     -0.     -0.     -0.     -0.     -0.     -0.      0.      0.    ]

diagonale matrice pesi W_79 (1 / max(|w|, eps)):
[9.8594e-01 2.6823e+07 1.0000e+08 1.0000e+08 1.0000e+08 1.0000e+08 1.0000e+08 1.0000e+08 1.0000e+08 1.0000e+08 7.0422e-01 1.0000e+08 1.0000e+08
 1.0000e+08 1.0000e+08 1.0000e+08 1.0000e+08 1.0000e+08 1.0000e+08 1.0000e+08 1.0000e+08 1.0000e+08 1.1770e+00 3.7557e+05 1.0000e+08 1.0000e+08
 1.0000e+08 1.0000e+08 1.0000e+08 1.0000e+08 1.0000e+08 1.0000e+08 1.0000e+08 1.0000e+08 1.0000e+08 1.0000e+08 1.5246e+03 1.0000e+08 1.0000e+08
 2.6222e+00 1.0000e+08 1.0000e+08 1.0000e+08 1.0000e+08 4.4044e+00 8.0383e-01 1.0000e+08 1.0000e+08 1.0000e+08 1.0000e+08 1.0000e+08 1.0000e+08
 1.0000e+08 1.1515e+00 1.0000e+08 1.0000e+08 1.0000e+08 1.0000e+08 1.0000e+08 1.0000e+08 1.0000e+08 1.0000e+08 1.0000e+08 1.0000e+08 1.0000e+08
 1.0000e+08 1.0000e+08 1.0000e+08 1.0000e+08 1.0000e+08 2.4305e+00 1.0000e+08 1.0000e+08 1.0000e+08 1.0000e+08 1.2136e+05 1.0000e+08 1.0000e+08
 1.0000e+08 1.0000e+08 8.5128e+00 1.0000e+08 1.0000e+08 1.6282e+00 1.0000e+08 1.0000e+08 1.0000e+08 1.0000e+08 1.0000e+08 1.0000e+08 1.0000e+08
 1.0000e+08 1.0000e+08 1.0000e+08 1.0000e+08 1.0000e+08 1.0000e+08 1.0000e+08 1.0000e+08 6.6007e+04]

matrice di sistema Q_79 (A + lambda * W_79):
[[       1.0986       -0.0922       -0.0173       -0.0403       -0.0275 ...        0.0648       -0.02          0.0741        0.0644       -0.0096]
 [      -0.0922  2682270.527        -0.0832       -0.0403       -0.0328 ...       -0.0131        0.1748       -0.0006       -0.0396       -0.1098]
 [      -0.0173       -0.0832 10000001.           -0.0997       -0.02   ...       -0.0945        0.0139       -0.0721        0.0284        0.0155]
 [      -0.0403       -0.0403       -0.0997 10000001.           -0.1078 ...        0.1176       -0.0406        0.0293        0.0054       -0.037 ]
 [      -0.0275       -0.0328       -0.02         -0.1078 10000001.     ...       -0.0815        0.0502        0.084        -0.0457       -0.0797]
 ...
 [       0.0648       -0.0131       -0.0945        0.1176       -0.0815 ... 10000001.           -0.0458        0.0256       -0.0061       -0.0081]
 [      -0.02          0.1748        0.0139       -0.0406        0.0502 ...       -0.0458 10000001.           -0.0824       -0.0423        0.0548]
 [       0.0741       -0.0006       -0.0721        0.0293        0.084  ...        0.0256       -0.0824 10000001.           -0.0403        0.0028]
 [       0.0644       -0.0396        0.0284        0.0054       -0.0457 ...       -0.0061       -0.0423       -0.0403 10000001.            0.0801]
 [      -0.0096       -0.1098        0.0155       -0.037        -0.0797 ...       -0.0081        0.0548        0.0028        0.0801     6601.7309]]

------------------------------------------------------------

--- ITERAZIONE k = 80 ---
vettore w_80:
[-1.0143  0.      0.      0.     -0.     -0.     -0.     -0.     -0.     -0.      1.42    0.     -0.      0.     -0.      0.      0.      0.
 -0.      0.      0.      0.     -0.8496 -0.      0.      0.      0.     -0.      0.     -0.     -0.     -0.      0.      0.     -0.     -0.
  0.0006  0.      0.      0.3814 -0.     -0.      0.      0.      0.227   1.244  -0.     -0.      0.     -0.      0.      0.      0.     -0.8684
  0.      0.      0.      0.      0.     -0.     -0.      0.     -0.      0.      0.      0.      0.      0.      0.      0.      0.4114 -0.
 -0.     -0.     -0.     -0.      0.     -0.     -0.      0.     -0.1175 -0.     -0.      0.6142 -0.      0.     -0.     -0.      0.      0.
  0.      0.     -0.     -0.     -0.     -0.     -0.     -0.      0.      0.    ]

diagonale matrice pesi W_80 (1 / max(|w|, eps)):
[9.8594e-01 3.0595e+07 1.0000e+08 1.0000e+08 1.0000e+08 1.0000e+08 1.0000e+08 1.0000e+08 1.0000e+08 1.0000e+08 7.0422e-01 1.0000e+08 1.0000e+08
 1.0000e+08 1.0000e+08 1.0000e+08 1.0000e+08 1.0000e+08 1.0000e+08 1.0000e+08 1.0000e+08 1.0000e+08 1.1770e+00 3.6367e+05 1.0000e+08 1.0000e+08
 1.0000e+08 1.0000e+08 1.0000e+08 1.0000e+08 1.0000e+08 1.0000e+08 1.0000e+08 1.0000e+08 1.0000e+08 1.0000e+08 1.5451e+03 1.0000e+08 1.0000e+08
 2.6222e+00 1.0000e+08 1.0000e+08 1.0000e+08 1.0000e+08 4.4044e+00 8.0383e-01 1.0000e+08 1.0000e+08 1.0000e+08 1.0000e+08 1.0000e+08 1.0000e+08
 1.0000e+08 1.1515e+00 1.0000e+08 1.0000e+08 1.0000e+08 1.0000e+08 1.0000e+08 1.0000e+08 1.0000e+08 1.0000e+08 1.0000e+08 1.0000e+08 1.0000e+08
 1.0000e+08 1.0000e+08 1.0000e+08 1.0000e+08 1.0000e+08 2.4305e+00 1.0000e+08 1.0000e+08 1.0000e+08 1.0000e+08 1.1369e+05 1.0000e+08 1.0000e+08
 1.0000e+08 1.0000e+08 8.5128e+00 1.0000e+08 1.0000e+08 1.6282e+00 1.0000e+08 1.0000e+08 1.0000e+08 1.0000e+08 1.0000e+08 1.0000e+08 1.0000e+08
 1.0000e+08 1.0000e+08 1.0000e+08 1.0000e+08 1.0000e+08 1.0000e+08 1.0000e+08 1.0000e+08 6.7141e+04]

matrice di sistema Q_80 (A + lambda * W_80):
[[       1.0986       -0.0922       -0.0173       -0.0403       -0.0275 ...        0.0648       -0.02          0.0741        0.0644       -0.0096]
 [      -0.0922  3059519.4332       -0.0832       -0.0403       -0.0328 ...       -0.0131        0.1748       -0.0006       -0.0396       -0.1098]
 [      -0.0173       -0.0832 10000001.           -0.0997       -0.02   ...       -0.0945        0.0139       -0.0721        0.0284        0.0155]
 [      -0.0403       -0.0403       -0.0997 10000001.           -0.1078 ...        0.1176       -0.0406        0.0293        0.0054       -0.037 ]
 [      -0.0275       -0.0328       -0.02         -0.1078 10000001.     ...       -0.0815        0.0502        0.084        -0.0457       -0.0797]
 ...
 [       0.0648       -0.0131       -0.0945        0.1176       -0.0815 ... 10000001.           -0.0458        0.0256       -0.0061       -0.0081]
 [      -0.02          0.1748        0.0139       -0.0406        0.0502 ...       -0.0458 10000001.           -0.0824       -0.0423        0.0548]
 [       0.0741       -0.0006       -0.0721        0.0293        0.084  ...        0.0256       -0.0824 10000001.           -0.0403        0.0028]
 [       0.0644       -0.0396        0.0284        0.0054       -0.0457 ...       -0.0061       -0.0423       -0.0403 10000001.            0.0801]
 [      -0.0096       -0.1098        0.0155       -0.037        -0.0797 ...       -0.0081        0.0548        0.0028        0.0801     6715.1416]]

------------------------------------------------------------

--- ITERAZIONE k = 81 ---
vettore w_81:
[-1.0143  0.      0.      0.     -0.     -0.     -0.     -0.     -0.     -0.      1.42    0.     -0.      0.     -0.      0.      0.      0.
 -0.      0.      0.      0.     -0.8496 -0.      0.      0.      0.     -0.      0.     -0.     -0.     -0.      0.      0.     -0.     -0.
  0.0006  0.      0.      0.3814 -0.     -0.      0.      0.      0.227   1.244  -0.     -0.      0.     -0.      0.      0.      0.     -0.8684
  0.      0.      0.      0.      0.     -0.     -0.      0.     -0.      0.      0.      0.      0.      0.      0.      0.      0.4114 -0.
 -0.     -0.     -0.     -0.      0.     -0.     -0.      0.     -0.1175 -0.     -0.      0.6142 -0.      0.     -0.     -0.      0.      0.
  0.      0.     -0.     -0.     -0.     -0.     -0.     -0.      0.      0.    ]

diagonale matrice pesi W_81 (1 / max(|w|, eps)):
[9.8594e-01 3.4898e+07 1.0000e+08 1.0000e+08 1.0000e+08 1.0000e+08 1.0000e+08 1.0000e+08 1.0000e+08 1.0000e+08 7.0422e-01 1.0000e+08 1.0000e+08
 1.0000e+08 1.0000e+08 1.0000e+08 1.0000e+08 1.0000e+08 1.0000e+08 1.0000e+08 1.0000e+08 1.0000e+08 1.1770e+00 3.5214e+05 1.0000e+08 1.0000e+08
 1.0000e+08 1.0000e+08 1.0000e+08 1.0000e+08 1.0000e+08 1.0000e+08 1.0000e+08 1.0000e+08 1.0000e+08 1.0000e+08 1.5657e+03 1.0000e+08 1.0000e+08
 2.6222e+00 1.0000e+08 1.0000e+08 1.0000e+08 1.0000e+08 4.4044e+00 8.0383e-01 1.0000e+08 1.0000e+08 1.0000e+08 1.0000e+08 1.0000e+08 1.0000e+08
 1.0000e+08 1.1515e+00 1.0000e+08 1.0000e+08 1.0000e+08 1.0000e+08 1.0000e+08 1.0000e+08 1.0000e+08 1.0000e+08 1.0000e+08 1.0000e+08 1.0000e+08
 1.0000e+08 1.0000e+08 1.0000e+08 1.0000e+08 1.0000e+08 2.4305e+00 1.0000e+08 1.0000e+08 1.0000e+08 1.0000e+08 1.0650e+05 1.0000e+08 1.0000e+08
 1.0000e+08 1.0000e+08 8.5127e+00 1.0000e+08 1.0000e+08 1.6282e+00 1.0000e+08 1.0000e+08 1.0000e+08 1.0000e+08 1.0000e+08 1.0000e+08 1.0000e+08
 1.0000e+08 1.0000e+08 1.0000e+08 1.0000e+08 1.0000e+08 1.0000e+08 1.0000e+08 1.0000e+08 6.8295e+04]

matrice di sistema Q_81 (A + lambda * W_81):
[[       1.0986       -0.0922       -0.0173       -0.0403       -0.0275 ...        0.0648       -0.02          0.0741        0.0644       -0.0096]
 [      -0.0922  3489818.9487       -0.0832       -0.0403       -0.0328 ...       -0.0131        0.1748       -0.0006       -0.0396       -0.1098]
 [      -0.0173       -0.0832 10000001.           -0.0997       -0.02   ...       -0.0945        0.0139       -0.0721        0.0284        0.0155]
 [      -0.0403       -0.0403       -0.0997 10000001.           -0.1078 ...        0.1176       -0.0406        0.0293        0.0054       -0.037 ]
 [      -0.0275       -0.0328       -0.02         -0.1078 10000001.     ...       -0.0815        0.0502        0.084        -0.0457       -0.0797]
 ...
 [       0.0648       -0.0131       -0.0945        0.1176       -0.0815 ... 10000001.           -0.0458        0.0256       -0.0061       -0.0081]
 [      -0.02          0.1748        0.0139       -0.0406        0.0502 ...       -0.0458 10000001.           -0.0824       -0.0423        0.0548]
 [       0.0741       -0.0006       -0.0721        0.0293        0.084  ...        0.0256       -0.0824 10000001.           -0.0403        0.0028]
 [       0.0644       -0.0396        0.0284        0.0054       -0.0457 ...       -0.0061       -0.0423       -0.0403 10000001.            0.0801]
 [      -0.0096       -0.1098        0.0155       -0.037        -0.0797 ...       -0.0081        0.0548        0.0028        0.0801     6830.51  ]]

------------------------------------------------------------

--- ITERAZIONE k = 82 ---
vettore w_82:
[-1.0143  0.      0.      0.     -0.     -0.     -0.     -0.     -0.     -0.      1.42    0.     -0.      0.     -0.      0.      0.      0.
 -0.      0.      0.      0.     -0.8496 -0.      0.      0.      0.     -0.      0.     -0.     -0.     -0.      0.      0.     -0.     -0.
  0.0006  0.      0.      0.3814 -0.     -0.      0.      0.      0.227   1.244  -0.     -0.      0.     -0.      0.      0.      0.     -0.8684
  0.      0.      0.      0.      0.     -0.     -0.      0.     -0.      0.      0.      0.      0.      0.      0.      0.      0.4114 -0.
 -0.     -0.     -0.     -0.      0.     -0.     -0.      0.     -0.1175 -0.     -0.      0.6142 -0.      0.     -0.     -0.      0.      0.
  0.      0.     -0.     -0.     -0.     -0.     -0.     -0.      0.      0.    ]

diagonale matrice pesi W_82 (1 / max(|w|, eps)):
[9.8594e-01 3.9806e+07 1.0000e+08 1.0000e+08 1.0000e+08 1.0000e+08 1.0000e+08 1.0000e+08 1.0000e+08 1.0000e+08 7.0422e-01 1.0000e+08 1.0000e+08
 1.0000e+08 1.0000e+08 1.0000e+08 1.0000e+08 1.0000e+08 1.0000e+08 1.0000e+08 1.0000e+08 1.0000e+08 1.1770e+00 3.4098e+05 1.0000e+08 1.0000e+08
 1.0000e+08 1.0000e+08 1.0000e+08 1.0000e+08 1.0000e+08 1.0000e+08 1.0000e+08 1.0000e+08 1.0000e+08 1.0000e+08 1.5864e+03 1.0000e+08 1.0000e+08
 2.6222e+00 1.0000e+08 1.0000e+08 1.0000e+08 1.0000e+08 4.4044e+00 8.0383e-01 1.0000e+08 1.0000e+08 1.0000e+08 1.0000e+08 1.0000e+08 1.0000e+08
 1.0000e+08 1.1515e+00 1.0000e+08 1.0000e+08 1.0000e+08 1.0000e+08 1.0000e+08 1.0000e+08 1.0000e+08 1.0000e+08 1.0000e+08 1.0000e+08 1.0000e+08
 1.0000e+08 1.0000e+08 1.0000e+08 1.0000e+08 1.0000e+08 2.4305e+00 1.0000e+08 1.0000e+08 1.0000e+08 1.0000e+08 9.9766e+04 1.0000e+08 1.0000e+08
 1.0000e+08 1.0000e+08 8.5127e+00 1.0000e+08 1.0000e+08 1.6282e+00 1.0000e+08 1.0000e+08 1.0000e+08 1.0000e+08 1.0000e+08 1.0000e+08 1.0000e+08
 1.0000e+08 1.0000e+08 1.0000e+08 1.0000e+08 1.0000e+08 1.0000e+08 1.0000e+08 1.0000e+08 6.9469e+04]

matrice di sistema Q_82 (A + lambda * W_82):
[[       1.0986       -0.0922       -0.0173       -0.0403       -0.0275 ...        0.0648       -0.02          0.0741        0.0644       -0.0096]
 [      -0.0922  3980628.3019       -0.0832       -0.0403       -0.0328 ...       -0.0131        0.1748       -0.0006       -0.0396       -0.1098]
 [      -0.0173       -0.0832 10000001.           -0.0997       -0.02   ...       -0.0945        0.0139       -0.0721        0.0284        0.0155]
 [      -0.0403       -0.0403       -0.0997 10000001.           -0.1078 ...        0.1176       -0.0406        0.0293        0.0054       -0.037 ]
 [      -0.0275       -0.0328       -0.02         -0.1078 10000001.     ...       -0.0815        0.0502        0.084        -0.0457       -0.0797]
 ...
 [       0.0648       -0.0131       -0.0945        0.1176       -0.0815 ... 10000001.           -0.0458        0.0256       -0.0061       -0.0081]
 [      -0.02          0.1748        0.0139       -0.0406        0.0502 ...       -0.0458 10000001.           -0.0824       -0.0423        0.0548]
 [       0.0741       -0.0006       -0.0721        0.0293        0.084  ...        0.0256       -0.0824 10000001.           -0.0403        0.0028]
 [       0.0644       -0.0396        0.0284        0.0054       -0.0457 ...       -0.0061       -0.0423       -0.0403 10000001.            0.0801]
 [      -0.0096       -0.1098        0.0155       -0.037        -0.0797 ...       -0.0081        0.0548        0.0028        0.0801     6947.8699]]

------------------------------------------------------------

--- ITERAZIONE k = 83 ---
vettore w_83:
[-1.0143  0.      0.      0.     -0.     -0.     -0.     -0.     -0.     -0.      1.42    0.     -0.      0.     -0.      0.      0.      0.
 -0.      0.      0.      0.     -0.8496 -0.      0.      0.      0.     -0.      0.     -0.     -0.     -0.      0.      0.     -0.     -0.
  0.0006  0.      0.      0.3814 -0.     -0.      0.      0.      0.227   1.244  -0.     -0.      0.     -0.      0.      0.      0.     -0.8684
  0.      0.      0.      0.      0.     -0.     -0.      0.     -0.      0.      0.      0.      0.      0.      0.      0.      0.4114 -0.
 -0.     -0.     -0.     -0.      0.     -0.     -0.      0.     -0.1175 -0.     -0.      0.6142 -0.      0.     -0.     -0.      0.      0.
  0.      0.     -0.     -0.     -0.     -0.     -0.     -0.      0.      0.    ]

diagonale matrice pesi W_83 (1 / max(|w|, eps)):
[9.8594e-01 4.5405e+07 1.0000e+08 1.0000e+08 1.0000e+08 1.0000e+08 1.0000e+08 1.0000e+08 1.0000e+08 1.0000e+08 7.0422e-01 1.0000e+08 1.0000e+08
 1.0000e+08 1.0000e+08 1.0000e+08 1.0000e+08 1.0000e+08 1.0000e+08 1.0000e+08 1.0000e+08 1.0000e+08 1.1770e+00 3.3017e+05 1.0000e+08 1.0000e+08
 1.0000e+08 1.0000e+08 1.0000e+08 1.0000e+08 1.0000e+08 1.0000e+08 1.0000e+08 1.0000e+08 1.0000e+08 1.0000e+08 1.6073e+03 1.0000e+08 1.0000e+08
 2.6222e+00 1.0000e+08 1.0000e+08 1.0000e+08 1.0000e+08 4.4044e+00 8.0383e-01 1.0000e+08 1.0000e+08 1.0000e+08 1.0000e+08 1.0000e+08 1.0000e+08
 1.0000e+08 1.1515e+00 1.0000e+08 1.0000e+08 1.0000e+08 1.0000e+08 1.0000e+08 1.0000e+08 1.0000e+08 1.0000e+08 1.0000e+08 1.0000e+08 1.0000e+08
 1.0000e+08 1.0000e+08 1.0000e+08 1.0000e+08 1.0000e+08 2.4305e+00 1.0000e+08 1.0000e+08 1.0000e+08 1.0000e+08 9.3460e+04 1.0000e+08 1.0000e+08
 1.0000e+08 1.0000e+08 8.5127e+00 1.0000e+08 1.0000e+08 1.6282e+00 1.0000e+08 1.0000e+08 1.0000e+08 1.0000e+08 1.0000e+08 1.0000e+08 1.0000e+08
 1.0000e+08 1.0000e+08 1.0000e+08 1.0000e+08 1.0000e+08 1.0000e+08 1.0000e+08 1.0000e+08 7.0663e+04]

matrice di sistema Q_83 (A + lambda * W_83):
[[       1.0986       -0.0922       -0.0173       -0.0403       -0.0275 ...        0.0648       -0.02          0.0741        0.0644       -0.0096]
 [      -0.0922  4540455.385        -0.0832       -0.0403       -0.0328 ...       -0.0131        0.1748       -0.0006       -0.0396       -0.1098]
 [      -0.0173       -0.0832 10000001.           -0.0997       -0.02   ...       -0.0945        0.0139       -0.0721        0.0284        0.0155]
 [      -0.0403       -0.0403       -0.0997 10000001.           -0.1078 ...        0.1176       -0.0406        0.0293        0.0054       -0.037 ]
 [      -0.0275       -0.0328       -0.02         -0.1078 10000001.     ...       -0.0815        0.0502        0.084        -0.0457       -0.0797]
 ...
 [       0.0648       -0.0131       -0.0945        0.1176       -0.0815 ... 10000001.           -0.0458        0.0256       -0.0061       -0.0081]
 [      -0.02          0.1748        0.0139       -0.0406        0.0502 ...       -0.0458 10000001.           -0.0824       -0.0423        0.0548]
 [       0.0741       -0.0006       -0.0721        0.0293        0.084  ...        0.0256       -0.0824 10000001.           -0.0403        0.0028]
 [       0.0644       -0.0396        0.0284        0.0054       -0.0457 ...       -0.0061       -0.0423       -0.0403 10000001.            0.0801]
 [      -0.0096       -0.1098        0.0155       -0.037        -0.0797 ...       -0.0081        0.0548        0.0028        0.0801     7067.2556]]

------------------------------------------------------------

--- ITERAZIONE k = 84 ---
vettore w_84:
[-1.0143  0.      0.      0.     -0.     -0.     -0.     -0.     -0.     -0.      1.42    0.     -0.      0.     -0.      0.      0.      0.
 -0.      0.      0.      0.     -0.8496 -0.      0.      0.      0.     -0.      0.     -0.     -0.     -0.      0.      0.     -0.     -0.
  0.0006  0.      0.      0.3814 -0.     -0.      0.      0.      0.227   1.244  -0.     -0.      0.     -0.      0.      0.      0.     -0.8684
  0.      0.      0.      0.      0.     -0.     -0.      0.     -0.      0.      0.      0.      0.      0.      0.      0.      0.4114 -0.
 -0.     -0.     -0.     -0.      0.     -0.     -0.      0.     -0.1175 -0.     -0.      0.6142 -0.      0.     -0.     -0.      0.      0.
  0.      0.     -0.     -0.     -0.     -0.     -0.     -0.      0.      0.    ]

diagonale matrice pesi W_84 (1 / max(|w|, eps)):
[9.8594e-01 5.1790e+07 1.0000e+08 1.0000e+08 1.0000e+08 1.0000e+08 1.0000e+08 1.0000e+08 1.0000e+08 1.0000e+08 7.0422e-01 1.0000e+08 1.0000e+08
 1.0000e+08 1.0000e+08 1.0000e+08 1.0000e+08 1.0000e+08 1.0000e+08 1.0000e+08 1.0000e+08 1.0000e+08 1.1770e+00 3.1970e+05 1.0000e+08 1.0000e+08
 1.0000e+08 1.0000e+08 1.0000e+08 1.0000e+08 1.0000e+08 1.0000e+08 1.0000e+08 1.0000e+08 1.0000e+08 1.0000e+08 1.6283e+03 1.0000e+08 1.0000e+08
 2.6222e+00 1.0000e+08 1.0000e+08 1.0000e+08 1.0000e+08 4.4044e+00 8.0383e-01 1.0000e+08 1.0000e+08 1.0000e+08 1.0000e+08 1.0000e+08 1.0000e+08
 1.0000e+08 1.1515e+00 1.0000e+08 1.0000e+08 1.0000e+08 1.0000e+08 1.0000e+08 1.0000e+08 1.0000e+08 1.0000e+08 1.0000e+08 1.0000e+08 1.0000e+08
 1.0000e+08 1.0000e+08 1.0000e+08 1.0000e+08 1.0000e+08 2.4305e+00 1.0000e+08 1.0000e+08 1.0000e+08 1.0000e+08 8.7554e+04 1.0000e+08 1.0000e+08
 1.0000e+08 1.0000e+08 8.5127e+00 1.0000e+08 1.0000e+08 1.6282e+00 1.0000e+08 1.0000e+08 1.0000e+08 1.0000e+08 1.0000e+08 1.0000e+08 1.0000e+08
 1.0000e+08 1.0000e+08 1.0000e+08 1.0000e+08 1.0000e+08 1.0000e+08 1.0000e+08 1.0000e+08 7.1877e+04]

matrice di sistema Q_84 (A + lambda * W_84):
[[       1.0986       -0.0922       -0.0173       -0.0403       -0.0275 ...        0.0648       -0.02          0.0741        0.0644       -0.0096]
 [      -0.0922  5179004.1593       -0.0832       -0.0403       -0.0328 ...       -0.0131        0.1748       -0.0006       -0.0396       -0.1098]
 [      -0.0173       -0.0832 10000001.           -0.0997       -0.02   ...       -0.0945        0.0139       -0.0721        0.0284        0.0155]
 [      -0.0403       -0.0403       -0.0997 10000001.           -0.1078 ...        0.1176       -0.0406        0.0293        0.0054       -0.037 ]
 [      -0.0275       -0.0328       -0.02         -0.1078 10000001.     ...       -0.0815        0.0502        0.084        -0.0457       -0.0797]
 ...
 [       0.0648       -0.0131       -0.0945        0.1176       -0.0815 ... 10000001.           -0.0458        0.0256       -0.0061       -0.0081]
 [      -0.02          0.1748        0.0139       -0.0406        0.0502 ...       -0.0458 10000001.           -0.0824       -0.0423        0.0548]
 [       0.0741       -0.0006       -0.0721        0.0293        0.084  ...        0.0256       -0.0824 10000001.           -0.0403        0.0028]
 [       0.0644       -0.0396        0.0284        0.0054       -0.0457 ...       -0.0061       -0.0423       -0.0403 10000001.            0.0801]
 [      -0.0096       -0.1098        0.0155       -0.037        -0.0797 ...       -0.0081        0.0548        0.0028        0.0801     7188.7021]]

------------------------------------------------------------

--- ITERAZIONE k = 85 ---
vettore w_85:
[-1.0143  0.      0.      0.     -0.     -0.     -0.     -0.     -0.     -0.      1.42    0.     -0.      0.     -0.      0.      0.      0.
 -0.      0.      0.      0.     -0.8496 -0.      0.      0.      0.     -0.      0.     -0.     -0.     -0.      0.      0.     -0.     -0.
  0.0006  0.      0.      0.3814 -0.     -0.      0.      0.      0.227   1.244  -0.     -0.      0.     -0.      0.      0.      0.     -0.8684
  0.      0.      0.      0.      0.     -0.     -0.      0.     -0.      0.      0.      0.      0.      0.      0.      0.      0.4114 -0.
 -0.     -0.     -0.     -0.      0.     -0.     -0.      0.     -0.1175 -0.     -0.      0.6142 -0.      0.     -0.     -0.      0.      0.
  0.      0.     -0.     -0.     -0.     -0.     -0.     -0.      0.      0.    ]

diagonale matrice pesi W_85 (1 / max(|w|, eps)):
[9.8594e-01 5.9073e+07 1.0000e+08 1.0000e+08 1.0000e+08 1.0000e+08 1.0000e+08 1.0000e+08 1.0000e+08 1.0000e+08 7.0422e-01 1.0000e+08 1.0000e+08
 1.0000e+08 1.0000e+08 1.0000e+08 1.0000e+08 1.0000e+08 1.0000e+08 1.0000e+08 1.0000e+08 1.0000e+08 1.1770e+00 3.0956e+05 1.0000e+08 1.0000e+08
 1.0000e+08 1.0000e+08 1.0000e+08 1.0000e+08 1.0000e+08 1.0000e+08 1.0000e+08 1.0000e+08 1.0000e+08 1.0000e+08 1.6495e+03 1.0000e+08 1.0000e+08
 2.6222e+00 1.0000e+08 1.0000e+08 1.0000e+08 1.0000e+08 4.4044e+00 8.0383e-01 1.0000e+08 1.0000e+08 1.0000e+08 1.0000e+08 1.0000e+08 1.0000e+08
 1.0000e+08 1.1515e+00 1.0000e+08 1.0000e+08 1.0000e+08 1.0000e+08 1.0000e+08 1.0000e+08 1.0000e+08 1.0000e+08 1.0000e+08 1.0000e+08 1.0000e+08
 1.0000e+08 1.0000e+08 1.0000e+08 1.0000e+08 1.0000e+08 2.4305e+00 1.0000e+08 1.0000e+08 1.0000e+08 1.0000e+08 8.2022e+04 1.0000e+08 1.0000e+08
 1.0000e+08 1.0000e+08 8.5127e+00 1.0000e+08 1.0000e+08 1.6282e+00 1.0000e+08 1.0000e+08 1.0000e+08 1.0000e+08 1.0000e+08 1.0000e+08 1.0000e+08
 1.0000e+08 1.0000e+08 1.0000e+08 1.0000e+08 1.0000e+08 1.0000e+08 1.0000e+08 1.0000e+08 7.3112e+04]

matrice di sistema Q_85 (A + lambda * W_85):
[[       1.0986       -0.0922       -0.0173       -0.0403       -0.0275 ...        0.0648       -0.02          0.0741        0.0644       -0.0096]
 [      -0.0922  5907342.774        -0.0832       -0.0403       -0.0328 ...       -0.0131        0.1748       -0.0006       -0.0396       -0.1098]
 [      -0.0173       -0.0832 10000001.           -0.0997       -0.02   ...       -0.0945        0.0139       -0.0721        0.0284        0.0155]
 [      -0.0403       -0.0403       -0.0997 10000001.           -0.1078 ...        0.1176       -0.0406        0.0293        0.0054       -0.037 ]
 [      -0.0275       -0.0328       -0.02         -0.1078 10000001.     ...       -0.0815        0.0502        0.084        -0.0457       -0.0797]
 ...
 [       0.0648       -0.0131       -0.0945        0.1176       -0.0815 ... 10000001.           -0.0458        0.0256       -0.0061       -0.0081]
 [      -0.02          0.1748        0.0139       -0.0406        0.0502 ...       -0.0458 10000001.           -0.0824       -0.0423        0.0548]
 [       0.0741       -0.0006       -0.0721        0.0293        0.084  ...        0.0256       -0.0824 10000001.           -0.0403        0.0028]
 [       0.0644       -0.0396        0.0284        0.0054       -0.0457 ...       -0.0061       -0.0423       -0.0403 10000001.            0.0801]
 [      -0.0096       -0.1098        0.0155       -0.037        -0.0797 ...       -0.0081        0.0548        0.0028        0.0801     7312.2449]]

------------------------------------------------------------

--- ITERAZIONE k = 86 ---
vettore w_86:
[-1.0143  0.      0.      0.     -0.     -0.     -0.     -0.     -0.     -0.      1.42    0.     -0.      0.     -0.      0.      0.      0.
 -0.      0.      0.      0.     -0.8496 -0.      0.      0.      0.     -0.      0.     -0.     -0.     -0.      0.      0.     -0.     -0.
  0.0006  0.      0.      0.3814 -0.     -0.      0.      0.      0.227   1.244  -0.     -0.      0.     -0.      0.      0.      0.     -0.8684
  0.      0.      0.      0.      0.     -0.     -0.      0.     -0.      0.      0.      0.      0.      0.      0.      0.      0.4114 -0.
 -0.     -0.     -0.     -0.      0.     -0.     -0.      0.     -0.1175 -0.     -0.      0.6142 -0.      0.     -0.     -0.      0.      0.
  0.      0.     -0.     -0.     -0.     -0.     -0.     -0.      0.      0.    ]

diagonale matrice pesi W_86 (1 / max(|w|, eps)):
[9.8593e-01 6.7381e+07 1.0000e+08 1.0000e+08 1.0000e+08 1.0000e+08 1.0000e+08 1.0000e+08 1.0000e+08 1.0000e+08 7.0422e-01 1.0000e+08 1.0000e+08
 1.0000e+08 1.0000e+08 1.0000e+08 1.0000e+08 1.0000e+08 1.0000e+08 1.0000e+08 1.0000e+08 1.0000e+08 1.1770e+00 2.9974e+05 1.0000e+08 1.0000e+08
 1.0000e+08 1.0000e+08 1.0000e+08 1.0000e+08 1.0000e+08 1.0000e+08 1.0000e+08 1.0000e+08 1.0000e+08 1.0000e+08 1.6708e+03 1.0000e+08 1.0000e+08
 2.6222e+00 1.0000e+08 1.0000e+08 1.0000e+08 1.0000e+08 4.4043e+00 8.0383e-01 1.0000e+08 1.0000e+08 1.0000e+08 1.0000e+08 1.0000e+08 1.0000e+08
 1.0000e+08 1.1515e+00 1.0000e+08 1.0000e+08 1.0000e+08 1.0000e+08 1.0000e+08 1.0000e+08 1.0000e+08 1.0000e+08 1.0000e+08 1.0000e+08 1.0000e+08
 1.0000e+08 1.0000e+08 1.0000e+08 1.0000e+08 1.0000e+08 2.4305e+00 1.0000e+08 1.0000e+08 1.0000e+08 1.0000e+08 7.6841e+04 1.0000e+08 1.0000e+08
 1.0000e+08 1.0000e+08 8.5127e+00 1.0000e+08 1.0000e+08 1.6282e+00 1.0000e+08 1.0000e+08 1.0000e+08 1.0000e+08 1.0000e+08 1.0000e+08 1.0000e+08
 1.0000e+08 1.0000e+08 1.0000e+08 1.0000e+08 1.0000e+08 1.0000e+08 1.0000e+08 1.0000e+08 7.4369e+04]

matrice di sistema Q_86 (A + lambda * W_86):
[[       1.0986       -0.0922       -0.0173       -0.0403       -0.0275 ...        0.0648       -0.02          0.0741        0.0644       -0.0096]
 [      -0.0922  6738095.3126       -0.0832       -0.0403       -0.0328 ...       -0.0131        0.1748       -0.0006       -0.0396       -0.1098]
 [      -0.0173       -0.0832 10000001.           -0.0997       -0.02   ...       -0.0945        0.0139       -0.0721        0.0284        0.0155]
 [      -0.0403       -0.0403       -0.0997 10000001.           -0.1078 ...        0.1176       -0.0406        0.0293        0.0054       -0.037 ]
 [      -0.0275       -0.0328       -0.02         -0.1078 10000001.     ...       -0.0815        0.0502        0.084        -0.0457       -0.0797]
 ...
 [       0.0648       -0.0131       -0.0945        0.1176       -0.0815 ... 10000001.           -0.0458        0.0256       -0.0061       -0.0081]
 [      -0.02          0.1748        0.0139       -0.0406        0.0502 ...       -0.0458 10000001.           -0.0824       -0.0423        0.0548]
 [       0.0741       -0.0006       -0.0721        0.0293        0.084  ...        0.0256       -0.0824 10000001.           -0.0403        0.0028]
 [       0.0644       -0.0396        0.0284        0.0054       -0.0457 ...       -0.0061       -0.0423       -0.0403 10000001.            0.0801]
 [      -0.0096       -0.1098        0.0155       -0.037        -0.0797 ...       -0.0081        0.0548        0.0028        0.0801     7437.92  ]]

------------------------------------------------------------

--- ITERAZIONE k = 87 ---
vettore w_87:
[-1.0143  0.      0.      0.     -0.     -0.     -0.     -0.     -0.     -0.      1.42    0.     -0.      0.     -0.      0.      0.      0.
 -0.      0.      0.      0.     -0.8496 -0.      0.      0.      0.     -0.      0.     -0.     -0.     -0.      0.      0.     -0.     -0.
  0.0006  0.      0.      0.3814 -0.     -0.      0.      0.      0.227   1.244  -0.     -0.      0.     -0.      0.      0.      0.     -0.8684
  0.      0.      0.      0.      0.     -0.     -0.      0.     -0.      0.      0.      0.      0.      0.      0.      0.      0.4114 -0.
 -0.     -0.     -0.     -0.      0.     -0.     -0.      0.     -0.1175 -0.     -0.      0.6142 -0.      0.     -0.     -0.      0.      0.
  0.      0.     -0.     -0.     -0.     -0.     -0.     -0.      0.      0.    ]

diagonale matrice pesi W_87 (1 / max(|w|, eps)):
[9.8593e-01 7.6857e+07 1.0000e+08 1.0000e+08 1.0000e+08 1.0000e+08 1.0000e+08 1.0000e+08 1.0000e+08 1.0000e+08 7.0422e-01 1.0000e+08 1.0000e+08
 1.0000e+08 1.0000e+08 1.0000e+08 1.0000e+08 1.0000e+08 1.0000e+08 1.0000e+08 1.0000e+08 1.0000e+08 1.1770e+00 2.9023e+05 1.0000e+08 1.0000e+08
 1.0000e+08 1.0000e+08 1.0000e+08 1.0000e+08 1.0000e+08 1.0000e+08 1.0000e+08 1.0000e+08 1.0000e+08 1.0000e+08 1.6923e+03 1.0000e+08 1.0000e+08
 2.6222e+00 1.0000e+08 1.0000e+08 1.0000e+08 1.0000e+08 4.4043e+00 8.0383e-01 1.0000e+08 1.0000e+08 1.0000e+08 1.0000e+08 1.0000e+08 1.0000e+08
 1.0000e+08 1.1515e+00 1.0000e+08 1.0000e+08 1.0000e+08 1.0000e+08 1.0000e+08 1.0000e+08 1.0000e+08 1.0000e+08 1.0000e+08 1.0000e+08 1.0000e+08
 1.0000e+08 1.0000e+08 1.0000e+08 1.0000e+08 1.0000e+08 2.4305e+00 1.0000e+08 1.0000e+08 1.0000e+08 1.0000e+08 7.1988e+04 1.0000e+08 1.0000e+08
 1.0000e+08 1.0000e+08 8.5127e+00 1.0000e+08 1.0000e+08 1.6282e+00 1.0000e+08 1.0000e+08 1.0000e+08 1.0000e+08 1.0000e+08 1.0000e+08 1.0000e+08
 1.0000e+08 1.0000e+08 1.0000e+08 1.0000e+08 1.0000e+08 1.0000e+08 1.0000e+08 1.0000e+08 7.5648e+04]

matrice di sistema Q_87 (A + lambda * W_87):
[[       1.0986       -0.0922       -0.0173       -0.0403       -0.0275 ...        0.0648       -0.02          0.0741        0.0644       -0.0096]
 [      -0.0922  7685660.4839       -0.0832       -0.0403       -0.0328 ...       -0.0131        0.1748       -0.0006       -0.0396       -0.1098]
 [      -0.0173       -0.0832 10000001.           -0.0997       -0.02   ...       -0.0945        0.0139       -0.0721        0.0284        0.0155]
 [      -0.0403       -0.0403       -0.0997 10000001.           -0.1078 ...        0.1176       -0.0406        0.0293        0.0054       -0.037 ]
 [      -0.0275       -0.0328       -0.02         -0.1078 10000001.     ...       -0.0815        0.0502        0.084        -0.0457       -0.0797]
 ...
 [       0.0648       -0.0131       -0.0945        0.1176       -0.0815 ... 10000001.           -0.0458        0.0256       -0.0061       -0.0081]
 [      -0.02          0.1748        0.0139       -0.0406        0.0502 ...       -0.0458 10000001.           -0.0824       -0.0423        0.0548]
 [       0.0741       -0.0006       -0.0721        0.0293        0.084  ...        0.0256       -0.0824 10000001.           -0.0403        0.0028]
 [       0.0644       -0.0396        0.0284        0.0054       -0.0457 ...       -0.0061       -0.0423       -0.0403 10000001.            0.0801]
 [      -0.0096       -0.1098        0.0155       -0.037        -0.0797 ...       -0.0081        0.0548        0.0028        0.0801     7565.7644]]

------------------------------------------------------------

--- ITERAZIONE k = 88 ---
vettore w_88:
[-1.0143  0.      0.      0.     -0.     -0.     -0.     -0.     -0.     -0.      1.42    0.     -0.      0.     -0.      0.      0.      0.
 -0.      0.      0.      0.     -0.8496 -0.      0.      0.      0.     -0.      0.     -0.     -0.     -0.      0.      0.     -0.     -0.
  0.0006  0.      0.      0.3814 -0.     -0.      0.      0.      0.227   1.244  -0.     -0.      0.     -0.      0.      0.      0.     -0.8684
  0.      0.      0.      0.      0.     -0.     -0.      0.     -0.      0.      0.      0.      0.      0.      0.      0.      0.4114 -0.
 -0.     -0.     -0.     -0.      0.     -0.     -0.      0.     -0.1175 -0.     -0.      0.6142 -0.      0.     -0.     -0.      0.      0.
  0.      0.     -0.     -0.     -0.     -0.     -0.     -0.      0.      0.    ]

diagonale matrice pesi W_88 (1 / max(|w|, eps)):
[9.8593e-01 8.7665e+07 1.0000e+08 1.0000e+08 1.0000e+08 1.0000e+08 1.0000e+08 1.0000e+08 1.0000e+08 1.0000e+08 7.0422e-01 1.0000e+08 1.0000e+08
 1.0000e+08 1.0000e+08 1.0000e+08 1.0000e+08 1.0000e+08 1.0000e+08 1.0000e+08 1.0000e+08 1.0000e+08 1.1770e+00 2.8102e+05 1.0000e+08 1.0000e+08
 1.0000e+08 1.0000e+08 1.0000e+08 1.0000e+08 1.0000e+08 1.0000e+08 1.0000e+08 1.0000e+08 1.0000e+08 1.0000e+08 1.7139e+03 1.0000e+08 1.0000e+08
 2.6222e+00 1.0000e+08 1.0000e+08 1.0000e+08 1.0000e+08 4.4043e+00 8.0383e-01 1.0000e+08 1.0000e+08 1.0000e+08 1.0000e+08 1.0000e+08 1.0000e+08
 1.0000e+08 1.1515e+00 1.0000e+08 1.0000e+08 1.0000e+08 1.0000e+08 1.0000e+08 1.0000e+08 1.0000e+08 1.0000e+08 1.0000e+08 1.0000e+08 1.0000e+08
 1.0000e+08 1.0000e+08 1.0000e+08 1.0000e+08 1.0000e+08 2.4304e+00 1.0000e+08 1.0000e+08 1.0000e+08 1.0000e+08 6.7442e+04 1.0000e+08 1.0000e+08
 1.0000e+08 1.0000e+08 8.5127e+00 1.0000e+08 1.0000e+08 1.6282e+00 1.0000e+08 1.0000e+08 1.0000e+08 1.0000e+08 1.0000e+08 1.0000e+08 1.0000e+08
 1.0000e+08 1.0000e+08 1.0000e+08 1.0000e+08 1.0000e+08 1.0000e+08 1.0000e+08 1.0000e+08 7.6948e+04]

matrice di sistema Q_88 (A + lambda * W_88):
[[       1.0986       -0.0922       -0.0173       -0.0403       -0.0275 ...        0.0648       -0.02          0.0741        0.0644       -0.0096]
 [      -0.0922  8766461.0442       -0.0832       -0.0403       -0.0328 ...       -0.0131        0.1748       -0.0006       -0.0396       -0.1098]
 [      -0.0173       -0.0832 10000001.           -0.0997       -0.02   ...       -0.0945        0.0139       -0.0721        0.0284        0.0155]
 [      -0.0403       -0.0403       -0.0997 10000001.           -0.1078 ...        0.1176       -0.0406        0.0293        0.0054       -0.037 ]
 [      -0.0275       -0.0328       -0.02         -0.1078 10000001.     ...       -0.0815        0.0502        0.084        -0.0457       -0.0797]
 ...
 [       0.0648       -0.0131       -0.0945        0.1176       -0.0815 ... 10000001.           -0.0458        0.0256       -0.0061       -0.0081]
 [      -0.02          0.1748        0.0139       -0.0406        0.0502 ...       -0.0458 10000001.           -0.0824       -0.0423        0.0548]
 [       0.0741       -0.0006       -0.0721        0.0293        0.084  ...        0.0256       -0.0824 10000001.           -0.0403        0.0028]
 [       0.0644       -0.0396        0.0284        0.0054       -0.0457 ...       -0.0061       -0.0423       -0.0403 10000001.            0.0801]
 [      -0.0096       -0.1098        0.0155       -0.037        -0.0797 ...       -0.0081        0.0548        0.0028        0.0801     7695.8154]]

------------------------------------------------------------

--- ITERAZIONE k = 89 ---
vettore w_89:
[-1.0143  0.      0.      0.     -0.     -0.     -0.     -0.     -0.     -0.      1.42    0.     -0.      0.     -0.      0.      0.      0.
 -0.      0.      0.      0.     -0.8496 -0.      0.      0.      0.     -0.      0.     -0.     -0.     -0.      0.      0.     -0.     -0.
  0.0006  0.      0.      0.3814 -0.     -0.      0.      0.      0.227   1.244  -0.     -0.      0.     -0.      0.      0.      0.     -0.8684
  0.      0.      0.      0.      0.     -0.     -0.      0.     -0.      0.      0.      0.      0.      0.      0.      0.      0.4114 -0.
 -0.     -0.     -0.     -0.      0.     -0.     -0.      0.     -0.1175 -0.     -0.      0.6142 -0.      0.     -0.     -0.      0.      0.
  0.      0.     -0.     -0.     -0.     -0.     -0.     -0.      0.      0.    ]

diagonale matrice pesi W_89 (1 / max(|w|, eps)):
[9.8593e-01 9.9992e+07 1.0000e+08 1.0000e+08 1.0000e+08 1.0000e+08 1.0000e+08 1.0000e+08 1.0000e+08 1.0000e+08 7.0422e-01 1.0000e+08 1.0000e+08
 1.0000e+08 1.0000e+08 1.0000e+08 1.0000e+08 1.0000e+08 1.0000e+08 1.0000e+08 1.0000e+08 1.0000e+08 1.1770e+00 2.7210e+05 1.0000e+08 1.0000e+08
 1.0000e+08 1.0000e+08 1.0000e+08 1.0000e+08 1.0000e+08 1.0000e+08 1.0000e+08 1.0000e+08 1.0000e+08 1.0000e+08 1.7357e+03 1.0000e+08 1.0000e+08
 2.6222e+00 1.0000e+08 1.0000e+08 1.0000e+08 1.0000e+08 4.4043e+00 8.0383e-01 1.0000e+08 1.0000e+08 1.0000e+08 1.0000e+08 1.0000e+08 1.0000e+08
 1.0000e+08 1.1515e+00 1.0000e+08 1.0000e+08 1.0000e+08 1.0000e+08 1.0000e+08 1.0000e+08 1.0000e+08 1.0000e+08 1.0000e+08 1.0000e+08 1.0000e+08
 1.0000e+08 1.0000e+08 1.0000e+08 1.0000e+08 1.0000e+08 2.4304e+00 1.0000e+08 1.0000e+08 1.0000e+08 1.0000e+08 6.3184e+04 1.0000e+08 1.0000e+08
 1.0000e+08 1.0000e+08 8.5127e+00 1.0000e+08 1.0000e+08 1.6282e+00 1.0000e+08 1.0000e+08 1.0000e+08 1.0000e+08 1.0000e+08 1.0000e+08 1.0000e+08
 1.0000e+08 1.0000e+08 1.0000e+08 1.0000e+08 1.0000e+08 1.0000e+08 1.0000e+08 1.0000e+08 7.8271e+04]

matrice di sistema Q_89 (A + lambda * W_89):
[[       1.0986       -0.0922       -0.0173       -0.0403       -0.0275 ...        0.0648       -0.02          0.0741        0.0644       -0.0096]
 [      -0.0922  9999228.267        -0.0832       -0.0403       -0.0328 ...       -0.0131        0.1748       -0.0006       -0.0396       -0.1098]
 [      -0.0173       -0.0832 10000001.           -0.0997       -0.02   ...       -0.0945        0.0139       -0.0721        0.0284        0.0155]
 [      -0.0403       -0.0403       -0.0997 10000001.           -0.1078 ...        0.1176       -0.0406        0.0293        0.0054       -0.037 ]
 [      -0.0275       -0.0328       -0.02         -0.1078 10000001.     ...       -0.0815        0.0502        0.084        -0.0457       -0.0797]
 ...
 [       0.0648       -0.0131       -0.0945        0.1176       -0.0815 ... 10000001.           -0.0458        0.0256       -0.0061       -0.0081]
 [      -0.02          0.1748        0.0139       -0.0406        0.0502 ...       -0.0458 10000001.           -0.0824       -0.0423        0.0548]
 [       0.0741       -0.0006       -0.0721        0.0293        0.084  ...        0.0256       -0.0824 10000001.           -0.0403        0.0028]
 [       0.0644       -0.0396        0.0284        0.0054       -0.0457 ...       -0.0061       -0.0423       -0.0403 10000001.            0.0801]
 [      -0.0096       -0.1098        0.0155       -0.037        -0.0797 ...       -0.0081        0.0548        0.0028        0.0801     7828.111 ]]

------------------------------------------------------------

--- ITERAZIONE k = 90 ---
vettore w_90:
[-1.0143  0.      0.      0.     -0.     -0.     -0.     -0.     -0.     -0.      1.42    0.     -0.      0.     -0.      0.      0.      0.
 -0.      0.      0.      0.     -0.8496 -0.      0.      0.      0.     -0.      0.     -0.     -0.     -0.      0.      0.     -0.     -0.
  0.0006  0.      0.      0.3814 -0.     -0.      0.      0.      0.2271  1.244  -0.     -0.      0.     -0.      0.      0.      0.     -0.8684
  0.      0.      0.      0.      0.     -0.     -0.      0.     -0.      0.      0.      0.      0.      0.      0.      0.      0.4114 -0.
 -0.     -0.     -0.     -0.      0.     -0.     -0.      0.     -0.1175 -0.     -0.      0.6142 -0.      0.     -0.     -0.      0.      0.
  0.      0.     -0.     -0.     -0.     -0.     -0.     -0.      0.      0.    ]

diagonale matrice pesi W_90 (1 / max(|w|, eps)):
[9.8593e-01 1.0000e+08 1.0000e+08 1.0000e+08 1.0000e+08 1.0000e+08 1.0000e+08 1.0000e+08 1.0000e+08 1.0000e+08 7.0422e-01 1.0000e+08 1.0000e+08
 1.0000e+08 1.0000e+08 1.0000e+08 1.0000e+08 1.0000e+08 1.0000e+08 1.0000e+08 1.0000e+08 1.0000e+08 1.1770e+00 2.6346e+05 1.0000e+08 1.0000e+08
 1.0000e+08 1.0000e+08 1.0000e+08 1.0000e+08 1.0000e+08 1.0000e+08 1.0000e+08 1.0000e+08 1.0000e+08 1.0000e+08 1.7577e+03 1.0000e+08 1.0000e+08
 2.6222e+00 1.0000e+08 1.0000e+08 1.0000e+08 1.0000e+08 4.4043e+00 8.0383e-01 1.0000e+08 1.0000e+08 1.0000e+08 1.0000e+08 1.0000e+08 1.0000e+08
 1.0000e+08 1.1515e+00 1.0000e+08 1.0000e+08 1.0000e+08 1.0000e+08 1.0000e+08 1.0000e+08 1.0000e+08 1.0000e+08 1.0000e+08 1.0000e+08 1.0000e+08
 1.0000e+08 1.0000e+08 1.0000e+08 1.0000e+08 1.0000e+08 2.4304e+00 1.0000e+08 1.0000e+08 1.0000e+08 1.0000e+08 5.9196e+04 1.0000e+08 1.0000e+08
 1.0000e+08 1.0000e+08 8.5127e+00 1.0000e+08 1.0000e+08 1.6282e+00 1.0000e+08 1.0000e+08 1.0000e+08 1.0000e+08 1.0000e+08 1.0000e+08 1.0000e+08
 1.0000e+08 1.0000e+08 1.0000e+08 1.0000e+08 1.0000e+08 1.0000e+08 1.0000e+08 1.0000e+08 7.9617e+04]

matrice di sistema Q_90 (A + lambda * W_90):
[[       1.0986       -0.0922       -0.0173       -0.0403       -0.0275 ...        0.0648       -0.02          0.0741        0.0644       -0.0096]
 [      -0.0922 10000001.           -0.0832       -0.0403       -0.0328 ...       -0.0131        0.1748       -0.0006       -0.0396       -0.1098]
 [      -0.0173       -0.0832 10000001.           -0.0997       -0.02   ...       -0.0945        0.0139       -0.0721        0.0284        0.0155]
 [      -0.0403       -0.0403       -0.0997 10000001.           -0.1078 ...        0.1176       -0.0406        0.0293        0.0054       -0.037 ]
 [      -0.0275       -0.0328       -0.02         -0.1078 10000001.     ...       -0.0815        0.0502        0.084        -0.0457       -0.0797]
 ...
 [       0.0648       -0.0131       -0.0945        0.1176       -0.0815 ... 10000001.           -0.0458        0.0256       -0.0061       -0.0081]
 [      -0.02          0.1748        0.0139       -0.0406        0.0502 ...       -0.0458 10000001.           -0.0824       -0.0423        0.0548]
 [       0.0741       -0.0006       -0.0721        0.0293        0.084  ...        0.0256       -0.0824 10000001.           -0.0403        0.0028]
 [       0.0644       -0.0396        0.0284        0.0054       -0.0457 ...       -0.0061       -0.0423       -0.0403 10000001.            0.0801]
 [      -0.0096       -0.1098        0.0155       -0.037        -0.0797 ...       -0.0081        0.0548        0.0028        0.0801     7962.69  ]]

------------------------------------------------------------

--- ITERAZIONE k = 91 ---
vettore w_91:
[-1.0143  0.      0.      0.     -0.     -0.     -0.     -0.     -0.     -0.      1.42    0.     -0.      0.     -0.      0.      0.      0.
 -0.      0.      0.      0.     -0.8496 -0.      0.      0.      0.     -0.      0.     -0.     -0.     -0.      0.      0.     -0.     -0.
  0.0006  0.      0.      0.3814 -0.     -0.      0.      0.      0.2271  1.244  -0.     -0.      0.     -0.      0.      0.      0.     -0.8684
  0.      0.      0.      0.      0.     -0.     -0.      0.     -0.      0.      0.      0.      0.      0.      0.      0.      0.4115 -0.
 -0.     -0.     -0.     -0.      0.     -0.     -0.      0.     -0.1175 -0.     -0.      0.6142 -0.      0.     -0.     -0.      0.      0.
  0.      0.     -0.     -0.     -0.     -0.     -0.     -0.      0.      0.    ]

diagonale matrice pesi W_91 (1 / max(|w|, eps)):
[9.8593e-01 1.0000e+08 1.0000e+08 1.0000e+08 1.0000e+08 1.0000e+08 1.0000e+08 1.0000e+08 1.0000e+08 1.0000e+08 7.0422e-01 1.0000e+08 1.0000e+08
 1.0000e+08 1.0000e+08 1.0000e+08 1.0000e+08 1.0000e+08 1.0000e+08 1.0000e+08 1.0000e+08 1.0000e+08 1.1770e+00 2.5509e+05 1.0000e+08 1.0000e+08
 1.0000e+08 1.0000e+08 1.0000e+08 1.0000e+08 1.0000e+08 1.0000e+08 1.0000e+08 1.0000e+08 1.0000e+08 1.0000e+08 1.7798e+03 1.0000e+08 1.0000e+08
 2.6222e+00 1.0000e+08 1.0000e+08 1.0000e+08 1.0000e+08 4.4043e+00 8.0383e-01 1.0000e+08 1.0000e+08 1.0000e+08 1.0000e+08 1.0000e+08 1.0000e+08
 1.0000e+08 1.1515e+00 1.0000e+08 1.0000e+08 1.0000e+08 1.0000e+08 1.0000e+08 1.0000e+08 1.0000e+08 1.0000e+08 1.0000e+08 1.0000e+08 1.0000e+08
 1.0000e+08 1.0000e+08 1.0000e+08 1.0000e+08 1.0000e+08 2.4304e+00 1.0000e+08 1.0000e+08 1.0000e+08 1.0000e+08 5.5461e+04 1.0000e+08 1.0000e+08
 1.0000e+08 1.0000e+08 8.5127e+00 1.0000e+08 1.0000e+08 1.6282e+00 1.0000e+08 1.0000e+08 1.0000e+08 1.0000e+08 1.0000e+08 1.0000e+08 1.0000e+08
 1.0000e+08 1.0000e+08 1.0000e+08 1.0000e+08 1.0000e+08 1.0000e+08 1.0000e+08 1.0000e+08 8.0986e+04]

matrice di sistema Q_91 (A + lambda * W_91):
[[       1.0986       -0.0922       -0.0173       -0.0403       -0.0275 ...        0.0648       -0.02          0.0741        0.0644       -0.0096]
 [      -0.0922 10000001.           -0.0832       -0.0403       -0.0328 ...       -0.0131        0.1748       -0.0006       -0.0396       -0.1098]
 [      -0.0173       -0.0832 10000001.           -0.0997       -0.02   ...       -0.0945        0.0139       -0.0721        0.0284        0.0155]
 [      -0.0403       -0.0403       -0.0997 10000001.           -0.1078 ...        0.1176       -0.0406        0.0293        0.0054       -0.037 ]
 [      -0.0275       -0.0328       -0.02         -0.1078 10000001.     ...       -0.0815        0.0502        0.084        -0.0457       -0.0797]
 ...
 [       0.0648       -0.0131       -0.0945        0.1176       -0.0815 ... 10000001.           -0.0458        0.0256       -0.0061       -0.0081]
 [      -0.02          0.1748        0.0139       -0.0406        0.0502 ...       -0.0458 10000001.           -0.0824       -0.0423        0.0548]
 [       0.0741       -0.0006       -0.0721        0.0293        0.084  ...        0.0256       -0.0824 10000001.           -0.0403        0.0028]
 [       0.0644       -0.0396        0.0284        0.0054       -0.0457 ...       -0.0061       -0.0423       -0.0403 10000001.            0.0801]
 [      -0.0096       -0.1098        0.0155       -0.037        -0.0797 ...       -0.0081        0.0548        0.0028        0.0801     8099.5918]]

------------------------------------------------------------

--- ITERAZIONE k = 92 ---
vettore w_92:
[-1.0143  0.      0.      0.     -0.     -0.     -0.     -0.     -0.     -0.      1.42    0.     -0.      0.     -0.      0.      0.      0.
 -0.      0.      0.      0.     -0.8496 -0.      0.      0.      0.     -0.      0.     -0.     -0.     -0.      0.      0.     -0.     -0.
  0.0006  0.      0.      0.3814 -0.     -0.      0.      0.      0.2271  1.244  -0.     -0.      0.     -0.      0.      0.      0.     -0.8684
  0.      0.      0.      0.      0.     -0.     -0.      0.     -0.      0.      0.      0.      0.      0.      0.      0.      0.4115 -0.
 -0.     -0.     -0.     -0.      0.     -0.     -0.      0.     -0.1175 -0.     -0.      0.6142 -0.      0.     -0.     -0.      0.      0.
  0.      0.     -0.     -0.     -0.     -0.     -0.     -0.      0.      0.    ]

diagonale matrice pesi W_92 (1 / max(|w|, eps)):
[9.8593e-01 1.0000e+08 1.0000e+08 1.0000e+08 1.0000e+08 1.0000e+08 1.0000e+08 1.0000e+08 1.0000e+08 1.0000e+08 7.0422e-01 1.0000e+08 1.0000e+08
 1.0000e+08 1.0000e+08 1.0000e+08 1.0000e+08 1.0000e+08 1.0000e+08 1.0000e+08 1.0000e+08 1.0000e+08 1.1770e+00 2.4699e+05 1.0000e+08 1.0000e+08
 1.0000e+08 1.0000e+08 1.0000e+08 1.0000e+08 1.0000e+08 1.0000e+08 1.0000e+08 1.0000e+08 1.0000e+08 1.0000e+08 1.8020e+03 1.0000e+08 1.0000e+08
 2.6222e+00 1.0000e+08 1.0000e+08 1.0000e+08 1.0000e+08 4.4043e+00 8.0383e-01 1.0000e+08 1.0000e+08 1.0000e+08 1.0000e+08 1.0000e+08 1.0000e+08
 1.0000e+08 1.1515e+00 1.0000e+08 1.0000e+08 1.0000e+08 1.0000e+08 1.0000e+08 1.0000e+08 1.0000e+08 1.0000e+08 1.0000e+08 1.0000e+08 1.0000e+08
 1.0000e+08 1.0000e+08 1.0000e+08 1.0000e+08 1.0000e+08 2.4304e+00 1.0000e+08 1.0000e+08 1.0000e+08 1.0000e+08 5.1962e+04 1.0000e+08 1.0000e+08
 1.0000e+08 1.0000e+08 8.5127e+00 1.0000e+08 1.0000e+08 1.6282e+00 1.0000e+08 1.0000e+08 1.0000e+08 1.0000e+08 1.0000e+08 1.0000e+08 1.0000e+08
 1.0000e+08 1.0000e+08 1.0000e+08 1.0000e+08 1.0000e+08 1.0000e+08 1.0000e+08 1.0000e+08 8.2379e+04]

matrice di sistema Q_92 (A + lambda * W_92):
[[       1.0986       -0.0922       -0.0173       -0.0403       -0.0275 ...        0.0648       -0.02          0.0741        0.0644       -0.0096]
 [      -0.0922 10000001.           -0.0832       -0.0403       -0.0328 ...       -0.0131        0.1748       -0.0006       -0.0396       -0.1098]
 [      -0.0173       -0.0832 10000001.           -0.0997       -0.02   ...       -0.0945        0.0139       -0.0721        0.0284        0.0155]
 [      -0.0403       -0.0403       -0.0997 10000001.           -0.1078 ...        0.1176       -0.0406        0.0293        0.0054       -0.037 ]
 [      -0.0275       -0.0328       -0.02         -0.1078 10000001.     ...       -0.0815        0.0502        0.084        -0.0457       -0.0797]
 ...
 [       0.0648       -0.0131       -0.0945        0.1176       -0.0815 ... 10000001.           -0.0458        0.0256       -0.0061       -0.0081]
 [      -0.02          0.1748        0.0139       -0.0406        0.0502 ...       -0.0458 10000001.           -0.0824       -0.0423        0.0548]
 [       0.0741       -0.0006       -0.0721        0.0293        0.084  ...        0.0256       -0.0824 10000001.           -0.0403        0.0028]
 [       0.0644       -0.0396        0.0284        0.0054       -0.0457 ...       -0.0061       -0.0423       -0.0403 10000001.            0.0801]
 [      -0.0096       -0.1098        0.0155       -0.037        -0.0797 ...       -0.0081        0.0548        0.0028        0.0801     8238.8564]]

------------------------------------------------------------

--- ITERAZIONE k = 93 ---
vettore w_93:
[-1.0143  0.      0.      0.     -0.     -0.     -0.     -0.     -0.     -0.      1.42    0.     -0.      0.     -0.      0.      0.      0.
 -0.      0.      0.      0.     -0.8496 -0.      0.      0.      0.     -0.      0.     -0.     -0.     -0.      0.      0.     -0.     -0.
  0.0005  0.      0.      0.3814 -0.     -0.      0.      0.      0.2271  1.244  -0.     -0.      0.     -0.      0.      0.      0.     -0.8684
  0.      0.      0.      0.      0.     -0.     -0.      0.     -0.      0.      0.      0.      0.      0.      0.      0.      0.4115 -0.
 -0.     -0.     -0.     -0.      0.     -0.     -0.      0.     -0.1175 -0.     -0.      0.6142 -0.      0.     -0.     -0.      0.      0.
  0.      0.     -0.     -0.     -0.     -0.     -0.     -0.      0.      0.    ]

diagonale matrice pesi W_93 (1 / max(|w|, eps)):
[9.8593e-01 1.0000e+08 1.0000e+08 1.0000e+08 1.0000e+08 1.0000e+08 1.0000e+08 1.0000e+08 1.0000e+08 1.0000e+08 7.0422e-01 1.0000e+08 1.0000e+08
 1.0000e+08 1.0000e+08 1.0000e+08 1.0000e+08 1.0000e+08 1.0000e+08 1.0000e+08 1.0000e+08 1.0000e+08 1.1770e+00 2.3914e+05 1.0000e+08 1.0000e+08
 1.0000e+08 1.0000e+08 1.0000e+08 1.0000e+08 1.0000e+08 1.0000e+08 1.0000e+08 1.0000e+08 1.0000e+08 1.0000e+08 1.8244e+03 1.0000e+08 1.0000e+08
 2.6222e+00 1.0000e+08 1.0000e+08 1.0000e+08 1.0000e+08 4.4043e+00 8.0383e-01 1.0000e+08 1.0000e+08 1.0000e+08 1.0000e+08 1.0000e+08 1.0000e+08
 1.0000e+08 1.1515e+00 1.0000e+08 1.0000e+08 1.0000e+08 1.0000e+08 1.0000e+08 1.0000e+08 1.0000e+08 1.0000e+08 1.0000e+08 1.0000e+08 1.0000e+08
 1.0000e+08 1.0000e+08 1.0000e+08 1.0000e+08 1.0000e+08 2.4304e+00 1.0000e+08 1.0000e+08 1.0000e+08 1.0000e+08 4.8685e+04 1.0000e+08 1.0000e+08
 1.0000e+08 1.0000e+08 8.5127e+00 1.0000e+08 1.0000e+08 1.6282e+00 1.0000e+08 1.0000e+08 1.0000e+08 1.0000e+08 1.0000e+08 1.0000e+08 1.0000e+08
 1.0000e+08 1.0000e+08 1.0000e+08 1.0000e+08 1.0000e+08 1.0000e+08 1.0000e+08 1.0000e+08 8.3795e+04]

matrice di sistema Q_93 (A + lambda * W_93):
[[       1.0986       -0.0922       -0.0173       -0.0403       -0.0275 ...        0.0648       -0.02          0.0741        0.0644       -0.0096]
 [      -0.0922 10000001.           -0.0832       -0.0403       -0.0328 ...       -0.0131        0.1748       -0.0006       -0.0396       -0.1098]
 [      -0.0173       -0.0832 10000001.           -0.0997       -0.02   ...       -0.0945        0.0139       -0.0721        0.0284        0.0155]
 [      -0.0403       -0.0403       -0.0997 10000001.           -0.1078 ...        0.1176       -0.0406        0.0293        0.0054       -0.037 ]
 [      -0.0275       -0.0328       -0.02         -0.1078 10000001.     ...       -0.0815        0.0502        0.084        -0.0457       -0.0797]
 ...
 [       0.0648       -0.0131       -0.0945        0.1176       -0.0815 ... 10000001.           -0.0458        0.0256       -0.0061       -0.0081]
 [      -0.02          0.1748        0.0139       -0.0406        0.0502 ...       -0.0458 10000001.           -0.0824       -0.0423        0.0548]
 [       0.0741       -0.0006       -0.0721        0.0293        0.084  ...        0.0256       -0.0824 10000001.           -0.0403        0.0028]
 [       0.0644       -0.0396        0.0284        0.0054       -0.0457 ...       -0.0061       -0.0423       -0.0403 10000001.            0.0801]
 [      -0.0096       -0.1098        0.0155       -0.037        -0.0797 ...       -0.0081        0.0548        0.0028        0.0801     8380.5246]]

------------------------------------------------------------

--- ITERAZIONE k = 94 ---
vettore w_94:
[-1.0143  0.      0.      0.     -0.     -0.     -0.     -0.     -0.     -0.      1.42    0.     -0.      0.     -0.      0.      0.      0.
 -0.      0.      0.      0.     -0.8496 -0.      0.      0.      0.     -0.      0.     -0.     -0.     -0.      0.      0.     -0.     -0.
  0.0005  0.      0.      0.3814 -0.     -0.      0.      0.      0.2271  1.244  -0.     -0.      0.     -0.      0.      0.      0.     -0.8684
  0.      0.      0.      0.      0.     -0.     -0.      0.     -0.      0.      0.      0.      0.      0.      0.      0.      0.4115 -0.
 -0.     -0.     -0.     -0.      0.     -0.     -0.      0.     -0.1175 -0.     -0.      0.6142 -0.      0.     -0.     -0.      0.      0.
  0.      0.     -0.     -0.     -0.     -0.     -0.     -0.      0.      0.    ]

diagonale matrice pesi W_94 (1 / max(|w|, eps)):
[9.8593e-01 1.0000e+08 1.0000e+08 1.0000e+08 1.0000e+08 1.0000e+08 1.0000e+08 1.0000e+08 1.0000e+08 1.0000e+08 7.0422e-01 1.0000e+08 1.0000e+08
 1.0000e+08 1.0000e+08 1.0000e+08 1.0000e+08 1.0000e+08 1.0000e+08 1.0000e+08 1.0000e+08 1.0000e+08 1.1770e+00 2.3154e+05 1.0000e+08 1.0000e+08
 1.0000e+08 1.0000e+08 1.0000e+08 1.0000e+08 1.0000e+08 1.0000e+08 1.0000e+08 1.0000e+08 1.0000e+08 1.0000e+08 1.8470e+03 1.0000e+08 1.0000e+08
 2.6222e+00 1.0000e+08 1.0000e+08 1.0000e+08 1.0000e+08 4.4043e+00 8.0383e-01 1.0000e+08 1.0000e+08 1.0000e+08 1.0000e+08 1.0000e+08 1.0000e+08
 1.0000e+08 1.1515e+00 1.0000e+08 1.0000e+08 1.0000e+08 1.0000e+08 1.0000e+08 1.0000e+08 1.0000e+08 1.0000e+08 1.0000e+08 1.0000e+08 1.0000e+08
 1.0000e+08 1.0000e+08 1.0000e+08 1.0000e+08 1.0000e+08 2.4304e+00 1.0000e+08 1.0000e+08 1.0000e+08 1.0000e+08 4.5615e+04 1.0000e+08 1.0000e+08
 1.0000e+08 1.0000e+08 8.5127e+00 1.0000e+08 1.0000e+08 1.6282e+00 1.0000e+08 1.0000e+08 1.0000e+08 1.0000e+08 1.0000e+08 1.0000e+08 1.0000e+08
 1.0000e+08 1.0000e+08 1.0000e+08 1.0000e+08 1.0000e+08 1.0000e+08 1.0000e+08 1.0000e+08 8.5236e+04]

matrice di sistema Q_94 (A + lambda * W_94):
[[       1.0986       -0.0922       -0.0173       -0.0403       -0.0275 ...        0.0648       -0.02          0.0741        0.0644       -0.0096]
 [      -0.0922 10000001.           -0.0832       -0.0403       -0.0328 ...       -0.0131        0.1748       -0.0006       -0.0396       -0.1098]
 [      -0.0173       -0.0832 10000001.           -0.0997       -0.02   ...       -0.0945        0.0139       -0.0721        0.0284        0.0155]
 [      -0.0403       -0.0403       -0.0997 10000001.           -0.1078 ...        0.1176       -0.0406        0.0293        0.0054       -0.037 ]
 [      -0.0275       -0.0328       -0.02         -0.1078 10000001.     ...       -0.0815        0.0502        0.084        -0.0457       -0.0797]
 ...
 [       0.0648       -0.0131       -0.0945        0.1176       -0.0815 ... 10000001.           -0.0458        0.0256       -0.0061       -0.0081]
 [      -0.02          0.1748        0.0139       -0.0406        0.0502 ...       -0.0458 10000001.           -0.0824       -0.0423        0.0548]
 [       0.0741       -0.0006       -0.0721        0.0293        0.084  ...        0.0256       -0.0824 10000001.           -0.0403        0.0028]
 [       0.0644       -0.0396        0.0284        0.0054       -0.0457 ...       -0.0061       -0.0423       -0.0403 10000001.            0.0801]
 [      -0.0096       -0.1098        0.0155       -0.037        -0.0797 ...       -0.0081        0.0548        0.0028        0.0801     8524.638 ]]

------------------------------------------------------------

--- ITERAZIONE k = 95 ---
vettore w_95:
[-1.0143  0.      0.      0.     -0.     -0.     -0.     -0.     -0.     -0.      1.42    0.     -0.      0.     -0.      0.      0.      0.
 -0.      0.      0.      0.     -0.8496 -0.      0.      0.      0.     -0.      0.     -0.     -0.     -0.      0.      0.     -0.     -0.
  0.0005  0.      0.      0.3814 -0.     -0.      0.      0.      0.2271  1.244  -0.     -0.      0.     -0.      0.      0.      0.     -0.8684
  0.      0.      0.      0.      0.     -0.     -0.      0.     -0.      0.      0.      0.      0.      0.      0.      0.      0.4115 -0.
 -0.     -0.     -0.     -0.      0.     -0.     -0.      0.     -0.1175 -0.     -0.      0.6142 -0.      0.     -0.     -0.      0.      0.
  0.      0.     -0.     -0.     -0.     -0.     -0.     -0.      0.      0.    ]

diagonale matrice pesi W_95 (1 / max(|w|, eps)):
[9.8593e-01 1.0000e+08 1.0000e+08 1.0000e+08 1.0000e+08 1.0000e+08 1.0000e+08 1.0000e+08 1.0000e+08 1.0000e+08 7.0422e-01 1.0000e+08 1.0000e+08
 1.0000e+08 1.0000e+08 1.0000e+08 1.0000e+08 1.0000e+08 1.0000e+08 1.0000e+08 1.0000e+08 1.0000e+08 1.1770e+00 2.2419e+05 1.0000e+08 1.0000e+08
 1.0000e+08 1.0000e+08 1.0000e+08 1.0000e+08 1.0000e+08 1.0000e+08 1.0000e+08 1.0000e+08 1.0000e+08 1.0000e+08 1.8697e+03 1.0000e+08 1.0000e+08
 2.6222e+00 1.0000e+08 1.0000e+08 1.0000e+08 1.0000e+08 4.4043e+00 8.0383e-01 1.0000e+08 1.0000e+08 1.0000e+08 1.0000e+08 1.0000e+08 1.0000e+08
 1.0000e+08 1.1515e+00 1.0000e+08 1.0000e+08 1.0000e+08 1.0000e+08 1.0000e+08 1.0000e+08 1.0000e+08 1.0000e+08 1.0000e+08 1.0000e+08 1.0000e+08
 1.0000e+08 1.0000e+08 1.0000e+08 1.0000e+08 1.0000e+08 2.4304e+00 1.0000e+08 1.0000e+08 1.0000e+08 1.0000e+08 4.2740e+04 1.0000e+08 1.0000e+08
 1.0000e+08 1.0000e+08 8.5126e+00 1.0000e+08 1.0000e+08 1.6282e+00 1.0000e+08 1.0000e+08 1.0000e+08 1.0000e+08 1.0000e+08 1.0000e+08 1.0000e+08
 1.0000e+08 1.0000e+08 1.0000e+08 1.0000e+08 1.0000e+08 1.0000e+08 1.0000e+08 1.0000e+08 8.6702e+04]

matrice di sistema Q_95 (A + lambda * W_95):
[[       1.0986       -0.0922       -0.0173       -0.0403       -0.0275 ...        0.0648       -0.02          0.0741        0.0644       -0.0096]
 [      -0.0922 10000001.           -0.0832       -0.0403       -0.0328 ...       -0.0131        0.1748       -0.0006       -0.0396       -0.1098]
 [      -0.0173       -0.0832 10000001.           -0.0997       -0.02   ...       -0.0945        0.0139       -0.0721        0.0284        0.0155]
 [      -0.0403       -0.0403       -0.0997 10000001.           -0.1078 ...        0.1176       -0.0406        0.0293        0.0054       -0.037 ]
 [      -0.0275       -0.0328       -0.02         -0.1078 10000001.     ...       -0.0815        0.0502        0.084        -0.0457       -0.0797]
 ...
 [       0.0648       -0.0131       -0.0945        0.1176       -0.0815 ... 10000001.           -0.0458        0.0256       -0.0061       -0.0081]
 [      -0.02          0.1748        0.0139       -0.0406        0.0502 ...       -0.0458 10000001.           -0.0824       -0.0423        0.0548]
 [       0.0741       -0.0006       -0.0721        0.0293        0.084  ...        0.0256       -0.0824 10000001.           -0.0403        0.0028]
 [       0.0644       -0.0396        0.0284        0.0054       -0.0457 ...       -0.0061       -0.0423       -0.0403 10000001.            0.0801]
 [      -0.0096       -0.1098        0.0155       -0.037        -0.0797 ...       -0.0081        0.0548        0.0028        0.0801     8671.2386]]

------------------------------------------------------------

--- ITERAZIONE k = 96 ---
vettore w_96:
[-1.0143  0.      0.      0.     -0.     -0.     -0.     -0.     -0.     -0.      1.42    0.     -0.      0.     -0.      0.      0.      0.
 -0.      0.      0.      0.     -0.8496 -0.      0.      0.      0.     -0.      0.     -0.     -0.     -0.      0.      0.     -0.     -0.
  0.0005  0.      0.      0.3814 -0.     -0.      0.      0.      0.2271  1.244  -0.     -0.      0.     -0.      0.      0.      0.     -0.8684
  0.      0.      0.      0.      0.     -0.     -0.      0.     -0.      0.      0.      0.      0.      0.      0.      0.      0.4115 -0.
 -0.     -0.     -0.     -0.      0.     -0.     -0.      0.     -0.1175 -0.     -0.      0.6142 -0.      0.     -0.     -0.      0.      0.
  0.      0.     -0.     -0.     -0.     -0.     -0.     -0.      0.      0.    ]

diagonale matrice pesi W_96 (1 / max(|w|, eps)):
[9.8593e-01 1.0000e+08 1.0000e+08 1.0000e+08 1.0000e+08 1.0000e+08 1.0000e+08 1.0000e+08 1.0000e+08 1.0000e+08 7.0422e-01 1.0000e+08 1.0000e+08
 1.0000e+08 1.0000e+08 1.0000e+08 1.0000e+08 1.0000e+08 1.0000e+08 1.0000e+08 1.0000e+08 1.0000e+08 1.1770e+00 2.1706e+05 1.0000e+08 1.0000e+08
 1.0000e+08 1.0000e+08 1.0000e+08 1.0000e+08 1.0000e+08 1.0000e+08 1.0000e+08 1.0000e+08 1.0000e+08 1.0000e+08 1.8926e+03 1.0000e+08 1.0000e+08
 2.6222e+00 1.0000e+08 1.0000e+08 1.0000e+08 1.0000e+08 4.4043e+00 8.0383e-01 1.0000e+08 1.0000e+08 1.0000e+08 1.0000e+08 1.0000e+08 1.0000e+08
 1.0000e+08 1.1515e+00 1.0000e+08 1.0000e+08 1.0000e+08 1.0000e+08 1.0000e+08 1.0000e+08 1.0000e+08 1.0000e+08 1.0000e+08 1.0000e+08 1.0000e+08
 1.0000e+08 1.0000e+08 1.0000e+08 1.0000e+08 1.0000e+08 2.4304e+00 1.0000e+08 1.0000e+08 1.0000e+08 1.0000e+08 4.0046e+04 1.0000e+08 1.0000e+08
 1.0000e+08 1.0000e+08 8.5126e+00 1.0000e+08 1.0000e+08 1.6282e+00 1.0000e+08 1.0000e+08 1.0000e+08 1.0000e+08 1.0000e+08 1.0000e+08 1.0000e+08
 1.0000e+08 1.0000e+08 1.0000e+08 1.0000e+08 1.0000e+08 1.0000e+08 1.0000e+08 1.0000e+08 8.8194e+04]

matrice di sistema Q_96 (A + lambda * W_96):
[[       1.0986       -0.0922       -0.0173       -0.0403       -0.0275 ...        0.0648       -0.02          0.0741        0.0644       -0.0096]
 [      -0.0922 10000001.           -0.0832       -0.0403       -0.0328 ...       -0.0131        0.1748       -0.0006       -0.0396       -0.1098]
 [      -0.0173       -0.0832 10000001.           -0.0997       -0.02   ...       -0.0945        0.0139       -0.0721        0.0284        0.0155]
 [      -0.0403       -0.0403       -0.0997 10000001.           -0.1078 ...        0.1176       -0.0406        0.0293        0.0054       -0.037 ]
 [      -0.0275       -0.0328       -0.02         -0.1078 10000001.     ...       -0.0815        0.0502        0.084        -0.0457       -0.0797]
 ...
 [       0.0648       -0.0131       -0.0945        0.1176       -0.0815 ... 10000001.           -0.0458        0.0256       -0.0061       -0.0081]
 [      -0.02          0.1748        0.0139       -0.0406        0.0502 ...       -0.0458 10000001.           -0.0824       -0.0423        0.0548]
 [       0.0741       -0.0006       -0.0721        0.0293        0.084  ...        0.0256       -0.0824 10000001.           -0.0403        0.0028]
 [       0.0644       -0.0396        0.0284        0.0054       -0.0457 ...       -0.0061       -0.0423       -0.0403 10000001.            0.0801]
 [      -0.0096       -0.1098        0.0155       -0.037        -0.0797 ...       -0.0081        0.0548        0.0028        0.0801     8820.3695]]

------------------------------------------------------------

--- ITERAZIONE k = 97 ---
vettore w_97:
[-1.0143  0.      0.      0.     -0.     -0.     -0.     -0.     -0.     -0.      1.42    0.     -0.      0.     -0.      0.      0.      0.
 -0.      0.      0.      0.     -0.8496 -0.      0.      0.      0.     -0.      0.     -0.     -0.     -0.      0.      0.     -0.     -0.
  0.0005  0.      0.      0.3814 -0.     -0.      0.      0.      0.2271  1.244  -0.     -0.      0.     -0.      0.      0.      0.     -0.8684
  0.      0.      0.      0.      0.     -0.     -0.      0.     -0.      0.      0.      0.      0.      0.      0.      0.      0.4115 -0.
 -0.     -0.     -0.     -0.      0.     -0.     -0.      0.     -0.1175 -0.     -0.      0.6142 -0.      0.     -0.     -0.      0.      0.
  0.      0.     -0.     -0.     -0.     -0.     -0.     -0.      0.      0.    ]

diagonale matrice pesi W_97 (1 / max(|w|, eps)):
[9.8593e-01 1.0000e+08 1.0000e+08 1.0000e+08 1.0000e+08 1.0000e+08 1.0000e+08 1.0000e+08 1.0000e+08 1.0000e+08 7.0422e-01 1.0000e+08 1.0000e+08
 1.0000e+08 1.0000e+08 1.0000e+08 1.0000e+08 1.0000e+08 1.0000e+08 1.0000e+08 1.0000e+08 1.0000e+08 1.1770e+00 2.1016e+05 1.0000e+08 1.0000e+08
 1.0000e+08 1.0000e+08 1.0000e+08 1.0000e+08 1.0000e+08 1.0000e+08 1.0000e+08 1.0000e+08 1.0000e+08 1.0000e+08 1.9157e+03 1.0000e+08 1.0000e+08
 2.6222e+00 1.0000e+08 1.0000e+08 1.0000e+08 1.0000e+08 4.4043e+00 8.0383e-01 1.0000e+08 1.0000e+08 1.0000e+08 1.0000e+08 1.0000e+08 1.0000e+08
 1.0000e+08 1.1515e+00 1.0000e+08 1.0000e+08 1.0000e+08 1.0000e+08 1.0000e+08 1.0000e+08 1.0000e+08 1.0000e+08 1.0000e+08 1.0000e+08 1.0000e+08
 1.0000e+08 1.0000e+08 1.0000e+08 1.0000e+08 1.0000e+08 2.4304e+00 1.0000e+08 1.0000e+08 1.0000e+08 1.0000e+08 3.7523e+04 1.0000e+08 1.0000e+08
 1.0000e+08 1.0000e+08 8.5126e+00 1.0000e+08 1.0000e+08 1.6283e+00 1.0000e+08 1.0000e+08 1.0000e+08 1.0000e+08 1.0000e+08 1.0000e+08 1.0000e+08
 1.0000e+08 1.0000e+08 1.0000e+08 1.0000e+08 1.0000e+08 1.0000e+08 1.0000e+08 1.0000e+08 8.9711e+04]

matrice di sistema Q_97 (A + lambda * W_97):
[[       1.0986       -0.0922       -0.0173       -0.0403       -0.0275 ...        0.0648       -0.02          0.0741        0.0644       -0.0096]
 [      -0.0922 10000001.           -0.0832       -0.0403       -0.0328 ...       -0.0131        0.1748       -0.0006       -0.0396       -0.1098]
 [      -0.0173       -0.0832 10000001.           -0.0997       -0.02   ...       -0.0945        0.0139       -0.0721        0.0284        0.0155]
 [      -0.0403       -0.0403       -0.0997 10000001.           -0.1078 ...        0.1176       -0.0406        0.0293        0.0054       -0.037 ]
 [      -0.0275       -0.0328       -0.02         -0.1078 10000001.     ...       -0.0815        0.0502        0.084        -0.0457       -0.0797]
 ...
 [       0.0648       -0.0131       -0.0945        0.1176       -0.0815 ... 10000001.           -0.0458        0.0256       -0.0061       -0.0081]
 [      -0.02          0.1748        0.0139       -0.0406        0.0502 ...       -0.0458 10000001.           -0.0824       -0.0423        0.0548]
 [       0.0741       -0.0006       -0.0721        0.0293        0.084  ...        0.0256       -0.0824 10000001.           -0.0403        0.0028]
 [       0.0644       -0.0396        0.0284        0.0054       -0.0457 ...       -0.0061       -0.0423       -0.0403 10000001.            0.0801]
 [      -0.0096       -0.1098        0.0155       -0.037        -0.0797 ...       -0.0081        0.0548        0.0028        0.0801     8972.0743]]

------------------------------------------------------------

--- ITERAZIONE k = 98 ---
vettore w_98:
[-1.0143  0.      0.      0.     -0.     -0.     -0.     -0.     -0.     -0.      1.42    0.     -0.      0.     -0.      0.      0.      0.
 -0.      0.      0.      0.     -0.8496 -0.      0.      0.      0.     -0.      0.     -0.     -0.     -0.      0.      0.     -0.     -0.
  0.0005  0.      0.      0.3814 -0.     -0.      0.      0.      0.2271  1.244  -0.     -0.      0.     -0.      0.      0.      0.     -0.8684
  0.      0.      0.      0.      0.     -0.     -0.      0.     -0.      0.      0.      0.      0.      0.      0.      0.      0.4115 -0.
 -0.     -0.     -0.     -0.      0.     -0.     -0.      0.     -0.1175 -0.     -0.      0.6142 -0.      0.     -0.     -0.      0.      0.
  0.      0.     -0.     -0.     -0.     -0.     -0.     -0.      0.      0.    ]

diagonale matrice pesi W_98 (1 / max(|w|, eps)):
[9.8593e-01 1.0000e+08 1.0000e+08 1.0000e+08 1.0000e+08 1.0000e+08 1.0000e+08 1.0000e+08 1.0000e+08 1.0000e+08 7.0422e-01 1.0000e+08 1.0000e+08
 1.0000e+08 1.0000e+08 1.0000e+08 1.0000e+08 1.0000e+08 1.0000e+08 1.0000e+08 1.0000e+08 1.0000e+08 1.1770e+00 2.0348e+05 1.0000e+08 1.0000e+08
 1.0000e+08 1.0000e+08 1.0000e+08 1.0000e+08 1.0000e+08 1.0000e+08 1.0000e+08 1.0000e+08 1.0000e+08 1.0000e+08 1.9389e+03 1.0000e+08 1.0000e+08
 2.6222e+00 1.0000e+08 1.0000e+08 1.0000e+08 1.0000e+08 4.4043e+00 8.0383e-01 1.0000e+08 1.0000e+08 1.0000e+08 1.0000e+08 1.0000e+08 1.0000e+08
 1.0000e+08 1.1515e+00 1.0000e+08 1.0000e+08 1.0000e+08 1.0000e+08 1.0000e+08 1.0000e+08 1.0000e+08 1.0000e+08 1.0000e+08 1.0000e+08 1.0000e+08
 1.0000e+08 1.0000e+08 1.0000e+08 1.0000e+08 1.0000e+08 2.4304e+00 1.0000e+08 1.0000e+08 1.0000e+08 1.0000e+08 3.5160e+04 1.0000e+08 1.0000e+08
 1.0000e+08 1.0000e+08 8.5126e+00 1.0000e+08 1.0000e+08 1.6283e+00 1.0000e+08 1.0000e+08 1.0000e+08 1.0000e+08 1.0000e+08 1.0000e+08 1.0000e+08
 1.0000e+08 1.0000e+08 1.0000e+08 1.0000e+08 1.0000e+08 1.0000e+08 1.0000e+08 1.0000e+08 9.1254e+04]

matrice di sistema Q_98 (A + lambda * W_98):
[[       1.0986       -0.0922       -0.0173       -0.0403       -0.0275 ...        0.0648       -0.02          0.0741        0.0644       -0.0096]
 [      -0.0922 10000001.           -0.0832       -0.0403       -0.0328 ...       -0.0131        0.1748       -0.0006       -0.0396       -0.1098]
 [      -0.0173       -0.0832 10000001.           -0.0997       -0.02   ...       -0.0945        0.0139       -0.0721        0.0284        0.0155]
 [      -0.0403       -0.0403       -0.0997 10000001.           -0.1078 ...        0.1176       -0.0406        0.0293        0.0054       -0.037 ]
 [      -0.0275       -0.0328       -0.02         -0.1078 10000001.     ...       -0.0815        0.0502        0.084        -0.0457       -0.0797]
 ...
 [       0.0648       -0.0131       -0.0945        0.1176       -0.0815 ... 10000001.           -0.0458        0.0256       -0.0061       -0.0081]
 [      -0.02          0.1748        0.0139       -0.0406        0.0502 ...       -0.0458 10000001.           -0.0824       -0.0423        0.0548]
 [       0.0741       -0.0006       -0.0721        0.0293        0.084  ...        0.0256       -0.0824 10000001.           -0.0403        0.0028]
 [       0.0644       -0.0396        0.0284        0.0054       -0.0457 ...       -0.0061       -0.0423       -0.0403 10000001.            0.0801]
 [      -0.0096       -0.1098        0.0155       -0.037        -0.0797 ...       -0.0081        0.0548        0.0028        0.0801     9126.3975]]

------------------------------------------------------------

--- ITERAZIONE k = 99 ---
vettore w_99:
[-1.0143  0.      0.      0.     -0.     -0.     -0.     -0.     -0.     -0.      1.42    0.     -0.      0.     -0.      0.      0.      0.
 -0.      0.      0.      0.     -0.8496 -0.      0.      0.      0.     -0.      0.     -0.     -0.     -0.      0.      0.     -0.     -0.
  0.0005  0.      0.      0.3814 -0.     -0.      0.      0.      0.2271  1.244  -0.     -0.      0.     -0.      0.      0.      0.     -0.8684
  0.      0.      0.      0.      0.     -0.     -0.      0.     -0.      0.      0.      0.      0.      0.      0.      0.      0.4115 -0.
 -0.     -0.     -0.     -0.      0.     -0.     -0.      0.     -0.1175 -0.     -0.      0.6142 -0.      0.     -0.     -0.      0.      0.
  0.      0.     -0.     -0.     -0.     -0.     -0.     -0.      0.      0.    ]

diagonale matrice pesi W_99 (1 / max(|w|, eps)):
[9.8593e-01 1.0000e+08 1.0000e+08 1.0000e+08 1.0000e+08 1.0000e+08 1.0000e+08 1.0000e+08 1.0000e+08 1.0000e+08 7.0422e-01 1.0000e+08 1.0000e+08
 1.0000e+08 1.0000e+08 1.0000e+08 1.0000e+08 1.0000e+08 1.0000e+08 1.0000e+08 1.0000e+08 1.0000e+08 1.1770e+00 1.9700e+05 1.0000e+08 1.0000e+08
 1.0000e+08 1.0000e+08 1.0000e+08 1.0000e+08 1.0000e+08 1.0000e+08 1.0000e+08 1.0000e+08 1.0000e+08 1.0000e+08 1.9623e+03 1.0000e+08 1.0000e+08
 2.6222e+00 1.0000e+08 1.0000e+08 1.0000e+08 1.0000e+08 4.4043e+00 8.0383e-01 1.0000e+08 1.0000e+08 1.0000e+08 1.0000e+08 1.0000e+08 1.0000e+08
 1.0000e+08 1.1515e+00 1.0000e+08 1.0000e+08 1.0000e+08 1.0000e+08 1.0000e+08 1.0000e+08 1.0000e+08 1.0000e+08 1.0000e+08 1.0000e+08 1.0000e+08
 1.0000e+08 1.0000e+08 1.0000e+08 1.0000e+08 1.0000e+08 2.4304e+00 1.0000e+08 1.0000e+08 1.0000e+08 1.0000e+08 3.2946e+04 1.0000e+08 1.0000e+08
 1.0000e+08 1.0000e+08 8.5126e+00 1.0000e+08 1.0000e+08 1.6283e+00 1.0000e+08 1.0000e+08 1.0000e+08 1.0000e+08 1.0000e+08 1.0000e+08 1.0000e+08
 1.0000e+08 1.0000e+08 1.0000e+08 1.0000e+08 1.0000e+08 1.0000e+08 1.0000e+08 1.0000e+08 9.2824e+04]

matrice di sistema Q_99 (A + lambda * W_99):
[[       1.0986       -0.0922       -0.0173       -0.0403       -0.0275 ...        0.0648       -0.02          0.0741        0.0644       -0.0096]
 [      -0.0922 10000001.           -0.0832       -0.0403       -0.0328 ...       -0.0131        0.1748       -0.0006       -0.0396       -0.1098]
 [      -0.0173       -0.0832 10000001.           -0.0997       -0.02   ...       -0.0945        0.0139       -0.0721        0.0284        0.0155]
 [      -0.0403       -0.0403       -0.0997 10000001.           -0.1078 ...        0.1176       -0.0406        0.0293        0.0054       -0.037 ]
 [      -0.0275       -0.0328       -0.02         -0.1078 10000001.     ...       -0.0815        0.0502        0.084        -0.0457       -0.0797]
 ...
 [       0.0648       -0.0131       -0.0945        0.1176       -0.0815 ... 10000001.           -0.0458        0.0256       -0.0061       -0.0081]
 [      -0.02          0.1748        0.0139       -0.0406        0.0502 ...       -0.0458 10000001.           -0.0824       -0.0423        0.0548]
 [       0.0741       -0.0006       -0.0721        0.0293        0.084  ...        0.0256       -0.0824 10000001.           -0.0403        0.0028]
 [       0.0644       -0.0396        0.0284        0.0054       -0.0457 ...       -0.0061       -0.0423       -0.0403 10000001.            0.0801]
 [      -0.0096       -0.1098        0.0155       -0.037        -0.0797 ...       -0.0081        0.0548        0.0028        0.0801     9283.3843]]

------------------------------------------------------------

--- ITERAZIONE k = 100 ---
vettore w_100:
[-1.0143  0.      0.      0.     -0.     -0.     -0.     -0.     -0.     -0.      1.42    0.     -0.      0.     -0.      0.      0.      0.
 -0.      0.      0.      0.     -0.8496 -0.      0.      0.      0.     -0.      0.     -0.     -0.     -0.      0.      0.     -0.     -0.
  0.0005  0.      0.      0.3814 -0.     -0.      0.      0.      0.2271  1.244  -0.     -0.      0.     -0.      0.      0.      0.     -0.8684
  0.      0.      0.      0.      0.     -0.     -0.      0.     -0.      0.      0.      0.      0.      0.      0.      0.      0.4115 -0.
 -0.     -0.     -0.     -0.      0.     -0.     -0.      0.     -0.1175 -0.     -0.      0.6142 -0.      0.     -0.     -0.      0.      0.
  0.      0.     -0.     -0.     -0.     -0.     -0.     -0.      0.      0.    ]

diagonale matrice pesi W_100 (1 / max(|w|, eps)):
[9.8593e-01 1.0000e+08 1.0000e+08 1.0000e+08 1.0000e+08 1.0000e+08 1.0000e+08 1.0000e+08 1.0000e+08 1.0000e+08 7.0422e-01 1.0000e+08 1.0000e+08
 1.0000e+08 1.0000e+08 1.0000e+08 1.0000e+08 1.0000e+08 1.0000e+08 1.0000e+08 1.0000e+08 1.0000e+08 1.1770e+00 1.9074e+05 1.0000e+08 1.0000e+08
 1.0000e+08 1.0000e+08 1.0000e+08 1.0000e+08 1.0000e+08 1.0000e+08 1.0000e+08 1.0000e+08 1.0000e+08 1.0000e+08 1.9858e+03 1.0000e+08 1.0000e+08
 2.6221e+00 1.0000e+08 1.0000e+08 1.0000e+08 1.0000e+08 4.4043e+00 8.0383e-01 1.0000e+08 1.0000e+08 1.0000e+08 1.0000e+08 1.0000e+08 1.0000e+08
 1.0000e+08 1.1515e+00 1.0000e+08 1.0000e+08 1.0000e+08 1.0000e+08 1.0000e+08 1.0000e+08 1.0000e+08 1.0000e+08 1.0000e+08 1.0000e+08 1.0000e+08
 1.0000e+08 1.0000e+08 1.0000e+08 1.0000e+08 1.0000e+08 2.4304e+00 1.0000e+08 1.0000e+08 1.0000e+08 1.0000e+08 3.0873e+04 1.0000e+08 1.0000e+08
 1.0000e+08 1.0000e+08 8.5126e+00 1.0000e+08 1.0000e+08 1.6283e+00 1.0000e+08 1.0000e+08 1.0000e+08 1.0000e+08 1.0000e+08 1.0000e+08 1.0000e+08
 1.0000e+08 1.0000e+08 1.0000e+08 1.0000e+08 1.0000e+08 1.0000e+08 1.0000e+08 1.0000e+08 9.4421e+04]

matrice di sistema Q_100 (A + lambda * W_100):
[[       1.0986       -0.0922       -0.0173       -0.0403       -0.0275 ...        0.0648       -0.02          0.0741        0.0644       -0.0096]
 [      -0.0922 10000001.           -0.0832       -0.0403       -0.0328 ...       -0.0131        0.1748       -0.0006       -0.0396       -0.1098]
 [      -0.0173       -0.0832 10000001.           -0.0997       -0.02   ...       -0.0945        0.0139       -0.0721        0.0284        0.0155]
 [      -0.0403       -0.0403       -0.0997 10000001.           -0.1078 ...        0.1176       -0.0406        0.0293        0.0054       -0.037 ]
 [      -0.0275       -0.0328       -0.02         -0.1078 10000001.     ...       -0.0815        0.0502        0.084        -0.0457       -0.0797]
 ...
 [       0.0648       -0.0131       -0.0945        0.1176       -0.0815 ... 10000001.           -0.0458        0.0256       -0.0061       -0.0081]
 [      -0.02          0.1748        0.0139       -0.0406        0.0502 ...       -0.0458 10000001.           -0.0824       -0.0423        0.0548]
 [       0.0741       -0.0006       -0.0721        0.0293        0.084  ...        0.0256       -0.0824 10000001.           -0.0403        0.0028]
 [       0.0644       -0.0396        0.0284        0.0054       -0.0457 ...       -0.0061       -0.0423       -0.0403 10000001.            0.0801]
 [      -0.0096       -0.1098        0.0155       -0.037        -0.0797 ...       -0.0081        0.0548        0.0028        0.0801     9443.0806]]

------------------------------------------------------------

--- ITERAZIONE k = 101 ---
vettore w_101:
[-1.0143  0.      0.      0.     -0.     -0.     -0.     -0.     -0.     -0.      1.42    0.     -0.      0.     -0.      0.      0.      0.
 -0.      0.      0.      0.     -0.8496 -0.      0.      0.      0.     -0.      0.     -0.     -0.     -0.      0.      0.     -0.     -0.
  0.0005  0.      0.      0.3814 -0.     -0.      0.      0.      0.2271  1.244  -0.     -0.      0.     -0.      0.      0.      0.     -0.8684
  0.      0.      0.      0.      0.     -0.     -0.      0.     -0.      0.      0.      0.      0.      0.      0.      0.      0.4115 -0.
 -0.     -0.     -0.     -0.      0.     -0.     -0.      0.     -0.1175 -0.     -0.      0.6142 -0.      0.     -0.     -0.      0.      0.
  0.      0.     -0.     -0.     -0.     -0.     -0.     -0.      0.      0.    ]

diagonale matrice pesi W_101 (1 / max(|w|, eps)):
[9.8592e-01 1.0000e+08 1.0000e+08 1.0000e+08 1.0000e+08 1.0000e+08 1.0000e+08 1.0000e+08 1.0000e+08 1.0000e+08 7.0422e-01 1.0000e+08 1.0000e+08
 1.0000e+08 1.0000e+08 1.0000e+08 1.0000e+08 1.0000e+08 1.0000e+08 1.0000e+08 1.0000e+08 1.0000e+08 1.1770e+00 1.8467e+05 1.0000e+08 1.0000e+08
 1.0000e+08 1.0000e+08 1.0000e+08 1.0000e+08 1.0000e+08 1.0000e+08 1.0000e+08 1.0000e+08 1.0000e+08 1.0000e+08 2.0095e+03 1.0000e+08 1.0000e+08
 2.6221e+00 1.0000e+08 1.0000e+08 1.0000e+08 1.0000e+08 4.4043e+00 8.0383e-01 1.0000e+08 1.0000e+08 1.0000e+08 1.0000e+08 1.0000e+08 1.0000e+08
 1.0000e+08 1.1515e+00 1.0000e+08 1.0000e+08 1.0000e+08 1.0000e+08 1.0000e+08 1.0000e+08 1.0000e+08 1.0000e+08 1.0000e+08 1.0000e+08 1.0000e+08
 1.0000e+08 1.0000e+08 1.0000e+08 1.0000e+08 1.0000e+08 2.4304e+00 1.0000e+08 1.0000e+08 1.0000e+08 1.0000e+08 2.8931e+04 1.0000e+08 1.0000e+08
 1.0000e+08 1.0000e+08 8.5126e+00 1.0000e+08 1.0000e+08 1.6283e+00 1.0000e+08 1.0000e+08 1.0000e+08 1.0000e+08 1.0000e+08 1.0000e+08 1.0000e+08
 1.0000e+08 1.0000e+08 1.0000e+08 1.0000e+08 1.0000e+08 1.0000e+08 1.0000e+08 1.0000e+08 9.6045e+04]

matrice di sistema Q_101 (A + lambda * W_101):
[[       1.0986       -0.0922       -0.0173       -0.0403       -0.0275 ...        0.0648       -0.02          0.0741        0.0644       -0.0096]
 [      -0.0922 10000001.           -0.0832       -0.0403       -0.0328 ...       -0.0131        0.1748       -0.0006       -0.0396       -0.1098]
 [      -0.0173       -0.0832 10000001.           -0.0997       -0.02   ...       -0.0945        0.0139       -0.0721        0.0284        0.0155]
 [      -0.0403       -0.0403       -0.0997 10000001.           -0.1078 ...        0.1176       -0.0406        0.0293        0.0054       -0.037 ]
 [      -0.0275       -0.0328       -0.02         -0.1078 10000001.     ...       -0.0815        0.0502        0.084        -0.0457       -0.0797]
 ...
 [       0.0648       -0.0131       -0.0945        0.1176       -0.0815 ... 10000001.           -0.0458        0.0256       -0.0061       -0.0081]
 [      -0.02          0.1748        0.0139       -0.0406        0.0502 ...       -0.0458 10000001.           -0.0824       -0.0423        0.0548]
 [       0.0741       -0.0006       -0.0721        0.0293        0.084  ...        0.0256       -0.0824 10000001.           -0.0403        0.0028]
 [       0.0644       -0.0396        0.0284        0.0054       -0.0457 ...       -0.0061       -0.0423       -0.0403 10000001.            0.0801]
 [      -0.0096       -0.1098        0.0155       -0.037        -0.0797 ...       -0.0081        0.0548        0.0028        0.0801     9605.5333]]

------------------------------------------------------------

--- ITERAZIONE k = 102 ---
vettore w_102:
[-1.0143  0.      0.      0.     -0.     -0.     -0.     -0.     -0.     -0.      1.42    0.     -0.      0.     -0.      0.      0.      0.
 -0.      0.      0.      0.     -0.8496 -0.      0.      0.      0.     -0.      0.     -0.     -0.     -0.      0.      0.     -0.     -0.
  0.0005  0.      0.      0.3814 -0.     -0.      0.      0.      0.2271  1.244  -0.     -0.      0.     -0.      0.      0.      0.     -0.8684
  0.      0.      0.      0.      0.     -0.     -0.      0.     -0.      0.      0.      0.      0.      0.      0.      0.      0.4115 -0.
 -0.     -0.     -0.     -0.      0.     -0.     -0.      0.     -0.1175 -0.     -0.      0.6142 -0.      0.     -0.     -0.      0.      0.
  0.      0.     -0.     -0.     -0.     -0.     -0.     -0.      0.      0.    ]

diagonale matrice pesi W_102 (1 / max(|w|, eps)):
[9.8592e-01 1.0000e+08 1.0000e+08 1.0000e+08 1.0000e+08 1.0000e+08 1.0000e+08 1.0000e+08 1.0000e+08 1.0000e+08 7.0422e-01 1.0000e+08 1.0000e+08
 1.0000e+08 1.0000e+08 1.0000e+08 1.0000e+08 1.0000e+08 1.0000e+08 1.0000e+08 1.0000e+08 1.0000e+08 1.1770e+00 1.7879e+05 1.0000e+08 1.0000e+08
 1.0000e+08 1.0000e+08 1.0000e+08 1.0000e+08 1.0000e+08 1.0000e+08 1.0000e+08 1.0000e+08 1.0000e+08 1.0000e+08 2.0334e+03 1.0000e+08 1.0000e+08
 2.6221e+00 1.0000e+08 1.0000e+08 1.0000e+08 1.0000e+08 4.4042e+00 8.0383e-01 1.0000e+08 1.0000e+08 1.0000e+08 1.0000e+08 1.0000e+08 1.0000e+08
 1.0000e+08 1.1515e+00 1.0000e+08 1.0000e+08 1.0000e+08 1.0000e+08 1.0000e+08 1.0000e+08 1.0000e+08 1.0000e+08 1.0000e+08 1.0000e+08 1.0000e+08
 1.0000e+08 1.0000e+08 1.0000e+08 1.0000e+08 1.0000e+08 2.4304e+00 1.0000e+08 1.0000e+08 1.0000e+08 1.0000e+08 2.7111e+04 1.0000e+08 1.0000e+08
 1.0000e+08 1.0000e+08 8.5126e+00 1.0000e+08 1.0000e+08 1.6283e+00 1.0000e+08 1.0000e+08 1.0000e+08 1.0000e+08 1.0000e+08 1.0000e+08 1.0000e+08
 1.0000e+08 1.0000e+08 1.0000e+08 1.0000e+08 1.0000e+08 1.0000e+08 1.0000e+08 1.0000e+08 9.7698e+04]

matrice di sistema Q_102 (A + lambda * W_102):
[[       1.0986       -0.0922       -0.0173       -0.0403       -0.0275 ...        0.0648       -0.02          0.0741        0.0644       -0.0096]
 [      -0.0922 10000001.           -0.0832       -0.0403       -0.0328 ...       -0.0131        0.1748       -0.0006       -0.0396       -0.1098]
 [      -0.0173       -0.0832 10000001.           -0.0997       -0.02   ...       -0.0945        0.0139       -0.0721        0.0284        0.0155]
 [      -0.0403       -0.0403       -0.0997 10000001.           -0.1078 ...        0.1176       -0.0406        0.0293        0.0054       -0.037 ]
 [      -0.0275       -0.0328       -0.02         -0.1078 10000001.     ...       -0.0815        0.0502        0.084        -0.0457       -0.0797]
 ...
 [       0.0648       -0.0131       -0.0945        0.1176       -0.0815 ... 10000001.           -0.0458        0.0256       -0.0061       -0.0081]
 [      -0.02          0.1748        0.0139       -0.0406        0.0502 ...       -0.0458 10000001.           -0.0824       -0.0423        0.0548]
 [       0.0741       -0.0006       -0.0721        0.0293        0.084  ...        0.0256       -0.0824 10000001.           -0.0403        0.0028]
 [       0.0644       -0.0396        0.0284        0.0054       -0.0457 ...       -0.0061       -0.0423       -0.0403 10000001.            0.0801]
 [      -0.0096       -0.1098        0.0155       -0.037        -0.0797 ...       -0.0081        0.0548        0.0028        0.0801     9770.79  ]]

------------------------------------------------------------

--- ITERAZIONE k = 103 ---
vettore w_103:
[-1.0143  0.      0.      0.     -0.     -0.     -0.     -0.     -0.     -0.      1.42    0.     -0.      0.     -0.      0.      0.      0.
 -0.      0.      0.      0.     -0.8496 -0.      0.      0.      0.     -0.      0.     -0.     -0.     -0.      0.      0.     -0.     -0.
  0.0005  0.      0.      0.3814 -0.     -0.      0.      0.      0.2271  1.244  -0.     -0.      0.     -0.      0.      0.      0.     -0.8684
  0.      0.      0.      0.      0.     -0.     -0.      0.     -0.      0.      0.      0.      0.      0.      0.      0.      0.4115 -0.
 -0.     -0.     -0.     -0.      0.     -0.     -0.      0.     -0.1175 -0.     -0.      0.6142 -0.      0.     -0.     -0.      0.      0.
  0.      0.     -0.     -0.     -0.     -0.     -0.     -0.      0.      0.    ]

diagonale matrice pesi W_103 (1 / max(|w|, eps)):
[9.8592e-01 1.0000e+08 1.0000e+08 1.0000e+08 1.0000e+08 1.0000e+08 1.0000e+08 1.0000e+08 1.0000e+08 1.0000e+08 7.0422e-01 1.0000e+08 1.0000e+08
 1.0000e+08 1.0000e+08 1.0000e+08 1.0000e+08 1.0000e+08 1.0000e+08 1.0000e+08 1.0000e+08 1.0000e+08 1.1770e+00 1.7310e+05 1.0000e+08 1.0000e+08
 1.0000e+08 1.0000e+08 1.0000e+08 1.0000e+08 1.0000e+08 1.0000e+08 1.0000e+08 1.0000e+08 1.0000e+08 1.0000e+08 2.0574e+03 1.0000e+08 1.0000e+08
 2.6221e+00 1.0000e+08 1.0000e+08 1.0000e+08 1.0000e+08 4.4042e+00 8.0384e-01 1.0000e+08 1.0000e+08 1.0000e+08 1.0000e+08 1.0000e+08 1.0000e+08
 1.0000e+08 1.1515e+00 1.0000e+08 1.0000e+08 1.0000e+08 1.0000e+08 1.0000e+08 1.0000e+08 1.0000e+08 1.0000e+08 1.0000e+08 1.0000e+08 1.0000e+08
 1.0000e+08 1.0000e+08 1.0000e+08 1.0000e+08 1.0000e+08 2.4304e+00 1.0000e+08 1.0000e+08 1.0000e+08 1.0000e+08 2.5407e+04 1.0000e+08 1.0000e+08
 1.0000e+08 1.0000e+08 8.5126e+00 1.0000e+08 1.0000e+08 1.6283e+00 1.0000e+08 1.0000e+08 1.0000e+08 1.0000e+08 1.0000e+08 1.0000e+08 1.0000e+08
 1.0000e+08 1.0000e+08 1.0000e+08 1.0000e+08 1.0000e+08 1.0000e+08 1.0000e+08 1.0000e+08 9.9379e+04]

matrice di sistema Q_103 (A + lambda * W_103):
[[       1.0986       -0.0922       -0.0173       -0.0403       -0.0275 ...        0.0648       -0.02          0.0741        0.0644       -0.0096]
 [      -0.0922 10000001.           -0.0832       -0.0403       -0.0328 ...       -0.0131        0.1748       -0.0006       -0.0396       -0.1098]
 [      -0.0173       -0.0832 10000001.           -0.0997       -0.02   ...       -0.0945        0.0139       -0.0721        0.0284        0.0155]
 [      -0.0403       -0.0403       -0.0997 10000001.           -0.1078 ...        0.1176       -0.0406        0.0293        0.0054       -0.037 ]
 [      -0.0275       -0.0328       -0.02         -0.1078 10000001.     ...       -0.0815        0.0502        0.084        -0.0457       -0.0797]
 ...
 [       0.0648       -0.0131       -0.0945        0.1176       -0.0815 ... 10000001.           -0.0458        0.0256       -0.0061       -0.0081]
 [      -0.02          0.1748        0.0139       -0.0406        0.0502 ...       -0.0458 10000001.           -0.0824       -0.0423        0.0548]
 [       0.0741       -0.0006       -0.0721        0.0293        0.084  ...        0.0256       -0.0824 10000001.           -0.0403        0.0028]
 [       0.0644       -0.0396        0.0284        0.0054       -0.0457 ...       -0.0061       -0.0423       -0.0403 10000001.            0.0801]
 [      -0.0096       -0.1098        0.0155       -0.037        -0.0797 ...       -0.0081        0.0548        0.0028        0.0801     9938.8991]]

------------------------------------------------------------

--- ITERAZIONE k = 104 ---
vettore w_104:
[-1.0143  0.      0.      0.     -0.     -0.     -0.     -0.     -0.     -0.      1.42    0.     -0.      0.     -0.      0.      0.      0.
 -0.      0.      0.      0.     -0.8496 -0.      0.      0.      0.     -0.      0.     -0.     -0.     -0.      0.      0.     -0.     -0.
  0.0005  0.      0.      0.3814 -0.     -0.      0.      0.      0.2271  1.244  -0.     -0.      0.     -0.      0.      0.      0.     -0.8684
  0.      0.      0.      0.      0.     -0.     -0.      0.     -0.      0.      0.      0.      0.      0.      0.      0.      0.4115 -0.
 -0.     -0.     -0.     -0.      0.     -0.     -0.      0.     -0.1175 -0.     -0.      0.6142 -0.      0.     -0.     -0.      0.      0.
  0.      0.     -0.     -0.     -0.     -0.     -0.     -0.      0.      0.    ]

diagonale matrice pesi W_104 (1 / max(|w|, eps)):
[9.8592e-01 1.0000e+08 1.0000e+08 1.0000e+08 1.0000e+08 1.0000e+08 1.0000e+08 1.0000e+08 1.0000e+08 1.0000e+08 7.0422e-01 1.0000e+08 1.0000e+08
 1.0000e+08 1.0000e+08 1.0000e+08 1.0000e+08 1.0000e+08 1.0000e+08 1.0000e+08 1.0000e+08 1.0000e+08 1.1770e+00 1.6759e+05 1.0000e+08 1.0000e+08
 1.0000e+08 1.0000e+08 1.0000e+08 1.0000e+08 1.0000e+08 1.0000e+08 1.0000e+08 1.0000e+08 1.0000e+08 1.0000e+08 2.0817e+03 1.0000e+08 1.0000e+08
 2.6221e+00 1.0000e+08 1.0000e+08 1.0000e+08 1.0000e+08 4.4042e+00 8.0384e-01 1.0000e+08 1.0000e+08 1.0000e+08 1.0000e+08 1.0000e+08 1.0000e+08
 1.0000e+08 1.1515e+00 1.0000e+08 1.0000e+08 1.0000e+08 1.0000e+08 1.0000e+08 1.0000e+08 1.0000e+08 1.0000e+08 1.0000e+08 1.0000e+08 1.0000e+08
 1.0000e+08 1.0000e+08 1.0000e+08 1.0000e+08 1.0000e+08 2.4304e+00 1.0000e+08 1.0000e+08 1.0000e+08 1.0000e+08 2.3810e+04 1.0000e+08 1.0000e+08
 1.0000e+08 1.0000e+08 8.5126e+00 1.0000e+08 1.0000e+08 1.6283e+00 1.0000e+08 1.0000e+08 1.0000e+08 1.0000e+08 1.0000e+08 1.0000e+08 1.0000e+08
 1.0000e+08 1.0000e+08 1.0000e+08 1.0000e+08 1.0000e+08 1.0000e+08 1.0000e+08 1.0000e+08 1.0109e+05]

matrice di sistema Q_104 (A + lambda * W_104):
[[       1.0986       -0.0922       -0.0173       -0.0403       -0.0275 ...        0.0648       -0.02          0.0741        0.0644       -0.0096]
 [      -0.0922 10000001.           -0.0832       -0.0403       -0.0328 ...       -0.0131        0.1748       -0.0006       -0.0396       -0.1098]
 [      -0.0173       -0.0832 10000001.           -0.0997       -0.02   ...       -0.0945        0.0139       -0.0721        0.0284        0.0155]
 [      -0.0403       -0.0403       -0.0997 10000001.           -0.1078 ...        0.1176       -0.0406        0.0293        0.0054       -0.037 ]
 [      -0.0275       -0.0328       -0.02         -0.1078 10000001.     ...       -0.0815        0.0502        0.084        -0.0457       -0.0797]
 ...
 [       0.0648       -0.0131       -0.0945        0.1176       -0.0815 ... 10000001.           -0.0458        0.0256       -0.0061       -0.0081]
 [      -0.02          0.1748        0.0139       -0.0406        0.0502 ...       -0.0458 10000001.           -0.0824       -0.0423        0.0548]
 [       0.0741       -0.0006       -0.0721        0.0293        0.084  ...        0.0256       -0.0824 10000001.           -0.0403        0.0028]
 [       0.0644       -0.0396        0.0284        0.0054       -0.0457 ...       -0.0061       -0.0423       -0.0403 10000001.            0.0801]
 [      -0.0096       -0.1098        0.0155       -0.037        -0.0797 ...       -0.0081        0.0548        0.0028        0.0801    10109.91  ]]

------------------------------------------------------------

--- ITERAZIONE k = 105 ---
vettore w_105:
[-1.0143  0.      0.      0.     -0.     -0.     -0.     -0.     -0.     -0.      1.42    0.     -0.      0.     -0.      0.      0.      0.
 -0.      0.      0.      0.     -0.8496 -0.      0.      0.      0.     -0.      0.     -0.     -0.     -0.      0.      0.     -0.     -0.
  0.0005  0.      0.      0.3814 -0.     -0.      0.      0.      0.2271  1.244  -0.     -0.      0.     -0.      0.      0.      0.     -0.8684
  0.      0.      0.      0.      0.     -0.     -0.      0.     -0.      0.      0.      0.      0.      0.      0.      0.      0.4115 -0.
 -0.     -0.     -0.     -0.      0.     -0.     -0.      0.     -0.1175 -0.     -0.      0.6142 -0.      0.     -0.     -0.      0.      0.
  0.      0.     -0.     -0.     -0.     -0.     -0.     -0.      0.      0.    ]

diagonale matrice pesi W_105 (1 / max(|w|, eps)):
[9.8592e-01 1.0000e+08 1.0000e+08 1.0000e+08 1.0000e+08 1.0000e+08 1.0000e+08 1.0000e+08 1.0000e+08 1.0000e+08 7.0422e-01 1.0000e+08 1.0000e+08
 1.0000e+08 1.0000e+08 1.0000e+08 1.0000e+08 1.0000e+08 1.0000e+08 1.0000e+08 1.0000e+08 1.0000e+08 1.1770e+00 1.6225e+05 1.0000e+08 1.0000e+08
 1.0000e+08 1.0000e+08 1.0000e+08 1.0000e+08 1.0000e+08 1.0000e+08 1.0000e+08 1.0000e+08 1.0000e+08 1.0000e+08 2.1060e+03 1.0000e+08 1.0000e+08
 2.6221e+00 1.0000e+08 1.0000e+08 1.0000e+08 1.0000e+08 4.4042e+00 8.0384e-01 1.0000e+08 1.0000e+08 1.0000e+08 1.0000e+08 1.0000e+08 1.0000e+08
 1.0000e+08 1.1515e+00 1.0000e+08 1.0000e+08 1.0000e+08 1.0000e+08 1.0000e+08 1.0000e+08 1.0000e+08 1.0000e+08 1.0000e+08 1.0000e+08 1.0000e+08
 1.0000e+08 1.0000e+08 1.0000e+08 1.0000e+08 1.0000e+08 2.4304e+00 1.0000e+08 1.0000e+08 1.0000e+08 1.0000e+08 2.2314e+04 1.0000e+08 1.0000e+08
 1.0000e+08 1.0000e+08 8.5126e+00 1.0000e+08 1.0000e+08 1.6283e+00 1.0000e+08 1.0000e+08 1.0000e+08 1.0000e+08 1.0000e+08 1.0000e+08 1.0000e+08
 1.0000e+08 1.0000e+08 1.0000e+08 1.0000e+08 1.0000e+08 1.0000e+08 1.0000e+08 1.0000e+08 1.0283e+05]

matrice di sistema Q_105 (A + lambda * W_105):
[[       1.0986       -0.0922       -0.0173       -0.0403       -0.0275 ...        0.0648       -0.02          0.0741        0.0644       -0.0096]
 [      -0.0922 10000001.           -0.0832       -0.0403       -0.0328 ...       -0.0131        0.1748       -0.0006       -0.0396       -0.1098]
 [      -0.0173       -0.0832 10000001.           -0.0997       -0.02   ...       -0.0945        0.0139       -0.0721        0.0284        0.0155]
 [      -0.0403       -0.0403       -0.0997 10000001.           -0.1078 ...        0.1176       -0.0406        0.0293        0.0054       -0.037 ]
 [      -0.0275       -0.0328       -0.02         -0.1078 10000001.     ...       -0.0815        0.0502        0.084        -0.0457       -0.0797]
 ...
 [       0.0648       -0.0131       -0.0945        0.1176       -0.0815 ... 10000001.           -0.0458        0.0256       -0.0061       -0.0081]
 [      -0.02          0.1748        0.0139       -0.0406        0.0502 ...       -0.0458 10000001.           -0.0824       -0.0423        0.0548]
 [       0.0741       -0.0006       -0.0721        0.0293        0.084  ...        0.0256       -0.0824 10000001.           -0.0403        0.0028]
 [       0.0644       -0.0396        0.0284        0.0054       -0.0457 ...       -0.0061       -0.0423       -0.0403 10000001.            0.0801]
 [      -0.0096       -0.1098        0.0155       -0.037        -0.0797 ...       -0.0081        0.0548        0.0028        0.0801    10283.8727]]

------------------------------------------------------------

--- ITERAZIONE k = 106 ---
vettore w_106:
[-1.0143  0.      0.      0.     -0.     -0.     -0.     -0.     -0.     -0.      1.42    0.     -0.      0.     -0.      0.      0.      0.
 -0.      0.      0.      0.     -0.8496 -0.      0.      0.      0.     -0.      0.     -0.     -0.     -0.      0.      0.     -0.     -0.
  0.0005  0.      0.      0.3814 -0.     -0.      0.      0.      0.2271  1.244  -0.     -0.      0.     -0.      0.      0.      0.     -0.8684
  0.      0.      0.      0.      0.     -0.     -0.      0.     -0.      0.      0.      0.      0.      0.      0.      0.      0.4115 -0.
 -0.     -0.     -0.     -0.      0.     -0.     -0.      0.     -0.1175 -0.     -0.      0.6142 -0.      0.     -0.     -0.      0.      0.
  0.      0.     -0.     -0.     -0.     -0.     -0.     -0.      0.      0.    ]

diagonale matrice pesi W_106 (1 / max(|w|, eps)):
[9.8592e-01 1.0000e+08 1.0000e+08 1.0000e+08 1.0000e+08 1.0000e+08 1.0000e+08 1.0000e+08 1.0000e+08 1.0000e+08 7.0422e-01 1.0000e+08 1.0000e+08
 1.0000e+08 1.0000e+08 1.0000e+08 1.0000e+08 1.0000e+08 1.0000e+08 1.0000e+08 1.0000e+08 1.0000e+08 1.1770e+00 1.5709e+05 1.0000e+08 1.0000e+08
 1.0000e+08 1.0000e+08 1.0000e+08 1.0000e+08 1.0000e+08 1.0000e+08 1.0000e+08 1.0000e+08 1.0000e+08 1.0000e+08 2.1306e+03 1.0000e+08 1.0000e+08
 2.6221e+00 1.0000e+08 1.0000e+08 1.0000e+08 1.0000e+08 4.4042e+00 8.0384e-01 1.0000e+08 1.0000e+08 1.0000e+08 1.0000e+08 1.0000e+08 1.0000e+08
 1.0000e+08 1.1515e+00 1.0000e+08 1.0000e+08 1.0000e+08 1.0000e+08 1.0000e+08 1.0000e+08 1.0000e+08 1.0000e+08 1.0000e+08 1.0000e+08 1.0000e+08
 1.0000e+08 1.0000e+08 1.0000e+08 1.0000e+08 1.0000e+08 2.4303e+00 1.0000e+08 1.0000e+08 1.0000e+08 1.0000e+08 2.0914e+04 1.0000e+08 1.0000e+08
 1.0000e+08 1.0000e+08 8.5126e+00 1.0000e+08 1.0000e+08 1.6283e+00 1.0000e+08 1.0000e+08 1.0000e+08 1.0000e+08 1.0000e+08 1.0000e+08 1.0000e+08
 1.0000e+08 1.0000e+08 1.0000e+08 1.0000e+08 1.0000e+08 1.0000e+08 1.0000e+08 1.0000e+08 1.0460e+05]

matrice di sistema Q_106 (A + lambda * W_106):
[[       1.0986       -0.0922       -0.0173       -0.0403       -0.0275 ...        0.0648       -0.02          0.0741        0.0644       -0.0096]
 [      -0.0922 10000001.           -0.0832       -0.0403       -0.0328 ...       -0.0131        0.1748       -0.0006       -0.0396       -0.1098]
 [      -0.0173       -0.0832 10000001.           -0.0997       -0.02   ...       -0.0945        0.0139       -0.0721        0.0284        0.0155]
 [      -0.0403       -0.0403       -0.0997 10000001.           -0.1078 ...        0.1176       -0.0406        0.0293        0.0054       -0.037 ]
 [      -0.0275       -0.0328       -0.02         -0.1078 10000001.     ...       -0.0815        0.0502        0.084        -0.0457       -0.0797]
 ...
 [       0.0648       -0.0131       -0.0945        0.1176       -0.0815 ... 10000001.           -0.0458        0.0256       -0.0061       -0.0081]
 [      -0.02          0.1748        0.0139       -0.0406        0.0502 ...       -0.0458 10000001.           -0.0824       -0.0423        0.0548]
 [       0.0741       -0.0006       -0.0721        0.0293        0.084  ...        0.0256       -0.0824 10000001.           -0.0403        0.0028]
 [       0.0644       -0.0396        0.0284        0.0054       -0.0457 ...       -0.0061       -0.0423       -0.0403 10000001.            0.0801]
 [      -0.0096       -0.1098        0.0155       -0.037        -0.0797 ...       -0.0081        0.0548        0.0028        0.0801    10460.8383]]

------------------------------------------------------------

--- ITERAZIONE k = 107 ---
vettore w_107:
[-1.0143  0.      0.      0.     -0.     -0.     -0.     -0.     -0.     -0.      1.42    0.     -0.      0.     -0.      0.      0.      0.
 -0.      0.      0.      0.     -0.8496 -0.      0.      0.      0.     -0.      0.     -0.     -0.     -0.      0.      0.     -0.     -0.
  0.0005  0.      0.      0.3814 -0.     -0.      0.      0.      0.2271  1.244  -0.     -0.      0.     -0.      0.      0.      0.     -0.8684
  0.      0.      0.      0.      0.     -0.     -0.      0.     -0.      0.      0.      0.      0.      0.      0.      0.      0.4115 -0.
 -0.     -0.     -0.     -0.0001  0.     -0.     -0.      0.     -0.1175 -0.     -0.      0.6142 -0.      0.     -0.     -0.      0.      0.
  0.      0.     -0.     -0.     -0.     -0.     -0.     -0.      0.      0.    ]

diagonale matrice pesi W_107 (1 / max(|w|, eps)):
[9.8592e-01 1.0000e+08 1.0000e+08 1.0000e+08 1.0000e+08 1.0000e+08 1.0000e+08 1.0000e+08 1.0000e+08 1.0000e+08 7.0422e-01 1.0000e+08 1.0000e+08
 1.0000e+08 1.0000e+08 1.0000e+08 1.0000e+08 1.0000e+08 1.0000e+08 1.0000e+08 1.0000e+08 1.0000e+08 1.1770e+00 1.5208e+05 1.0000e+08 1.0000e+08
 1.0000e+08 1.0000e+08 1.0000e+08 1.0000e+08 1.0000e+08 1.0000e+08 1.0000e+08 1.0000e+08 1.0000e+08 1.0000e+08 2.1553e+03 1.0000e+08 1.0000e+08
 2.6221e+00 1.0000e+08 1.0000e+08 1.0000e+08 1.0000e+08 4.4042e+00 8.0384e-01 1.0000e+08 1.0000e+08 1.0000e+08 1.0000e+08 1.0000e+08 1.0000e+08
 1.0000e+08 1.1515e+00 1.0000e+08 1.0000e+08 1.0000e+08 1.0000e+08 1.0000e+08 1.0000e+08 1.0000e+08 1.0000e+08 1.0000e+08 1.0000e+08 1.0000e+08
 1.0000e+08 1.0000e+08 1.0000e+08 1.0000e+08 1.0000e+08 2.4303e+00 1.0000e+08 1.0000e+08 1.0000e+08 1.0000e+08 1.9601e+04 1.0000e+08 1.0000e+08
 1.0000e+08 1.0000e+08 8.5126e+00 1.0000e+08 1.0000e+08 1.6283e+00 1.0000e+08 1.0000e+08 1.0000e+08 1.0000e+08 1.0000e+08 1.0000e+08 1.0000e+08
 1.0000e+08 1.0000e+08 1.0000e+08 1.0000e+08 1.0000e+08 1.0000e+08 1.0000e+08 1.0000e+08 1.0640e+05]

matrice di sistema Q_107 (A + lambda * W_107):
[[       1.0986       -0.0922       -0.0173       -0.0403       -0.0275 ...        0.0648       -0.02          0.0741        0.0644       -0.0096]
 [      -0.0922 10000001.           -0.0832       -0.0403       -0.0328 ...       -0.0131        0.1748       -0.0006       -0.0396       -0.1098]
 [      -0.0173       -0.0832 10000001.           -0.0997       -0.02   ...       -0.0945        0.0139       -0.0721        0.0284        0.0155]
 [      -0.0403       -0.0403       -0.0997 10000001.           -0.1078 ...        0.1176       -0.0406        0.0293        0.0054       -0.037 ]
 [      -0.0275       -0.0328       -0.02         -0.1078 10000001.     ...       -0.0815        0.0502        0.084        -0.0457       -0.0797]
 ...
 [       0.0648       -0.0131       -0.0945        0.1176       -0.0815 ... 10000001.           -0.0458        0.0256       -0.0061       -0.0081]
 [      -0.02          0.1748        0.0139       -0.0406        0.0502 ...       -0.0458 10000001.           -0.0824       -0.0423        0.0548]
 [       0.0741       -0.0006       -0.0721        0.0293        0.084  ...        0.0256       -0.0824 10000001.           -0.0403        0.0028]
 [       0.0644       -0.0396        0.0284        0.0054       -0.0457 ...       -0.0061       -0.0423       -0.0403 10000001.            0.0801]
 [      -0.0096       -0.1098        0.0155       -0.037        -0.0797 ...       -0.0081        0.0548        0.0028        0.0801    10640.8586]]

------------------------------------------------------------

--- ITERAZIONE k = 108 ---
vettore w_108:
[-1.0143  0.      0.      0.     -0.     -0.     -0.     -0.     -0.     -0.      1.42    0.     -0.      0.     -0.      0.      0.      0.
 -0.      0.      0.      0.     -0.8496 -0.      0.      0.      0.     -0.      0.     -0.     -0.     -0.      0.      0.     -0.     -0.
  0.0005  0.      0.      0.3814 -0.     -0.      0.      0.      0.2271  1.244  -0.     -0.      0.     -0.      0.      0.      0.     -0.8684
  0.      0.      0.      0.      0.     -0.     -0.      0.     -0.      0.      0.      0.      0.      0.      0.      0.      0.4115 -0.
 -0.     -0.     -0.     -0.0001  0.     -0.     -0.      0.     -0.1175 -0.     -0.      0.6142 -0.      0.     -0.     -0.      0.      0.
  0.      0.     -0.     -0.     -0.     -0.     -0.     -0.      0.      0.    ]

diagonale matrice pesi W_108 (1 / max(|w|, eps)):
[9.8592e-01 1.0000e+08 1.0000e+08 1.0000e+08 1.0000e+08 1.0000e+08 1.0000e+08 1.0000e+08 1.0000e+08 1.0000e+08 7.0422e-01 1.0000e+08 1.0000e+08
 1.0000e+08 1.0000e+08 1.0000e+08 1.0000e+08 1.0000e+08 1.0000e+08 1.0000e+08 1.0000e+08 1.0000e+08 1.1770e+00 1.4724e+05 1.0000e+08 1.0000e+08
 1.0000e+08 1.0000e+08 1.0000e+08 1.0000e+08 1.0000e+08 1.0000e+08 1.0000e+08 1.0000e+08 1.0000e+08 1.0000e+08 2.1802e+03 1.0000e+08 1.0000e+08
 2.6221e+00 1.0000e+08 1.0000e+08 1.0000e+08 1.0000e+08 4.4042e+00 8.0384e-01 1.0000e+08 1.0000e+08 1.0000e+08 1.0000e+08 1.0000e+08 1.0000e+08
 1.0000e+08 1.1515e+00 1.0000e+08 1.0000e+08 1.0000e+08 1.0000e+08 1.0000e+08 1.0000e+08 1.0000e+08 1.0000e+08 1.0000e+08 1.0000e+08 1.0000e+08
 1.0000e+08 1.0000e+08 1.0000e+08 1.0000e+08 1.0000e+08 2.4303e+00 1.0000e+08 1.0000e+08 1.0000e+08 1.0000e+08 1.8372e+04 1.0000e+08 1.0000e+08
 1.0000e+08 1.0000e+08 8.5126e+00 1.0000e+08 1.0000e+08 1.6283e+00 1.0000e+08 1.0000e+08 1.0000e+08 1.0000e+08 1.0000e+08 1.0000e+08 1.0000e+08
 1.0000e+08 1.0000e+08 1.0000e+08 1.0000e+08 1.0000e+08 1.0000e+08 1.0000e+08 1.0000e+08 1.0823e+05]

matrice di sistema Q_108 (A + lambda * W_108):
[[       1.0986       -0.0922       -0.0173       -0.0403       -0.0275 ...        0.0648       -0.02          0.0741        0.0644       -0.0096]
 [      -0.0922 10000001.           -0.0832       -0.0403       -0.0328 ...       -0.0131        0.1748       -0.0006       -0.0396       -0.1098]
 [      -0.0173       -0.0832 10000001.           -0.0997       -0.02   ...       -0.0945        0.0139       -0.0721        0.0284        0.0155]
 [      -0.0403       -0.0403       -0.0997 10000001.           -0.1078 ...        0.1176       -0.0406        0.0293        0.0054       -0.037 ]
 [      -0.0275       -0.0328       -0.02         -0.1078 10000001.     ...       -0.0815        0.0502        0.084        -0.0457       -0.0797]
 ...
 [       0.0648       -0.0131       -0.0945        0.1176       -0.0815 ... 10000001.           -0.0458        0.0256       -0.0061       -0.0081]
 [      -0.02          0.1748        0.0139       -0.0406        0.0502 ...       -0.0458 10000001.           -0.0824       -0.0423        0.0548]
 [       0.0741       -0.0006       -0.0721        0.0293        0.084  ...        0.0256       -0.0824 10000001.           -0.0403        0.0028]
 [       0.0644       -0.0396        0.0284        0.0054       -0.0457 ...       -0.0061       -0.0423       -0.0403 10000001.            0.0801]
 [      -0.0096       -0.1098        0.0155       -0.037        -0.0797 ...       -0.0081        0.0548        0.0028        0.0801    10823.9865]]

------------------------------------------------------------

--- ITERAZIONE k = 109 ---
vettore w_109:
[-1.0143  0.      0.      0.     -0.     -0.     -0.     -0.     -0.     -0.      1.42    0.     -0.      0.     -0.      0.      0.      0.
 -0.      0.      0.      0.     -0.8496 -0.      0.      0.      0.     -0.      0.     -0.     -0.     -0.      0.      0.     -0.     -0.
  0.0005  0.      0.      0.3814 -0.     -0.      0.      0.      0.2271  1.244  -0.     -0.      0.     -0.      0.      0.      0.     -0.8684
  0.      0.      0.      0.      0.     -0.     -0.      0.     -0.      0.      0.      0.      0.      0.      0.      0.      0.4115 -0.
 -0.     -0.     -0.     -0.0001  0.     -0.     -0.      0.     -0.1175 -0.     -0.      0.6142 -0.      0.     -0.     -0.      0.      0.
  0.      0.     -0.     -0.     -0.     -0.     -0.     -0.      0.      0.    ]

diagonale matrice pesi W_109 (1 / max(|w|, eps)):
[9.8592e-01 1.0000e+08 1.0000e+08 1.0000e+08 1.0000e+08 1.0000e+08 1.0000e+08 1.0000e+08 1.0000e+08 1.0000e+08 7.0422e-01 1.0000e+08 1.0000e+08
 1.0000e+08 1.0000e+08 1.0000e+08 1.0000e+08 1.0000e+08 1.0000e+08 1.0000e+08 1.0000e+08 1.0000e+08 1.1770e+00 1.4254e+05 1.0000e+08 1.0000e+08
 1.0000e+08 1.0000e+08 1.0000e+08 1.0000e+08 1.0000e+08 1.0000e+08 1.0000e+08 1.0000e+08 1.0000e+08 1.0000e+08 2.2053e+03 1.0000e+08 1.0000e+08
 2.6221e+00 1.0000e+08 1.0000e+08 1.0000e+08 1.0000e+08 4.4042e+00 8.0384e-01 1.0000e+08 1.0000e+08 1.0000e+08 1.0000e+08 1.0000e+08 1.0000e+08
 1.0000e+08 1.1515e+00 1.0000e+08 1.0000e+08 1.0000e+08 1.0000e+08 1.0000e+08 1.0000e+08 1.0000e+08 1.0000e+08 1.0000e+08 1.0000e+08 1.0000e+08
 1.0000e+08 1.0000e+08 1.0000e+08 1.0000e+08 1.0000e+08 2.4303e+00 1.0000e+08 1.0000e+08 1.0000e+08 1.0000e+08 1.7220e+04 1.0000e+08 1.0000e+08
 1.0000e+08 1.0000e+08 8.5126e+00 1.0000e+08 1.0000e+08 1.6283e+00 1.0000e+08 1.0000e+08 1.0000e+08 1.0000e+08 1.0000e+08 1.0000e+08 1.0000e+08
 1.0000e+08 1.0000e+08 1.0000e+08 1.0000e+08 1.0000e+08 1.0000e+08 1.0000e+08 1.0000e+08 1.1009e+05]

matrice di sistema Q_109 (A + lambda * W_109):
[[       1.0986       -0.0922       -0.0173       -0.0403       -0.0275 ...        0.0648       -0.02          0.0741        0.0644       -0.0096]
 [      -0.0922 10000001.           -0.0832       -0.0403       -0.0328 ...       -0.0131        0.1748       -0.0006       -0.0396       -0.1098]
 [      -0.0173       -0.0832 10000001.           -0.0997       -0.02   ...       -0.0945        0.0139       -0.0721        0.0284        0.0155]
 [      -0.0403       -0.0403       -0.0997 10000001.           -0.1078 ...        0.1176       -0.0406        0.0293        0.0054       -0.037 ]
 [      -0.0275       -0.0328       -0.02         -0.1078 10000001.     ...       -0.0815        0.0502        0.084        -0.0457       -0.0797]
 ...
 [       0.0648       -0.0131       -0.0945        0.1176       -0.0815 ... 10000001.           -0.0458        0.0256       -0.0061       -0.0081]
 [      -0.02          0.1748        0.0139       -0.0406        0.0502 ...       -0.0458 10000001.           -0.0824       -0.0423        0.0548]
 [       0.0741       -0.0006       -0.0721        0.0293        0.084  ...        0.0256       -0.0824 10000001.           -0.0403        0.0028]
 [       0.0644       -0.0396        0.0284        0.0054       -0.0457 ...       -0.0061       -0.0423       -0.0403 10000001.            0.0801]
 [      -0.0096       -0.1098        0.0155       -0.037        -0.0797 ...       -0.0081        0.0548        0.0028        0.0801    11010.2757]]

------------------------------------------------------------

--- ITERAZIONE k = 110 ---
vettore w_110:
[-1.0143  0.      0.      0.     -0.     -0.     -0.     -0.     -0.     -0.      1.42    0.     -0.      0.     -0.      0.      0.      0.
 -0.      0.      0.      0.     -0.8496 -0.      0.      0.      0.     -0.      0.     -0.     -0.     -0.      0.      0.     -0.     -0.
  0.0004  0.      0.      0.3814 -0.     -0.      0.      0.      0.2271  1.244  -0.     -0.      0.     -0.      0.      0.      0.     -0.8684
  0.      0.      0.      0.      0.     -0.     -0.      0.     -0.      0.      0.      0.      0.      0.      0.      0.      0.4115 -0.
 -0.     -0.     -0.     -0.0001  0.     -0.     -0.      0.     -0.1175 -0.     -0.      0.6142 -0.      0.     -0.     -0.      0.      0.
  0.      0.     -0.     -0.     -0.     -0.     -0.     -0.      0.      0.    ]

diagonale matrice pesi W_110 (1 / max(|w|, eps)):
[9.8592e-01 1.0000e+08 1.0000e+08 1.0000e+08 1.0000e+08 1.0000e+08 1.0000e+08 1.0000e+08 1.0000e+08 1.0000e+08 7.0422e-01 1.0000e+08 1.0000e+08
 1.0000e+08 1.0000e+08 1.0000e+08 1.0000e+08 1.0000e+08 1.0000e+08 1.0000e+08 1.0000e+08 1.0000e+08 1.1770e+00 1.3800e+05 1.0000e+08 1.0000e+08
 1.0000e+08 1.0000e+08 1.0000e+08 1.0000e+08 1.0000e+08 1.0000e+08 1.0000e+08 1.0000e+08 1.0000e+08 1.0000e+08 2.2305e+03 1.0000e+08 1.0000e+08
 2.6221e+00 1.0000e+08 1.0000e+08 1.0000e+08 1.0000e+08 4.4042e+00 8.0384e-01 1.0000e+08 1.0000e+08 1.0000e+08 1.0000e+08 1.0000e+08 1.0000e+08
 1.0000e+08 1.1515e+00 1.0000e+08 1.0000e+08 1.0000e+08 1.0000e+08 1.0000e+08 1.0000e+08 1.0000e+08 1.0000e+08 1.0000e+08 1.0000e+08 1.0000e+08
 1.0000e+08 1.0000e+08 1.0000e+08 1.0000e+08 1.0000e+08 2.4303e+00 1.0000e+08 1.0000e+08 1.0000e+08 1.0000e+08 1.6141e+04 1.0000e+08 1.0000e+08
 1.0000e+08 1.0000e+08 8.5126e+00 1.0000e+08 1.0000e+08 1.6283e+00 1.0000e+08 1.0000e+08 1.0000e+08 1.0000e+08 1.0000e+08 1.0000e+08 1.0000e+08
 1.0000e+08 1.0000e+08 1.0000e+08 1.0000e+08 1.0000e+08 1.0000e+08 1.0000e+08 1.0000e+08 1.1199e+05]

matrice di sistema Q_110 (A + lambda * W_110):
[[       1.0986       -0.0922       -0.0173       -0.0403       -0.0275 ...        0.0648       -0.02          0.0741        0.0644       -0.0096]
 [      -0.0922 10000001.           -0.0832       -0.0403       -0.0328 ...       -0.0131        0.1748       -0.0006       -0.0396       -0.1098]
 [      -0.0173       -0.0832 10000001.           -0.0997       -0.02   ...       -0.0945        0.0139       -0.0721        0.0284        0.0155]
 [      -0.0403       -0.0403       -0.0997 10000001.           -0.1078 ...        0.1176       -0.0406        0.0293        0.0054       -0.037 ]
 [      -0.0275       -0.0328       -0.02         -0.1078 10000001.     ...       -0.0815        0.0502        0.084        -0.0457       -0.0797]
 ...
 [       0.0648       -0.0131       -0.0945        0.1176       -0.0815 ... 10000001.           -0.0458        0.0256       -0.0061       -0.0081]
 [      -0.02          0.1748        0.0139       -0.0406        0.0502 ...       -0.0458 10000001.           -0.0824       -0.0423        0.0548]
 [       0.0741       -0.0006       -0.0721        0.0293        0.084  ...        0.0256       -0.0824 10000001.           -0.0403        0.0028]
 [       0.0644       -0.0396        0.0284        0.0054       -0.0457 ...       -0.0061       -0.0423       -0.0403 10000001.            0.0801]
 [      -0.0096       -0.1098        0.0155       -0.037        -0.0797 ...       -0.0081        0.0548        0.0028        0.0801    11199.7808]]

------------------------------------------------------------

--- ITERAZIONE k = 111 ---
vettore w_111:
[-1.0143  0.      0.      0.     -0.     -0.     -0.     -0.     -0.     -0.      1.42    0.     -0.      0.     -0.      0.      0.      0.
 -0.      0.      0.      0.     -0.8496 -0.      0.      0.      0.     -0.      0.     -0.     -0.     -0.      0.      0.     -0.     -0.
  0.0004  0.      0.      0.3814 -0.     -0.      0.      0.      0.2271  1.244  -0.     -0.      0.     -0.      0.      0.      0.     -0.8684
  0.      0.      0.      0.      0.     -0.     -0.      0.     -0.      0.      0.      0.      0.      0.      0.      0.      0.4115 -0.
 -0.     -0.     -0.     -0.0001  0.     -0.     -0.      0.     -0.1175 -0.     -0.      0.6142 -0.      0.     -0.     -0.      0.      0.
  0.      0.     -0.     -0.     -0.     -0.     -0.     -0.      0.      0.    ]

diagonale matrice pesi W_111 (1 / max(|w|, eps)):
[9.8592e-01 1.0000e+08 1.0000e+08 1.0000e+08 1.0000e+08 1.0000e+08 1.0000e+08 1.0000e+08 1.0000e+08 1.0000e+08 7.0422e-01 1.0000e+08 1.0000e+08
 1.0000e+08 1.0000e+08 1.0000e+08 1.0000e+08 1.0000e+08 1.0000e+08 1.0000e+08 1.0000e+08 1.0000e+08 1.1770e+00 1.3360e+05 1.0000e+08 1.0000e+08
 1.0000e+08 1.0000e+08 1.0000e+08 1.0000e+08 1.0000e+08 1.0000e+08 1.0000e+08 1.0000e+08 1.0000e+08 1.0000e+08 2.2559e+03 1.0000e+08 1.0000e+08
 2.6221e+00 1.0000e+08 1.0000e+08 1.0000e+08 1.0000e+08 4.4042e+00 8.0384e-01 1.0000e+08 1.0000e+08 1.0000e+08 1.0000e+08 1.0000e+08 1.0000e+08
 1.0000e+08 1.1515e+00 1.0000e+08 1.0000e+08 1.0000e+08 1.0000e+08 1.0000e+08 1.0000e+08 1.0000e+08 1.0000e+08 1.0000e+08 1.0000e+08 1.0000e+08
 1.0000e+08 1.0000e+08 1.0000e+08 1.0000e+08 1.0000e+08 2.4303e+00 1.0000e+08 1.0000e+08 1.0000e+08 1.0000e+08 1.5131e+04 1.0000e+08 1.0000e+08
 1.0000e+08 1.0000e+08 8.5126e+00 1.0000e+08 1.0000e+08 1.6283e+00 1.0000e+08 1.0000e+08 1.0000e+08 1.0000e+08 1.0000e+08 1.0000e+08 1.0000e+08
 1.0000e+08 1.0000e+08 1.0000e+08 1.0000e+08 1.0000e+08 1.0000e+08 1.0000e+08 1.0000e+08 1.1392e+05]

matrice di sistema Q_111 (A + lambda * W_111):
[[       1.0986       -0.0922       -0.0173       -0.0403       -0.0275 ...        0.0648       -0.02          0.0741        0.0644       -0.0096]
 [      -0.0922 10000001.           -0.0832       -0.0403       -0.0328 ...       -0.0131        0.1748       -0.0006       -0.0396       -0.1098]
 [      -0.0173       -0.0832 10000001.           -0.0997       -0.02   ...       -0.0945        0.0139       -0.0721        0.0284        0.0155]
 [      -0.0403       -0.0403       -0.0997 10000001.           -0.1078 ...        0.1176       -0.0406        0.0293        0.0054       -0.037 ]
 [      -0.0275       -0.0328       -0.02         -0.1078 10000001.     ...       -0.0815        0.0502        0.084        -0.0457       -0.0797]
 ...
 [       0.0648       -0.0131       -0.0945        0.1176       -0.0815 ... 10000001.           -0.0458        0.0256       -0.0061       -0.0081]
 [      -0.02          0.1748        0.0139       -0.0406        0.0502 ...       -0.0458 10000001.           -0.0824       -0.0423        0.0548]
 [       0.0741       -0.0006       -0.0721        0.0293        0.084  ...        0.0256       -0.0824 10000001.           -0.0403        0.0028]
 [       0.0644       -0.0396        0.0284        0.0054       -0.0457 ...       -0.0061       -0.0423       -0.0403 10000001.            0.0801]
 [      -0.0096       -0.1098        0.0155       -0.037        -0.0797 ...       -0.0081        0.0548        0.0028        0.0801    11392.5575]]

------------------------------------------------------------

--- ITERAZIONE k = 112 ---
vettore w_112:
[-1.0143  0.      0.      0.     -0.     -0.     -0.     -0.     -0.     -0.      1.42    0.     -0.      0.     -0.      0.      0.      0.
 -0.      0.      0.      0.     -0.8496 -0.      0.      0.      0.     -0.      0.     -0.     -0.     -0.      0.      0.     -0.     -0.
  0.0004  0.      0.      0.3814 -0.     -0.      0.      0.      0.2271  1.244  -0.     -0.      0.     -0.      0.      0.      0.     -0.8684
  0.      0.      0.      0.      0.     -0.     -0.      0.     -0.      0.      0.      0.      0.      0.      0.      0.      0.4115 -0.
 -0.     -0.     -0.     -0.0001  0.     -0.     -0.      0.     -0.1175 -0.     -0.      0.6142 -0.      0.     -0.     -0.      0.      0.
  0.      0.     -0.     -0.     -0.     -0.     -0.     -0.      0.      0.    ]

diagonale matrice pesi W_112 (1 / max(|w|, eps)):
[9.8592e-01 1.0000e+08 1.0000e+08 1.0000e+08 1.0000e+08 1.0000e+08 1.0000e+08 1.0000e+08 1.0000e+08 1.0000e+08 7.0421e-01 1.0000e+08 1.0000e+08
 1.0000e+08 1.0000e+08 1.0000e+08 1.0000e+08 1.0000e+08 1.0000e+08 1.0000e+08 1.0000e+08 1.0000e+08 1.1770e+00 1.2934e+05 1.0000e+08 1.0000e+08
 1.0000e+08 1.0000e+08 1.0000e+08 1.0000e+08 1.0000e+08 1.0000e+08 1.0000e+08 1.0000e+08 1.0000e+08 1.0000e+08 2.2815e+03 1.0000e+08 1.0000e+08
 2.6221e+00 1.0000e+08 1.0000e+08 1.0000e+08 1.0000e+08 4.4042e+00 8.0384e-01 1.0000e+08 1.0000e+08 1.0000e+08 1.0000e+08 1.0000e+08 1.0000e+08
 1.0000e+08 1.1515e+00 1.0000e+08 1.0000e+08 1.0000e+08 1.0000e+08 1.0000e+08 1.0000e+08 1.0000e+08 1.0000e+08 1.0000e+08 1.0000e+08 1.0000e+08
 1.0000e+08 1.0000e+08 1.0000e+08 1.0000e+08 1.0000e+08 2.4303e+00 1.0000e+08 1.0000e+08 1.0000e+08 1.0000e+08 1.4184e+04 1.0000e+08 1.0000e+08
 1.0000e+08 1.0000e+08 8.5126e+00 1.0000e+08 1.0000e+08 1.6283e+00 1.0000e+08 1.0000e+08 1.0000e+08 1.0000e+08 1.0000e+08 1.0000e+08 1.0000e+08
 1.0000e+08 1.0000e+08 1.0000e+08 1.0000e+08 1.0000e+08 1.0000e+08 1.0000e+08 1.0000e+08 1.1588e+05]

matrice di sistema Q_112 (A + lambda * W_112):
[[       1.0986       -0.0922       -0.0173       -0.0403       -0.0275 ...        0.0648       -0.02          0.0741        0.0644       -0.0096]
 [      -0.0922 10000001.           -0.0832       -0.0403       -0.0328 ...       -0.0131        0.1748       -0.0006       -0.0396       -0.1098]
 [      -0.0173       -0.0832 10000001.           -0.0997       -0.02   ...       -0.0945        0.0139       -0.0721        0.0284        0.0155]
 [      -0.0403       -0.0403       -0.0997 10000001.           -0.1078 ...        0.1176       -0.0406        0.0293        0.0054       -0.037 ]
 [      -0.0275       -0.0328       -0.02         -0.1078 10000001.     ...       -0.0815        0.0502        0.084        -0.0457       -0.0797]
 ...
 [       0.0648       -0.0131       -0.0945        0.1176       -0.0815 ... 10000001.           -0.0458        0.0256       -0.0061       -0.0081]
 [      -0.02          0.1748        0.0139       -0.0406        0.0502 ...       -0.0458 10000001.           -0.0824       -0.0423        0.0548]
 [       0.0741       -0.0006       -0.0721        0.0293        0.084  ...        0.0256       -0.0824 10000001.           -0.0403        0.0028]
 [       0.0644       -0.0396        0.0284        0.0054       -0.0457 ...       -0.0061       -0.0423       -0.0403 10000001.            0.0801]
 [      -0.0096       -0.1098        0.0155       -0.037        -0.0797 ...       -0.0081        0.0548        0.0028        0.0801    11588.6623]]

------------------------------------------------------------

--- ITERAZIONE k = 113 ---
vettore w_113:
[-1.0143  0.      0.      0.     -0.     -0.     -0.     -0.     -0.     -0.      1.42    0.     -0.      0.     -0.      0.      0.      0.
 -0.      0.      0.      0.     -0.8496 -0.      0.      0.      0.     -0.      0.     -0.     -0.     -0.      0.      0.     -0.     -0.
  0.0004  0.      0.      0.3814 -0.     -0.      0.      0.      0.2271  1.244  -0.     -0.      0.     -0.      0.      0.      0.     -0.8684
  0.      0.      0.      0.      0.     -0.     -0.      0.     -0.      0.      0.      0.      0.      0.      0.      0.      0.4115 -0.
 -0.     -0.     -0.     -0.0001  0.     -0.     -0.      0.     -0.1175 -0.     -0.      0.6142 -0.      0.     -0.     -0.      0.      0.
  0.      0.     -0.     -0.     -0.     -0.     -0.     -0.      0.      0.    ]

diagonale matrice pesi W_113 (1 / max(|w|, eps)):
[9.8592e-01 1.0000e+08 1.0000e+08 1.0000e+08 1.0000e+08 1.0000e+08 1.0000e+08 1.0000e+08 1.0000e+08 1.0000e+08 7.0421e-01 1.0000e+08 1.0000e+08
 1.0000e+08 1.0000e+08 1.0000e+08 1.0000e+08 1.0000e+08 1.0000e+08 1.0000e+08 1.0000e+08 1.0000e+08 1.1770e+00 1.2521e+05 1.0000e+08 1.0000e+08
 1.0000e+08 1.0000e+08 1.0000e+08 1.0000e+08 1.0000e+08 1.0000e+08 1.0000e+08 1.0000e+08 1.0000e+08 1.0000e+08 2.3072e+03 1.0000e+08 1.0000e+08
 2.6221e+00 1.0000e+08 1.0000e+08 1.0000e+08 1.0000e+08 4.4042e+00 8.0384e-01 1.0000e+08 1.0000e+08 1.0000e+08 1.0000e+08 1.0000e+08 1.0000e+08
 1.0000e+08 1.1515e+00 1.0000e+08 1.0000e+08 1.0000e+08 1.0000e+08 1.0000e+08 1.0000e+08 1.0000e+08 1.0000e+08 1.0000e+08 1.0000e+08 1.0000e+08
 1.0000e+08 1.0000e+08 1.0000e+08 1.0000e+08 1.0000e+08 2.4303e+00 1.0000e+08 1.0000e+08 1.0000e+08 1.0000e+08 1.3297e+04 1.0000e+08 1.0000e+08
 1.0000e+08 1.0000e+08 8.5126e+00 1.0000e+08 1.0000e+08 1.6283e+00 1.0000e+08 1.0000e+08 1.0000e+08 1.0000e+08 1.0000e+08 1.0000e+08 1.0000e+08
 1.0000e+08 1.0000e+08 1.0000e+08 1.0000e+08 1.0000e+08 1.0000e+08 1.0000e+08 1.0000e+08 1.1787e+05]

matrice di sistema Q_113 (A + lambda * W_113):
[[       1.0986       -0.0922       -0.0173       -0.0403       -0.0275 ...        0.0648       -0.02          0.0741        0.0644       -0.0096]
 [      -0.0922 10000001.           -0.0832       -0.0403       -0.0328 ...       -0.0131        0.1748       -0.0006       -0.0396       -0.1098]
 [      -0.0173       -0.0832 10000001.           -0.0997       -0.02   ...       -0.0945        0.0139       -0.0721        0.0284        0.0155]
 [      -0.0403       -0.0403       -0.0997 10000001.           -0.1078 ...        0.1176       -0.0406        0.0293        0.0054       -0.037 ]
 [      -0.0275       -0.0328       -0.02         -0.1078 10000001.     ...       -0.0815        0.0502        0.084        -0.0457       -0.0797]
 ...
 [       0.0648       -0.0131       -0.0945        0.1176       -0.0815 ... 10000001.           -0.0458        0.0256       -0.0061       -0.0081]
 [      -0.02          0.1748        0.0139       -0.0406        0.0502 ...       -0.0458 10000001.           -0.0824       -0.0423        0.0548]
 [       0.0741       -0.0006       -0.0721        0.0293        0.084  ...        0.0256       -0.0824 10000001.           -0.0403        0.0028]
 [       0.0644       -0.0396        0.0284        0.0054       -0.0457 ...       -0.0061       -0.0423       -0.0403 10000001.            0.0801]
 [      -0.0096       -0.1098        0.0155       -0.037        -0.0797 ...       -0.0081        0.0548        0.0028        0.0801    11788.1529]]

------------------------------------------------------------

--- ITERAZIONE k = 114 ---
vettore w_114:
[-1.0143  0.      0.      0.     -0.     -0.     -0.     -0.     -0.     -0.      1.42    0.     -0.      0.     -0.      0.      0.      0.
 -0.      0.      0.      0.     -0.8496 -0.      0.      0.      0.     -0.      0.     -0.     -0.     -0.      0.      0.     -0.     -0.
  0.0004  0.      0.      0.3814 -0.     -0.      0.      0.      0.2271  1.244  -0.     -0.      0.     -0.      0.      0.      0.     -0.8684
  0.      0.      0.      0.      0.     -0.     -0.      0.     -0.      0.      0.      0.      0.      0.      0.      0.      0.4115 -0.
 -0.     -0.     -0.     -0.0001  0.     -0.     -0.      0.     -0.1175 -0.     -0.      0.6142 -0.      0.     -0.     -0.      0.      0.
  0.      0.     -0.     -0.     -0.     -0.     -0.     -0.      0.      0.    ]

diagonale matrice pesi W_114 (1 / max(|w|, eps)):
[9.8592e-01 1.0000e+08 1.0000e+08 1.0000e+08 1.0000e+08 1.0000e+08 1.0000e+08 1.0000e+08 1.0000e+08 1.0000e+08 7.0421e-01 1.0000e+08 1.0000e+08
 1.0000e+08 1.0000e+08 1.0000e+08 1.0000e+08 1.0000e+08 1.0000e+08 1.0000e+08 1.0000e+08 1.0000e+08 1.1770e+00 1.2122e+05 1.0000e+08 1.0000e+08
 1.0000e+08 1.0000e+08 1.0000e+08 1.0000e+08 1.0000e+08 1.0000e+08 1.0000e+08 1.0000e+08 1.0000e+08 1.0000e+08 2.3332e+03 1.0000e+08 1.0000e+08
 2.6221e+00 1.0000e+08 1.0000e+08 1.0000e+08 1.0000e+08 4.4042e+00 8.0384e-01 1.0000e+08 1.0000e+08 1.0000e+08 1.0000e+08 1.0000e+08 1.0000e+08
 1.0000e+08 1.1515e+00 1.0000e+08 1.0000e+08 1.0000e+08 1.0000e+08 1.0000e+08 1.0000e+08 1.0000e+08 1.0000e+08 1.0000e+08 1.0000e+08 1.0000e+08
 1.0000e+08 1.0000e+08 1.0000e+08 1.0000e+08 1.0000e+08 2.4303e+00 1.0000e+08 1.0000e+08 1.0000e+08 1.0000e+08 1.2466e+04 1.0000e+08 1.0000e+08
 1.0000e+08 1.0000e+08 8.5126e+00 1.0000e+08 1.0000e+08 1.6283e+00 1.0000e+08 1.0000e+08 1.0000e+08 1.0000e+08 1.0000e+08 1.0000e+08 1.0000e+08
 1.0000e+08 1.0000e+08 1.0000e+08 1.0000e+08 1.0000e+08 1.0000e+08 1.0000e+08 1.0000e+08 1.1990e+05]

matrice di sistema Q_114 (A + lambda * W_114):
[[       1.0986       -0.0922       -0.0173       -0.0403       -0.0275 ...        0.0648       -0.02          0.0741        0.0644       -0.0096]
 [      -0.0922 10000001.           -0.0832       -0.0403       -0.0328 ...       -0.0131        0.1748       -0.0006       -0.0396       -0.1098]
 [      -0.0173       -0.0832 10000001.           -0.0997       -0.02   ...       -0.0945        0.0139       -0.0721        0.0284        0.0155]
 [      -0.0403       -0.0403       -0.0997 10000001.           -0.1078 ...        0.1176       -0.0406        0.0293        0.0054       -0.037 ]
 [      -0.0275       -0.0328       -0.02         -0.1078 10000001.     ...       -0.0815        0.0502        0.084        -0.0457       -0.0797]
 ...
 [       0.0648       -0.0131       -0.0945        0.1176       -0.0815 ... 10000001.           -0.0458        0.0256       -0.0061       -0.0081]
 [      -0.02          0.1748        0.0139       -0.0406        0.0502 ...       -0.0458 10000001.           -0.0824       -0.0423        0.0548]
 [       0.0741       -0.0006       -0.0721        0.0293        0.084  ...        0.0256       -0.0824 10000001.           -0.0403        0.0028]
 [       0.0644       -0.0396        0.0284        0.0054       -0.0457 ...       -0.0061       -0.0423       -0.0403 10000001.            0.0801]
 [      -0.0096       -0.1098        0.0155       -0.037        -0.0797 ...       -0.0081        0.0548        0.0028        0.0801    11991.0877]]

------------------------------------------------------------

--- ITERAZIONE k = 115 ---
vettore w_115:
[-1.0143  0.      0.      0.     -0.     -0.     -0.     -0.     -0.     -0.      1.42    0.     -0.      0.     -0.      0.      0.      0.
 -0.      0.      0.      0.     -0.8496 -0.      0.      0.      0.     -0.      0.     -0.     -0.     -0.      0.      0.     -0.     -0.
  0.0004  0.      0.      0.3814 -0.     -0.      0.      0.      0.2271  1.244  -0.     -0.      0.     -0.      0.      0.      0.     -0.8684
  0.      0.      0.      0.      0.     -0.     -0.      0.     -0.      0.      0.      0.      0.      0.      0.      0.      0.4115 -0.
 -0.     -0.     -0.     -0.0001  0.     -0.     -0.      0.     -0.1175 -0.     -0.      0.6142 -0.      0.     -0.     -0.      0.      0.
  0.      0.     -0.     -0.     -0.     -0.     -0.     -0.      0.      0.    ]

diagonale matrice pesi W_115 (1 / max(|w|, eps)):
[9.8591e-01 1.0000e+08 1.0000e+08 1.0000e+08 1.0000e+08 1.0000e+08 1.0000e+08 1.0000e+08 1.0000e+08 1.0000e+08 7.0421e-01 1.0000e+08 1.0000e+08
 1.0000e+08 1.0000e+08 1.0000e+08 1.0000e+08 1.0000e+08 1.0000e+08 1.0000e+08 1.0000e+08 1.0000e+08 1.1770e+00 1.1735e+05 1.0000e+08 1.0000e+08
 1.0000e+08 1.0000e+08 1.0000e+08 1.0000e+08 1.0000e+08 1.0000e+08 1.0000e+08 1.0000e+08 1.0000e+08 1.0000e+08 2.3593e+03 1.0000e+08 1.0000e+08
 2.6221e+00 1.0000e+08 1.0000e+08 1.0000e+08 1.0000e+08 4.4042e+00 8.0384e-01 1.0000e+08 1.0000e+08 1.0000e+08 1.0000e+08 1.0000e+08 1.0000e+08
 1.0000e+08 1.1515e+00 1.0000e+08 1.0000e+08 1.0000e+08 1.0000e+08 1.0000e+08 1.0000e+08 1.0000e+08 1.0000e+08 1.0000e+08 1.0000e+08 1.0000e+08
 1.0000e+08 1.0000e+08 1.0000e+08 1.0000e+08 1.0000e+08 2.4303e+00 1.0000e+08 1.0000e+08 1.0000e+08 1.0000e+08 1.1688e+04 1.0000e+08 1.0000e+08
 1.0000e+08 1.0000e+08 8.5125e+00 1.0000e+08 1.0000e+08 1.6283e+00 1.0000e+08 1.0000e+08 1.0000e+08 1.0000e+08 1.0000e+08 1.0000e+08 1.0000e+08
 1.0000e+08 1.0000e+08 1.0000e+08 1.0000e+08 1.0000e+08 1.0000e+08 1.0000e+08 1.0000e+08 1.2197e+05]

matrice di sistema Q_115 (A + lambda * W_115):
[[       1.0986       -0.0922       -0.0173       -0.0403       -0.0275 ...        0.0648       -0.02          0.0741        0.0644       -0.0096]
 [      -0.0922 10000001.           -0.0832       -0.0403       -0.0328 ...       -0.0131        0.1748       -0.0006       -0.0396       -0.1098]
 [      -0.0173       -0.0832 10000001.           -0.0997       -0.02   ...       -0.0945        0.0139       -0.0721        0.0284        0.0155]
 [      -0.0403       -0.0403       -0.0997 10000001.           -0.1078 ...        0.1176       -0.0406        0.0293        0.0054       -0.037 ]
 [      -0.0275       -0.0328       -0.02         -0.1078 10000001.     ...       -0.0815        0.0502        0.084        -0.0457       -0.0797]
 ...
 [       0.0648       -0.0131       -0.0945        0.1176       -0.0815 ... 10000001.           -0.0458        0.0256       -0.0061       -0.0081]
 [      -0.02          0.1748        0.0139       -0.0406        0.0502 ...       -0.0458 10000001.           -0.0824       -0.0423        0.0548]
 [       0.0741       -0.0006       -0.0721        0.0293        0.084  ...        0.0256       -0.0824 10000001.           -0.0403        0.0028]
 [       0.0644       -0.0396        0.0284        0.0054       -0.0457 ...       -0.0061       -0.0423       -0.0403 10000001.            0.0801]
 [      -0.0096       -0.1098        0.0155       -0.037        -0.0797 ...       -0.0081        0.0548        0.0028        0.0801    12197.5264]]

------------------------------------------------------------

--- ITERAZIONE k = 116 ---
vettore w_116:
[-1.0143  0.      0.      0.     -0.     -0.     -0.     -0.     -0.     -0.      1.42    0.     -0.      0.     -0.      0.      0.      0.
 -0.      0.      0.      0.     -0.8496 -0.      0.      0.      0.     -0.      0.     -0.     -0.     -0.      0.      0.     -0.     -0.
  0.0004  0.      0.      0.3814 -0.     -0.      0.      0.      0.2271  1.244  -0.     -0.      0.     -0.      0.      0.      0.     -0.8684
  0.      0.      0.      0.      0.     -0.     -0.      0.     -0.      0.      0.      0.      0.      0.      0.      0.      0.4115 -0.
 -0.     -0.     -0.     -0.0001  0.     -0.     -0.      0.     -0.1175 -0.     -0.      0.6142 -0.      0.     -0.     -0.      0.      0.
  0.      0.     -0.     -0.     -0.     -0.     -0.     -0.      0.      0.    ]

diagonale matrice pesi W_116 (1 / max(|w|, eps)):
[9.8591e-01 1.0000e+08 1.0000e+08 1.0000e+08 1.0000e+08 1.0000e+08 1.0000e+08 1.0000e+08 1.0000e+08 1.0000e+08 7.0421e-01 1.0000e+08 1.0000e+08
 1.0000e+08 1.0000e+08 1.0000e+08 1.0000e+08 1.0000e+08 1.0000e+08 1.0000e+08 1.0000e+08 1.0000e+08 1.1770e+00 1.1360e+05 1.0000e+08 1.0000e+08
 1.0000e+08 1.0000e+08 1.0000e+08 1.0000e+08 1.0000e+08 1.0000e+08 1.0000e+08 1.0000e+08 1.0000e+08 1.0000e+08 2.3855e+03 1.0000e+08 1.0000e+08
 2.6221e+00 1.0000e+08 1.0000e+08 1.0000e+08 1.0000e+08 4.4042e+00 8.0384e-01 1.0000e+08 1.0000e+08 1.0000e+08 1.0000e+08 1.0000e+08 1.0000e+08
 1.0000e+08 1.1515e+00 1.0000e+08 1.0000e+08 1.0000e+08 1.0000e+08 1.0000e+08 1.0000e+08 1.0000e+08 1.0000e+08 1.0000e+08 1.0000e+08 1.0000e+08
 1.0000e+08 1.0000e+08 1.0000e+08 1.0000e+08 1.0000e+08 2.4303e+00 1.0000e+08 1.0000e+08 1.0000e+08 1.0000e+08 1.0959e+04 1.0000e+08 1.0000e+08
 1.0000e+08 1.0000e+08 8.5125e+00 1.0000e+08 1.0000e+08 1.6283e+00 1.0000e+08 1.0000e+08 1.0000e+08 1.0000e+08 1.0000e+08 1.0000e+08 1.0000e+08
 1.0000e+08 1.0000e+08 1.0000e+08 1.0000e+08 1.0000e+08 1.0000e+08 1.0000e+08 1.0000e+08 1.2407e+05]

matrice di sistema Q_116 (A + lambda * W_116):
[[       1.0986       -0.0922       -0.0173       -0.0403       -0.0275 ...        0.0648       -0.02          0.0741        0.0644       -0.0096]
 [      -0.0922 10000001.           -0.0832       -0.0403       -0.0328 ...       -0.0131        0.1748       -0.0006       -0.0396       -0.1098]
 [      -0.0173       -0.0832 10000001.           -0.0997       -0.02   ...       -0.0945        0.0139       -0.0721        0.0284        0.0155]
 [      -0.0403       -0.0403       -0.0997 10000001.           -0.1078 ...        0.1176       -0.0406        0.0293        0.0054       -0.037 ]
 [      -0.0275       -0.0328       -0.02         -0.1078 10000001.     ...       -0.0815        0.0502        0.084        -0.0457       -0.0797]
 ...
 [       0.0648       -0.0131       -0.0945        0.1176       -0.0815 ... 10000001.           -0.0458        0.0256       -0.0061       -0.0081]
 [      -0.02          0.1748        0.0139       -0.0406        0.0502 ...       -0.0458 10000001.           -0.0824       -0.0423        0.0548]
 [       0.0741       -0.0006       -0.0721        0.0293        0.084  ...        0.0256       -0.0824 10000001.           -0.0403        0.0028]
 [       0.0644       -0.0396        0.0284        0.0054       -0.0457 ...       -0.0061       -0.0423       -0.0403 10000001.            0.0801]
 [      -0.0096       -0.1098        0.0155       -0.037        -0.0797 ...       -0.0081        0.0548        0.0028        0.0801    12407.5297]]

------------------------------------------------------------

--- ITERAZIONE k = 117 ---
vettore w_117:
[-1.0143  0.      0.      0.     -0.     -0.     -0.     -0.     -0.     -0.      1.42    0.     -0.      0.     -0.      0.      0.      0.
 -0.      0.      0.      0.     -0.8496 -0.      0.      0.      0.     -0.      0.     -0.     -0.     -0.      0.      0.     -0.     -0.
  0.0004  0.      0.      0.3814 -0.     -0.      0.      0.      0.2271  1.244  -0.     -0.      0.     -0.      0.      0.      0.     -0.8684
  0.      0.      0.      0.      0.     -0.     -0.      0.     -0.      0.      0.      0.      0.      0.      0.      0.      0.4115 -0.
 -0.     -0.     -0.     -0.0001  0.     -0.     -0.      0.     -0.1175 -0.     -0.      0.6142 -0.      0.     -0.     -0.      0.      0.
  0.      0.     -0.     -0.     -0.     -0.     -0.     -0.      0.      0.    ]

diagonale matrice pesi W_117 (1 / max(|w|, eps)):
[9.8591e-01 1.0000e+08 1.0000e+08 1.0000e+08 1.0000e+08 1.0000e+08 1.0000e+08 1.0000e+08 1.0000e+08 1.0000e+08 7.0421e-01 1.0000e+08 1.0000e+08
 1.0000e+08 1.0000e+08 1.0000e+08 1.0000e+08 1.0000e+08 1.0000e+08 1.0000e+08 1.0000e+08 1.0000e+08 1.1770e+00 1.0998e+05 1.0000e+08 1.0000e+08
 1.0000e+08 1.0000e+08 1.0000e+08 1.0000e+08 1.0000e+08 1.0000e+08 1.0000e+08 1.0000e+08 1.0000e+08 1.0000e+08 2.4120e+03 1.0000e+08 1.0000e+08
 2.6221e+00 1.0000e+08 1.0000e+08 1.0000e+08 1.0000e+08 4.4042e+00 8.0384e-01 1.0000e+08 1.0000e+08 1.0000e+08 1.0000e+08 1.0000e+08 1.0000e+08
 1.0000e+08 1.1515e+00 1.0000e+08 1.0000e+08 1.0000e+08 1.0000e+08 1.0000e+08 1.0000e+08 1.0000e+08 1.0000e+08 1.0000e+08 1.0000e+08 1.0000e+08
 1.0000e+08 1.0000e+08 1.0000e+08 1.0000e+08 1.0000e+08 2.4303e+00 1.0000e+08 1.0000e+08 1.0000e+08 1.0000e+08 1.0276e+04 1.0000e+08 1.0000e+08
 1.0000e+08 1.0000e+08 8.5125e+00 1.0000e+08 1.0000e+08 1.6283e+00 1.0000e+08 1.0000e+08 1.0000e+08 1.0000e+08 1.0000e+08 1.0000e+08 1.0000e+08
 1.0000e+08 1.0000e+08 1.0000e+08 1.0000e+08 1.0000e+08 1.0000e+08 1.0000e+08 1.0000e+08 1.2620e+05]

matrice di sistema Q_117 (A + lambda * W_117):
[[       1.0986       -0.0922       -0.0173       -0.0403       -0.0275 ...        0.0648       -0.02          0.0741        0.0644       -0.0096]
 [      -0.0922 10000001.           -0.0832       -0.0403       -0.0328 ...       -0.0131        0.1748       -0.0006       -0.0396       -0.1098]
 [      -0.0173       -0.0832 10000001.           -0.0997       -0.02   ...       -0.0945        0.0139       -0.0721        0.0284        0.0155]
 [      -0.0403       -0.0403       -0.0997 10000001.           -0.1078 ...        0.1176       -0.0406        0.0293        0.0054       -0.037 ]
 [      -0.0275       -0.0328       -0.02         -0.1078 10000001.     ...       -0.0815        0.0502        0.084        -0.0457       -0.0797]
 ...
 [       0.0648       -0.0131       -0.0945        0.1176       -0.0815 ... 10000001.           -0.0458        0.0256       -0.0061       -0.0081]
 [      -0.02          0.1748        0.0139       -0.0406        0.0502 ...       -0.0458 10000001.           -0.0824       -0.0423        0.0548]
 [       0.0741       -0.0006       -0.0721        0.0293        0.084  ...        0.0256       -0.0824 10000001.           -0.0403        0.0028]
 [       0.0644       -0.0396        0.0284        0.0054       -0.0457 ...       -0.0061       -0.0423       -0.0403 10000001.            0.0801]
 [      -0.0096       -0.1098        0.0155       -0.037        -0.0797 ...       -0.0081        0.0548        0.0028        0.0801    12621.1592]]

------------------------------------------------------------

--- ITERAZIONE k = 118 ---
vettore w_118:
[-1.0143  0.      0.      0.     -0.     -0.     -0.     -0.     -0.     -0.      1.42    0.     -0.      0.     -0.      0.      0.      0.
 -0.      0.      0.      0.     -0.8496 -0.      0.      0.      0.     -0.      0.     -0.     -0.     -0.      0.      0.     -0.     -0.
  0.0004  0.      0.      0.3814 -0.     -0.      0.      0.      0.2271  1.244  -0.     -0.      0.     -0.      0.      0.      0.     -0.8684
  0.      0.      0.      0.      0.     -0.     -0.      0.     -0.      0.      0.      0.      0.      0.      0.      0.      0.4115 -0.
 -0.     -0.     -0.     -0.0001  0.     -0.     -0.      0.     -0.1175 -0.     -0.      0.6142 -0.      0.     -0.     -0.      0.      0.
  0.      0.     -0.     -0.     -0.     -0.     -0.     -0.      0.      0.    ]

diagonale matrice pesi W_118 (1 / max(|w|, eps)):
[9.8591e-01 1.0000e+08 1.0000e+08 1.0000e+08 1.0000e+08 1.0000e+08 1.0000e+08 1.0000e+08 1.0000e+08 1.0000e+08 7.0421e-01 1.0000e+08 1.0000e+08
 1.0000e+08 1.0000e+08 1.0000e+08 1.0000e+08 1.0000e+08 1.0000e+08 1.0000e+08 1.0000e+08 1.0000e+08 1.1770e+00 1.0646e+05 1.0000e+08 1.0000e+08
 1.0000e+08 1.0000e+08 1.0000e+08 1.0000e+08 1.0000e+08 1.0000e+08 1.0000e+08 1.0000e+08 1.0000e+08 1.0000e+08 2.4386e+03 1.0000e+08 1.0000e+08
 2.6221e+00 1.0000e+08 1.0000e+08 1.0000e+08 1.0000e+08 4.4042e+00 8.0384e-01 1.0000e+08 1.0000e+08 1.0000e+08 1.0000e+08 1.0000e+08 1.0000e+08
 1.0000e+08 1.1515e+00 1.0000e+08 1.0000e+08 1.0000e+08 1.0000e+08 1.0000e+08 1.0000e+08 1.0000e+08 1.0000e+08 1.0000e+08 1.0000e+08 1.0000e+08
 1.0000e+08 1.0000e+08 1.0000e+08 1.0000e+08 1.0000e+08 2.4303e+00 1.0000e+08 1.0000e+08 1.0000e+08 1.0000e+08 9.6362e+03 1.0000e+08 1.0000e+08
 1.0000e+08 1.0000e+08 8.5125e+00 1.0000e+08 1.0000e+08 1.6283e+00 1.0000e+08 1.0000e+08 1.0000e+08 1.0000e+08 1.0000e+08 1.0000e+08 1.0000e+08
 1.0000e+08 1.0000e+08 1.0000e+08 1.0000e+08 1.0000e+08 1.0000e+08 1.0000e+08 1.0000e+08 1.2837e+05]

matrice di sistema Q_118 (A + lambda * W_118):
[[       1.0986       -0.0922       -0.0173       -0.0403       -0.0275 ...        0.0648       -0.02          0.0741        0.0644       -0.0096]
 [      -0.0922 10000001.           -0.0832       -0.0403       -0.0328 ...       -0.0131        0.1748       -0.0006       -0.0396       -0.1098]
 [      -0.0173       -0.0832 10000001.           -0.0997       -0.02   ...       -0.0945        0.0139       -0.0721        0.0284        0.0155]
 [      -0.0403       -0.0403       -0.0997 10000001.           -0.1078 ...        0.1176       -0.0406        0.0293        0.0054       -0.037 ]
 [      -0.0275       -0.0328       -0.02         -0.1078 10000001.     ...       -0.0815        0.0502        0.084        -0.0457       -0.0797]
 ...
 [       0.0648       -0.0131       -0.0945        0.1176       -0.0815 ... 10000001.           -0.0458        0.0256       -0.0061       -0.0081]
 [      -0.02          0.1748        0.0139       -0.0406        0.0502 ...       -0.0458 10000001.           -0.0824       -0.0423        0.0548]
 [       0.0741       -0.0006       -0.0721        0.0293        0.084  ...        0.0256       -0.0824 10000001.           -0.0403        0.0028]
 [       0.0644       -0.0396        0.0284        0.0054       -0.0457 ...       -0.0061       -0.0423       -0.0403 10000001.            0.0801]
 [      -0.0096       -0.1098        0.0155       -0.037        -0.0797 ...       -0.0081        0.0548        0.0028        0.0801    12838.4776]]

------------------------------------------------------------

--- ITERAZIONE k = 119 ---
vettore w_119:
[-1.0143  0.      0.      0.     -0.     -0.     -0.     -0.     -0.     -0.      1.42    0.     -0.      0.     -0.      0.      0.      0.
 -0.      0.      0.      0.     -0.8496 -0.      0.      0.      0.     -0.      0.     -0.     -0.     -0.      0.      0.     -0.     -0.
  0.0004  0.      0.      0.3814 -0.     -0.      0.      0.      0.2271  1.244  -0.     -0.      0.     -0.      0.      0.      0.     -0.8684
  0.      0.      0.      0.      0.     -0.     -0.      0.     -0.      0.      0.      0.      0.      0.      0.      0.      0.4115 -0.
 -0.     -0.     -0.     -0.0001  0.     -0.     -0.      0.     -0.1175 -0.     -0.      0.6141 -0.      0.     -0.     -0.      0.      0.
  0.      0.     -0.     -0.     -0.     -0.     -0.     -0.      0.      0.    ]

diagonale matrice pesi W_119 (1 / max(|w|, eps)):
[9.8591e-01 1.0000e+08 1.0000e+08 1.0000e+08 1.0000e+08 1.0000e+08 1.0000e+08 1.0000e+08 1.0000e+08 1.0000e+08 7.0421e-01 1.0000e+08 1.0000e+08
 1.0000e+08 1.0000e+08 1.0000e+08 1.0000e+08 1.0000e+08 1.0000e+08 1.0000e+08 1.0000e+08 1.0000e+08 1.1770e+00 1.0306e+05 1.0000e+08 1.0000e+08
 1.0000e+08 1.0000e+08 1.0000e+08 1.0000e+08 1.0000e+08 1.0000e+08 1.0000e+08 1.0000e+08 1.0000e+08 1.0000e+08 2.4654e+03 1.0000e+08 1.0000e+08
 2.6221e+00 1.0000e+08 1.0000e+08 1.0000e+08 1.0000e+08 4.4042e+00 8.0384e-01 1.0000e+08 1.0000e+08 1.0000e+08 1.0000e+08 1.0000e+08 1.0000e+08
 1.0000e+08 1.1515e+00 1.0000e+08 1.0000e+08 1.0000e+08 1.0000e+08 1.0000e+08 1.0000e+08 1.0000e+08 1.0000e+08 1.0000e+08 1.0000e+08 1.0000e+08
 1.0000e+08 1.0000e+08 1.0000e+08 1.0000e+08 1.0000e+08 2.4303e+00 1.0000e+08 1.0000e+08 1.0000e+08 1.0000e+08 9.0368e+03 1.0000e+08 1.0000e+08
 1.0000e+08 1.0000e+08 8.5125e+00 1.0000e+08 1.0000e+08 1.6283e+00 1.0000e+08 1.0000e+08 1.0000e+08 1.0000e+08 1.0000e+08 1.0000e+08 1.0000e+08
 1.0000e+08 1.0000e+08 1.0000e+08 1.0000e+08 1.0000e+08 1.0000e+08 1.0000e+08 1.0000e+08 1.3059e+05]

matrice di sistema Q_119 (A + lambda * W_119):
[[       1.0986       -0.0922       -0.0173       -0.0403       -0.0275 ...        0.0648       -0.02          0.0741        0.0644       -0.0096]
 [      -0.0922 10000001.           -0.0832       -0.0403       -0.0328 ...       -0.0131        0.1748       -0.0006       -0.0396       -0.1098]
 [      -0.0173       -0.0832 10000001.           -0.0997       -0.02   ...       -0.0945        0.0139       -0.0721        0.0284        0.0155]
 [      -0.0403       -0.0403       -0.0997 10000001.           -0.1078 ...        0.1176       -0.0406        0.0293        0.0054       -0.037 ]
 [      -0.0275       -0.0328       -0.02         -0.1078 10000001.     ...       -0.0815        0.0502        0.084        -0.0457       -0.0797]
 ...
 [       0.0648       -0.0131       -0.0945        0.1176       -0.0815 ... 10000001.           -0.0458        0.0256       -0.0061       -0.0081]
 [      -0.02          0.1748        0.0139       -0.0406        0.0502 ...       -0.0458 10000001.           -0.0824       -0.0423        0.0548]
 [       0.0741       -0.0006       -0.0721        0.0293        0.084  ...        0.0256       -0.0824 10000001.           -0.0403        0.0028]
 [       0.0644       -0.0396        0.0284        0.0054       -0.0457 ...       -0.0061       -0.0423       -0.0403 10000001.            0.0801]
 [      -0.0096       -0.1098        0.0155       -0.037        -0.0797 ...       -0.0081        0.0548        0.0028        0.0801    13059.549 ]]

------------------------------------------------------------

--- ITERAZIONE k = 120 ---
vettore w_120:
[-1.0143  0.      0.      0.     -0.     -0.     -0.     -0.     -0.     -0.      1.42    0.     -0.      0.     -0.      0.      0.      0.
 -0.      0.      0.      0.     -0.8496 -0.      0.      0.      0.     -0.      0.     -0.     -0.     -0.      0.      0.     -0.     -0.
  0.0004  0.      0.      0.3814 -0.     -0.      0.      0.      0.2271  1.244  -0.     -0.      0.     -0.      0.      0.      0.     -0.8684
  0.      0.      0.      0.      0.     -0.     -0.      0.     -0.      0.      0.      0.      0.      0.      0.      0.      0.4115 -0.
 -0.     -0.     -0.     -0.0001  0.     -0.     -0.      0.     -0.1175 -0.     -0.      0.6141 -0.      0.     -0.     -0.      0.      0.
  0.      0.     -0.     -0.     -0.     -0.     -0.     -0.      0.      0.    ]

diagonale matrice pesi W_120 (1 / max(|w|, eps)):
[9.8591e-01 1.0000e+08 1.0000e+08 1.0000e+08 1.0000e+08 1.0000e+08 1.0000e+08 1.0000e+08 1.0000e+08 1.0000e+08 7.0421e-01 1.0000e+08 1.0000e+08
 1.0000e+08 1.0000e+08 1.0000e+08 1.0000e+08 1.0000e+08 1.0000e+08 1.0000e+08 1.0000e+08 1.0000e+08 1.1770e+00 9.9769e+04 1.0000e+08 1.0000e+08
 1.0000e+08 1.0000e+08 1.0000e+08 1.0000e+08 1.0000e+08 1.0000e+08 1.0000e+08 1.0000e+08 1.0000e+08 1.0000e+08 2.4924e+03 1.0000e+08 1.0000e+08
 2.6221e+00 1.0000e+08 1.0000e+08 1.0000e+08 1.0000e+08 4.4042e+00 8.0384e-01 1.0000e+08 1.0000e+08 1.0000e+08 1.0000e+08 1.0000e+08 1.0000e+08
 1.0000e+08 1.1515e+00 1.0000e+08 1.0000e+08 1.0000e+08 1.0000e+08 1.0000e+08 1.0000e+08 1.0000e+08 1.0000e+08 1.0000e+08 1.0000e+08 1.0000e+08
 1.0000e+08 1.0000e+08 1.0000e+08 1.0000e+08 1.0000e+08 2.4303e+00 1.0000e+08 1.0000e+08 1.0000e+08 1.0000e+08 8.4752e+03 1.0000e+08 1.0000e+08
 1.0000e+08 1.0000e+08 8.5125e+00 1.0000e+08 1.0000e+08 1.6283e+00 1.0000e+08 1.0000e+08 1.0000e+08 1.0000e+08 1.0000e+08 1.0000e+08 1.0000e+08
 1.0000e+08 1.0000e+08 1.0000e+08 1.0000e+08 1.0000e+08 1.0000e+08 1.0000e+08 1.0000e+08 1.3283e+05]

matrice di sistema Q_120 (A + lambda * W_120):
[[       1.0986       -0.0922       -0.0173       -0.0403       -0.0275 ...        0.0648       -0.02          0.0741        0.0644       -0.0096]
 [      -0.0922 10000001.           -0.0832       -0.0403       -0.0328 ...       -0.0131        0.1748       -0.0006       -0.0396       -0.1098]
 [      -0.0173       -0.0832 10000001.           -0.0997       -0.02   ...       -0.0945        0.0139       -0.0721        0.0284        0.0155]
 [      -0.0403       -0.0403       -0.0997 10000001.           -0.1078 ...        0.1176       -0.0406        0.0293        0.0054       -0.037 ]
 [      -0.0275       -0.0328       -0.02         -0.1078 10000001.     ...       -0.0815        0.0502        0.084        -0.0457       -0.0797]
 ...
 [       0.0648       -0.0131       -0.0945        0.1176       -0.0815 ... 10000001.           -0.0458        0.0256       -0.0061       -0.0081]
 [      -0.02          0.1748        0.0139       -0.0406        0.0502 ...       -0.0458 10000001.           -0.0824       -0.0423        0.0548]
 [       0.0741       -0.0006       -0.0721        0.0293        0.084  ...        0.0256       -0.0824 10000001.           -0.0403        0.0028]
 [       0.0644       -0.0396        0.0284        0.0054       -0.0457 ...       -0.0061       -0.0423       -0.0403 10000001.            0.0801]
 [      -0.0096       -0.1098        0.0155       -0.037        -0.0797 ...       -0.0081        0.0548        0.0028        0.0801    13284.4382]]

------------------------------------------------------------

--- ITERAZIONE k = 121 ---
vettore w_121:
[-1.0143  0.      0.      0.     -0.     -0.     -0.     -0.     -0.     -0.      1.42    0.     -0.      0.     -0.      0.      0.      0.
 -0.      0.      0.      0.     -0.8496 -0.      0.      0.      0.     -0.      0.     -0.     -0.     -0.      0.      0.     -0.     -0.
  0.0004  0.      0.      0.3814 -0.     -0.      0.      0.      0.2271  1.244  -0.     -0.      0.     -0.      0.      0.      0.     -0.8684
  0.      0.      0.      0.      0.     -0.     -0.      0.     -0.      0.      0.      0.      0.      0.      0.      0.      0.4115 -0.
 -0.     -0.     -0.     -0.0001  0.     -0.     -0.      0.     -0.1175 -0.     -0.      0.6141 -0.      0.     -0.     -0.      0.      0.
  0.      0.     -0.     -0.     -0.     -0.     -0.     -0.      0.      0.    ]

diagonale matrice pesi W_121 (1 / max(|w|, eps)):
[9.8591e-01 1.0000e+08 1.0000e+08 1.0000e+08 1.0000e+08 1.0000e+08 1.0000e+08 1.0000e+08 1.0000e+08 1.0000e+08 7.0421e-01 1.0000e+08 1.0000e+08
 1.0000e+08 1.0000e+08 1.0000e+08 1.0000e+08 1.0000e+08 1.0000e+08 1.0000e+08 1.0000e+08 1.0000e+08 1.1770e+00 9.6580e+04 1.0000e+08 1.0000e+08
 1.0000e+08 1.0000e+08 1.0000e+08 1.0000e+08 1.0000e+08 1.0000e+08 1.0000e+08 1.0000e+08 1.0000e+08 1.0000e+08 2.5196e+03 1.0000e+08 1.0000e+08
 2.6221e+00 1.0000e+08 1.0000e+08 1.0000e+08 1.0000e+08 4.4042e+00 8.0384e-01 1.0000e+08 1.0000e+08 1.0000e+08 1.0000e+08 1.0000e+08 1.0000e+08
 1.0000e+08 1.1515e+00 1.0000e+08 1.0000e+08 1.0000e+08 1.0000e+08 1.0000e+08 1.0000e+08 1.0000e+08 1.0000e+08 1.0000e+08 1.0000e+08 1.0000e+08
 1.0000e+08 1.0000e+08 1.0000e+08 1.0000e+08 1.0000e+08 2.4303e+00 1.0000e+08 1.0000e+08 1.0000e+08 1.0000e+08 7.9492e+03 1.0000e+08 1.0000e+08
 1.0000e+08 1.0000e+08 8.5125e+00 1.0000e+08 1.0000e+08 1.6283e+00 1.0000e+08 1.0000e+08 1.0000e+08 1.0000e+08 1.0000e+08 1.0000e+08 1.0000e+08
 1.0000e+08 1.0000e+08 1.0000e+08 1.0000e+08 1.0000e+08 1.0000e+08 1.0000e+08 1.0000e+08 1.3512e+05]

matrice di sistema Q_121 (A + lambda * W_121):
[[       1.0986       -0.0922       -0.0173       -0.0403       -0.0275 ...        0.0648       -0.02          0.0741        0.0644       -0.0096]
 [      -0.0922 10000001.           -0.0832       -0.0403       -0.0328 ...       -0.0131        0.1748       -0.0006       -0.0396       -0.1098]
 [      -0.0173       -0.0832 10000001.           -0.0997       -0.02   ...       -0.0945        0.0139       -0.0721        0.0284        0.0155]
 [      -0.0403       -0.0403       -0.0997 10000001.           -0.1078 ...        0.1176       -0.0406        0.0293        0.0054       -0.037 ]
 [      -0.0275       -0.0328       -0.02         -0.1078 10000001.     ...       -0.0815        0.0502        0.084        -0.0457       -0.0797]
 ...
 [       0.0648       -0.0131       -0.0945        0.1176       -0.0815 ... 10000001.           -0.0458        0.0256       -0.0061       -0.0081]
 [      -0.02          0.1748        0.0139       -0.0406        0.0502 ...       -0.0458 10000001.           -0.0824       -0.0423        0.0548]
 [       0.0741       -0.0006       -0.0721        0.0293        0.084  ...        0.0256       -0.0824 10000001.           -0.0403        0.0028]
 [       0.0644       -0.0396        0.0284        0.0054       -0.0457 ...       -0.0061       -0.0423       -0.0403 10000001.            0.0801]
 [      -0.0096       -0.1098        0.0155       -0.037        -0.0797 ...       -0.0081        0.0548        0.0028        0.0801    13513.2114]]

------------------------------------------------------------

--- ITERAZIONE k = 122 ---
vettore w_122:
[-1.0143  0.      0.      0.     -0.     -0.     -0.     -0.     -0.     -0.      1.42    0.     -0.      0.     -0.      0.      0.      0.
 -0.      0.      0.      0.     -0.8496 -0.      0.      0.      0.     -0.      0.     -0.     -0.     -0.      0.      0.     -0.     -0.
  0.0004  0.      0.      0.3814 -0.     -0.      0.      0.      0.2271  1.244  -0.     -0.      0.     -0.      0.      0.      0.     -0.8684
  0.      0.      0.      0.      0.     -0.     -0.      0.     -0.      0.      0.      0.      0.      0.      0.      0.      0.4115 -0.
 -0.     -0.     -0.     -0.0001  0.     -0.     -0.      0.     -0.1175 -0.     -0.      0.6141 -0.      0.     -0.     -0.      0.      0.
  0.      0.     -0.     -0.     -0.     -0.     -0.     -0.      0.      0.    ]

diagonale matrice pesi W_122 (1 / max(|w|, eps)):
[9.8591e-01 1.0000e+08 1.0000e+08 1.0000e+08 1.0000e+08 1.0000e+08 1.0000e+08 1.0000e+08 1.0000e+08 1.0000e+08 7.0421e-01 1.0000e+08 1.0000e+08
 1.0000e+08 1.0000e+08 1.0000e+08 1.0000e+08 1.0000e+08 1.0000e+08 1.0000e+08 1.0000e+08 1.0000e+08 1.1770e+00 9.3491e+04 1.0000e+08 1.0000e+08
 1.0000e+08 1.0000e+08 1.0000e+08 1.0000e+08 1.0000e+08 1.0000e+08 1.0000e+08 1.0000e+08 1.0000e+08 1.0000e+08 2.5469e+03 1.0000e+08 1.0000e+08
 2.6221e+00 1.0000e+08 1.0000e+08 1.0000e+08 1.0000e+08 4.4042e+00 8.0384e-01 1.0000e+08 1.0000e+08 1.0000e+08 1.0000e+08 1.0000e+08 1.0000e+08
 1.0000e+08 1.1515e+00 1.0000e+08 1.0000e+08 1.0000e+08 1.0000e+08 1.0000e+08 1.0000e+08 1.0000e+08 1.0000e+08 1.0000e+08 1.0000e+08 1.0000e+08
 1.0000e+08 1.0000e+08 1.0000e+08 1.0000e+08 1.0000e+08 2.4303e+00 1.0000e+08 1.0000e+08 1.0000e+08 1.0000e+08 7.4564e+03 1.0000e+08 1.0000e+08
 1.0000e+08 1.0000e+08 8.5125e+00 1.0000e+08 1.0000e+08 1.6283e+00 1.0000e+08 1.0000e+08 1.0000e+08 1.0000e+08 1.0000e+08 1.0000e+08 1.0000e+08
 1.0000e+08 1.0000e+08 1.0000e+08 1.0000e+08 1.0000e+08 1.0000e+08 1.0000e+08 1.0000e+08 1.3745e+05]

matrice di sistema Q_122 (A + lambda * W_122):
[[       1.0986       -0.0922       -0.0173       -0.0403       -0.0275 ...        0.0648       -0.02          0.0741        0.0644       -0.0096]
 [      -0.0922 10000001.           -0.0832       -0.0403       -0.0328 ...       -0.0131        0.1748       -0.0006       -0.0396       -0.1098]
 [      -0.0173       -0.0832 10000001.           -0.0997       -0.02   ...       -0.0945        0.0139       -0.0721        0.0284        0.0155]
 [      -0.0403       -0.0403       -0.0997 10000001.           -0.1078 ...        0.1176       -0.0406        0.0293        0.0054       -0.037 ]
 [      -0.0275       -0.0328       -0.02         -0.1078 10000001.     ...       -0.0815        0.0502        0.084        -0.0457       -0.0797]
 ...
 [       0.0648       -0.0131       -0.0945        0.1176       -0.0815 ... 10000001.           -0.0458        0.0256       -0.0061       -0.0081]
 [      -0.02          0.1748        0.0139       -0.0406        0.0502 ...       -0.0458 10000001.           -0.0824       -0.0423        0.0548]
 [       0.0741       -0.0006       -0.0721        0.0293        0.084  ...        0.0256       -0.0824 10000001.           -0.0403        0.0028]
 [       0.0644       -0.0396        0.0284        0.0054       -0.0457 ...       -0.0061       -0.0423       -0.0403 10000001.            0.0801]
 [      -0.0096       -0.1098        0.0155       -0.037        -0.0797 ...       -0.0081        0.0548        0.0028        0.0801    13745.9359]]

------------------------------------------------------------

--- ITERAZIONE k = 123 ---
vettore w_123:
[-1.0143  0.      0.      0.     -0.     -0.     -0.     -0.     -0.     -0.      1.42    0.     -0.      0.     -0.      0.      0.      0.
 -0.      0.      0.      0.     -0.8496 -0.      0.      0.      0.     -0.      0.     -0.     -0.     -0.      0.      0.     -0.     -0.
  0.0004  0.      0.      0.3814 -0.     -0.      0.      0.      0.2271  1.244  -0.     -0.      0.     -0.      0.      0.      0.     -0.8684
  0.      0.      0.      0.      0.     -0.     -0.      0.     -0.      0.      0.      0.      0.      0.      0.      0.      0.4115 -0.
 -0.     -0.     -0.     -0.0001  0.     -0.     -0.      0.     -0.1175 -0.     -0.      0.6141 -0.      0.     -0.     -0.      0.      0.
  0.      0.     -0.     -0.     -0.     -0.     -0.     -0.      0.      0.    ]

diagonale matrice pesi W_123 (1 / max(|w|, eps)):
[9.8591e-01 1.0000e+08 1.0000e+08 1.0000e+08 1.0000e+08 1.0000e+08 1.0000e+08 1.0000e+08 1.0000e+08 1.0000e+08 7.0421e-01 1.0000e+08 1.0000e+08
 1.0000e+08 1.0000e+08 1.0000e+08 1.0000e+08 1.0000e+08 1.0000e+08 1.0000e+08 1.0000e+08 1.0000e+08 1.1770e+00 9.0500e+04 1.0000e+08 1.0000e+08
 1.0000e+08 1.0000e+08 1.0000e+08 1.0000e+08 1.0000e+08 1.0000e+08 1.0000e+08 1.0000e+08 1.0000e+08 1.0000e+08 2.5744e+03 1.0000e+08 1.0000e+08
 2.6221e+00 1.0000e+08 1.0000e+08 1.0000e+08 1.0000e+08 4.4042e+00 8.0384e-01 1.0000e+08 1.0000e+08 1.0000e+08 1.0000e+08 1.0000e+08 1.0000e+08
 1.0000e+08 1.1515e+00 1.0000e+08 1.0000e+08 1.0000e+08 1.0000e+08 1.0000e+08 1.0000e+08 1.0000e+08 1.0000e+08 1.0000e+08 1.0000e+08 1.0000e+08
 1.0000e+08 1.0000e+08 1.0000e+08 1.0000e+08 1.0000e+08 2.4303e+00 1.0000e+08 1.0000e+08 1.0000e+08 1.0000e+08 6.9947e+03 1.0000e+08 1.0000e+08
 1.0000e+08 1.0000e+08 8.5125e+00 1.0000e+08 1.0000e+08 1.6283e+00 1.0000e+08 1.0000e+08 1.0000e+08 1.0000e+08 1.0000e+08 1.0000e+08 1.0000e+08
 1.0000e+08 1.0000e+08 1.0000e+08 1.0000e+08 1.0000e+08 1.0000e+08 1.0000e+08 1.0000e+08 1.3982e+05]

matrice di sistema Q_123 (A + lambda * W_123):
[[       1.0986       -0.0922       -0.0173       -0.0403       -0.0275 ...        0.0648       -0.02          0.0741        0.0644       -0.0096]
 [      -0.0922 10000001.           -0.0832       -0.0403       -0.0328 ...       -0.0131        0.1748       -0.0006       -0.0396       -0.1098]
 [      -0.0173       -0.0832 10000001.           -0.0997       -0.02   ...       -0.0945        0.0139       -0.0721        0.0284        0.0155]
 [      -0.0403       -0.0403       -0.0997 10000001.           -0.1078 ...        0.1176       -0.0406        0.0293        0.0054       -0.037 ]
 [      -0.0275       -0.0328       -0.02         -0.1078 10000001.     ...       -0.0815        0.0502        0.084        -0.0457       -0.0797]
 ...
 [       0.0648       -0.0131       -0.0945        0.1176       -0.0815 ... 10000001.           -0.0458        0.0256       -0.0061       -0.0081]
 [      -0.02          0.1748        0.0139       -0.0406        0.0502 ...       -0.0458 10000001.           -0.0824       -0.0423        0.0548]
 [       0.0741       -0.0006       -0.0721        0.0293        0.084  ...        0.0256       -0.0824 10000001.           -0.0403        0.0028]
 [       0.0644       -0.0396        0.0284        0.0054       -0.0457 ...       -0.0061       -0.0423       -0.0403 10000001.            0.0801]
 [      -0.0096       -0.1098        0.0155       -0.037        -0.0797 ...       -0.0081        0.0548        0.0028        0.0801    13982.6802]]

------------------------------------------------------------

--- ITERAZIONE k = 124 ---
vettore w_124:
[-1.0143  0.      0.      0.     -0.     -0.     -0.     -0.     -0.     -0.      1.42    0.     -0.      0.     -0.      0.      0.      0.
 -0.      0.      0.      0.     -0.8496 -0.      0.      0.      0.     -0.      0.     -0.     -0.     -0.      0.      0.     -0.     -0.
  0.0004  0.      0.      0.3814 -0.     -0.      0.      0.      0.2271  1.244  -0.     -0.      0.     -0.      0.      0.      0.     -0.8684
  0.      0.      0.      0.      0.     -0.     -0.      0.     -0.      0.      0.      0.      0.      0.      0.      0.      0.4115 -0.
 -0.     -0.     -0.     -0.0002  0.     -0.     -0.      0.     -0.1175 -0.     -0.      0.6141 -0.      0.     -0.     -0.      0.      0.
  0.      0.     -0.     -0.     -0.     -0.     -0.     -0.      0.      0.    ]

diagonale matrice pesi W_124 (1 / max(|w|, eps)):
[9.8591e-01 1.0000e+08 1.0000e+08 1.0000e+08 1.0000e+08 1.0000e+08 1.0000e+08 1.0000e+08 1.0000e+08 1.0000e+08 7.0421e-01 1.0000e+08 1.0000e+08
 1.0000e+08 1.0000e+08 1.0000e+08 1.0000e+08 1.0000e+08 1.0000e+08 1.0000e+08 1.0000e+08 1.0000e+08 1.1770e+00 8.7604e+04 1.0000e+08 1.0000e+08
 1.0000e+08 1.0000e+08 1.0000e+08 1.0000e+08 1.0000e+08 1.0000e+08 1.0000e+08 1.0000e+08 1.0000e+08 1.0000e+08 2.6021e+03 1.0000e+08 1.0000e+08
 2.6221e+00 1.0000e+08 1.0000e+08 1.0000e+08 1.0000e+08 4.4042e+00 8.0384e-01 1.0000e+08 1.0000e+08 1.0000e+08 1.0000e+08 1.0000e+08 1.0000e+08
 1.0000e+08 1.1515e+00 1.0000e+08 1.0000e+08 1.0000e+08 1.0000e+08 1.0000e+08 1.0000e+08 1.0000e+08 1.0000e+08 1.0000e+08 1.0000e+08 1.0000e+08
 1.0000e+08 1.0000e+08 1.0000e+08 1.0000e+08 1.0000e+08 2.4303e+00 1.0000e+08 1.0000e+08 1.0000e+08 1.0000e+08 6.5622e+03 1.0000e+08 1.0000e+08
 1.0000e+08 1.0000e+08 8.5125e+00 1.0000e+08 1.0000e+08 1.6283e+00 1.0000e+08 1.0000e+08 1.0000e+08 1.0000e+08 1.0000e+08 1.0000e+08 1.0000e+08
 1.0000e+08 1.0000e+08 1.0000e+08 1.0000e+08 1.0000e+08 1.0000e+08 1.0000e+08 1.0000e+08 1.4223e+05]

matrice di sistema Q_124 (A + lambda * W_124):
[[       1.0986       -0.0922       -0.0173       -0.0403       -0.0275 ...        0.0648       -0.02          0.0741        0.0644       -0.0096]
 [      -0.0922 10000001.           -0.0832       -0.0403       -0.0328 ...       -0.0131        0.1748       -0.0006       -0.0396       -0.1098]
 [      -0.0173       -0.0832 10000001.           -0.0997       -0.02   ...       -0.0945        0.0139       -0.0721        0.0284        0.0155]
 [      -0.0403       -0.0403       -0.0997 10000001.           -0.1078 ...        0.1176       -0.0406        0.0293        0.0054       -0.037 ]
 [      -0.0275       -0.0328       -0.02         -0.1078 10000001.     ...       -0.0815        0.0502        0.084        -0.0457       -0.0797]
 ...
 [       0.0648       -0.0131       -0.0945        0.1176       -0.0815 ... 10000001.           -0.0458        0.0256       -0.0061       -0.0081]
 [      -0.02          0.1748        0.0139       -0.0406        0.0502 ...       -0.0458 10000001.           -0.0824       -0.0423        0.0548]
 [       0.0741       -0.0006       -0.0721        0.0293        0.084  ...        0.0256       -0.0824 10000001.           -0.0403        0.0028]
 [       0.0644       -0.0396        0.0284        0.0054       -0.0457 ...       -0.0061       -0.0423       -0.0403 10000001.            0.0801]
 [      -0.0096       -0.1098        0.0155       -0.037        -0.0797 ...       -0.0081        0.0548        0.0028        0.0801    14223.514 ]]

------------------------------------------------------------

--- ITERAZIONE k = 125 ---
vettore w_125:
[-1.0143  0.      0.      0.     -0.     -0.     -0.     -0.     -0.     -0.      1.42    0.     -0.      0.     -0.      0.      0.      0.
 -0.      0.      0.      0.     -0.8496 -0.      0.      0.      0.     -0.      0.     -0.     -0.     -0.      0.      0.     -0.     -0.
  0.0004  0.      0.      0.3814 -0.     -0.      0.      0.      0.2271  1.244  -0.     -0.      0.     -0.      0.      0.      0.     -0.8684
  0.      0.      0.      0.      0.     -0.     -0.      0.     -0.      0.      0.      0.      0.      0.      0.      0.      0.4115 -0.
 -0.     -0.     -0.     -0.0002  0.     -0.     -0.      0.     -0.1175 -0.     -0.      0.6141 -0.      0.     -0.     -0.      0.      0.
  0.      0.     -0.     -0.     -0.     -0.     -0.     -0.      0.      0.    ]

diagonale matrice pesi W_125 (1 / max(|w|, eps)):
[9.8591e-01 1.0000e+08 1.0000e+08 1.0000e+08 1.0000e+08 1.0000e+08 1.0000e+08 1.0000e+08 1.0000e+08 1.0000e+08 7.0421e-01 1.0000e+08 1.0000e+08
 1.0000e+08 1.0000e+08 1.0000e+08 1.0000e+08 1.0000e+08 1.0000e+08 1.0000e+08 1.0000e+08 1.0000e+08 1.1770e+00 8.4799e+04 1.0000e+08 1.0000e+08
 1.0000e+08 1.0000e+08 1.0000e+08 1.0000e+08 1.0000e+08 1.0000e+08 1.0000e+08 1.0000e+08 1.0000e+08 1.0000e+08 2.6299e+03 1.0000e+08 1.0000e+08
 2.6221e+00 1.0000e+08 1.0000e+08 1.0000e+08 1.0000e+08 4.4042e+00 8.0384e-01 1.0000e+08 1.0000e+08 1.0000e+08 1.0000e+08 1.0000e+08 1.0000e+08
 1.0000e+08 1.1515e+00 1.0000e+08 1.0000e+08 1.0000e+08 1.0000e+08 1.0000e+08 1.0000e+08 1.0000e+08 1.0000e+08 1.0000e+08 1.0000e+08 1.0000e+08
 1.0000e+08 1.0000e+08 1.0000e+08 1.0000e+08 1.0000e+08 2.4303e+00 1.0000e+08 1.0000e+08 1.0000e+08 1.0000e+08 6.1570e+03 1.0000e+08 1.0000e+08
 1.0000e+08 1.0000e+08 8.5125e+00 1.0000e+08 1.0000e+08 1.6283e+00 1.0000e+08 1.0000e+08 1.0000e+08 1.0000e+08 1.0000e+08 1.0000e+08 1.0000e+08
 1.0000e+08 1.0000e+08 1.0000e+08 1.0000e+08 1.0000e+08 1.0000e+08 1.0000e+08 1.0000e+08 1.4468e+05]

matrice di sistema Q_125 (A + lambda * W_125):
[[       1.0986       -0.0922       -0.0173       -0.0403       -0.0275 ...        0.0648       -0.02          0.0741        0.0644       -0.0096]
 [      -0.0922 10000001.           -0.0832       -0.0403       -0.0328 ...       -0.0131        0.1748       -0.0006       -0.0396       -0.1098]
 [      -0.0173       -0.0832 10000001.           -0.0997       -0.02   ...       -0.0945        0.0139       -0.0721        0.0284        0.0155]
 [      -0.0403       -0.0403       -0.0997 10000001.           -0.1078 ...        0.1176       -0.0406        0.0293        0.0054       -0.037 ]
 [      -0.0275       -0.0328       -0.02         -0.1078 10000001.     ...       -0.0815        0.0502        0.084        -0.0457       -0.0797]
 ...
 [       0.0648       -0.0131       -0.0945        0.1176       -0.0815 ... 10000001.           -0.0458        0.0256       -0.0061       -0.0081]
 [      -0.02          0.1748        0.0139       -0.0406        0.0502 ...       -0.0458 10000001.           -0.0824       -0.0423        0.0548]
 [       0.0741       -0.0006       -0.0721        0.0293        0.084  ...        0.0256       -0.0824 10000001.           -0.0403        0.0028]
 [       0.0644       -0.0396        0.0284        0.0054       -0.0457 ...       -0.0061       -0.0423       -0.0403 10000001.            0.0801]
 [      -0.0096       -0.1098        0.0155       -0.037        -0.0797 ...       -0.0081        0.0548        0.0028        0.0801    14468.5081]]

------------------------------------------------------------

--- ITERAZIONE k = 126 ---
vettore w_126:
[-1.0143  0.      0.      0.     -0.     -0.     -0.     -0.     -0.     -0.      1.42    0.     -0.      0.     -0.      0.      0.      0.
 -0.      0.      0.      0.     -0.8496 -0.      0.      0.      0.     -0.      0.     -0.     -0.     -0.      0.      0.     -0.     -0.
  0.0004  0.      0.      0.3814 -0.     -0.      0.      0.      0.2271  1.244  -0.     -0.      0.     -0.      0.      0.      0.     -0.8684
  0.      0.      0.      0.      0.     -0.     -0.      0.     -0.      0.      0.      0.      0.      0.      0.      0.      0.4115 -0.
 -0.     -0.     -0.     -0.0002  0.     -0.     -0.      0.     -0.1175 -0.     -0.      0.6141 -0.      0.     -0.     -0.      0.      0.
  0.      0.     -0.     -0.     -0.     -0.     -0.     -0.      0.      0.    ]

diagonale matrice pesi W_126 (1 / max(|w|, eps)):
[9.8591e-01 1.0000e+08 1.0000e+08 1.0000e+08 1.0000e+08 1.0000e+08 1.0000e+08 1.0000e+08 1.0000e+08 1.0000e+08 7.0421e-01 1.0000e+08 1.0000e+08
 1.0000e+08 1.0000e+08 1.0000e+08 1.0000e+08 1.0000e+08 1.0000e+08 1.0000e+08 1.0000e+08 1.0000e+08 1.1770e+00 8.2084e+04 1.0000e+08 1.0000e+08
 1.0000e+08 1.0000e+08 1.0000e+08 1.0000e+08 1.0000e+08 1.0000e+08 1.0000e+08 1.0000e+08 1.0000e+08 1.0000e+08 2.6580e+03 1.0000e+08 1.0000e+08
 2.6220e+00 1.0000e+08 1.0000e+08 1.0000e+08 1.0000e+08 4.4042e+00 8.0384e-01 1.0000e+08 1.0000e+08 1.0000e+08 1.0000e+08 1.0000e+08 1.0000e+08
 1.0000e+08 1.1515e+00 1.0000e+08 1.0000e+08 1.0000e+08 1.0000e+08 1.0000e+08 1.0000e+08 1.0000e+08 1.0000e+08 1.0000e+08 1.0000e+08 1.0000e+08
 1.0000e+08 1.0000e+08 1.0000e+08 1.0000e+08 1.0000e+08 2.4303e+00 1.0000e+08 1.0000e+08 1.0000e+08 1.0000e+08 5.7775e+03 1.0000e+08 1.0000e+08
 1.0000e+08 1.0000e+08 8.5125e+00 1.0000e+08 1.0000e+08 1.6283e+00 1.0000e+08 1.0000e+08 1.0000e+08 1.0000e+08 1.0000e+08 1.0000e+08 1.0000e+08
 1.0000e+08 1.0000e+08 1.0000e+08 1.0000e+08 1.0000e+08 1.0000e+08 1.0000e+08 1.0000e+08 1.4717e+05]

matrice di sistema Q_126 (A + lambda * W_126):
[[       1.0986       -0.0922       -0.0173       -0.0403       -0.0275 ...        0.0648       -0.02          0.0741        0.0644       -0.0096]
 [      -0.0922 10000001.           -0.0832       -0.0403       -0.0328 ...       -0.0131        0.1748       -0.0006       -0.0396       -0.1098]
 [      -0.0173       -0.0832 10000001.           -0.0997       -0.02   ...       -0.0945        0.0139       -0.0721        0.0284        0.0155]
 [      -0.0403       -0.0403       -0.0997 10000001.           -0.1078 ...        0.1176       -0.0406        0.0293        0.0054       -0.037 ]
 [      -0.0275       -0.0328       -0.02         -0.1078 10000001.     ...       -0.0815        0.0502        0.084        -0.0457       -0.0797]
 ...
 [       0.0648       -0.0131       -0.0945        0.1176       -0.0815 ... 10000001.           -0.0458        0.0256       -0.0061       -0.0081]
 [      -0.02          0.1748        0.0139       -0.0406        0.0502 ...       -0.0458 10000001.           -0.0824       -0.0423        0.0548]
 [       0.0741       -0.0006       -0.0721        0.0293        0.084  ...        0.0256       -0.0824 10000001.           -0.0403        0.0028]
 [       0.0644       -0.0396        0.0284        0.0054       -0.0457 ...       -0.0061       -0.0423       -0.0403 10000001.            0.0801]
 [      -0.0096       -0.1098        0.0155       -0.037        -0.0797 ...       -0.0081        0.0548        0.0028        0.0801    14717.7348]]

------------------------------------------------------------

--- ITERAZIONE k = 127 ---
vettore w_127:
[-1.0143  0.      0.      0.     -0.     -0.     -0.     -0.     -0.     -0.      1.42    0.     -0.      0.     -0.      0.      0.      0.
 -0.      0.      0.      0.     -0.8496 -0.      0.      0.      0.     -0.      0.     -0.     -0.     -0.      0.      0.     -0.     -0.
  0.0004  0.      0.      0.3814 -0.     -0.      0.      0.      0.2271  1.244  -0.     -0.      0.     -0.      0.      0.      0.     -0.8684
  0.      0.      0.      0.      0.     -0.     -0.      0.     -0.      0.      0.      0.      0.      0.      0.      0.      0.4115 -0.
 -0.     -0.     -0.     -0.0002  0.     -0.     -0.      0.     -0.1175 -0.     -0.      0.6141 -0.      0.     -0.     -0.      0.      0.
  0.      0.     -0.     -0.     -0.     -0.     -0.     -0.      0.      0.    ]

diagonale matrice pesi W_127 (1 / max(|w|, eps)):
[9.8590e-01 1.0000e+08 1.0000e+08 1.0000e+08 1.0000e+08 1.0000e+08 1.0000e+08 1.0000e+08 1.0000e+08 1.0000e+08 7.0421e-01 1.0000e+08 1.0000e+08
 1.0000e+08 1.0000e+08 1.0000e+08 1.0000e+08 1.0000e+08 1.0000e+08 1.0000e+08 1.0000e+08 1.0000e+08 1.1770e+00 7.9454e+04 1.0000e+08 1.0000e+08
 1.0000e+08 1.0000e+08 1.0000e+08 1.0000e+08 1.0000e+08 1.0000e+08 1.0000e+08 1.0000e+08 1.0000e+08 1.0000e+08 2.6862e+03 1.0000e+08 1.0000e+08
 2.6220e+00 1.0000e+08 1.0000e+08 1.0000e+08 1.0000e+08 4.4042e+00 8.0384e-01 1.0000e+08 1.0000e+08 1.0000e+08 1.0000e+08 1.0000e+08 1.0000e+08
 1.0000e+08 1.1515e+00 1.0000e+08 1.0000e+08 1.0000e+08 1.0000e+08 1.0000e+08 1.0000e+08 1.0000e+08 1.0000e+08 1.0000e+08 1.0000e+08 1.0000e+08
 1.0000e+08 1.0000e+08 1.0000e+08 1.0000e+08 1.0000e+08 2.4303e+00 1.0000e+08 1.0000e+08 1.0000e+08 1.0000e+08 5.4218e+03 1.0000e+08 1.0000e+08
 1.0000e+08 1.0000e+08 8.5125e+00 1.0000e+08 1.0000e+08 1.6283e+00 1.0000e+08 1.0000e+08 1.0000e+08 1.0000e+08 1.0000e+08 1.0000e+08 1.0000e+08
 1.0000e+08 1.0000e+08 1.0000e+08 1.0000e+08 1.0000e+08 1.0000e+08 1.0000e+08 1.0000e+08 1.4970e+05]

matrice di sistema Q_127 (A + lambda * W_127):
[[       1.0986       -0.0922       -0.0173       -0.0403       -0.0275 ...        0.0648       -0.02          0.0741        0.0644       -0.0096]
 [      -0.0922 10000001.           -0.0832       -0.0403       -0.0328 ...       -0.0131        0.1748       -0.0006       -0.0396       -0.1098]
 [      -0.0173       -0.0832 10000001.           -0.0997       -0.02   ...       -0.0945        0.0139       -0.0721        0.0284        0.0155]
 [      -0.0403       -0.0403       -0.0997 10000001.           -0.1078 ...        0.1176       -0.0406        0.0293        0.0054       -0.037 ]
 [      -0.0275       -0.0328       -0.02         -0.1078 10000001.     ...       -0.0815        0.0502        0.084        -0.0457       -0.0797]
 ...
 [       0.0648       -0.0131       -0.0945        0.1176       -0.0815 ... 10000001.           -0.0458        0.0256       -0.0061       -0.0081]
 [      -0.02          0.1748        0.0139       -0.0406        0.0502 ...       -0.0458 10000001.           -0.0824       -0.0423        0.0548]
 [       0.0741       -0.0006       -0.0721        0.0293        0.084  ...        0.0256       -0.0824 10000001.           -0.0403        0.0028]
 [       0.0644       -0.0396        0.0284        0.0054       -0.0457 ...       -0.0061       -0.0423       -0.0403 10000001.            0.0801]
 [      -0.0096       -0.1098        0.0155       -0.037        -0.0797 ...       -0.0081        0.0548        0.0028        0.0801    14971.2674]]

------------------------------------------------------------

--- ITERAZIONE k = 128 ---
vettore w_128:
[-1.0143  0.      0.      0.     -0.     -0.     -0.     -0.     -0.     -0.      1.42    0.     -0.      0.     -0.      0.      0.      0.
 -0.      0.      0.      0.     -0.8496 -0.      0.      0.      0.     -0.      0.     -0.     -0.     -0.      0.      0.     -0.     -0.
  0.0004  0.      0.      0.3814 -0.     -0.      0.      0.      0.2271  1.244  -0.     -0.      0.     -0.      0.      0.      0.     -0.8684
  0.      0.      0.      0.      0.     -0.     -0.      0.     -0.      0.      0.      0.      0.      0.      0.      0.      0.4115 -0.
 -0.     -0.     -0.     -0.0002  0.     -0.     -0.      0.     -0.1175 -0.     -0.      0.6141 -0.      0.     -0.     -0.      0.      0.
  0.      0.     -0.     -0.     -0.     -0.     -0.     -0.      0.      0.    ]

diagonale matrice pesi W_128 (1 / max(|w|, eps)):
[9.8590e-01 1.0000e+08 1.0000e+08 1.0000e+08 1.0000e+08 1.0000e+08 1.0000e+08 1.0000e+08 1.0000e+08 1.0000e+08 7.0421e-01 1.0000e+08 1.0000e+08
 1.0000e+08 1.0000e+08 1.0000e+08 1.0000e+08 1.0000e+08 1.0000e+08 1.0000e+08 1.0000e+08 1.0000e+08 1.1770e+00 7.6907e+04 1.0000e+08 1.0000e+08
 1.0000e+08 1.0000e+08 1.0000e+08 1.0000e+08 1.0000e+08 1.0000e+08 1.0000e+08 1.0000e+08 1.0000e+08 1.0000e+08 2.7145e+03 1.0000e+08 1.0000e+08
 2.6220e+00 1.0000e+08 1.0000e+08 1.0000e+08 1.0000e+08 4.4042e+00 8.0384e-01 1.0000e+08 1.0000e+08 1.0000e+08 1.0000e+08 1.0000e+08 1.0000e+08
 1.0000e+08 1.1515e+00 1.0000e+08 1.0000e+08 1.0000e+08 1.0000e+08 1.0000e+08 1.0000e+08 1.0000e+08 1.0000e+08 1.0000e+08 1.0000e+08 1.0000e+08
 1.0000e+08 1.0000e+08 1.0000e+08 1.0000e+08 1.0000e+08 2.4303e+00 1.0000e+08 1.0000e+08 1.0000e+08 1.0000e+08 5.0887e+03 1.0000e+08 1.0000e+08
 1.0000e+08 1.0000e+08 8.5125e+00 1.0000e+08 1.0000e+08 1.6283e+00 1.0000e+08 1.0000e+08 1.0000e+08 1.0000e+08 1.0000e+08 1.0000e+08 1.0000e+08
 1.0000e+08 1.0000e+08 1.0000e+08 1.0000e+08 1.0000e+08 1.0000e+08 1.0000e+08 1.0000e+08 1.5228e+05]

matrice di sistema Q_128 (A + lambda * W_128):
[[       1.0986       -0.0922       -0.0173       -0.0403       -0.0275 ...        0.0648       -0.02          0.0741        0.0644       -0.0096]
 [      -0.0922 10000001.           -0.0832       -0.0403       -0.0328 ...       -0.0131        0.1748       -0.0006       -0.0396       -0.1098]
 [      -0.0173       -0.0832 10000001.           -0.0997       -0.02   ...       -0.0945        0.0139       -0.0721        0.0284        0.0155]
 [      -0.0403       -0.0403       -0.0997 10000001.           -0.1078 ...        0.1176       -0.0406        0.0293        0.0054       -0.037 ]
 [      -0.0275       -0.0328       -0.02         -0.1078 10000001.     ...       -0.0815        0.0502        0.084        -0.0457       -0.0797]
 ...
 [       0.0648       -0.0131       -0.0945        0.1176       -0.0815 ... 10000001.           -0.0458        0.0256       -0.0061       -0.0081]
 [      -0.02          0.1748        0.0139       -0.0406        0.0502 ...       -0.0458 10000001.           -0.0824       -0.0423        0.0548]
 [       0.0741       -0.0006       -0.0721        0.0293        0.084  ...        0.0256       -0.0824 10000001.           -0.0403        0.0028]
 [       0.0644       -0.0396        0.0284        0.0054       -0.0457 ...       -0.0061       -0.0423       -0.0403 10000001.            0.0801]
 [      -0.0096       -0.1098        0.0155       -0.037        -0.0797 ...       -0.0081        0.0548        0.0028        0.0801    15229.1807]]

------------------------------------------------------------

--- ITERAZIONE k = 129 ---
vettore w_129:
[-1.0143  0.      0.      0.     -0.     -0.     -0.     -0.     -0.     -0.      1.42    0.     -0.      0.     -0.      0.      0.      0.
 -0.      0.      0.      0.     -0.8496 -0.      0.      0.      0.     -0.      0.     -0.     -0.     -0.      0.      0.     -0.     -0.
  0.0004  0.      0.      0.3814 -0.     -0.      0.      0.      0.2271  1.244  -0.     -0.      0.     -0.      0.      0.      0.     -0.8684
  0.      0.      0.      0.      0.     -0.     -0.      0.     -0.      0.      0.      0.      0.      0.      0.      0.      0.4115 -0.
 -0.     -0.     -0.     -0.0002  0.     -0.     -0.      0.     -0.1175 -0.     -0.      0.6141 -0.      0.     -0.     -0.      0.      0.
  0.      0.     -0.     -0.     -0.     -0.     -0.     -0.      0.      0.    ]

diagonale matrice pesi W_129 (1 / max(|w|, eps)):
[9.8590e-01 1.0000e+08 1.0000e+08 1.0000e+08 1.0000e+08 1.0000e+08 1.0000e+08 1.0000e+08 1.0000e+08 1.0000e+08 7.0421e-01 1.0000e+08 1.0000e+08
 1.0000e+08 1.0000e+08 1.0000e+08 1.0000e+08 1.0000e+08 1.0000e+08 1.0000e+08 1.0000e+08 1.0000e+08 1.1770e+00 7.4440e+04 1.0000e+08 1.0000e+08
 1.0000e+08 1.0000e+08 1.0000e+08 1.0000e+08 1.0000e+08 1.0000e+08 1.0000e+08 1.0000e+08 1.0000e+08 1.0000e+08 2.7431e+03 1.0000e+08 1.0000e+08
 2.6220e+00 1.0000e+08 1.0000e+08 1.0000e+08 1.0000e+08 4.4042e+00 8.0384e-01 1.0000e+08 1.0000e+08 1.0000e+08 1.0000e+08 1.0000e+08 1.0000e+08
 1.0000e+08 1.1515e+00 1.0000e+08 1.0000e+08 1.0000e+08 1.0000e+08 1.0000e+08 1.0000e+08 1.0000e+08 1.0000e+08 1.0000e+08 1.0000e+08 1.0000e+08
 1.0000e+08 1.0000e+08 1.0000e+08 1.0000e+08 1.0000e+08 2.4303e+00 1.0000e+08 1.0000e+08 1.0000e+08 1.0000e+08 4.7766e+03 1.0000e+08 1.0000e+08
 1.0000e+08 1.0000e+08 8.5125e+00 1.0000e+08 1.0000e+08 1.6283e+00 1.0000e+08 1.0000e+08 1.0000e+08 1.0000e+08 1.0000e+08 1.0000e+08 1.0000e+08
 1.0000e+08 1.0000e+08 1.0000e+08 1.0000e+08 1.0000e+08 1.0000e+08 1.0000e+08 1.0000e+08 1.5491e+05]

matrice di sistema Q_129 (A + lambda * W_129):
[[       1.0986       -0.0922       -0.0173       -0.0403       -0.0275 ...        0.0648       -0.02          0.0741        0.0644       -0.0096]
 [      -0.0922 10000001.           -0.0832       -0.0403       -0.0328 ...       -0.0131        0.1748       -0.0006       -0.0396       -0.1098]
 [      -0.0173       -0.0832 10000001.           -0.0997       -0.02   ...       -0.0945        0.0139       -0.0721        0.0284        0.0155]
 [      -0.0403       -0.0403       -0.0997 10000001.           -0.1078 ...        0.1176       -0.0406        0.0293        0.0054       -0.037 ]
 [      -0.0275       -0.0328       -0.02         -0.1078 10000001.     ...       -0.0815        0.0502        0.084        -0.0457       -0.0797]
 ...
 [       0.0648       -0.0131       -0.0945        0.1176       -0.0815 ... 10000001.           -0.0458        0.0256       -0.0061       -0.0081]
 [      -0.02          0.1748        0.0139       -0.0406        0.0502 ...       -0.0458 10000001.           -0.0824       -0.0423        0.0548]
 [       0.0741       -0.0006       -0.0721        0.0293        0.084  ...        0.0256       -0.0824 10000001.           -0.0403        0.0028]
 [       0.0644       -0.0396        0.0284        0.0054       -0.0457 ...       -0.0061       -0.0423       -0.0403 10000001.            0.0801]
 [      -0.0096       -0.1098        0.0155       -0.037        -0.0797 ...       -0.0081        0.0548        0.0028        0.0801    15491.5506]]

------------------------------------------------------------

--- ITERAZIONE k = 130 ---
vettore w_130:
[-1.0143  0.      0.      0.     -0.     -0.     -0.     -0.     -0.     -0.      1.42    0.     -0.      0.     -0.      0.      0.      0.
 -0.      0.      0.      0.     -0.8496 -0.      0.      0.      0.     -0.      0.     -0.     -0.     -0.      0.      0.     -0.     -0.
  0.0004  0.      0.      0.3814 -0.     -0.      0.      0.      0.2271  1.244  -0.     -0.      0.     -0.      0.      0.      0.     -0.8684
  0.      0.      0.      0.      0.     -0.     -0.      0.     -0.      0.      0.      0.      0.      0.      0.      0.      0.4115 -0.
 -0.     -0.     -0.     -0.0002  0.     -0.     -0.      0.     -0.1175 -0.     -0.      0.6141 -0.      0.     -0.     -0.      0.      0.
  0.      0.     -0.     -0.     -0.     -0.     -0.     -0.      0.      0.    ]

diagonale matrice pesi W_130 (1 / max(|w|, eps)):
[9.8590e-01 1.0000e+08 1.0000e+08 1.0000e+08 1.0000e+08 1.0000e+08 1.0000e+08 1.0000e+08 1.0000e+08 1.0000e+08 7.0421e-01 1.0000e+08 1.0000e+08
 1.0000e+08 1.0000e+08 1.0000e+08 1.0000e+08 1.0000e+08 1.0000e+08 1.0000e+08 1.0000e+08 1.0000e+08 1.1770e+00 7.2052e+04 1.0000e+08 1.0000e+08
 1.0000e+08 1.0000e+08 1.0000e+08 1.0000e+08 1.0000e+08 1.0000e+08 1.0000e+08 1.0000e+08 1.0000e+08 1.0000e+08 2.7718e+03 1.0000e+08 1.0000e+08
 2.6220e+00 1.0000e+08 1.0000e+08 1.0000e+08 1.0000e+08 4.4043e+00 8.0384e-01 1.0000e+08 1.0000e+08 1.0000e+08 1.0000e+08 1.0000e+08 1.0000e+08
 1.0000e+08 1.1515e+00 1.0000e+08 1.0000e+08 1.0000e+08 1.0000e+08 1.0000e+08 1.0000e+08 1.0000e+08 1.0000e+08 1.0000e+08 1.0000e+08 1.0000e+08
 1.0000e+08 1.0000e+08 1.0000e+08 1.0000e+08 1.0000e+08 2.4303e+00 1.0000e+08 1.0000e+08 1.0000e+08 1.0000e+08 4.4842e+03 1.0000e+08 1.0000e+08
 1.0000e+08 1.0000e+08 8.5125e+00 1.0000e+08 1.0000e+08 1.6283e+00 1.0000e+08 1.0000e+08 1.0000e+08 1.0000e+08 1.0000e+08 1.0000e+08 1.0000e+08
 1.0000e+08 1.0000e+08 1.0000e+08 1.0000e+08 1.0000e+08 1.0000e+08 1.0000e+08 1.0000e+08 1.5757e+05]

matrice di sistema Q_130 (A + lambda * W_130):
[[       1.0986       -0.0922       -0.0173       -0.0403       -0.0275 ...        0.0648       -0.02          0.0741        0.0644       -0.0096]
 [      -0.0922 10000001.           -0.0832       -0.0403       -0.0328 ...       -0.0131        0.1748       -0.0006       -0.0396       -0.1098]
 [      -0.0173       -0.0832 10000001.           -0.0997       -0.02   ...       -0.0945        0.0139       -0.0721        0.0284        0.0155]
 [      -0.0403       -0.0403       -0.0997 10000001.           -0.1078 ...        0.1176       -0.0406        0.0293        0.0054       -0.037 ]
 [      -0.0275       -0.0328       -0.02         -0.1078 10000001.     ...       -0.0815        0.0502        0.084        -0.0457       -0.0797]
 ...
 [       0.0648       -0.0131       -0.0945        0.1176       -0.0815 ... 10000001.           -0.0458        0.0256       -0.0061       -0.0081]
 [      -0.02          0.1748        0.0139       -0.0406        0.0502 ...       -0.0458 10000001.           -0.0824       -0.0423        0.0548]
 [       0.0741       -0.0006       -0.0721        0.0293        0.084  ...        0.0256       -0.0824 10000001.           -0.0403        0.0028]
 [       0.0644       -0.0396        0.0284        0.0054       -0.0457 ...       -0.0061       -0.0423       -0.0403 10000001.            0.0801]
 [      -0.0096       -0.1098        0.0155       -0.037        -0.0797 ...       -0.0081        0.0548        0.0028        0.0801    15758.4547]]

------------------------------------------------------------

--- ITERAZIONE k = 131 ---
vettore w_131:
[-1.0143  0.      0.      0.     -0.     -0.     -0.     -0.     -0.     -0.      1.42    0.     -0.      0.     -0.      0.      0.      0.
 -0.      0.      0.      0.     -0.8496 -0.      0.      0.      0.     -0.      0.     -0.     -0.     -0.      0.      0.     -0.     -0.
  0.0004  0.      0.      0.3814 -0.     -0.      0.      0.      0.2271  1.244  -0.     -0.      0.     -0.      0.      0.      0.     -0.8684
  0.      0.      0.      0.      0.     -0.     -0.      0.     -0.      0.      0.      0.      0.      0.      0.      0.      0.4115 -0.
 -0.     -0.     -0.     -0.0002  0.     -0.     -0.      0.     -0.1175 -0.     -0.      0.6141 -0.      0.     -0.     -0.      0.      0.
  0.      0.     -0.     -0.     -0.     -0.     -0.     -0.      0.      0.    ]

diagonale matrice pesi W_131 (1 / max(|w|, eps)):
[9.8590e-01 1.0000e+08 1.0000e+08 1.0000e+08 1.0000e+08 1.0000e+08 1.0000e+08 1.0000e+08 1.0000e+08 1.0000e+08 7.0421e-01 1.0000e+08 1.0000e+08
 1.0000e+08 1.0000e+08 1.0000e+08 1.0000e+08 1.0000e+08 1.0000e+08 1.0000e+08 1.0000e+08 1.0000e+08 1.1770e+00 6.9739e+04 1.0000e+08 1.0000e+08
 1.0000e+08 1.0000e+08 1.0000e+08 1.0000e+08 1.0000e+08 1.0000e+08 1.0000e+08 1.0000e+08 1.0000e+08 1.0000e+08 2.8007e+03 1.0000e+08 1.0000e+08
 2.6220e+00 1.0000e+08 1.0000e+08 1.0000e+08 1.0000e+08 4.4043e+00 8.0384e-01 1.0000e+08 1.0000e+08 1.0000e+08 1.0000e+08 1.0000e+08 1.0000e+08
 1.0000e+08 1.1515e+00 1.0000e+08 1.0000e+08 1.0000e+08 1.0000e+08 1.0000e+08 1.0000e+08 1.0000e+08 1.0000e+08 1.0000e+08 1.0000e+08 1.0000e+08
 1.0000e+08 1.0000e+08 1.0000e+08 1.0000e+08 1.0000e+08 2.4303e+00 1.0000e+08 1.0000e+08 1.0000e+08 1.0000e+08 4.2103e+03 1.0000e+08 1.0000e+08
 1.0000e+08 1.0000e+08 8.5125e+00 1.0000e+08 1.0000e+08 1.6283e+00 1.0000e+08 1.0000e+08 1.0000e+08 1.0000e+08 1.0000e+08 1.0000e+08 1.0000e+08
 1.0000e+08 1.0000e+08 1.0000e+08 1.0000e+08 1.0000e+08 1.0000e+08 1.0000e+08 1.0000e+08 1.6029e+05]

matrice di sistema Q_131 (A + lambda * W_131):
[[       1.0986       -0.0922       -0.0173       -0.0403       -0.0275 ...        0.0648       -0.02          0.0741        0.0644       -0.0096]
 [      -0.0922 10000001.           -0.0832       -0.0403       -0.0328 ...       -0.0131        0.1748       -0.0006       -0.0396       -0.1098]
 [      -0.0173       -0.0832 10000001.           -0.0997       -0.02   ...       -0.0945        0.0139       -0.0721        0.0284        0.0155]
 [      -0.0403       -0.0403       -0.0997 10000001.           -0.1078 ...        0.1176       -0.0406        0.0293        0.0054       -0.037 ]
 [      -0.0275       -0.0328       -0.02         -0.1078 10000001.     ...       -0.0815        0.0502        0.084        -0.0457       -0.0797]
 ...
 [       0.0648       -0.0131       -0.0945        0.1176       -0.0815 ... 10000001.           -0.0458        0.0256       -0.0061       -0.0081]
 [      -0.02          0.1748        0.0139       -0.0406        0.0502 ...       -0.0458 10000001.           -0.0824       -0.0423        0.0548]
 [       0.0741       -0.0006       -0.0721        0.0293        0.084  ...        0.0256       -0.0824 10000001.           -0.0403        0.0028]
 [       0.0644       -0.0396        0.0284        0.0054       -0.0457 ...       -0.0061       -0.0423       -0.0403 10000001.            0.0801]
 [      -0.0096       -0.1098        0.0155       -0.037        -0.0797 ...       -0.0081        0.0548        0.0028        0.0801    16029.9717]]

------------------------------------------------------------

--- ITERAZIONE k = 132 ---
vettore w_132:
[-1.0143  0.      0.      0.     -0.     -0.     -0.     -0.     -0.     -0.      1.42    0.     -0.      0.     -0.      0.      0.      0.
 -0.      0.      0.      0.     -0.8496 -0.      0.      0.      0.     -0.      0.     -0.     -0.     -0.      0.      0.     -0.     -0.
  0.0004  0.      0.      0.3814 -0.     -0.      0.      0.      0.2271  1.244  -0.     -0.      0.     -0.      0.      0.      0.     -0.8684
  0.      0.      0.      0.      0.     -0.     -0.      0.     -0.      0.      0.      0.      0.      0.      0.      0.      0.4115 -0.
 -0.     -0.     -0.     -0.0003  0.     -0.     -0.      0.     -0.1175 -0.     -0.      0.6141 -0.      0.     -0.     -0.      0.      0.
  0.      0.     -0.     -0.     -0.     -0.     -0.     -0.      0.      0.    ]

diagonale matrice pesi W_132 (1 / max(|w|, eps)):
[9.8590e-01 1.0000e+08 1.0000e+08 1.0000e+08 1.0000e+08 1.0000e+08 1.0000e+08 1.0000e+08 1.0000e+08 1.0000e+08 7.0421e-01 1.0000e+08 1.0000e+08
 1.0000e+08 1.0000e+08 1.0000e+08 1.0000e+08 1.0000e+08 1.0000e+08 1.0000e+08 1.0000e+08 1.0000e+08 1.1770e+00 6.7499e+04 1.0000e+08 1.0000e+08
 1.0000e+08 1.0000e+08 1.0000e+08 1.0000e+08 1.0000e+08 1.0000e+08 1.0000e+08 1.0000e+08 1.0000e+08 1.0000e+08 2.8298e+03 1.0000e+08 1.0000e+08
 2.6220e+00 1.0000e+08 1.0000e+08 1.0000e+08 1.0000e+08 4.4043e+00 8.0384e-01 1.0000e+08 1.0000e+08 1.0000e+08 1.0000e+08 1.0000e+08 1.0000e+08
 1.0000e+08 1.1515e+00 1.0000e+08 1.0000e+08 1.0000e+08 1.0000e+08 1.0000e+08 1.0000e+08 1.0000e+08 1.0000e+08 1.0000e+08 1.0000e+08 1.0000e+08
 1.0000e+08 1.0000e+08 1.0000e+08 1.0000e+08 1.0000e+08 2.4303e+00 1.0000e+08 1.0000e+08 1.0000e+08 1.0000e+08 3.9537e+03 1.0000e+08 1.0000e+08
 1.0000e+08 1.0000e+08 8.5125e+00 1.0000e+08 1.0000e+08 1.6283e+00 1.0000e+08 1.0000e+08 1.0000e+08 1.0000e+08 1.0000e+08 1.0000e+08 1.0000e+08
 1.0000e+08 1.0000e+08 1.0000e+08 1.0000e+08 1.0000e+08 1.0000e+08 1.0000e+08 1.0000e+08 1.6305e+05]

matrice di sistema Q_132 (A + lambda * W_132):
[[       1.0986       -0.0922       -0.0173       -0.0403       -0.0275 ...        0.0648       -0.02          0.0741        0.0644       -0.0096]
 [      -0.0922 10000001.           -0.0832       -0.0403       -0.0328 ...       -0.0131        0.1748       -0.0006       -0.0396       -0.1098]
 [      -0.0173       -0.0832 10000001.           -0.0997       -0.02   ...       -0.0945        0.0139       -0.0721        0.0284        0.0155]
 [      -0.0403       -0.0403       -0.0997 10000001.           -0.1078 ...        0.1176       -0.0406        0.0293        0.0054       -0.037 ]
 [      -0.0275       -0.0328       -0.02         -0.1078 10000001.     ...       -0.0815        0.0502        0.084        -0.0457       -0.0797]
 ...
 [       0.0648       -0.0131       -0.0945        0.1176       -0.0815 ... 10000001.           -0.0458        0.0256       -0.0061       -0.0081]
 [      -0.02          0.1748        0.0139       -0.0406        0.0502 ...       -0.0458 10000001.           -0.0824       -0.0423        0.0548]
 [       0.0741       -0.0006       -0.0721        0.0293        0.084  ...        0.0256       -0.0824 10000001.           -0.0403        0.0028]
 [       0.0644       -0.0396        0.0284        0.0054       -0.0457 ...       -0.0061       -0.0423       -0.0403 10000001.            0.0801]
 [      -0.0096       -0.1098        0.0155       -0.037        -0.0797 ...       -0.0081        0.0548        0.0028        0.0801    16306.1816]]

------------------------------------------------------------

--- ITERAZIONE k = 133 ---
vettore w_133:
[-1.0143  0.      0.      0.     -0.     -0.     -0.     -0.     -0.     -0.      1.42    0.     -0.      0.     -0.      0.      0.      0.
 -0.      0.      0.      0.     -0.8496 -0.      0.      0.      0.     -0.      0.     -0.     -0.     -0.      0.      0.     -0.     -0.
  0.0003  0.      0.      0.3814 -0.     -0.      0.      0.      0.2271  1.244  -0.     -0.      0.     -0.      0.      0.      0.     -0.8684
  0.      0.      0.      0.      0.     -0.     -0.      0.     -0.      0.      0.      0.      0.      0.      0.      0.      0.4115 -0.
 -0.     -0.     -0.     -0.0003  0.     -0.     -0.      0.     -0.1175 -0.     -0.      0.6141 -0.      0.     -0.     -0.      0.      0.
  0.      0.     -0.     -0.     -0.     -0.     -0.     -0.      0.      0.    ]

diagonale matrice pesi W_133 (1 / max(|w|, eps)):
[9.8590e-01 1.0000e+08 1.0000e+08 1.0000e+08 1.0000e+08 1.0000e+08 1.0000e+08 1.0000e+08 1.0000e+08 1.0000e+08 7.0421e-01 1.0000e+08 1.0000e+08
 1.0000e+08 1.0000e+08 1.0000e+08 1.0000e+08 1.0000e+08 1.0000e+08 1.0000e+08 1.0000e+08 1.0000e+08 1.1770e+00 6.5329e+04 1.0000e+08 1.0000e+08
 1.0000e+08 1.0000e+08 1.0000e+08 1.0000e+08 1.0000e+08 1.0000e+08 1.0000e+08 1.0000e+08 1.0000e+08 1.0000e+08 2.8590e+03 1.0000e+08 1.0000e+08
 2.6220e+00 1.0000e+08 1.0000e+08 1.0000e+08 1.0000e+08 4.4043e+00 8.0384e-01 1.0000e+08 1.0000e+08 1.0000e+08 1.0000e+08 1.0000e+08 1.0000e+08
 1.0000e+08 1.1515e+00 1.0000e+08 1.0000e+08 1.0000e+08 1.0000e+08 1.0000e+08 1.0000e+08 1.0000e+08 1.0000e+08 1.0000e+08 1.0000e+08 1.0000e+08
 1.0000e+08 1.0000e+08 1.0000e+08 1.0000e+08 1.0000e+08 2.4303e+00 1.0000e+08 1.0000e+08 1.0000e+08 1.0000e+08 3.7132e+03 1.0000e+08 1.0000e+08
 1.0000e+08 1.0000e+08 8.5125e+00 1.0000e+08 1.0000e+08 1.6283e+00 1.0000e+08 1.0000e+08 1.0000e+08 1.0000e+08 1.0000e+08 1.0000e+08 1.0000e+08
 1.0000e+08 1.0000e+08 1.0000e+08 1.0000e+08 1.0000e+08 1.0000e+08 1.0000e+08 1.0000e+08 1.6586e+05]

matrice di sistema Q_133 (A + lambda * W_133):
[[       1.0986       -0.0922       -0.0173       -0.0403       -0.0275 ...        0.0648       -0.02          0.0741        0.0644       -0.0096]
 [      -0.0922 10000001.           -0.0832       -0.0403       -0.0328 ...       -0.0131        0.1748       -0.0006       -0.0396       -0.1098]
 [      -0.0173       -0.0832 10000001.           -0.0997       -0.02   ...       -0.0945        0.0139       -0.0721        0.0284        0.0155]
 [      -0.0403       -0.0403       -0.0997 10000001.           -0.1078 ...        0.1176       -0.0406        0.0293        0.0054       -0.037 ]
 [      -0.0275       -0.0328       -0.02         -0.1078 10000001.     ...       -0.0815        0.0502        0.084        -0.0457       -0.0797]
 ...
 [       0.0648       -0.0131       -0.0945        0.1176       -0.0815 ... 10000001.           -0.0458        0.0256       -0.0061       -0.0081]
 [      -0.02          0.1748        0.0139       -0.0406        0.0502 ...       -0.0458 10000001.           -0.0824       -0.0423        0.0548]
 [       0.0741       -0.0006       -0.0721        0.0293        0.084  ...        0.0256       -0.0824 10000001.           -0.0403        0.0028]
 [       0.0644       -0.0396        0.0284        0.0054       -0.0457 ...       -0.0061       -0.0423       -0.0403 10000001.            0.0801]
 [      -0.0096       -0.1098        0.0155       -0.037        -0.0797 ...       -0.0081        0.0548        0.0028        0.0801    16587.1661]]

------------------------------------------------------------

--- ITERAZIONE k = 134 ---
vettore w_134:
[-1.0143  0.      0.      0.     -0.     -0.     -0.     -0.     -0.     -0.      1.42    0.     -0.      0.     -0.      0.      0.      0.
 -0.      0.      0.      0.     -0.8496 -0.      0.      0.      0.     -0.      0.     -0.     -0.     -0.      0.      0.     -0.     -0.
  0.0003  0.      0.      0.3814 -0.     -0.      0.      0.      0.2271  1.244  -0.     -0.      0.     -0.      0.      0.      0.     -0.8684
  0.      0.      0.      0.      0.     -0.     -0.      0.     -0.      0.      0.      0.      0.      0.      0.      0.      0.4115 -0.
 -0.     -0.     -0.     -0.0003  0.     -0.     -0.      0.     -0.1175 -0.     -0.      0.6141 -0.      0.     -0.     -0.      0.      0.
  0.      0.     -0.     -0.     -0.     -0.     -0.     -0.      0.      0.    ]

diagonale matrice pesi W_134 (1 / max(|w|, eps)):
[9.8590e-01 1.0000e+08 1.0000e+08 1.0000e+08 1.0000e+08 1.0000e+08 1.0000e+08 1.0000e+08 1.0000e+08 1.0000e+08 7.0421e-01 1.0000e+08 1.0000e+08
 1.0000e+08 1.0000e+08 1.0000e+08 1.0000e+08 1.0000e+08 1.0000e+08 1.0000e+08 1.0000e+08 1.0000e+08 1.1770e+00 6.3228e+04 1.0000e+08 1.0000e+08
 1.0000e+08 1.0000e+08 1.0000e+08 1.0000e+08 1.0000e+08 1.0000e+08 1.0000e+08 1.0000e+08 1.0000e+08 1.0000e+08 2.8884e+03 1.0000e+08 1.0000e+08
 2.6220e+00 1.0000e+08 1.0000e+08 1.0000e+08 1.0000e+08 4.4043e+00 8.0384e-01 1.0000e+08 1.0000e+08 1.0000e+08 1.0000e+08 1.0000e+08 1.0000e+08
 1.0000e+08 1.1515e+00 1.0000e+08 1.0000e+08 1.0000e+08 1.0000e+08 1.0000e+08 1.0000e+08 1.0000e+08 1.0000e+08 1.0000e+08 1.0000e+08 1.0000e+08
 1.0000e+08 1.0000e+08 1.0000e+08 1.0000e+08 1.0000e+08 2.4303e+00 1.0000e+08 1.0000e+08 1.0000e+08 1.0000e+08 3.4880e+03 1.0000e+08 1.0000e+08
 1.0000e+08 1.0000e+08 8.5125e+00 1.0000e+08 1.0000e+08 1.6283e+00 1.0000e+08 1.0000e+08 1.0000e+08 1.0000e+08 1.0000e+08 1.0000e+08 1.0000e+08
 1.0000e+08 1.0000e+08 1.0000e+08 1.0000e+08 1.0000e+08 1.0000e+08 1.0000e+08 1.0000e+08 1.6872e+05]

matrice di sistema Q_134 (A + lambda * W_134):
[[       1.0986       -0.0922       -0.0173       -0.0403       -0.0275 ...        0.0648       -0.02          0.0741        0.0644       -0.0096]
 [      -0.0922 10000001.           -0.0832       -0.0403       -0.0328 ...       -0.0131        0.1748       -0.0006       -0.0396       -0.1098]
 [      -0.0173       -0.0832 10000001.           -0.0997       -0.02   ...       -0.0945        0.0139       -0.0721        0.0284        0.0155]
 [      -0.0403       -0.0403       -0.0997 10000001.           -0.1078 ...        0.1176       -0.0406        0.0293        0.0054       -0.037 ]
 [      -0.0275       -0.0328       -0.02         -0.1078 10000001.     ...       -0.0815        0.0502        0.084        -0.0457       -0.0797]
 ...
 [       0.0648       -0.0131       -0.0945        0.1176       -0.0815 ... 10000001.           -0.0458        0.0256       -0.0061       -0.0081]
 [      -0.02          0.1748        0.0139       -0.0406        0.0502 ...       -0.0458 10000001.           -0.0824       -0.0423        0.0548]
 [       0.0741       -0.0006       -0.0721        0.0293        0.084  ...        0.0256       -0.0824 10000001.           -0.0403        0.0028]
 [       0.0644       -0.0396        0.0284        0.0054       -0.0457 ...       -0.0061       -0.0423       -0.0403 10000001.            0.0801]
 [      -0.0096       -0.1098        0.0155       -0.037        -0.0797 ...       -0.0081        0.0548        0.0028        0.0801    16873.0082]]

------------------------------------------------------------

--- ITERAZIONE k = 135 ---
vettore w_135:
[-1.0143  0.      0.      0.     -0.     -0.     -0.     -0.     -0.     -0.      1.42    0.     -0.      0.     -0.      0.      0.      0.
 -0.      0.      0.      0.     -0.8496 -0.      0.      0.      0.     -0.      0.     -0.     -0.     -0.      0.      0.     -0.     -0.
  0.0003  0.      0.      0.3814 -0.     -0.      0.      0.      0.2271  1.244  -0.     -0.      0.     -0.      0.      0.      0.     -0.8684
  0.      0.      0.      0.      0.     -0.     -0.      0.     -0.      0.      0.      0.      0.      0.      0.      0.      0.4115 -0.
 -0.     -0.     -0.     -0.0003  0.     -0.     -0.      0.     -0.1175 -0.     -0.      0.6141 -0.      0.     -0.     -0.      0.      0.
  0.      0.     -0.     -0.     -0.     -0.     -0.     -0.      0.      0.    ]

diagonale matrice pesi W_135 (1 / max(|w|, eps)):
[9.8589e-01 1.0000e+08 1.0000e+08 1.0000e+08 1.0000e+08 1.0000e+08 1.0000e+08 1.0000e+08 1.0000e+08 1.0000e+08 7.0421e-01 1.0000e+08 1.0000e+08
 1.0000e+08 1.0000e+08 1.0000e+08 1.0000e+08 1.0000e+08 1.0000e+08 1.0000e+08 1.0000e+08 1.0000e+08 1.1770e+00 6.1194e+04 1.0000e+08 1.0000e+08
 1.0000e+08 1.0000e+08 1.0000e+08 1.0000e+08 1.0000e+08 1.0000e+08 1.0000e+08 1.0000e+08 1.0000e+08 1.0000e+08 2.9179e+03 1.0000e+08 1.0000e+08
 2.6220e+00 1.0000e+08 1.0000e+08 1.0000e+08 1.0000e+08 4.4043e+00 8.0384e-01 1.0000e+08 1.0000e+08 1.0000e+08 1.0000e+08 1.0000e+08 1.0000e+08
 1.0000e+08 1.1515e+00 1.0000e+08 1.0000e+08 1.0000e+08 1.0000e+08 1.0000e+08 1.0000e+08 1.0000e+08 1.0000e+08 1.0000e+08 1.0000e+08 1.0000e+08
 1.0000e+08 1.0000e+08 1.0000e+08 1.0000e+08 1.0000e+08 2.4303e+00 1.0000e+08 1.0000e+08 1.0000e+08 1.0000e+08 3.2770e+03 1.0000e+08 1.0000e+08
 1.0000e+08 1.0000e+08 8.5125e+00 1.0000e+08 1.0000e+08 1.6283e+00 1.0000e+08 1.0000e+08 1.0000e+08 1.0000e+08 1.0000e+08 1.0000e+08 1.0000e+08
 1.0000e+08 1.0000e+08 1.0000e+08 1.0000e+08 1.0000e+08 1.0000e+08 1.0000e+08 1.0000e+08 1.7163e+05]

matrice di sistema Q_135 (A + lambda * W_135):
[[       1.0986       -0.0922       -0.0173       -0.0403       -0.0275 ...        0.0648       -0.02          0.0741        0.0644       -0.0096]
 [      -0.0922 10000001.           -0.0832       -0.0403       -0.0328 ...       -0.0131        0.1748       -0.0006       -0.0396       -0.1098]
 [      -0.0173       -0.0832 10000001.           -0.0997       -0.02   ...       -0.0945        0.0139       -0.0721        0.0284        0.0155]
 [      -0.0403       -0.0403       -0.0997 10000001.           -0.1078 ...        0.1176       -0.0406        0.0293        0.0054       -0.037 ]
 [      -0.0275       -0.0328       -0.02         -0.1078 10000001.     ...       -0.0815        0.0502        0.084        -0.0457       -0.0797]
 ...
 [       0.0648       -0.0131       -0.0945        0.1176       -0.0815 ... 10000001.           -0.0458        0.0256       -0.0061       -0.0081]
 [      -0.02          0.1748        0.0139       -0.0406        0.0502 ...       -0.0458 10000001.           -0.0824       -0.0423        0.0548]
 [       0.0741       -0.0006       -0.0721        0.0293        0.084  ...        0.0256       -0.0824 10000001.           -0.0403        0.0028]
 [       0.0644       -0.0396        0.0284        0.0054       -0.0457 ...       -0.0061       -0.0423       -0.0403 10000001.            0.0801]
 [      -0.0096       -0.1098        0.0155       -0.037        -0.0797 ...       -0.0081        0.0548        0.0028        0.0801    17163.7925]]

------------------------------------------------------------

--- ITERAZIONE k = 136 ---
vettore w_136:
[-1.0143  0.      0.      0.     -0.     -0.     -0.     -0.     -0.     -0.      1.42    0.     -0.      0.     -0.      0.      0.      0.
 -0.      0.      0.      0.     -0.8496 -0.      0.      0.      0.     -0.      0.     -0.     -0.     -0.      0.      0.     -0.     -0.
  0.0003  0.      0.      0.3814 -0.     -0.      0.      0.      0.2271  1.244  -0.     -0.      0.     -0.      0.      0.      0.     -0.8684
  0.      0.      0.      0.      0.     -0.     -0.      0.     -0.      0.      0.      0.      0.      0.      0.      0.      0.4115 -0.
 -0.     -0.     -0.     -0.0003  0.     -0.     -0.      0.     -0.1175 -0.     -0.      0.6141 -0.      0.     -0.     -0.      0.      0.
  0.      0.     -0.     -0.     -0.     -0.     -0.     -0.      0.      0.    ]

diagonale matrice pesi W_136 (1 / max(|w|, eps)):
[9.8589e-01 1.0000e+08 1.0000e+08 1.0000e+08 1.0000e+08 1.0000e+08 1.0000e+08 1.0000e+08 1.0000e+08 1.0000e+08 7.0421e-01 1.0000e+08 1.0000e+08
 1.0000e+08 1.0000e+08 1.0000e+08 1.0000e+08 1.0000e+08 1.0000e+08 1.0000e+08 1.0000e+08 1.0000e+08 1.1770e+00 5.9223e+04 1.0000e+08 1.0000e+08
 1.0000e+08 1.0000e+08 1.0000e+08 1.0000e+08 1.0000e+08 1.0000e+08 1.0000e+08 1.0000e+08 1.0000e+08 1.0000e+08 2.9476e+03 1.0000e+08 1.0000e+08
 2.6220e+00 1.0000e+08 1.0000e+08 1.0000e+08 1.0000e+08 4.4043e+00 8.0385e-01 1.0000e+08 1.0000e+08 1.0000e+08 1.0000e+08 1.0000e+08 1.0000e+08
 1.0000e+08 1.1515e+00 1.0000e+08 1.0000e+08 1.0000e+08 1.0000e+08 1.0000e+08 1.0000e+08 1.0000e+08 1.0000e+08 1.0000e+08 1.0000e+08 1.0000e+08
 1.0000e+08 1.0000e+08 1.0000e+08 1.0000e+08 1.0000e+08 2.4303e+00 1.0000e+08 1.0000e+08 1.0000e+08 1.0000e+08 3.0793e+03 1.0000e+08 1.0000e+08
 1.0000e+08 1.0000e+08 8.5125e+00 1.0000e+08 1.0000e+08 1.6283e+00 1.0000e+08 1.0000e+08 1.0000e+08 1.0000e+08 1.0000e+08 1.0000e+08 1.0000e+08
 1.0000e+08 1.0000e+08 1.0000e+08 1.0000e+08 1.0000e+08 1.0000e+08 1.0000e+08 1.0000e+08 1.7459e+05]

matrice di sistema Q_136 (A + lambda * W_136):
[[       1.0986       -0.0922       -0.0173       -0.0403       -0.0275 ...        0.0648       -0.02          0.0741        0.0644       -0.0096]
 [      -0.0922 10000001.           -0.0832       -0.0403       -0.0328 ...       -0.0131        0.1748       -0.0006       -0.0396       -0.1098]
 [      -0.0173       -0.0832 10000001.           -0.0997       -0.02   ...       -0.0945        0.0139       -0.0721        0.0284        0.0155]
 [      -0.0403       -0.0403       -0.0997 10000001.           -0.1078 ...        0.1176       -0.0406        0.0293        0.0054       -0.037 ]
 [      -0.0275       -0.0328       -0.02         -0.1078 10000001.     ...       -0.0815        0.0502        0.084        -0.0457       -0.0797]
 ...
 [       0.0648       -0.0131       -0.0945        0.1176       -0.0815 ... 10000001.           -0.0458        0.0256       -0.0061       -0.0081]
 [      -0.02          0.1748        0.0139       -0.0406        0.0502 ...       -0.0458 10000001.           -0.0824       -0.0423        0.0548]
 [       0.0741       -0.0006       -0.0721        0.0293        0.084  ...        0.0256       -0.0824 10000001.           -0.0403        0.0028]
 [       0.0644       -0.0396        0.0284        0.0054       -0.0457 ...       -0.0061       -0.0423       -0.0403 10000001.            0.0801]
 [      -0.0096       -0.1098        0.0155       -0.037        -0.0797 ...       -0.0081        0.0548        0.0028        0.0801    17459.6048]]

------------------------------------------------------------

--- ITERAZIONE k = 137 ---
vettore w_137:
[-1.0143  0.      0.      0.     -0.     -0.     -0.     -0.     -0.     -0.      1.42    0.     -0.      0.     -0.      0.      0.      0.
 -0.      0.      0.      0.     -0.8496 -0.      0.      0.      0.     -0.      0.     -0.     -0.     -0.      0.      0.     -0.     -0.
  0.0003  0.      0.      0.3814 -0.     -0.      0.      0.      0.227   1.244  -0.     -0.      0.     -0.      0.      0.      0.     -0.8684
  0.      0.      0.      0.      0.     -0.     -0.      0.     -0.      0.      0.      0.      0.      0.      0.      0.      0.4115 -0.
 -0.     -0.     -0.     -0.0003  0.     -0.     -0.      0.     -0.1175 -0.     -0.      0.6141 -0.      0.     -0.     -0.      0.      0.
  0.      0.     -0.     -0.     -0.     -0.     -0.     -0.      0.      0.    ]

diagonale matrice pesi W_137 (1 / max(|w|, eps)):
[9.8589e-01 1.0000e+08 1.0000e+08 1.0000e+08 1.0000e+08 1.0000e+08 1.0000e+08 1.0000e+08 1.0000e+08 1.0000e+08 7.0421e-01 1.0000e+08 1.0000e+08
 1.0000e+08 1.0000e+08 1.0000e+08 1.0000e+08 1.0000e+08 1.0000e+08 1.0000e+08 1.0000e+08 1.0000e+08 1.1770e+00 5.7315e+04 1.0000e+08 1.0000e+08
 1.0000e+08 1.0000e+08 1.0000e+08 1.0000e+08 1.0000e+08 1.0000e+08 1.0000e+08 1.0000e+08 1.0000e+08 1.0000e+08 2.9775e+03 1.0000e+08 1.0000e+08
 2.6220e+00 1.0000e+08 1.0000e+08 1.0000e+08 1.0000e+08 4.4043e+00 8.0385e-01 1.0000e+08 1.0000e+08 1.0000e+08 1.0000e+08 1.0000e+08 1.0000e+08
 1.0000e+08 1.1515e+00 1.0000e+08 1.0000e+08 1.0000e+08 1.0000e+08 1.0000e+08 1.0000e+08 1.0000e+08 1.0000e+08 1.0000e+08 1.0000e+08 1.0000e+08
 1.0000e+08 1.0000e+08 1.0000e+08 1.0000e+08 1.0000e+08 2.4303e+00 1.0000e+08 1.0000e+08 1.0000e+08 1.0000e+08 2.8941e+03 1.0000e+08 1.0000e+08
 1.0000e+08 1.0000e+08 8.5125e+00 1.0000e+08 1.0000e+08 1.6283e+00 1.0000e+08 1.0000e+08 1.0000e+08 1.0000e+08 1.0000e+08 1.0000e+08 1.0000e+08
 1.0000e+08 1.0000e+08 1.0000e+08 1.0000e+08 1.0000e+08 1.0000e+08 1.0000e+08 1.0000e+08 1.7760e+05]

matrice di sistema Q_137 (A + lambda * W_137):
[[       1.0986       -0.0922       -0.0173       -0.0403       -0.0275 ...        0.0648       -0.02          0.0741        0.0644       -0.0096]
 [      -0.0922 10000001.           -0.0832       -0.0403       -0.0328 ...       -0.0131        0.1748       -0.0006       -0.0396       -0.1098]
 [      -0.0173       -0.0832 10000001.           -0.0997       -0.02   ...       -0.0945        0.0139       -0.0721        0.0284        0.0155]
 [      -0.0403       -0.0403       -0.0997 10000001.           -0.1078 ...        0.1176       -0.0406        0.0293        0.0054       -0.037 ]
 [      -0.0275       -0.0328       -0.02         -0.1078 10000001.     ...       -0.0815        0.0502        0.084        -0.0457       -0.0797]
 ...
 [       0.0648       -0.0131       -0.0945        0.1176       -0.0815 ... 10000001.           -0.0458        0.0256       -0.0061       -0.0081]
 [      -0.02          0.1748        0.0139       -0.0406        0.0502 ...       -0.0458 10000001.           -0.0824       -0.0423        0.0548]
 [       0.0741       -0.0006       -0.0721        0.0293        0.084  ...        0.0256       -0.0824 10000001.           -0.0403        0.0028]
 [       0.0644       -0.0396        0.0284        0.0054       -0.0457 ...       -0.0061       -0.0423       -0.0403 10000001.            0.0801]
 [      -0.0096       -0.1098        0.0155       -0.037        -0.0797 ...       -0.0081        0.0548        0.0028        0.0801    17760.5328]]

------------------------------------------------------------

--- ITERAZIONE k = 138 ---
vettore w_138:
[-1.0143  0.      0.      0.     -0.     -0.     -0.     -0.     -0.     -0.      1.42    0.     -0.      0.     -0.      0.      0.      0.
 -0.      0.      0.      0.     -0.8496 -0.      0.      0.      0.     -0.      0.     -0.     -0.     -0.      0.      0.     -0.     -0.
  0.0003  0.      0.      0.3814 -0.     -0.      0.      0.      0.227   1.244  -0.     -0.      0.     -0.      0.      0.      0.     -0.8684
  0.      0.      0.      0.      0.     -0.     -0.      0.     -0.      0.      0.      0.      0.      0.      0.      0.      0.4115 -0.
 -0.     -0.     -0.     -0.0004  0.     -0.     -0.      0.     -0.1175 -0.     -0.      0.6141 -0.      0.     -0.     -0.      0.      0.
  0.      0.     -0.     -0.     -0.     -0.     -0.     -0.      0.      0.    ]

diagonale matrice pesi W_138 (1 / max(|w|, eps)):
[9.8589e-01 1.0000e+08 1.0000e+08 1.0000e+08 1.0000e+08 1.0000e+08 1.0000e+08 1.0000e+08 1.0000e+08 1.0000e+08 7.0421e-01 1.0000e+08 1.0000e+08
 1.0000e+08 1.0000e+08 1.0000e+08 1.0000e+08 1.0000e+08 1.0000e+08 1.0000e+08 1.0000e+08 1.0000e+08 1.1770e+00 5.5466e+04 1.0000e+08 1.0000e+08
 1.0000e+08 1.0000e+08 1.0000e+08 1.0000e+08 1.0000e+08 1.0000e+08 1.0000e+08 1.0000e+08 1.0000e+08 1.0000e+08 3.0075e+03 1.0000e+08 1.0000e+08
 2.6220e+00 1.0000e+08 1.0000e+08 1.0000e+08 1.0000e+08 4.4043e+00 8.0385e-01 1.0000e+08 1.0000e+08 1.0000e+08 1.0000e+08 1.0000e+08 1.0000e+08
 1.0000e+08 1.1515e+00 1.0000e+08 1.0000e+08 1.0000e+08 1.0000e+08 1.0000e+08 1.0000e+08 1.0000e+08 1.0000e+08 1.0000e+08 1.0000e+08 1.0000e+08
 1.0000e+08 1.0000e+08 1.0000e+08 1.0000e+08 1.0000e+08 2.4303e+00 1.0000e+08 1.0000e+08 1.0000e+08 1.0000e+08 2.7206e+03 1.0000e+08 1.0000e+08
 1.0000e+08 1.0000e+08 8.5125e+00 1.0000e+08 1.0000e+08 1.6283e+00 1.0000e+08 1.0000e+08 1.0000e+08 1.0000e+08 1.0000e+08 1.0000e+08 1.0000e+08
 1.0000e+08 1.0000e+08 1.0000e+08 1.0000e+08 1.0000e+08 1.0000e+08 1.0000e+08 1.0000e+08 1.8066e+05]

matrice di sistema Q_138 (A + lambda * W_138):
[[       1.0986       -0.0922       -0.0173       -0.0403       -0.0275 ...        0.0648       -0.02          0.0741        0.0644       -0.0096]
 [      -0.0922 10000001.           -0.0832       -0.0403       -0.0328 ...       -0.0131        0.1748       -0.0006       -0.0396       -0.1098]
 [      -0.0173       -0.0832 10000001.           -0.0997       -0.02   ...       -0.0945        0.0139       -0.0721        0.0284        0.0155]
 [      -0.0403       -0.0403       -0.0997 10000001.           -0.1078 ...        0.1176       -0.0406        0.0293        0.0054       -0.037 ]
 [      -0.0275       -0.0328       -0.02         -0.1078 10000001.     ...       -0.0815        0.0502        0.084        -0.0457       -0.0797]
 ...
 [       0.0648       -0.0131       -0.0945        0.1176       -0.0815 ... 10000001.           -0.0458        0.0256       -0.0061       -0.0081]
 [      -0.02          0.1748        0.0139       -0.0406        0.0502 ...       -0.0458 10000001.           -0.0824       -0.0423        0.0548]
 [       0.0741       -0.0006       -0.0721        0.0293        0.084  ...        0.0256       -0.0824 10000001.           -0.0403        0.0028]
 [       0.0644       -0.0396        0.0284        0.0054       -0.0457 ...       -0.0061       -0.0423       -0.0403 10000001.            0.0801]
 [      -0.0096       -0.1098        0.0155       -0.037        -0.0797 ...       -0.0081        0.0548        0.0028        0.0801    18066.6656]]

------------------------------------------------------------

--- ITERAZIONE k = 139 ---
vettore w_139:
[-1.0143  0.      0.      0.     -0.     -0.     -0.     -0.     -0.     -0.      1.42    0.     -0.      0.     -0.      0.      0.      0.
 -0.      0.      0.      0.     -0.8496 -0.      0.      0.      0.     -0.      0.     -0.     -0.     -0.      0.      0.     -0.     -0.
  0.0003  0.      0.      0.3814 -0.     -0.      0.      0.      0.227   1.244  -0.     -0.      0.     -0.      0.      0.      0.     -0.8684
  0.      0.      0.      0.      0.     -0.     -0.      0.     -0.      0.      0.      0.      0.      0.      0.      0.      0.4115 -0.
 -0.     -0.     -0.     -0.0004  0.     -0.     -0.      0.     -0.1175 -0.     -0.      0.6141 -0.      0.     -0.     -0.      0.      0.
  0.      0.     -0.     -0.     -0.     -0.     -0.     -0.      0.      0.    ]

diagonale matrice pesi W_139 (1 / max(|w|, eps)):
[9.8589e-01 1.0000e+08 1.0000e+08 1.0000e+08 1.0000e+08 1.0000e+08 1.0000e+08 1.0000e+08 1.0000e+08 1.0000e+08 7.0421e-01 1.0000e+08 1.0000e+08
 1.0000e+08 1.0000e+08 1.0000e+08 1.0000e+08 1.0000e+08 1.0000e+08 1.0000e+08 1.0000e+08 1.0000e+08 1.1770e+00 5.3676e+04 1.0000e+08 1.0000e+08
 1.0000e+08 1.0000e+08 1.0000e+08 1.0000e+08 1.0000e+08 1.0000e+08 1.0000e+08 1.0000e+08 1.0000e+08 1.0000e+08 3.0376e+03 1.0000e+08 1.0000e+08
 2.6220e+00 1.0000e+08 1.0000e+08 1.0000e+08 1.0000e+08 4.4043e+00 8.0385e-01 1.0000e+08 1.0000e+08 1.0000e+08 1.0000e+08 1.0000e+08 1.0000e+08
 1.0000e+08 1.1515e+00 1.0000e+08 1.0000e+08 1.0000e+08 1.0000e+08 1.0000e+08 1.0000e+08 1.0000e+08 1.0000e+08 1.0000e+08 1.0000e+08 1.0000e+08
 1.0000e+08 1.0000e+08 1.0000e+08 1.0000e+08 1.0000e+08 2.4303e+00 1.0000e+08 1.0000e+08 1.0000e+08 1.0000e+08 2.5580e+03 1.0000e+08 1.0000e+08
 1.0000e+08 1.0000e+08 8.5125e+00 1.0000e+08 1.0000e+08 1.6283e+00 1.0000e+08 1.0000e+08 1.0000e+08 1.0000e+08 1.0000e+08 1.0000e+08 1.0000e+08
 1.0000e+08 1.0000e+08 1.0000e+08 1.0000e+08 1.0000e+08 1.0000e+08 1.0000e+08 1.0000e+08 1.8377e+05]

matrice di sistema Q_139 (A + lambda * W_139):
[[       1.0986       -0.0922       -0.0173       -0.0403       -0.0275 ...        0.0648       -0.02          0.0741        0.0644       -0.0096]
 [      -0.0922 10000001.           -0.0832       -0.0403       -0.0328 ...       -0.0131        0.1748       -0.0006       -0.0396       -0.1098]
 [      -0.0173       -0.0832 10000001.           -0.0997       -0.02   ...       -0.0945        0.0139       -0.0721        0.0284        0.0155]
 [      -0.0403       -0.0403       -0.0997 10000001.           -0.1078 ...        0.1176       -0.0406        0.0293        0.0054       -0.037 ]
 [      -0.0275       -0.0328       -0.02         -0.1078 10000001.     ...       -0.0815        0.0502        0.084        -0.0457       -0.0797]
 ...
 [       0.0648       -0.0131       -0.0945        0.1176       -0.0815 ... 10000001.           -0.0458        0.0256       -0.0061       -0.0081]
 [      -0.02          0.1748        0.0139       -0.0406        0.0502 ...       -0.0458 10000001.           -0.0824       -0.0423        0.0548]
 [       0.0741       -0.0006       -0.0721        0.0293        0.084  ...        0.0256       -0.0824 10000001.           -0.0403        0.0028]
 [       0.0644       -0.0396        0.0284        0.0054       -0.0457 ...       -0.0061       -0.0423       -0.0403 10000001.            0.0801]
 [      -0.0096       -0.1098        0.0155       -0.037        -0.0797 ...       -0.0081        0.0548        0.0028        0.0801    18378.0938]]

------------------------------------------------------------

--- ITERAZIONE k = 140 ---
vettore w_140:
[-1.0143  0.      0.      0.     -0.     -0.     -0.     -0.     -0.     -0.      1.42    0.     -0.      0.     -0.      0.      0.      0.
 -0.      0.      0.      0.     -0.8496 -0.      0.      0.      0.     -0.      0.     -0.     -0.     -0.      0.      0.     -0.     -0.
  0.0003  0.      0.      0.3814 -0.     -0.      0.      0.      0.227   1.244  -0.     -0.      0.     -0.      0.      0.      0.     -0.8684
  0.      0.      0.      0.      0.     -0.     -0.      0.     -0.      0.      0.      0.      0.      0.      0.      0.      0.4115 -0.
 -0.     -0.     -0.     -0.0004  0.     -0.     -0.      0.     -0.1175 -0.     -0.      0.6141 -0.      0.     -0.     -0.      0.      0.
  0.      0.     -0.     -0.     -0.     -0.     -0.     -0.      0.      0.    ]

diagonale matrice pesi W_140 (1 / max(|w|, eps)):
[9.8589e-01 1.0000e+08 1.0000e+08 1.0000e+08 1.0000e+08 1.0000e+08 1.0000e+08 1.0000e+08 1.0000e+08 1.0000e+08 7.0421e-01 1.0000e+08 1.0000e+08
 1.0000e+08 1.0000e+08 1.0000e+08 1.0000e+08 1.0000e+08 1.0000e+08 1.0000e+08 1.0000e+08 1.0000e+08 1.1770e+00 5.1942e+04 1.0000e+08 1.0000e+08
 1.0000e+08 1.0000e+08 1.0000e+08 1.0000e+08 1.0000e+08 1.0000e+08 1.0000e+08 1.0000e+08 1.0000e+08 1.0000e+08 3.0680e+03 1.0000e+08 1.0000e+08
 2.6219e+00 1.0000e+08 1.0000e+08 1.0000e+08 1.0000e+08 4.4044e+00 8.0385e-01 1.0000e+08 1.0000e+08 1.0000e+08 1.0000e+08 1.0000e+08 1.0000e+08
 1.0000e+08 1.1515e+00 1.0000e+08 1.0000e+08 1.0000e+08 1.0000e+08 1.0000e+08 1.0000e+08 1.0000e+08 1.0000e+08 1.0000e+08 1.0000e+08 1.0000e+08
 1.0000e+08 1.0000e+08 1.0000e+08 1.0000e+08 1.0000e+08 2.4303e+00 1.0000e+08 1.0000e+08 1.0000e+08 1.0000e+08 2.4057e+03 1.0000e+08 1.0000e+08
 1.0000e+08 1.0000e+08 8.5125e+00 1.0000e+08 1.0000e+08 1.6283e+00 1.0000e+08 1.0000e+08 1.0000e+08 1.0000e+08 1.0000e+08 1.0000e+08 1.0000e+08
 1.0000e+08 1.0000e+08 1.0000e+08 1.0000e+08 1.0000e+08 1.0000e+08 1.0000e+08 1.0000e+08 1.8694e+05]

matrice di sistema Q_140 (A + lambda * W_140):
[[       1.0986       -0.0922       -0.0173       -0.0403       -0.0275 ...        0.0648       -0.02          0.0741        0.0644       -0.0096]
 [      -0.0922 10000001.           -0.0832       -0.0403       -0.0328 ...       -0.0131        0.1748       -0.0006       -0.0396       -0.1098]
 [      -0.0173       -0.0832 10000001.           -0.0997       -0.02   ...       -0.0945        0.0139       -0.0721        0.0284        0.0155]
 [      -0.0403       -0.0403       -0.0997 10000001.           -0.1078 ...        0.1176       -0.0406        0.0293        0.0054       -0.037 ]
 [      -0.0275       -0.0328       -0.02         -0.1078 10000001.     ...       -0.0815        0.0502        0.084        -0.0457       -0.0797]
 ...
 [       0.0648       -0.0131       -0.0945        0.1176       -0.0815 ... 10000001.           -0.0458        0.0256       -0.0061       -0.0081]
 [      -0.02          0.1748        0.0139       -0.0406        0.0502 ...       -0.0458 10000001.           -0.0824       -0.0423        0.0548]
 [       0.0741       -0.0006       -0.0721        0.0293        0.084  ...        0.0256       -0.0824 10000001.           -0.0403        0.0028]
 [       0.0644       -0.0396        0.0284        0.0054       -0.0457 ...       -0.0061       -0.0423       -0.0403 10000001.            0.0801]
 [      -0.0096       -0.1098        0.0155       -0.037        -0.0797 ...       -0.0081        0.0548        0.0028        0.0801    18694.9098]]

------------------------------------------------------------

--- ITERAZIONE k = 141 ---
vettore w_141:
[-1.0143  0.      0.      0.     -0.     -0.     -0.     -0.     -0.     -0.      1.42    0.     -0.      0.     -0.      0.      0.      0.
 -0.      0.      0.      0.     -0.8496 -0.      0.      0.      0.     -0.      0.     -0.     -0.     -0.      0.      0.     -0.     -0.
  0.0003  0.      0.      0.3814 -0.     -0.      0.      0.      0.227   1.244  -0.     -0.      0.     -0.      0.      0.      0.     -0.8684
  0.      0.      0.      0.      0.     -0.     -0.      0.     -0.      0.      0.      0.      0.      0.      0.      0.      0.4115 -0.
 -0.     -0.     -0.     -0.0004  0.     -0.     -0.      0.     -0.1175 -0.     -0.      0.6141 -0.      0.     -0.     -0.      0.      0.
  0.      0.     -0.     -0.     -0.     -0.     -0.     -0.      0.      0.    ]

diagonale matrice pesi W_141 (1 / max(|w|, eps)):
[9.8589e-01 1.0000e+08 1.0000e+08 1.0000e+08 1.0000e+08 1.0000e+08 1.0000e+08 1.0000e+08 1.0000e+08 1.0000e+08 7.0421e-01 1.0000e+08 1.0000e+08
 1.0000e+08 1.0000e+08 1.0000e+08 1.0000e+08 1.0000e+08 1.0000e+08 1.0000e+08 1.0000e+08 1.0000e+08 1.1770e+00 5.0263e+04 1.0000e+08 1.0000e+08
 1.0000e+08 1.0000e+08 1.0000e+08 1.0000e+08 1.0000e+08 1.0000e+08 1.0000e+08 1.0000e+08 1.0000e+08 1.0000e+08 3.0984e+03 1.0000e+08 1.0000e+08
 2.6219e+00 1.0000e+08 1.0000e+08 1.0000e+08 1.0000e+08 4.4044e+00 8.0385e-01 1.0000e+08 1.0000e+08 1.0000e+08 1.0000e+08 1.0000e+08 1.0000e+08
 1.0000e+08 1.1515e+00 1.0000e+08 1.0000e+08 1.0000e+08 1.0000e+08 1.0000e+08 1.0000e+08 1.0000e+08 1.0000e+08 1.0000e+08 1.0000e+08 1.0000e+08
 1.0000e+08 1.0000e+08 1.0000e+08 1.0000e+08 1.0000e+08 2.4303e+00 1.0000e+08 1.0000e+08 1.0000e+08 1.0000e+08 2.2630e+03 1.0000e+08 1.0000e+08
 1.0000e+08 1.0000e+08 8.5125e+00 1.0000e+08 1.0000e+08 1.6283e+00 1.0000e+08 1.0000e+08 1.0000e+08 1.0000e+08 1.0000e+08 1.0000e+08 1.0000e+08
 1.0000e+08 1.0000e+08 1.0000e+08 1.0000e+08 1.0000e+08 1.0000e+08 1.0000e+08 1.0000e+08 1.9016e+05]

matrice di sistema Q_141 (A + lambda * W_141):
[[       1.0986       -0.0922       -0.0173       -0.0403       -0.0275 ...        0.0648       -0.02          0.0741        0.0644       -0.0096]
 [      -0.0922 10000001.           -0.0832       -0.0403       -0.0328 ...       -0.0131        0.1748       -0.0006       -0.0396       -0.1098]
 [      -0.0173       -0.0832 10000001.           -0.0997       -0.02   ...       -0.0945        0.0139       -0.0721        0.0284        0.0155]
 [      -0.0403       -0.0403       -0.0997 10000001.           -0.1078 ...        0.1176       -0.0406        0.0293        0.0054       -0.037 ]
 [      -0.0275       -0.0328       -0.02         -0.1078 10000001.     ...       -0.0815        0.0502        0.084        -0.0457       -0.0797]
 ...
 [       0.0648       -0.0131       -0.0945        0.1176       -0.0815 ... 10000001.           -0.0458        0.0256       -0.0061       -0.0081]
 [      -0.02          0.1748        0.0139       -0.0406        0.0502 ...       -0.0458 10000001.           -0.0824       -0.0423        0.0548]
 [       0.0741       -0.0006       -0.0721        0.0293        0.084  ...        0.0256       -0.0824 10000001.           -0.0403        0.0028]
 [       0.0644       -0.0396        0.0284        0.0054       -0.0457 ...       -0.0061       -0.0423       -0.0403 10000001.            0.0801]
 [      -0.0096       -0.1098        0.0155       -0.037        -0.0797 ...       -0.0081        0.0548        0.0028        0.0801    19017.2075]]

------------------------------------------------------------

--- ITERAZIONE k = 142 ---
vettore w_142:
[-1.0143  0.      0.      0.     -0.     -0.     -0.     -0.     -0.     -0.      1.42    0.     -0.      0.     -0.      0.      0.      0.
 -0.      0.      0.      0.     -0.8496 -0.      0.      0.      0.     -0.      0.     -0.     -0.     -0.      0.      0.     -0.     -0.
  0.0003  0.      0.      0.3814 -0.     -0.      0.      0.      0.227   1.244  -0.     -0.      0.     -0.      0.      0.      0.     -0.8684
  0.      0.      0.      0.      0.     -0.     -0.      0.     -0.      0.      0.      0.      0.      0.      0.      0.      0.4115 -0.
 -0.     -0.     -0.     -0.0005  0.     -0.     -0.      0.     -0.1175 -0.     -0.      0.6141 -0.      0.     -0.     -0.      0.      0.
  0.      0.     -0.     -0.     -0.     -0.     -0.     -0.      0.      0.    ]

diagonale matrice pesi W_142 (1 / max(|w|, eps)):
[9.8588e-01 1.0000e+08 1.0000e+08 1.0000e+08 1.0000e+08 1.0000e+08 1.0000e+08 1.0000e+08 1.0000e+08 1.0000e+08 7.0421e-01 1.0000e+08 1.0000e+08
 1.0000e+08 1.0000e+08 1.0000e+08 1.0000e+08 1.0000e+08 1.0000e+08 1.0000e+08 1.0000e+08 1.0000e+08 1.1770e+00 4.8636e+04 1.0000e+08 1.0000e+08
 1.0000e+08 1.0000e+08 1.0000e+08 1.0000e+08 1.0000e+08 1.0000e+08 1.0000e+08 1.0000e+08 1.0000e+08 1.0000e+08 3.1290e+03 1.0000e+08 1.0000e+08
 2.6219e+00 1.0000e+08 1.0000e+08 1.0000e+08 1.0000e+08 4.4044e+00 8.0385e-01 1.0000e+08 1.0000e+08 1.0000e+08 1.0000e+08 1.0000e+08 1.0000e+08
 1.0000e+08 1.1515e+00 1.0000e+08 1.0000e+08 1.0000e+08 1.0000e+08 1.0000e+08 1.0000e+08 1.0000e+08 1.0000e+08 1.0000e+08 1.0000e+08 1.0000e+08
 1.0000e+08 1.0000e+08 1.0000e+08 1.0000e+08 1.0000e+08 2.4303e+00 1.0000e+08 1.0000e+08 1.0000e+08 1.0000e+08 2.1293e+03 1.0000e+08 1.0000e+08
 1.0000e+08 1.0000e+08 8.5125e+00 1.0000e+08 1.0000e+08 1.6283e+00 1.0000e+08 1.0000e+08 1.0000e+08 1.0000e+08 1.0000e+08 1.0000e+08 1.0000e+08
 1.0000e+08 1.0000e+08 1.0000e+08 1.0000e+08 1.0000e+08 1.0000e+08 1.0000e+08 1.0000e+08 1.9344e+05]

matrice di sistema Q_142 (A + lambda * W_142):
[[       1.0986       -0.0922       -0.0173       -0.0403       -0.0275 ...        0.0648       -0.02          0.0741        0.0644       -0.0096]
 [      -0.0922 10000001.           -0.0832       -0.0403       -0.0328 ...       -0.0131        0.1748       -0.0006       -0.0396       -0.1098]
 [      -0.0173       -0.0832 10000001.           -0.0997       -0.02   ...       -0.0945        0.0139       -0.0721        0.0284        0.0155]
 [      -0.0403       -0.0403       -0.0997 10000001.           -0.1078 ...        0.1176       -0.0406        0.0293        0.0054       -0.037 ]
 [      -0.0275       -0.0328       -0.02         -0.1078 10000001.     ...       -0.0815        0.0502        0.084        -0.0457       -0.0797]
 ...
 [       0.0648       -0.0131       -0.0945        0.1176       -0.0815 ... 10000001.           -0.0458        0.0256       -0.0061       -0.0081]
 [      -0.02          0.1748        0.0139       -0.0406        0.0502 ...       -0.0458 10000001.           -0.0824       -0.0423        0.0548]
 [       0.0741       -0.0006       -0.0721        0.0293        0.084  ...        0.0256       -0.0824 10000001.           -0.0403        0.0028]
 [       0.0644       -0.0396        0.0284        0.0054       -0.0457 ...       -0.0061       -0.0423       -0.0403 10000001.            0.0801]
 [      -0.0096       -0.1098        0.0155       -0.037        -0.0797 ...       -0.0081        0.0548        0.0028        0.0801    19345.0827]]

------------------------------------------------------------

--- ITERAZIONE k = 143 ---
vettore w_143:
[-1.0143  0.      0.      0.     -0.     -0.     -0.     -0.     -0.     -0.      1.42    0.     -0.      0.     -0.      0.      0.      0.
 -0.      0.      0.      0.     -0.8496 -0.      0.      0.      0.     -0.      0.     -0.     -0.     -0.      0.      0.     -0.     -0.
  0.0003  0.      0.      0.3814 -0.     -0.      0.      0.      0.227   1.244  -0.     -0.      0.     -0.      0.      0.      0.     -0.8684
  0.      0.      0.      0.      0.     -0.     -0.      0.     -0.      0.      0.      0.      0.      0.      0.      0.      0.4115 -0.
 -0.     -0.     -0.     -0.0005  0.     -0.     -0.      0.     -0.1175 -0.     -0.      0.6141 -0.      0.     -0.     -0.      0.      0.
  0.      0.     -0.     -0.     -0.     -0.     -0.     -0.      0.      0.    ]

diagonale matrice pesi W_143 (1 / max(|w|, eps)):
[9.8588e-01 1.0000e+08 1.0000e+08 1.0000e+08 1.0000e+08 1.0000e+08 1.0000e+08 1.0000e+08 1.0000e+08 1.0000e+08 7.0421e-01 1.0000e+08 1.0000e+08
 1.0000e+08 1.0000e+08 1.0000e+08 1.0000e+08 1.0000e+08 1.0000e+08 1.0000e+08 1.0000e+08 1.0000e+08 1.1770e+00 4.7061e+04 1.0000e+08 1.0000e+08
 1.0000e+08 1.0000e+08 1.0000e+08 1.0000e+08 1.0000e+08 1.0000e+08 1.0000e+08 1.0000e+08 1.0000e+08 1.0000e+08 3.1597e+03 1.0000e+08 1.0000e+08
 2.6219e+00 1.0000e+08 1.0000e+08 1.0000e+08 1.0000e+08 4.4044e+00 8.0385e-01 1.0000e+08 1.0000e+08 1.0000e+08 1.0000e+08 1.0000e+08 1.0000e+08
 1.0000e+08 1.1515e+00 1.0000e+08 1.0000e+08 1.0000e+08 1.0000e+08 1.0000e+08 1.0000e+08 1.0000e+08 1.0000e+08 1.0000e+08 1.0000e+08 1.0000e+08
 1.0000e+08 1.0000e+08 1.0000e+08 1.0000e+08 1.0000e+08 2.4303e+00 1.0000e+08 1.0000e+08 1.0000e+08 1.0000e+08 2.0041e+03 1.0000e+08 1.0000e+08
 1.0000e+08 1.0000e+08 8.5125e+00 1.0000e+08 1.0000e+08 1.6283e+00 1.0000e+08 1.0000e+08 1.0000e+08 1.0000e+08 1.0000e+08 1.0000e+08 1.0000e+08
 1.0000e+08 1.0000e+08 1.0000e+08 1.0000e+08 1.0000e+08 1.0000e+08 1.0000e+08 1.0000e+08 1.9678e+05]

matrice di sistema Q_143 (A + lambda * W_143):
[[       1.0986       -0.0922       -0.0173       -0.0403       -0.0275 ...        0.0648       -0.02          0.0741        0.0644       -0.0096]
 [      -0.0922 10000001.           -0.0832       -0.0403       -0.0328 ...       -0.0131        0.1748       -0.0006       -0.0396       -0.1098]
 [      -0.0173       -0.0832 10000001.           -0.0997       -0.02   ...       -0.0945        0.0139       -0.0721        0.0284        0.0155]
 [      -0.0403       -0.0403       -0.0997 10000001.           -0.1078 ...        0.1176       -0.0406        0.0293        0.0054       -0.037 ]
 [      -0.0275       -0.0328       -0.02         -0.1078 10000001.     ...       -0.0815        0.0502        0.084        -0.0457       -0.0797]
 ...
 [       0.0648       -0.0131       -0.0945        0.1176       -0.0815 ... 10000001.           -0.0458        0.0256       -0.0061       -0.0081]
 [      -0.02          0.1748        0.0139       -0.0406        0.0502 ...       -0.0458 10000001.           -0.0824       -0.0423        0.0548]
 [       0.0741       -0.0006       -0.0721        0.0293        0.084  ...        0.0256       -0.0824 10000001.           -0.0403        0.0028]
 [       0.0644       -0.0396        0.0284        0.0054       -0.0457 ...       -0.0061       -0.0423       -0.0403 10000001.            0.0801]
 [      -0.0096       -0.1098        0.0155       -0.037        -0.0797 ...       -0.0081        0.0548        0.0028        0.0801    19678.6327]]

------------------------------------------------------------

--- ITERAZIONE k = 144 ---
vettore w_144:
[-1.0143  0.      0.      0.     -0.     -0.     -0.     -0.     -0.     -0.      1.42    0.     -0.      0.     -0.      0.      0.      0.
 -0.      0.      0.      0.     -0.8496 -0.      0.      0.      0.     -0.      0.     -0.     -0.     -0.      0.      0.     -0.     -0.
  0.0003  0.      0.      0.3814 -0.     -0.      0.      0.      0.227   1.244  -0.     -0.      0.     -0.      0.      0.      0.     -0.8684
  0.      0.      0.      0.      0.     -0.     -0.      0.     -0.      0.      0.      0.      0.      0.      0.      0.      0.4115 -0.
 -0.     -0.     -0.     -0.0005  0.     -0.     -0.      0.     -0.1175 -0.     -0.      0.6141 -0.      0.     -0.     -0.      0.      0.
  0.      0.     -0.     -0.     -0.     -0.     -0.     -0.      0.      0.    ]

diagonale matrice pesi W_144 (1 / max(|w|, eps)):
[9.8588e-01 1.0000e+08 1.0000e+08 1.0000e+08 1.0000e+08 1.0000e+08 1.0000e+08 1.0000e+08 1.0000e+08 1.0000e+08 7.0421e-01 1.0000e+08 1.0000e+08
 1.0000e+08 1.0000e+08 1.0000e+08 1.0000e+08 1.0000e+08 1.0000e+08 1.0000e+08 1.0000e+08 1.0000e+08 1.1770e+00 4.5535e+04 1.0000e+08 1.0000e+08
 1.0000e+08 1.0000e+08 1.0000e+08 1.0000e+08 1.0000e+08 1.0000e+08 1.0000e+08 1.0000e+08 1.0000e+08 1.0000e+08 3.1906e+03 1.0000e+08 1.0000e+08
 2.6219e+00 1.0000e+08 1.0000e+08 1.0000e+08 1.0000e+08 4.4044e+00 8.0385e-01 1.0000e+08 1.0000e+08 1.0000e+08 1.0000e+08 1.0000e+08 1.0000e+08
 1.0000e+08 1.1515e+00 1.0000e+08 1.0000e+08 1.0000e+08 1.0000e+08 1.0000e+08 1.0000e+08 1.0000e+08 1.0000e+08 1.0000e+08 1.0000e+08 1.0000e+08
 1.0000e+08 1.0000e+08 1.0000e+08 1.0000e+08 1.0000e+08 2.4303e+00 1.0000e+08 1.0000e+08 1.0000e+08 1.0000e+08 1.8868e+03 1.0000e+08 1.0000e+08
 1.0000e+08 1.0000e+08 8.5125e+00 1.0000e+08 1.0000e+08 1.6283e+00 1.0000e+08 1.0000e+08 1.0000e+08 1.0000e+08 1.0000e+08 1.0000e+08 1.0000e+08
 1.0000e+08 1.0000e+08 1.0000e+08 1.0000e+08 1.0000e+08 1.0000e+08 1.0000e+08 1.0000e+08 2.0017e+05]

matrice di sistema Q_144 (A + lambda * W_144):
[[       1.0986       -0.0922       -0.0173       -0.0403       -0.0275 ...        0.0648       -0.02          0.0741        0.0644       -0.0096]
 [      -0.0922 10000001.           -0.0832       -0.0403       -0.0328 ...       -0.0131        0.1748       -0.0006       -0.0396       -0.1098]
 [      -0.0173       -0.0832 10000001.           -0.0997       -0.02   ...       -0.0945        0.0139       -0.0721        0.0284        0.0155]
 [      -0.0403       -0.0403       -0.0997 10000001.           -0.1078 ...        0.1176       -0.0406        0.0293        0.0054       -0.037 ]
 [      -0.0275       -0.0328       -0.02         -0.1078 10000001.     ...       -0.0815        0.0502        0.084        -0.0457       -0.0797]
 ...
 [       0.0648       -0.0131       -0.0945        0.1176       -0.0815 ... 10000001.           -0.0458        0.0256       -0.0061       -0.0081]
 [      -0.02          0.1748        0.0139       -0.0406        0.0502 ...       -0.0458 10000001.           -0.0824       -0.0423        0.0548]
 [       0.0741       -0.0006       -0.0721        0.0293        0.084  ...        0.0256       -0.0824 10000001.           -0.0403        0.0028]
 [       0.0644       -0.0396        0.0284        0.0054       -0.0457 ...       -0.0061       -0.0423       -0.0403 10000001.            0.0801]
 [      -0.0096       -0.1098        0.0155       -0.037        -0.0797 ...       -0.0081        0.0548        0.0028        0.0801    20017.9567]]

------------------------------------------------------------

--- ITERAZIONE k = 145 ---
vettore w_145:
[-1.0143  0.      0.      0.     -0.     -0.     -0.     -0.     -0.     -0.      1.42    0.     -0.      0.     -0.      0.      0.      0.
 -0.      0.      0.      0.     -0.8497 -0.      0.      0.      0.     -0.      0.     -0.     -0.     -0.      0.      0.     -0.     -0.
  0.0003  0.      0.      0.3814 -0.     -0.      0.      0.      0.227   1.244  -0.     -0.      0.     -0.      0.      0.      0.     -0.8684
  0.      0.      0.      0.      0.     -0.     -0.      0.     -0.      0.      0.      0.      0.      0.      0.      0.      0.4115 -0.
 -0.     -0.     -0.     -0.0006  0.     -0.     -0.      0.     -0.1175 -0.     -0.      0.6141 -0.      0.     -0.     -0.      0.      0.
  0.      0.     -0.     -0.     -0.     -0.     -0.     -0.      0.      0.    ]

diagonale matrice pesi W_145 (1 / max(|w|, eps)):
[9.8588e-01 1.0000e+08 1.0000e+08 1.0000e+08 1.0000e+08 1.0000e+08 1.0000e+08 1.0000e+08 1.0000e+08 1.0000e+08 7.0421e-01 1.0000e+08 1.0000e+08
 1.0000e+08 1.0000e+08 1.0000e+08 1.0000e+08 1.0000e+08 1.0000e+08 1.0000e+08 1.0000e+08 1.0000e+08 1.1770e+00 4.4057e+04 1.0000e+08 1.0000e+08
 1.0000e+08 1.0000e+08 1.0000e+08 1.0000e+08 1.0000e+08 1.0000e+08 1.0000e+08 1.0000e+08 1.0000e+08 1.0000e+08 3.2216e+03 1.0000e+08 1.0000e+08
 2.6219e+00 1.0000e+08 1.0000e+08 1.0000e+08 1.0000e+08 4.4045e+00 8.0385e-01 1.0000e+08 1.0000e+08 1.0000e+08 1.0000e+08 1.0000e+08 1.0000e+08
 1.0000e+08 1.1515e+00 1.0000e+08 1.0000e+08 1.0000e+08 1.0000e+08 1.0000e+08 1.0000e+08 1.0000e+08 1.0000e+08 1.0000e+08 1.0000e+08 1.0000e+08
 1.0000e+08 1.0000e+08 1.0000e+08 1.0000e+08 1.0000e+08 2.4303e+00 1.0000e+08 1.0000e+08 1.0000e+08 1.0000e+08 1.7768e+03 1.0000e+08 1.0000e+08
 1.0000e+08 1.0000e+08 8.5125e+00 1.0000e+08 1.0000e+08 1.6283e+00 1.0000e+08 1.0000e+08 1.0000e+08 1.0000e+08 1.0000e+08 1.0000e+08 1.0000e+08
 1.0000e+08 1.0000e+08 1.0000e+08 1.0000e+08 1.0000e+08 1.0000e+08 1.0000e+08 1.0000e+08 2.0362e+05]

matrice di sistema Q_145 (A + lambda * W_145):
[[       1.0986       -0.0922       -0.0173       -0.0403       -0.0275 ...        0.0648       -0.02          0.0741        0.0644       -0.0096]
 [      -0.0922 10000001.           -0.0832       -0.0403       -0.0328 ...       -0.0131        0.1748       -0.0006       -0.0396       -0.1098]
 [      -0.0173       -0.0832 10000001.           -0.0997       -0.02   ...       -0.0945        0.0139       -0.0721        0.0284        0.0155]
 [      -0.0403       -0.0403       -0.0997 10000001.           -0.1078 ...        0.1176       -0.0406        0.0293        0.0054       -0.037 ]
 [      -0.0275       -0.0328       -0.02         -0.1078 10000001.     ...       -0.0815        0.0502        0.084        -0.0457       -0.0797]
 ...
 [       0.0648       -0.0131       -0.0945        0.1176       -0.0815 ... 10000001.           -0.0458        0.0256       -0.0061       -0.0081]
 [      -0.02          0.1748        0.0139       -0.0406        0.0502 ...       -0.0458 10000001.           -0.0824       -0.0423        0.0548]
 [       0.0741       -0.0006       -0.0721        0.0293        0.084  ...        0.0256       -0.0824 10000001.           -0.0403        0.0028]
 [       0.0644       -0.0396        0.0284        0.0054       -0.0457 ...       -0.0061       -0.0423       -0.0403 10000001.            0.0801]
 [      -0.0096       -0.1098        0.0155       -0.037        -0.0797 ...       -0.0081        0.0548        0.0028        0.0801    20363.1556]]

------------------------------------------------------------

--- ITERAZIONE k = 146 ---
vettore w_146:
[-1.0143  0.      0.      0.     -0.     -0.     -0.     -0.     -0.     -0.      1.42    0.     -0.      0.     -0.      0.      0.      0.
 -0.      0.      0.      0.     -0.8497 -0.      0.      0.      0.     -0.      0.     -0.     -0.     -0.      0.      0.     -0.     -0.
  0.0003  0.      0.      0.3814 -0.     -0.      0.      0.      0.227   1.244  -0.     -0.      0.     -0.      0.      0.      0.     -0.8684
  0.      0.      0.      0.      0.     -0.     -0.      0.     -0.      0.      0.      0.      0.      0.      0.      0.      0.4115 -0.
 -0.     -0.     -0.     -0.0006  0.     -0.     -0.      0.     -0.1175 -0.     -0.      0.6141 -0.      0.     -0.     -0.      0.      0.
  0.      0.     -0.     -0.     -0.     -0.     -0.     -0.      0.      0.    ]

diagonale matrice pesi W_146 (1 / max(|w|, eps)):
[9.8588e-01 1.0000e+08 1.0000e+08 1.0000e+08 1.0000e+08 1.0000e+08 1.0000e+08 1.0000e+08 1.0000e+08 1.0000e+08 7.0421e-01 1.0000e+08 1.0000e+08
 1.0000e+08 1.0000e+08 1.0000e+08 1.0000e+08 1.0000e+08 1.0000e+08 1.0000e+08 1.0000e+08 1.0000e+08 1.1769e+00 4.2625e+04 1.0000e+08 1.0000e+08
 1.0000e+08 1.0000e+08 1.0000e+08 1.0000e+08 1.0000e+08 1.0000e+08 1.0000e+08 1.0000e+08 1.0000e+08 1.0000e+08 3.2527e+03 1.0000e+08 1.0000e+08
 2.6219e+00 1.0000e+08 1.0000e+08 1.0000e+08 1.0000e+08 4.4045e+00 8.0385e-01 1.0000e+08 1.0000e+08 1.0000e+08 1.0000e+08 1.0000e+08 1.0000e+08
 1.0000e+08 1.1515e+00 1.0000e+08 1.0000e+08 1.0000e+08 1.0000e+08 1.0000e+08 1.0000e+08 1.0000e+08 1.0000e+08 1.0000e+08 1.0000e+08 1.0000e+08
 1.0000e+08 1.0000e+08 1.0000e+08 1.0000e+08 1.0000e+08 2.4303e+00 1.0000e+08 1.0000e+08 1.0000e+08 1.0000e+08 1.6738e+03 1.0000e+08 1.0000e+08
 1.0000e+08 1.0000e+08 8.5125e+00 1.0000e+08 1.0000e+08 1.6284e+00 1.0000e+08 1.0000e+08 1.0000e+08 1.0000e+08 1.0000e+08 1.0000e+08 1.0000e+08
 1.0000e+08 1.0000e+08 1.0000e+08 1.0000e+08 1.0000e+08 1.0000e+08 1.0000e+08 1.0000e+08 2.0713e+05]

matrice di sistema Q_146 (A + lambda * W_146):
[[       1.0986       -0.0922       -0.0173       -0.0403       -0.0275 ...        0.0648       -0.02          0.0741        0.0644       -0.0096]
 [      -0.0922 10000001.           -0.0832       -0.0403       -0.0328 ...       -0.0131        0.1748       -0.0006       -0.0396       -0.1098]
 [      -0.0173       -0.0832 10000001.           -0.0997       -0.02   ...       -0.0945        0.0139       -0.0721        0.0284        0.0155]
 [      -0.0403       -0.0403       -0.0997 10000001.           -0.1078 ...        0.1176       -0.0406        0.0293        0.0054       -0.037 ]
 [      -0.0275       -0.0328       -0.02         -0.1078 10000001.     ...       -0.0815        0.0502        0.084        -0.0457       -0.0797]
 ...
 [       0.0648       -0.0131       -0.0945        0.1176       -0.0815 ... 10000001.           -0.0458        0.0256       -0.0061       -0.0081]
 [      -0.02          0.1748        0.0139       -0.0406        0.0502 ...       -0.0458 10000001.           -0.0824       -0.0423        0.0548]
 [       0.0741       -0.0006       -0.0721        0.0293        0.084  ...        0.0256       -0.0824 10000001.           -0.0403        0.0028]
 [       0.0644       -0.0396        0.0284        0.0054       -0.0457 ...       -0.0061       -0.0423       -0.0403 10000001.            0.0801]
 [      -0.0096       -0.1098        0.0155       -0.037        -0.0797 ...       -0.0081        0.0548        0.0028        0.0801    20714.3321]]

------------------------------------------------------------

--- ITERAZIONE k = 147 ---
vettore w_147:
[-1.0143  0.      0.      0.     -0.     -0.     -0.     -0.     -0.     -0.      1.42    0.     -0.      0.     -0.      0.      0.      0.
 -0.      0.      0.      0.     -0.8497 -0.      0.      0.      0.     -0.      0.     -0.     -0.     -0.      0.      0.     -0.     -0.
  0.0003  0.      0.      0.3814 -0.     -0.      0.      0.      0.227   1.244  -0.     -0.      0.     -0.      0.      0.      0.     -0.8684
  0.      0.      0.      0.      0.     -0.     -0.      0.     -0.      0.      0.      0.      0.      0.      0.      0.      0.4115 -0.
 -0.     -0.     -0.     -0.0006  0.     -0.     -0.      0.     -0.1175 -0.     -0.      0.6141 -0.      0.     -0.     -0.      0.      0.
  0.      0.     -0.     -0.     -0.     -0.     -0.     -0.      0.      0.    ]

diagonale matrice pesi W_147 (1 / max(|w|, eps)):
[9.8587e-01 1.0000e+08 1.0000e+08 1.0000e+08 1.0000e+08 1.0000e+08 1.0000e+08 1.0000e+08 1.0000e+08 1.0000e+08 7.0421e-01 1.0000e+08 1.0000e+08
 1.0000e+08 1.0000e+08 1.0000e+08 1.0000e+08 1.0000e+08 1.0000e+08 1.0000e+08 1.0000e+08 1.0000e+08 1.1769e+00 4.1238e+04 1.0000e+08 1.0000e+08
 1.0000e+08 1.0000e+08 1.0000e+08 1.0000e+08 1.0000e+08 1.0000e+08 1.0000e+08 1.0000e+08 1.0000e+08 1.0000e+08 3.2839e+03 1.0000e+08 1.0000e+08
 2.6219e+00 1.0000e+08 1.0000e+08 1.0000e+08 1.0000e+08 4.4045e+00 8.0385e-01 1.0000e+08 1.0000e+08 1.0000e+08 1.0000e+08 1.0000e+08 1.0000e+08
 1.0000e+08 1.1515e+00 1.0000e+08 1.0000e+08 1.0000e+08 1.0000e+08 1.0000e+08 1.0000e+08 1.0000e+08 1.0000e+08 1.0000e+08 1.0000e+08 1.0000e+08
 1.0000e+08 1.0000e+08 1.0000e+08 1.0000e+08 1.0000e+08 2.4303e+00 1.0000e+08 1.0000e+08 1.0000e+08 1.0000e+08 1.5773e+03 1.0000e+08 1.0000e+08
 1.0000e+08 1.0000e+08 8.5125e+00 1.0000e+08 1.0000e+08 1.6284e+00 1.0000e+08 1.0000e+08 1.0000e+08 1.0000e+08 1.0000e+08 1.0000e+08 1.0000e+08
 1.0000e+08 1.0000e+08 1.0000e+08 1.0000e+08 1.0000e+08 1.0000e+08 1.0000e+08 1.0000e+08 2.1071e+05]

matrice di sistema Q_147 (A + lambda * W_147):
[[       1.0986       -0.0922       -0.0173       -0.0403       -0.0275 ...        0.0648       -0.02          0.0741        0.0644       -0.0096]
 [      -0.0922 10000001.           -0.0832       -0.0403       -0.0328 ...       -0.0131        0.1748       -0.0006       -0.0396       -0.1098]
 [      -0.0173       -0.0832 10000001.           -0.0997       -0.02   ...       -0.0945        0.0139       -0.0721        0.0284        0.0155]
 [      -0.0403       -0.0403       -0.0997 10000001.           -0.1078 ...        0.1176       -0.0406        0.0293        0.0054       -0.037 ]
 [      -0.0275       -0.0328       -0.02         -0.1078 10000001.     ...       -0.0815        0.0502        0.084        -0.0457       -0.0797]
 ...
 [       0.0648       -0.0131       -0.0945        0.1176       -0.0815 ... 10000001.           -0.0458        0.0256       -0.0061       -0.0081]
 [      -0.02          0.1748        0.0139       -0.0406        0.0502 ...       -0.0458 10000001.           -0.0824       -0.0423        0.0548]
 [       0.0741       -0.0006       -0.0721        0.0293        0.084  ...        0.0256       -0.0824 10000001.           -0.0403        0.0028]
 [       0.0644       -0.0396        0.0284        0.0054       -0.0457 ...       -0.0061       -0.0423       -0.0403 10000001.            0.0801]
 [      -0.0096       -0.1098        0.0155       -0.037        -0.0797 ...       -0.0081        0.0548        0.0028        0.0801    21071.5909]]

------------------------------------------------------------

--- ITERAZIONE k = 148 ---
vettore w_148:
[-1.0143  0.      0.      0.     -0.     -0.     -0.     -0.     -0.     -0.      1.42    0.     -0.      0.     -0.      0.      0.      0.
 -0.      0.      0.      0.     -0.8497 -0.      0.      0.      0.     -0.      0.     -0.     -0.     -0.      0.      0.     -0.     -0.
  0.0003  0.      0.      0.3814 -0.     -0.      0.      0.      0.227   1.244  -0.     -0.      0.     -0.      0.      0.      0.     -0.8684
  0.      0.      0.      0.      0.     -0.     -0.      0.     -0.      0.      0.      0.      0.      0.      0.      0.      0.4115 -0.
 -0.     -0.     -0.     -0.0007  0.     -0.     -0.      0.     -0.1175 -0.     -0.      0.6141 -0.      0.     -0.     -0.      0.      0.
  0.      0.     -0.     -0.     -0.     -0.     -0.     -0.      0.      0.    ]

diagonale matrice pesi W_148 (1 / max(|w|, eps)):
[9.8587e-01 1.0000e+08 1.0000e+08 1.0000e+08 1.0000e+08 1.0000e+08 1.0000e+08 1.0000e+08 1.0000e+08 1.0000e+08 7.0421e-01 1.0000e+08 1.0000e+08
 1.0000e+08 1.0000e+08 1.0000e+08 1.0000e+08 1.0000e+08 1.0000e+08 1.0000e+08 1.0000e+08 1.0000e+08 1.1769e+00 3.9894e+04 1.0000e+08 1.0000e+08
 1.0000e+08 1.0000e+08 1.0000e+08 1.0000e+08 1.0000e+08 1.0000e+08 1.0000e+08 1.0000e+08 1.0000e+08 1.0000e+08 3.3152e+03 1.0000e+08 1.0000e+08
 2.6218e+00 1.0000e+08 1.0000e+08 1.0000e+08 1.0000e+08 4.4045e+00 8.0385e-01 1.0000e+08 1.0000e+08 1.0000e+08 1.0000e+08 1.0000e+08 1.0000e+08
 1.0000e+08 1.1515e+00 1.0000e+08 1.0000e+08 1.0000e+08 1.0000e+08 1.0000e+08 1.0000e+08 1.0000e+08 1.0000e+08 1.0000e+08 1.0000e+08 1.0000e+08
 1.0000e+08 1.0000e+08 1.0000e+08 1.0000e+08 1.0000e+08 2.4303e+00 1.0000e+08 1.0000e+08 1.0000e+08 1.0000e+08 1.4869e+03 1.0000e+08 1.0000e+08
 1.0000e+08 1.0000e+08 8.5125e+00 1.0000e+08 1.0000e+08 1.6284e+00 1.0000e+08 1.0000e+08 1.0000e+08 1.0000e+08 1.0000e+08 1.0000e+08 1.0000e+08
 1.0000e+08 1.0000e+08 1.0000e+08 1.0000e+08 1.0000e+08 1.0000e+08 1.0000e+08 1.0000e+08 2.1434e+05]

matrice di sistema Q_148 (A + lambda * W_148):
[[       1.0986       -0.0922       -0.0173       -0.0403       -0.0275 ...        0.0648       -0.02          0.0741        0.0644       -0.0096]
 [      -0.0922 10000001.           -0.0832       -0.0403       -0.0328 ...       -0.0131        0.1748       -0.0006       -0.0396       -0.1098]
 [      -0.0173       -0.0832 10000001.           -0.0997       -0.02   ...       -0.0945        0.0139       -0.0721        0.0284        0.0155]
 [      -0.0403       -0.0403       -0.0997 10000001.           -0.1078 ...        0.1176       -0.0406        0.0293        0.0054       -0.037 ]
 [      -0.0275       -0.0328       -0.02         -0.1078 10000001.     ...       -0.0815        0.0502        0.084        -0.0457       -0.0797]
 ...
 [       0.0648       -0.0131       -0.0945        0.1176       -0.0815 ... 10000001.           -0.0458        0.0256       -0.0061       -0.0081]
 [      -0.02          0.1748        0.0139       -0.0406        0.0502 ...       -0.0458 10000001.           -0.0824       -0.0423        0.0548]
 [       0.0741       -0.0006       -0.0721        0.0293        0.084  ...        0.0256       -0.0824 10000001.           -0.0403        0.0028]
 [       0.0644       -0.0396        0.0284        0.0054       -0.0457 ...       -0.0061       -0.0423       -0.0403 10000001.            0.0801]
 [      -0.0096       -0.1098        0.0155       -0.037        -0.0797 ...       -0.0081        0.0548        0.0028        0.0801    21435.0384]]

------------------------------------------------------------

--- ITERAZIONE k = 149 ---
vettore w_149:
[-1.0143  0.      0.      0.     -0.     -0.     -0.     -0.     -0.     -0.      1.42    0.     -0.      0.     -0.      0.      0.      0.
 -0.      0.      0.      0.     -0.8497 -0.      0.      0.      0.     -0.      0.     -0.     -0.     -0.      0.      0.     -0.     -0.
  0.0003  0.      0.      0.3814 -0.     -0.      0.      0.      0.227   1.244  -0.     -0.      0.     -0.      0.      0.      0.     -0.8684
  0.      0.      0.      0.      0.     -0.     -0.      0.     -0.      0.      0.      0.      0.      0.      0.      0.      0.4115 -0.
 -0.     -0.     -0.     -0.0007  0.     -0.     -0.      0.     -0.1175 -0.     -0.      0.6141 -0.      0.     -0.     -0.      0.      0.
  0.      0.     -0.     -0.     -0.     -0.     -0.     -0.      0.      0.    ]

diagonale matrice pesi W_149 (1 / max(|w|, eps)):
[9.8587e-01 1.0000e+08 1.0000e+08 1.0000e+08 1.0000e+08 1.0000e+08 1.0000e+08 1.0000e+08 1.0000e+08 1.0000e+08 7.0421e-01 1.0000e+08 1.0000e+08
 1.0000e+08 1.0000e+08 1.0000e+08 1.0000e+08 1.0000e+08 1.0000e+08 1.0000e+08 1.0000e+08 1.0000e+08 1.1769e+00 3.8592e+04 1.0000e+08 1.0000e+08
 1.0000e+08 1.0000e+08 1.0000e+08 1.0000e+08 1.0000e+08 1.0000e+08 1.0000e+08 1.0000e+08 1.0000e+08 1.0000e+08 3.3466e+03 1.0000e+08 1.0000e+08
 2.6218e+00 1.0000e+08 1.0000e+08 1.0000e+08 1.0000e+08 4.4046e+00 8.0386e-01 1.0000e+08 1.0000e+08 1.0000e+08 1.0000e+08 1.0000e+08 1.0000e+08
 1.0000e+08 1.1515e+00 1.0000e+08 1.0000e+08 1.0000e+08 1.0000e+08 1.0000e+08 1.0000e+08 1.0000e+08 1.0000e+08 1.0000e+08 1.0000e+08 1.0000e+08
 1.0000e+08 1.0000e+08 1.0000e+08 1.0000e+08 1.0000e+08 2.4303e+00 1.0000e+08 1.0000e+08 1.0000e+08 1.0000e+08 1.4023e+03 1.0000e+08 1.0000e+08
 1.0000e+08 1.0000e+08 8.5125e+00 1.0000e+08 1.0000e+08 1.6284e+00 1.0000e+08 1.0000e+08 1.0000e+08 1.0000e+08 1.0000e+08 1.0000e+08 1.0000e+08
 1.0000e+08 1.0000e+08 1.0000e+08 1.0000e+08 1.0000e+08 1.0000e+08 1.0000e+08 1.0000e+08 2.1804e+05]

matrice di sistema Q_149 (A + lambda * W_149):
[[       1.0986       -0.0922       -0.0173       -0.0403       -0.0275 ...        0.0648       -0.02          0.0741        0.0644       -0.0096]
 [      -0.0922 10000001.           -0.0832       -0.0403       -0.0328 ...       -0.0131        0.1748       -0.0006       -0.0396       -0.1098]
 [      -0.0173       -0.0832 10000001.           -0.0997       -0.02   ...       -0.0945        0.0139       -0.0721        0.0284        0.0155]
 [      -0.0403       -0.0403       -0.0997 10000001.           -0.1078 ...        0.1176       -0.0406        0.0293        0.0054       -0.037 ]
 [      -0.0275       -0.0328       -0.02         -0.1078 10000001.     ...       -0.0815        0.0502        0.084        -0.0457       -0.0797]
 ...
 [       0.0648       -0.0131       -0.0945        0.1176       -0.0815 ... 10000001.           -0.0458        0.0256       -0.0061       -0.0081]
 [      -0.02          0.1748        0.0139       -0.0406        0.0502 ...       -0.0458 10000001.           -0.0824       -0.0423        0.0548]
 [       0.0741       -0.0006       -0.0721        0.0293        0.084  ...        0.0256       -0.0824 10000001.           -0.0403        0.0028]
 [       0.0644       -0.0396        0.0284        0.0054       -0.0457 ...       -0.0061       -0.0423       -0.0403 10000001.            0.0801]
 [      -0.0096       -0.1098        0.0155       -0.037        -0.0797 ...       -0.0081        0.0548        0.0028        0.0801    21804.7832]]

------------------------------------------------------------

--- ITERAZIONE k = 150 ---
vettore w_150:
[-1.0143  0.      0.      0.     -0.     -0.     -0.     -0.     -0.     -0.      1.42    0.     -0.      0.     -0.      0.      0.      0.
 -0.      0.      0.      0.     -0.8497 -0.      0.      0.      0.     -0.      0.     -0.     -0.     -0.      0.      0.     -0.     -0.
  0.0003  0.      0.      0.3814 -0.     -0.      0.      0.      0.227   1.244  -0.     -0.      0.     -0.      0.      0.      0.     -0.8684
  0.      0.      0.      0.      0.     -0.     -0.      0.     -0.      0.      0.      0.      0.      0.      0.      0.      0.4115 -0.
 -0.     -0.     -0.     -0.0008  0.     -0.     -0.      0.     -0.1175 -0.     -0.      0.6141 -0.      0.     -0.     -0.      0.      0.
  0.      0.     -0.     -0.     -0.     -0.     -0.     -0.      0.      0.    ]

diagonale matrice pesi W_150 (1 / max(|w|, eps)):
[9.8587e-01 1.0000e+08 1.0000e+08 1.0000e+08 1.0000e+08 1.0000e+08 1.0000e+08 1.0000e+08 1.0000e+08 1.0000e+08 7.0421e-01 1.0000e+08 1.0000e+08
 1.0000e+08 1.0000e+08 1.0000e+08 1.0000e+08 1.0000e+08 1.0000e+08 1.0000e+08 1.0000e+08 1.0000e+08 1.1769e+00 3.7331e+04 1.0000e+08 1.0000e+08
 1.0000e+08 1.0000e+08 1.0000e+08 1.0000e+08 1.0000e+08 1.0000e+08 1.0000e+08 1.0000e+08 1.0000e+08 1.0000e+08 3.3781e+03 1.0000e+08 1.0000e+08
 2.6218e+00 1.0000e+08 1.0000e+08 1.0000e+08 1.0000e+08 4.4046e+00 8.0386e-01 1.0000e+08 1.0000e+08 1.0000e+08 1.0000e+08 1.0000e+08 1.0000e+08
 1.0000e+08 1.1515e+00 1.0000e+08 1.0000e+08 1.0000e+08 1.0000e+08 1.0000e+08 1.0000e+08 1.0000e+08 1.0000e+08 1.0000e+08 1.0000e+08 1.0000e+08
 1.0000e+08 1.0000e+08 1.0000e+08 1.0000e+08 1.0000e+08 2.4303e+00 1.0000e+08 1.0000e+08 1.0000e+08 1.0000e+08 1.3229e+03 1.0000e+08 1.0000e+08
 1.0000e+08 1.0000e+08 8.5125e+00 1.0000e+08 1.0000e+08 1.6284e+00 1.0000e+08 1.0000e+08 1.0000e+08 1.0000e+08 1.0000e+08 1.0000e+08 1.0000e+08
 1.0000e+08 1.0000e+08 1.0000e+08 1.0000e+08 1.0000e+08 1.0000e+08 1.0000e+08 1.0000e+08 2.2180e+05]

matrice di sistema Q_150 (A + lambda * W_150):
[[       1.0986       -0.0922       -0.0173       -0.0403       -0.0275 ...        0.0648       -0.02          0.0741        0.0644       -0.0096]
 [      -0.0922 10000001.           -0.0832       -0.0403       -0.0328 ...       -0.0131        0.1748       -0.0006       -0.0396       -0.1098]
 [      -0.0173       -0.0832 10000001.           -0.0997       -0.02   ...       -0.0945        0.0139       -0.0721        0.0284        0.0155]
 [      -0.0403       -0.0403       -0.0997 10000001.           -0.1078 ...        0.1176       -0.0406        0.0293        0.0054       -0.037 ]
 [      -0.0275       -0.0328       -0.02         -0.1078 10000001.     ...       -0.0815        0.0502        0.084        -0.0457       -0.0797]
 ...
 [       0.0648       -0.0131       -0.0945        0.1176       -0.0815 ... 10000001.           -0.0458        0.0256       -0.0061       -0.0081]
 [      -0.02          0.1748        0.0139       -0.0406        0.0502 ...       -0.0458 10000001.           -0.0824       -0.0423        0.0548]
 [       0.0741       -0.0006       -0.0721        0.0293        0.084  ...        0.0256       -0.0824 10000001.           -0.0403        0.0028]
 [       0.0644       -0.0396        0.0284        0.0054       -0.0457 ...       -0.0061       -0.0423       -0.0403 10000001.            0.0801]
 [      -0.0096       -0.1098        0.0155       -0.037        -0.0797 ...       -0.0081        0.0548        0.0028        0.0801    22180.9355]]

------------------------------------------------------------

--- ITERAZIONE k = 151 ---
vettore w_151:
[-1.0143  0.      0.      0.     -0.     -0.     -0.     -0.     -0.     -0.      1.42    0.     -0.      0.     -0.      0.      0.      0.
 -0.      0.      0.      0.     -0.8497 -0.      0.      0.      0.     -0.      0.     -0.     -0.     -0.      0.      0.     -0.     -0.
  0.0003  0.      0.      0.3814 -0.     -0.      0.      0.      0.227   1.244  -0.     -0.      0.     -0.      0.      0.      0.     -0.8684
  0.      0.      0.      0.      0.     -0.     -0.      0.     -0.      0.      0.      0.      0.      0.      0.      0.      0.4115 -0.
 -0.     -0.     -0.     -0.0008  0.     -0.     -0.      0.     -0.1175 -0.     -0.      0.6141 -0.      0.     -0.     -0.      0.      0.
  0.      0.     -0.     -0.     -0.     -0.     -0.     -0.      0.      0.    ]

diagonale matrice pesi W_151 (1 / max(|w|, eps)):
[9.8586e-01 1.0000e+08 1.0000e+08 1.0000e+08 1.0000e+08 1.0000e+08 1.0000e+08 1.0000e+08 1.0000e+08 1.0000e+08 7.0421e-01 1.0000e+08 1.0000e+08
 1.0000e+08 1.0000e+08 1.0000e+08 1.0000e+08 1.0000e+08 1.0000e+08 1.0000e+08 1.0000e+08 1.0000e+08 1.1769e+00 3.6110e+04 1.0000e+08 1.0000e+08
 1.0000e+08 1.0000e+08 1.0000e+08 1.0000e+08 1.0000e+08 1.0000e+08 1.0000e+08 1.0000e+08 1.0000e+08 1.0000e+08 3.4097e+03 1.0000e+08 1.0000e+08
 2.6218e+00 1.0000e+08 1.0000e+08 1.0000e+08 1.0000e+08 4.4046e+00 8.0386e-01 1.0000e+08 1.0000e+08 1.0000e+08 1.0000e+08 1.0000e+08 1.0000e+08
 1.0000e+08 1.1516e+00 1.0000e+08 1.0000e+08 1.0000e+08 1.0000e+08 1.0000e+08 1.0000e+08 1.0000e+08 1.0000e+08 1.0000e+08 1.0000e+08 1.0000e+08
 1.0000e+08 1.0000e+08 1.0000e+08 1.0000e+08 1.0000e+08 2.4303e+00 1.0000e+08 1.0000e+08 1.0000e+08 1.0000e+08 1.2486e+03 1.0000e+08 1.0000e+08
 1.0000e+08 1.0000e+08 8.5125e+00 1.0000e+08 1.0000e+08 1.6284e+00 1.0000e+08 1.0000e+08 1.0000e+08 1.0000e+08 1.0000e+08 1.0000e+08 1.0000e+08
 1.0000e+08 1.0000e+08 1.0000e+08 1.0000e+08 1.0000e+08 1.0000e+08 1.0000e+08 1.0000e+08 2.2563e+05]

matrice di sistema Q_151 (A + lambda * W_151):
[[       1.0986       -0.0922       -0.0173       -0.0403       -0.0275 ...        0.0648       -0.02          0.0741        0.0644       -0.0096]
 [      -0.0922 10000001.           -0.0832       -0.0403       -0.0328 ...       -0.0131        0.1748       -0.0006       -0.0396       -0.1098]
 [      -0.0173       -0.0832 10000001.           -0.0997       -0.02   ...       -0.0945        0.0139       -0.0721        0.0284        0.0155]
 [      -0.0403       -0.0403       -0.0997 10000001.           -0.1078 ...        0.1176       -0.0406        0.0293        0.0054       -0.037 ]
 [      -0.0275       -0.0328       -0.02         -0.1078 10000001.     ...       -0.0815        0.0502        0.084        -0.0457       -0.0797]
 ...
 [       0.0648       -0.0131       -0.0945        0.1176       -0.0815 ... 10000001.           -0.0458        0.0256       -0.0061       -0.0081]
 [      -0.02          0.1748        0.0139       -0.0406        0.0502 ...       -0.0458 10000001.           -0.0824       -0.0423        0.0548]
 [       0.0741       -0.0006       -0.0721        0.0293        0.084  ...        0.0256       -0.0824 10000001.           -0.0403        0.0028]
 [       0.0644       -0.0396        0.0284        0.0054       -0.0457 ...       -0.0061       -0.0423       -0.0403 10000001.            0.0801]
 [      -0.0096       -0.1098        0.0155       -0.037        -0.0797 ...       -0.0081        0.0548        0.0028        0.0801    22563.6079]]

------------------------------------------------------------

--- ITERAZIONE k = 152 ---
vettore w_152:
[-1.0143  0.      0.      0.     -0.     -0.     -0.     -0.     -0.     -0.      1.42    0.     -0.      0.     -0.      0.      0.      0.
 -0.      0.      0.      0.     -0.8497 -0.      0.      0.      0.     -0.      0.     -0.     -0.     -0.      0.      0.     -0.     -0.
  0.0003  0.      0.      0.3814 -0.     -0.      0.      0.      0.227   1.244  -0.     -0.      0.     -0.      0.      0.      0.     -0.8684
  0.      0.      0.      0.      0.     -0.     -0.      0.     -0.      0.      0.      0.      0.      0.      0.      0.      0.4115 -0.
 -0.     -0.     -0.     -0.0008  0.     -0.     -0.      0.     -0.1175 -0.     -0.      0.6141 -0.      0.     -0.     -0.      0.      0.
  0.      0.     -0.     -0.     -0.     -0.     -0.     -0.      0.      0.    ]

diagonale matrice pesi W_152 (1 / max(|w|, eps)):
[9.8586e-01 1.0000e+08 1.0000e+08 1.0000e+08 1.0000e+08 1.0000e+08 1.0000e+08 1.0000e+08 1.0000e+08 1.0000e+08 7.0421e-01 1.0000e+08 1.0000e+08
 1.0000e+08 1.0000e+08 1.0000e+08 1.0000e+08 1.0000e+08 1.0000e+08 1.0000e+08 1.0000e+08 1.0000e+08 1.1769e+00 3.4926e+04 1.0000e+08 1.0000e+08
 1.0000e+08 1.0000e+08 1.0000e+08 1.0000e+08 1.0000e+08 1.0000e+08 1.0000e+08 1.0000e+08 1.0000e+08 1.0000e+08 3.4414e+03 1.0000e+08 1.0000e+08
 2.6218e+00 1.0000e+08 1.0000e+08 1.0000e+08 1.0000e+08 4.4047e+00 8.0386e-01 1.0000e+08 1.0000e+08 1.0000e+08 1.0000e+08 1.0000e+08 1.0000e+08
 1.0000e+08 1.1516e+00 1.0000e+08 1.0000e+08 1.0000e+08 1.0000e+08 1.0000e+08 1.0000e+08 1.0000e+08 1.0000e+08 1.0000e+08 1.0000e+08 1.0000e+08
 1.0000e+08 1.0000e+08 1.0000e+08 1.0000e+08 1.0000e+08 2.4304e+00 1.0000e+08 1.0000e+08 1.0000e+08 1.0000e+08 1.1789e+03 1.0000e+08 1.0000e+08
 1.0000e+08 1.0000e+08 8.5125e+00 1.0000e+08 1.0000e+08 1.6284e+00 1.0000e+08 1.0000e+08 1.0000e+08 1.0000e+08 1.0000e+08 1.0000e+08 1.0000e+08
 1.0000e+08 1.0000e+08 1.0000e+08 1.0000e+08 1.0000e+08 1.0000e+08 1.0000e+08 1.0000e+08 2.2952e+05]

matrice di sistema Q_152 (A + lambda * W_152):
[[       1.0986       -0.0922       -0.0173       -0.0403       -0.0275 ...        0.0648       -0.02          0.0741        0.0644       -0.0096]
 [      -0.0922 10000001.           -0.0832       -0.0403       -0.0328 ...       -0.0131        0.1748       -0.0006       -0.0396       -0.1098]
 [      -0.0173       -0.0832 10000001.           -0.0997       -0.02   ...       -0.0945        0.0139       -0.0721        0.0284        0.0155]
 [      -0.0403       -0.0403       -0.0997 10000001.           -0.1078 ...        0.1176       -0.0406        0.0293        0.0054       -0.037 ]
 [      -0.0275       -0.0328       -0.02         -0.1078 10000001.     ...       -0.0815        0.0502        0.084        -0.0457       -0.0797]
 ...
 [       0.0648       -0.0131       -0.0945        0.1176       -0.0815 ... 10000001.           -0.0458        0.0256       -0.0061       -0.0081]
 [      -0.02          0.1748        0.0139       -0.0406        0.0502 ...       -0.0458 10000001.           -0.0824       -0.0423        0.0548]
 [       0.0741       -0.0006       -0.0721        0.0293        0.084  ...        0.0256       -0.0824 10000001.           -0.0403        0.0028]
 [       0.0644       -0.0396        0.0284        0.0054       -0.0457 ...       -0.0061       -0.0423       -0.0403 10000001.            0.0801]
 [      -0.0096       -0.1098        0.0155       -0.037        -0.0797 ...       -0.0081        0.0548        0.0028        0.0801    22952.9147]]

------------------------------------------------------------

--- ITERAZIONE k = 153 ---
vettore w_153:
[-1.0143  0.      0.      0.     -0.     -0.     -0.     -0.     -0.     -0.      1.42    0.     -0.      0.     -0.      0.      0.      0.
 -0.      0.      0.      0.     -0.8497 -0.      0.      0.      0.     -0.      0.     -0.     -0.     -0.      0.      0.     -0.     -0.
  0.0003  0.      0.      0.3814 -0.     -0.      0.      0.      0.227   1.244  -0.     -0.      0.     -0.      0.      0.      0.     -0.8684
  0.      0.      0.      0.      0.     -0.     -0.      0.     -0.      0.      0.      0.      0.      0.      0.      0.      0.4115 -0.
 -0.     -0.     -0.     -0.0009  0.     -0.     -0.      0.     -0.1175 -0.     -0.      0.6141 -0.      0.     -0.     -0.      0.      0.
  0.      0.     -0.     -0.     -0.     -0.     -0.     -0.      0.      0.    ]

diagonale matrice pesi W_153 (1 / max(|w|, eps)):
[9.8586e-01 1.0000e+08 1.0000e+08 1.0000e+08 1.0000e+08 1.0000e+08 1.0000e+08 1.0000e+08 1.0000e+08 1.0000e+08 7.0421e-01 1.0000e+08 1.0000e+08
 1.0000e+08 1.0000e+08 1.0000e+08 1.0000e+08 1.0000e+08 1.0000e+08 1.0000e+08 1.0000e+08 1.0000e+08 1.1769e+00 3.3780e+04 1.0000e+08 1.0000e+08
 1.0000e+08 1.0000e+08 1.0000e+08 1.0000e+08 1.0000e+08 1.0000e+08 1.0000e+08 1.0000e+08 1.0000e+08 1.0000e+08 3.4731e+03 1.0000e+08 1.0000e+08
 2.6218e+00 1.0000e+08 1.0000e+08 1.0000e+08 1.0000e+08 4.4047e+00 8.0386e-01 1.0000e+08 1.0000e+08 1.0000e+08 1.0000e+08 1.0000e+08 1.0000e+08
 1.0000e+08 1.1516e+00 1.0000e+08 1.0000e+08 1.0000e+08 1.0000e+08 1.0000e+08 1.0000e+08 1.0000e+08 1.0000e+08 1.0000e+08 1.0000e+08 1.0000e+08
 1.0000e+08 1.0000e+08 1.0000e+08 1.0000e+08 1.0000e+08 2.4304e+00 1.0000e+08 1.0000e+08 1.0000e+08 1.0000e+08 1.1137e+03 1.0000e+08 1.0000e+08
 1.0000e+08 1.0000e+08 8.5125e+00 1.0000e+08 1.0000e+08 1.6284e+00 1.0000e+08 1.0000e+08 1.0000e+08 1.0000e+08 1.0000e+08 1.0000e+08 1.0000e+08
 1.0000e+08 1.0000e+08 1.0000e+08 1.0000e+08 1.0000e+08 1.0000e+08 1.0000e+08 1.0000e+08 2.3348e+05]

matrice di sistema Q_153 (A + lambda * W_153):
[[       1.0986       -0.0922       -0.0173       -0.0403       -0.0275 ...        0.0648       -0.02          0.0741        0.0644       -0.0096]
 [      -0.0922 10000001.           -0.0832       -0.0403       -0.0328 ...       -0.0131        0.1748       -0.0006       -0.0396       -0.1098]
 [      -0.0173       -0.0832 10000001.           -0.0997       -0.02   ...       -0.0945        0.0139       -0.0721        0.0284        0.0155]
 [      -0.0403       -0.0403       -0.0997 10000001.           -0.1078 ...        0.1176       -0.0406        0.0293        0.0054       -0.037 ]
 [      -0.0275       -0.0328       -0.02         -0.1078 10000001.     ...       -0.0815        0.0502        0.084        -0.0457       -0.0797]
 ...
 [       0.0648       -0.0131       -0.0945        0.1176       -0.0815 ... 10000001.           -0.0458        0.0256       -0.0061       -0.0081]
 [      -0.02          0.1748        0.0139       -0.0406        0.0502 ...       -0.0458 10000001.           -0.0824       -0.0423        0.0548]
 [       0.0741       -0.0006       -0.0721        0.0293        0.084  ...        0.0256       -0.0824 10000001.           -0.0403        0.0028]
 [       0.0644       -0.0396        0.0284        0.0054       -0.0457 ...       -0.0061       -0.0423       -0.0403 10000001.            0.0801]
 [      -0.0096       -0.1098        0.0155       -0.037        -0.0797 ...       -0.0081        0.0548        0.0028        0.0801    23348.9725]]

------------------------------------------------------------

--- ITERAZIONE k = 154 ---
vettore w_154:
[-1.0143  0.      0.      0.     -0.     -0.     -0.     -0.     -0.     -0.      1.42    0.     -0.      0.     -0.      0.      0.      0.
 -0.      0.      0.      0.     -0.8497 -0.      0.      0.      0.     -0.      0.     -0.     -0.     -0.      0.      0.     -0.     -0.
  0.0003  0.      0.      0.3814 -0.     -0.      0.      0.      0.227   1.244  -0.     -0.      0.     -0.      0.      0.      0.     -0.8684
  0.      0.      0.      0.      0.     -0.     -0.      0.     -0.      0.      0.      0.      0.      0.      0.      0.      0.4115 -0.
 -0.     -0.     -0.     -0.001   0.     -0.     -0.      0.     -0.1175 -0.     -0.      0.6141 -0.      0.     -0.     -0.      0.      0.
  0.      0.     -0.     -0.     -0.     -0.     -0.     -0.      0.      0.    ]

diagonale matrice pesi W_154 (1 / max(|w|, eps)):
[9.8585e-01 1.0000e+08 1.0000e+08 1.0000e+08 1.0000e+08 1.0000e+08 1.0000e+08 1.0000e+08 1.0000e+08 1.0000e+08 7.0421e-01 1.0000e+08 1.0000e+08
 1.0000e+08 1.0000e+08 1.0000e+08 1.0000e+08 1.0000e+08 1.0000e+08 1.0000e+08 1.0000e+08 1.0000e+08 1.1769e+00 3.2669e+04 1.0000e+08 1.0000e+08
 1.0000e+08 1.0000e+08 1.0000e+08 1.0000e+08 1.0000e+08 1.0000e+08 1.0000e+08 1.0000e+08 1.0000e+08 1.0000e+08 3.5049e+03 1.0000e+08 1.0000e+08
 2.6217e+00 1.0000e+08 1.0000e+08 1.0000e+08 1.0000e+08 4.4047e+00 8.0386e-01 1.0000e+08 1.0000e+08 1.0000e+08 1.0000e+08 1.0000e+08 1.0000e+08
 1.0000e+08 1.1516e+00 1.0000e+08 1.0000e+08 1.0000e+08 1.0000e+08 1.0000e+08 1.0000e+08 1.0000e+08 1.0000e+08 1.0000e+08 1.0000e+08 1.0000e+08
 1.0000e+08 1.0000e+08 1.0000e+08 1.0000e+08 1.0000e+08 2.4304e+00 1.0000e+08 1.0000e+08 1.0000e+08 1.0000e+08 1.0525e+03 1.0000e+08 1.0000e+08
 1.0000e+08 1.0000e+08 8.5125e+00 1.0000e+08 1.0000e+08 1.6284e+00 1.0000e+08 1.0000e+08 1.0000e+08 1.0000e+08 1.0000e+08 1.0000e+08 1.0000e+08
 1.0000e+08 1.0000e+08 1.0000e+08 1.0000e+08 1.0000e+08 1.0000e+08 1.0000e+08 1.0000e+08 2.3751e+05]

matrice di sistema Q_154 (A + lambda * W_154):
[[       1.0986       -0.0922       -0.0173       -0.0403       -0.0275 ...        0.0648       -0.02          0.0741        0.0644       -0.0096]
 [      -0.0922 10000001.           -0.0832       -0.0403       -0.0328 ...       -0.0131        0.1748       -0.0006       -0.0396       -0.1098]
 [      -0.0173       -0.0832 10000001.           -0.0997       -0.02   ...       -0.0945        0.0139       -0.0721        0.0284        0.0155]
 [      -0.0403       -0.0403       -0.0997 10000001.           -0.1078 ...        0.1176       -0.0406        0.0293        0.0054       -0.037 ]
 [      -0.0275       -0.0328       -0.02         -0.1078 10000001.     ...       -0.0815        0.0502        0.084        -0.0457       -0.0797]
 ...
 [       0.0648       -0.0131       -0.0945        0.1176       -0.0815 ... 10000001.           -0.0458        0.0256       -0.0061       -0.0081]
 [      -0.02          0.1748        0.0139       -0.0406        0.0502 ...       -0.0458 10000001.           -0.0824       -0.0423        0.0548]
 [       0.0741       -0.0006       -0.0721        0.0293        0.084  ...        0.0256       -0.0824 10000001.           -0.0403        0.0028]
 [       0.0644       -0.0396        0.0284        0.0054       -0.0457 ...       -0.0061       -0.0423       -0.0403 10000001.            0.0801]
 [      -0.0096       -0.1098        0.0155       -0.037        -0.0797 ...       -0.0081        0.0548        0.0028        0.0801    23751.9   ]]

------------------------------------------------------------

--- ITERAZIONE k = 155 ---
vettore w_155:
[-1.0144  0.      0.      0.     -0.     -0.     -0.     -0.     -0.     -0.      1.42    0.     -0.      0.     -0.      0.      0.      0.
 -0.      0.      0.      0.     -0.8497 -0.      0.      0.      0.     -0.      0.     -0.     -0.     -0.      0.      0.     -0.     -0.
  0.0003  0.      0.      0.3814 -0.     -0.      0.      0.      0.227   1.244  -0.     -0.      0.     -0.      0.      0.      0.     -0.8684
  0.      0.      0.      0.      0.     -0.     -0.      0.     -0.      0.      0.      0.      0.      0.      0.      0.      0.4115 -0.
 -0.     -0.     -0.     -0.001   0.     -0.     -0.      0.     -0.1175 -0.     -0.      0.6141 -0.      0.     -0.     -0.      0.      0.
  0.      0.     -0.     -0.     -0.     -0.     -0.     -0.      0.      0.    ]

diagonale matrice pesi W_155 (1 / max(|w|, eps)):
[9.8585e-01 1.0000e+08 1.0000e+08 1.0000e+08 1.0000e+08 1.0000e+08 1.0000e+08 1.0000e+08 1.0000e+08 1.0000e+08 7.0422e-01 1.0000e+08 1.0000e+08
 1.0000e+08 1.0000e+08 1.0000e+08 1.0000e+08 1.0000e+08 1.0000e+08 1.0000e+08 1.0000e+08 1.0000e+08 1.1769e+00 3.1592e+04 1.0000e+08 1.0000e+08
 1.0000e+08 1.0000e+08 1.0000e+08 1.0000e+08 1.0000e+08 1.0000e+08 1.0000e+08 1.0000e+08 1.0000e+08 1.0000e+08 3.5367e+03 1.0000e+08 1.0000e+08
 2.6217e+00 1.0000e+08 1.0000e+08 1.0000e+08 1.0000e+08 4.4048e+00 8.0386e-01 1.0000e+08 1.0000e+08 1.0000e+08 1.0000e+08 1.0000e+08 1.0000e+08
 1.0000e+08 1.1516e+00 1.0000e+08 1.0000e+08 1.0000e+08 1.0000e+08 1.0000e+08 1.0000e+08 1.0000e+08 1.0000e+08 1.0000e+08 1.0000e+08 1.0000e+08
 1.0000e+08 1.0000e+08 1.0000e+08 1.0000e+08 1.0000e+08 2.4304e+00 1.0000e+08 1.0000e+08 1.0000e+08 1.0000e+08 9.9523e+02 1.0000e+08 1.0000e+08
 1.0000e+08 1.0000e+08 8.5125e+00 1.0000e+08 1.0000e+08 1.6284e+00 1.0000e+08 1.0000e+08 1.0000e+08 1.0000e+08 1.0000e+08 1.0000e+08 1.0000e+08
 1.0000e+08 1.0000e+08 1.0000e+08 1.0000e+08 1.0000e+08 1.0000e+08 1.0000e+08 1.0000e+08 2.4161e+05]

matrice di sistema Q_155 (A + lambda * W_155):
[[       1.0986       -0.0922       -0.0173       -0.0403       -0.0275 ...        0.0648       -0.02          0.0741        0.0644       -0.0096]
 [      -0.0922 10000001.           -0.0832       -0.0403       -0.0328 ...       -0.0131        0.1748       -0.0006       -0.0396       -0.1098]
 [      -0.0173       -0.0832 10000001.           -0.0997       -0.02   ...       -0.0945        0.0139       -0.0721        0.0284        0.0155]
 [      -0.0403       -0.0403       -0.0997 10000001.           -0.1078 ...        0.1176       -0.0406        0.0293        0.0054       -0.037 ]
 [      -0.0275       -0.0328       -0.02         -0.1078 10000001.     ...       -0.0815        0.0502        0.084        -0.0457       -0.0797]
 ...
 [       0.0648       -0.0131       -0.0945        0.1176       -0.0815 ... 10000001.           -0.0458        0.0256       -0.0061       -0.0081]
 [      -0.02          0.1748        0.0139       -0.0406        0.0502 ...       -0.0458 10000001.           -0.0824       -0.0423        0.0548]
 [       0.0741       -0.0006       -0.0721        0.0293        0.084  ...        0.0256       -0.0824 10000001.           -0.0403        0.0028]
 [       0.0644       -0.0396        0.0284        0.0054       -0.0457 ...       -0.0061       -0.0423       -0.0403 10000001.            0.0801]
 [      -0.0096       -0.1098        0.0155       -0.037        -0.0797 ...       -0.0081        0.0548        0.0028        0.0801    24161.8178]]

------------------------------------------------------------

--- ITERAZIONE k = 156 ---
vettore w_156:
[-1.0144  0.      0.      0.     -0.     -0.     -0.     -0.     -0.     -0.      1.42    0.     -0.      0.     -0.      0.      0.      0.
 -0.      0.      0.      0.     -0.8497 -0.      0.      0.      0.     -0.      0.     -0.     -0.     -0.      0.      0.     -0.     -0.
  0.0003  0.      0.      0.3814 -0.     -0.      0.      0.      0.227   1.244  -0.     -0.      0.     -0.      0.      0.      0.     -0.8684
  0.      0.      0.      0.      0.     -0.     -0.      0.     -0.      0.      0.      0.      0.      0.      0.      0.      0.4115 -0.
 -0.     -0.     -0.     -0.0011  0.     -0.     -0.      0.     -0.1175 -0.     -0.      0.6141 -0.      0.     -0.     -0.      0.      0.
  0.      0.     -0.     -0.     -0.     -0.     -0.     -0.      0.      0.    ]

diagonale matrice pesi W_156 (1 / max(|w|, eps)):
[9.8585e-01 1.0000e+08 1.0000e+08 1.0000e+08 1.0000e+08 1.0000e+08 1.0000e+08 1.0000e+08 1.0000e+08 1.0000e+08 7.0422e-01 1.0000e+08 1.0000e+08
 1.0000e+08 1.0000e+08 1.0000e+08 1.0000e+08 1.0000e+08 1.0000e+08 1.0000e+08 1.0000e+08 1.0000e+08 1.1769e+00 3.0550e+04 1.0000e+08 1.0000e+08
 1.0000e+08 1.0000e+08 1.0000e+08 1.0000e+08 1.0000e+08 1.0000e+08 1.0000e+08 1.0000e+08 1.0000e+08 1.0000e+08 3.5686e+03 1.0000e+08 1.0000e+08
 2.6217e+00 1.0000e+08 1.0000e+08 1.0000e+08 1.0000e+08 4.4048e+00 8.0386e-01 1.0000e+08 1.0000e+08 1.0000e+08 1.0000e+08 1.0000e+08 1.0000e+08
 1.0000e+08 1.1516e+00 1.0000e+08 1.0000e+08 1.0000e+08 1.0000e+08 1.0000e+08 1.0000e+08 1.0000e+08 1.0000e+08 1.0000e+08 1.0000e+08 1.0000e+08
 1.0000e+08 1.0000e+08 1.0000e+08 1.0000e+08 1.0000e+08 2.4304e+00 1.0000e+08 1.0000e+08 1.0000e+08 1.0000e+08 9.4157e+02 1.0000e+08 1.0000e+08
 1.0000e+08 1.0000e+08 8.5125e+00 1.0000e+08 1.0000e+08 1.6284e+00 1.0000e+08 1.0000e+08 1.0000e+08 1.0000e+08 1.0000e+08 1.0000e+08 1.0000e+08
 1.0000e+08 1.0000e+08 1.0000e+08 1.0000e+08 1.0000e+08 1.0000e+08 1.0000e+08 1.0000e+08 2.4578e+05]

matrice di sistema Q_156 (A + lambda * W_156):
[[       1.0986       -0.0922       -0.0173       -0.0403       -0.0275 ...        0.0648       -0.02          0.0741        0.0644       -0.0096]
 [      -0.0922 10000001.           -0.0832       -0.0403       -0.0328 ...       -0.0131        0.1748       -0.0006       -0.0396       -0.1098]
 [      -0.0173       -0.0832 10000001.           -0.0997       -0.02   ...       -0.0945        0.0139       -0.0721        0.0284        0.0155]
 [      -0.0403       -0.0403       -0.0997 10000001.           -0.1078 ...        0.1176       -0.0406        0.0293        0.0054       -0.037 ]
 [      -0.0275       -0.0328       -0.02         -0.1078 10000001.     ...       -0.0815        0.0502        0.084        -0.0457       -0.0797]
 ...
 [       0.0648       -0.0131       -0.0945        0.1176       -0.0815 ... 10000001.           -0.0458        0.0256       -0.0061       -0.0081]
 [      -0.02          0.1748        0.0139       -0.0406        0.0502 ...       -0.0458 10000001.           -0.0824       -0.0423        0.0548]
 [       0.0741       -0.0006       -0.0721        0.0293        0.084  ...        0.0256       -0.0824 10000001.           -0.0403        0.0028]
 [       0.0644       -0.0396        0.0284        0.0054       -0.0457 ...       -0.0061       -0.0423       -0.0403 10000001.            0.0801]
 [      -0.0096       -0.1098        0.0155       -0.037        -0.0797 ...       -0.0081        0.0548        0.0028        0.0801    24578.849 ]]

------------------------------------------------------------

--- ITERAZIONE k = 157 ---
vettore w_157:
[-1.0144  0.      0.      0.     -0.     -0.     -0.     -0.     -0.     -0.      1.42    0.     -0.      0.     -0.      0.      0.      0.
 -0.      0.      0.      0.     -0.8497 -0.      0.      0.      0.     -0.      0.     -0.     -0.     -0.      0.      0.     -0.     -0.
  0.0003  0.      0.      0.3814 -0.     -0.      0.      0.      0.227   1.244  -0.     -0.      0.     -0.      0.      0.      0.     -0.8684
  0.      0.      0.      0.      0.     -0.     -0.      0.     -0.      0.      0.      0.      0.      0.      0.      0.      0.4115 -0.
 -0.     -0.     -0.     -0.0011  0.     -0.     -0.      0.     -0.1175 -0.     -0.      0.6141 -0.      0.     -0.     -0.      0.      0.
  0.      0.     -0.     -0.     -0.     -0.     -0.     -0.      0.      0.    ]

diagonale matrice pesi W_157 (1 / max(|w|, eps)):
[9.8584e-01 1.0000e+08 1.0000e+08 1.0000e+08 1.0000e+08 1.0000e+08 1.0000e+08 1.0000e+08 1.0000e+08 1.0000e+08 7.0422e-01 1.0000e+08 1.0000e+08
 1.0000e+08 1.0000e+08 1.0000e+08 1.0000e+08 1.0000e+08 1.0000e+08 1.0000e+08 1.0000e+08 1.0000e+08 1.1769e+00 2.9539e+04 1.0000e+08 1.0000e+08
 1.0000e+08 1.0000e+08 1.0000e+08 1.0000e+08 1.0000e+08 1.0000e+08 1.0000e+08 1.0000e+08 1.0000e+08 1.0000e+08 3.6005e+03 1.0000e+08 1.0000e+08
 2.6217e+00 1.0000e+08 1.0000e+08 1.0000e+08 1.0000e+08 4.4049e+00 8.0387e-01 1.0000e+08 1.0000e+08 1.0000e+08 1.0000e+08 1.0000e+08 1.0000e+08
 1.0000e+08 1.1516e+00 1.0000e+08 1.0000e+08 1.0000e+08 1.0000e+08 1.0000e+08 1.0000e+08 1.0000e+08 1.0000e+08 1.0000e+08 1.0000e+08 1.0000e+08
 1.0000e+08 1.0000e+08 1.0000e+08 1.0000e+08 1.0000e+08 2.4304e+00 1.0000e+08 1.0000e+08 1.0000e+08 1.0000e+08 8.9129e+02 1.0000e+08 1.0000e+08
 1.0000e+08 1.0000e+08 8.5125e+00 1.0000e+08 1.0000e+08 1.6284e+00 1.0000e+08 1.0000e+08 1.0000e+08 1.0000e+08 1.0000e+08 1.0000e+08 1.0000e+08
 1.0000e+08 1.0000e+08 1.0000e+08 1.0000e+08 1.0000e+08 1.0000e+08 1.0000e+08 1.0000e+08 2.5002e+05]

matrice di sistema Q_157 (A + lambda * W_157):
[[       1.0986       -0.0922       -0.0173       -0.0403       -0.0275 ...        0.0648       -0.02          0.0741        0.0644       -0.0096]
 [      -0.0922 10000001.           -0.0832       -0.0403       -0.0328 ...       -0.0131        0.1748       -0.0006       -0.0396       -0.1098]
 [      -0.0173       -0.0832 10000001.           -0.0997       -0.02   ...       -0.0945        0.0139       -0.0721        0.0284        0.0155]
 [      -0.0403       -0.0403       -0.0997 10000001.           -0.1078 ...        0.1176       -0.0406        0.0293        0.0054       -0.037 ]
 [      -0.0275       -0.0328       -0.02         -0.1078 10000001.     ...       -0.0815        0.0502        0.084        -0.0457       -0.0797]
 ...
 [       0.0648       -0.0131       -0.0945        0.1176       -0.0815 ... 10000001.           -0.0458        0.0256       -0.0061       -0.0081]
 [      -0.02          0.1748        0.0139       -0.0406        0.0502 ...       -0.0458 10000001.           -0.0824       -0.0423        0.0548]
 [       0.0741       -0.0006       -0.0721        0.0293        0.084  ...        0.0256       -0.0824 10000001.           -0.0403        0.0028]
 [       0.0644       -0.0396        0.0284        0.0054       -0.0457 ...       -0.0061       -0.0423       -0.0403 10000001.            0.0801]
 [      -0.0096       -0.1098        0.0155       -0.037        -0.0797 ...       -0.0081        0.0548        0.0028        0.0801    25003.1189]]

------------------------------------------------------------

--- ITERAZIONE k = 158 ---
vettore w_158:
[-1.0144  0.      0.      0.     -0.     -0.     -0.     -0.     -0.     -0.      1.42    0.     -0.      0.     -0.      0.      0.      0.
 -0.      0.      0.      0.     -0.8497 -0.      0.      0.      0.     -0.      0.     -0.     -0.     -0.      0.      0.     -0.     -0.
  0.0003  0.      0.      0.3814 -0.     -0.      0.      0.      0.227   1.244  -0.     -0.      0.     -0.      0.      0.      0.     -0.8684
  0.      0.      0.      0.      0.     -0.     -0.      0.     -0.      0.      0.      0.      0.      0.      0.      0.      0.4115 -0.
 -0.     -0.     -0.     -0.0012  0.     -0.     -0.      0.     -0.1175 -0.     -0.      0.6141 -0.      0.     -0.     -0.      0.      0.
  0.      0.     -0.     -0.     -0.     -0.     -0.     -0.      0.      0.    ]

diagonale matrice pesi W_158 (1 / max(|w|, eps)):
[9.8584e-01 1.0000e+08 1.0000e+08 1.0000e+08 1.0000e+08 1.0000e+08 1.0000e+08 1.0000e+08 1.0000e+08 1.0000e+08 7.0422e-01 1.0000e+08 1.0000e+08
 1.0000e+08 1.0000e+08 1.0000e+08 1.0000e+08 1.0000e+08 1.0000e+08 1.0000e+08 1.0000e+08 1.0000e+08 1.1769e+00 2.8560e+04 1.0000e+08 1.0000e+08
 1.0000e+08 1.0000e+08 1.0000e+08 1.0000e+08 1.0000e+08 1.0000e+08 1.0000e+08 1.0000e+08 1.0000e+08 1.0000e+08 3.6324e+03 1.0000e+08 1.0000e+08
 2.6217e+00 1.0000e+08 1.0000e+08 1.0000e+08 1.0000e+08 4.4049e+00 8.0387e-01 1.0000e+08 1.0000e+08 1.0000e+08 1.0000e+08 1.0000e+08 1.0000e+08
 1.0000e+08 1.1516e+00 1.0000e+08 1.0000e+08 1.0000e+08 1.0000e+08 1.0000e+08 1.0000e+08 1.0000e+08 1.0000e+08 1.0000e+08 1.0000e+08 1.0000e+08
 1.0000e+08 1.0000e+08 1.0000e+08 1.0000e+08 1.0000e+08 2.4304e+00 1.0000e+08 1.0000e+08 1.0000e+08 1.0000e+08 8.4418e+02 1.0000e+08 1.0000e+08
 1.0000e+08 1.0000e+08 8.5125e+00 1.0000e+08 1.0000e+08 1.6285e+00 1.0000e+08 1.0000e+08 1.0000e+08 1.0000e+08 1.0000e+08 1.0000e+08 1.0000e+08
 1.0000e+08 1.0000e+08 1.0000e+08 1.0000e+08 1.0000e+08 1.0000e+08 1.0000e+08 1.0000e+08 2.5434e+05]

matrice di sistema Q_158 (A + lambda * W_158):
[[       1.0986       -0.0922       -0.0173       -0.0403       -0.0275 ...        0.0648       -0.02          0.0741        0.0644       -0.0096]
 [      -0.0922 10000001.           -0.0832       -0.0403       -0.0328 ...       -0.0131        0.1748       -0.0006       -0.0396       -0.1098]
 [      -0.0173       -0.0832 10000001.           -0.0997       -0.02   ...       -0.0945        0.0139       -0.0721        0.0284        0.0155]
 [      -0.0403       -0.0403       -0.0997 10000001.           -0.1078 ...        0.1176       -0.0406        0.0293        0.0054       -0.037 ]
 [      -0.0275       -0.0328       -0.02         -0.1078 10000001.     ...       -0.0815        0.0502        0.084        -0.0457       -0.0797]
 ...
 [       0.0648       -0.0131       -0.0945        0.1176       -0.0815 ... 10000001.           -0.0458        0.0256       -0.0061       -0.0081]
 [      -0.02          0.1748        0.0139       -0.0406        0.0502 ...       -0.0458 10000001.           -0.0824       -0.0423        0.0548]
 [       0.0741       -0.0006       -0.0721        0.0293        0.084  ...        0.0256       -0.0824 10000001.           -0.0403        0.0028]
 [       0.0644       -0.0396        0.0284        0.0054       -0.0457 ...       -0.0061       -0.0423       -0.0403 10000001.            0.0801]
 [      -0.0096       -0.1098        0.0155       -0.037        -0.0797 ...       -0.0081        0.0548        0.0028        0.0801    25434.7548]]

------------------------------------------------------------

--- ITERAZIONE k = 159 ---
vettore w_159:
[-1.0144  0.      0.      0.     -0.     -0.     -0.     -0.     -0.     -0.      1.42    0.     -0.      0.     -0.      0.      0.      0.
 -0.      0.      0.      0.     -0.8497 -0.      0.      0.      0.     -0.      0.     -0.     -0.     -0.      0.      0.     -0.     -0.
  0.0003  0.      0.      0.3814 -0.     -0.      0.      0.      0.227   1.244  -0.     -0.      0.     -0.      0.      0.      0.     -0.8684
  0.      0.      0.      0.      0.     -0.     -0.      0.     -0.      0.      0.      0.      0.      0.      0.      0.      0.4115 -0.
 -0.     -0.     -0.     -0.0012  0.     -0.     -0.      0.     -0.1175 -0.     -0.      0.6141 -0.      0.     -0.     -0.      0.      0.
  0.      0.     -0.     -0.     -0.     -0.     -0.     -0.      0.      0.    ]

diagonale matrice pesi W_159 (1 / max(|w|, eps)):
[9.8583e-01 1.0000e+08 1.0000e+08 1.0000e+08 1.0000e+08 1.0000e+08 1.0000e+08 1.0000e+08 1.0000e+08 1.0000e+08 7.0422e-01 1.0000e+08 1.0000e+08
 1.0000e+08 1.0000e+08 1.0000e+08 1.0000e+08 1.0000e+08 1.0000e+08 1.0000e+08 1.0000e+08 1.0000e+08 1.1769e+00 2.7612e+04 1.0000e+08 1.0000e+08
 1.0000e+08 1.0000e+08 1.0000e+08 1.0000e+08 1.0000e+08 1.0000e+08 1.0000e+08 1.0000e+08 1.0000e+08 1.0000e+08 3.6643e+03 1.0000e+08 1.0000e+08
 2.6216e+00 1.0000e+08 1.0000e+08 1.0000e+08 1.0000e+08 4.4050e+00 8.0387e-01 1.0000e+08 1.0000e+08 1.0000e+08 1.0000e+08 1.0000e+08 1.0000e+08
 1.0000e+08 1.1516e+00 1.0000e+08 1.0000e+08 1.0000e+08 1.0000e+08 1.0000e+08 1.0000e+08 1.0000e+08 1.0000e+08 1.0000e+08 1.0000e+08 1.0000e+08
 1.0000e+08 1.0000e+08 1.0000e+08 1.0000e+08 1.0000e+08 2.4304e+00 1.0000e+08 1.0000e+08 1.0000e+08 1.0000e+08 8.0004e+02 1.0000e+08 1.0000e+08
 1.0000e+08 1.0000e+08 8.5125e+00 1.0000e+08 1.0000e+08 1.6285e+00 1.0000e+08 1.0000e+08 1.0000e+08 1.0000e+08 1.0000e+08 1.0000e+08 1.0000e+08
 1.0000e+08 1.0000e+08 1.0000e+08 1.0000e+08 1.0000e+08 1.0000e+08 1.0000e+08 1.0000e+08 2.5873e+05]

matrice di sistema Q_159 (A + lambda * W_159):
[[       1.0986       -0.0922       -0.0173       -0.0403       -0.0275 ...        0.0648       -0.02          0.0741        0.0644       -0.0096]
 [      -0.0922 10000001.           -0.0832       -0.0403       -0.0328 ...       -0.0131        0.1748       -0.0006       -0.0396       -0.1098]
 [      -0.0173       -0.0832 10000001.           -0.0997       -0.02   ...       -0.0945        0.0139       -0.0721        0.0284        0.0155]
 [      -0.0403       -0.0403       -0.0997 10000001.           -0.1078 ...        0.1176       -0.0406        0.0293        0.0054       -0.037 ]
 [      -0.0275       -0.0328       -0.02         -0.1078 10000001.     ...       -0.0815        0.0502        0.084        -0.0457       -0.0797]
 ...
 [       0.0648       -0.0131       -0.0945        0.1176       -0.0815 ... 10000001.           -0.0458        0.0256       -0.0061       -0.0081]
 [      -0.02          0.1748        0.0139       -0.0406        0.0502 ...       -0.0458 10000001.           -0.0824       -0.0423        0.0548]
 [       0.0741       -0.0006       -0.0721        0.0293        0.084  ...        0.0256       -0.0824 10000001.           -0.0403        0.0028]
 [       0.0644       -0.0396        0.0284        0.0054       -0.0457 ...       -0.0061       -0.0423       -0.0403 10000001.            0.0801]
 [      -0.0096       -0.1098        0.0155       -0.037        -0.0797 ...       -0.0081        0.0548        0.0028        0.0801    25873.8866]]

------------------------------------------------------------

--- ITERAZIONE k = 160 ---
vettore w_160:
[-1.0144  0.      0.      0.     -0.     -0.     -0.     -0.     -0.     -0.      1.42    0.     -0.      0.     -0.      0.      0.      0.
 -0.      0.      0.      0.     -0.8497 -0.      0.      0.      0.     -0.      0.     -0.     -0.     -0.      0.      0.     -0.     -0.
  0.0003  0.      0.      0.3814 -0.     -0.      0.      0.      0.227   1.244  -0.     -0.      0.     -0.      0.      0.      0.     -0.8684
  0.      0.      0.      0.      0.     -0.     -0.      0.     -0.      0.      0.      0.      0.      0.      0.      0.      0.4114 -0.
 -0.     -0.     -0.     -0.0013  0.     -0.     -0.      0.     -0.1175 -0.     -0.      0.6141 -0.      0.     -0.     -0.      0.      0.
  0.      0.     -0.     -0.     -0.     -0.     -0.     -0.      0.      0.    ]

diagonale matrice pesi W_160 (1 / max(|w|, eps)):
[9.8583e-01 1.0000e+08 1.0000e+08 1.0000e+08 1.0000e+08 1.0000e+08 1.0000e+08 1.0000e+08 1.0000e+08 1.0000e+08 7.0422e-01 1.0000e+08 1.0000e+08
 1.0000e+08 1.0000e+08 1.0000e+08 1.0000e+08 1.0000e+08 1.0000e+08 1.0000e+08 1.0000e+08 1.0000e+08 1.1769e+00 2.6693e+04 1.0000e+08 1.0000e+08
 1.0000e+08 1.0000e+08 1.0000e+08 1.0000e+08 1.0000e+08 1.0000e+08 1.0000e+08 1.0000e+08 1.0000e+08 1.0000e+08 3.6963e+03 1.0000e+08 1.0000e+08
 2.6216e+00 1.0000e+08 1.0000e+08 1.0000e+08 1.0000e+08 4.4050e+00 8.0387e-01 1.0000e+08 1.0000e+08 1.0000e+08 1.0000e+08 1.0000e+08 1.0000e+08
 1.0000e+08 1.1516e+00 1.0000e+08 1.0000e+08 1.0000e+08 1.0000e+08 1.0000e+08 1.0000e+08 1.0000e+08 1.0000e+08 1.0000e+08 1.0000e+08 1.0000e+08
 1.0000e+08 1.0000e+08 1.0000e+08 1.0000e+08 1.0000e+08 2.4304e+00 1.0000e+08 1.0000e+08 1.0000e+08 1.0000e+08 7.5869e+02 1.0000e+08 1.0000e+08
 1.0000e+08 1.0000e+08 8.5126e+00 1.0000e+08 1.0000e+08 1.6285e+00 1.0000e+08 1.0000e+08 1.0000e+08 1.0000e+08 1.0000e+08 1.0000e+08 1.0000e+08
 1.0000e+08 1.0000e+08 1.0000e+08 1.0000e+08 1.0000e+08 1.0000e+08 1.0000e+08 1.0000e+08 2.6320e+05]

matrice di sistema Q_160 (A + lambda * W_160):
[[       1.0986       -0.0922       -0.0173       -0.0403       -0.0275 ...        0.0648       -0.02          0.0741        0.0644       -0.0096]
 [      -0.0922 10000001.           -0.0832       -0.0403       -0.0328 ...       -0.0131        0.1748       -0.0006       -0.0396       -0.1098]
 [      -0.0173       -0.0832 10000001.           -0.0997       -0.02   ...       -0.0945        0.0139       -0.0721        0.0284        0.0155]
 [      -0.0403       -0.0403       -0.0997 10000001.           -0.1078 ...        0.1176       -0.0406        0.0293        0.0054       -0.037 ]
 [      -0.0275       -0.0328       -0.02         -0.1078 10000001.     ...       -0.0815        0.0502        0.084        -0.0457       -0.0797]
 ...
 [       0.0648       -0.0131       -0.0945        0.1176       -0.0815 ... 10000001.           -0.0458        0.0256       -0.0061       -0.0081]
 [      -0.02          0.1748        0.0139       -0.0406        0.0502 ...       -0.0458 10000001.           -0.0824       -0.0423        0.0548]
 [       0.0741       -0.0006       -0.0721        0.0293        0.084  ...        0.0256       -0.0824 10000001.           -0.0403        0.0028]
 [       0.0644       -0.0396        0.0284        0.0054       -0.0457 ...       -0.0061       -0.0423       -0.0403 10000001.            0.0801]
 [      -0.0096       -0.1098        0.0155       -0.037        -0.0797 ...       -0.0081        0.0548        0.0028        0.0801    26320.6465]]

------------------------------------------------------------

--- ITERAZIONE k = 161 ---
vettore w_161:
[-1.0144  0.      0.      0.     -0.     -0.     -0.     -0.     -0.     -0.      1.42    0.     -0.      0.     -0.      0.      0.      0.
 -0.      0.      0.      0.     -0.8497 -0.      0.      0.      0.     -0.      0.     -0.     -0.     -0.      0.      0.     -0.     -0.
  0.0003  0.      0.      0.3814 -0.     -0.      0.      0.      0.227   1.244  -0.     -0.      0.     -0.      0.      0.      0.     -0.8684
  0.      0.      0.      0.      0.     -0.     -0.      0.     -0.      0.      0.      0.      0.      0.      0.      0.      0.4114 -0.
 -0.     -0.     -0.     -0.0014  0.     -0.     -0.      0.     -0.1175 -0.     -0.      0.6141 -0.      0.     -0.     -0.      0.      0.
  0.      0.     -0.     -0.     -0.     -0.     -0.     -0.      0.      0.    ]

diagonale matrice pesi W_161 (1 / max(|w|, eps)):
[9.8583e-01 1.0000e+08 1.0000e+08 1.0000e+08 1.0000e+08 1.0000e+08 1.0000e+08 1.0000e+08 1.0000e+08 1.0000e+08 7.0422e-01 1.0000e+08 1.0000e+08
 1.0000e+08 1.0000e+08 1.0000e+08 1.0000e+08 1.0000e+08 1.0000e+08 1.0000e+08 1.0000e+08 1.0000e+08 1.1768e+00 2.5802e+04 1.0000e+08 1.0000e+08
 1.0000e+08 1.0000e+08 1.0000e+08 1.0000e+08 1.0000e+08 1.0000e+08 1.0000e+08 1.0000e+08 1.0000e+08 1.0000e+08 3.7282e+03 1.0000e+08 1.0000e+08
 2.6216e+00 1.0000e+08 1.0000e+08 1.0000e+08 1.0000e+08 4.4051e+00 8.0387e-01 1.0000e+08 1.0000e+08 1.0000e+08 1.0000e+08 1.0000e+08 1.0000e+08
 1.0000e+08 1.1516e+00 1.0000e+08 1.0000e+08 1.0000e+08 1.0000e+08 1.0000e+08 1.0000e+08 1.0000e+08 1.0000e+08 1.0000e+08 1.0000e+08 1.0000e+08
 1.0000e+08 1.0000e+08 1.0000e+08 1.0000e+08 1.0000e+08 2.4304e+00 1.0000e+08 1.0000e+08 1.0000e+08 1.0000e+08 7.1995e+02 1.0000e+08 1.0000e+08
 1.0000e+08 1.0000e+08 8.5126e+00 1.0000e+08 1.0000e+08 1.6285e+00 1.0000e+08 1.0000e+08 1.0000e+08 1.0000e+08 1.0000e+08 1.0000e+08 1.0000e+08
 1.0000e+08 1.0000e+08 1.0000e+08 1.0000e+08 1.0000e+08 1.0000e+08 1.0000e+08 1.0000e+08 2.6774e+05]

matrice di sistema Q_161 (A + lambda * W_161):
[[       1.0986       -0.0922       -0.0173       -0.0403       -0.0275 ...        0.0648       -0.02          0.0741        0.0644       -0.0096]
 [      -0.0922 10000001.           -0.0832       -0.0403       -0.0328 ...       -0.0131        0.1748       -0.0006       -0.0396       -0.1098]
 [      -0.0173       -0.0832 10000001.           -0.0997       -0.02   ...       -0.0945        0.0139       -0.0721        0.0284        0.0155]
 [      -0.0403       -0.0403       -0.0997 10000001.           -0.1078 ...        0.1176       -0.0406        0.0293        0.0054       -0.037 ]
 [      -0.0275       -0.0328       -0.02         -0.1078 10000001.     ...       -0.0815        0.0502        0.084        -0.0457       -0.0797]
 ...
 [       0.0648       -0.0131       -0.0945        0.1176       -0.0815 ... 10000001.           -0.0458        0.0256       -0.0061       -0.0081]
 [      -0.02          0.1748        0.0139       -0.0406        0.0502 ...       -0.0458 10000001.           -0.0824       -0.0423        0.0548]
 [       0.0741       -0.0006       -0.0721        0.0293        0.084  ...        0.0256       -0.0824 10000001.           -0.0403        0.0028]
 [       0.0644       -0.0396        0.0284        0.0054       -0.0457 ...       -0.0061       -0.0423       -0.0403 10000001.            0.0801]
 [      -0.0096       -0.1098        0.0155       -0.037        -0.0797 ...       -0.0081        0.0548        0.0028        0.0801    26775.1689]]

------------------------------------------------------------

--- ITERAZIONE k = 162 ---
vettore w_162:
[-1.0144  0.      0.      0.     -0.     -0.     -0.     -0.     -0.     -0.      1.42    0.     -0.      0.     -0.      0.      0.      0.
 -0.      0.      0.      0.     -0.8497 -0.      0.      0.      0.     -0.      0.     -0.     -0.     -0.      0.      0.     -0.     -0.
  0.0003  0.      0.      0.3815 -0.     -0.      0.      0.      0.227   1.244  -0.     -0.      0.     -0.      0.      0.      0.     -0.8684
  0.      0.      0.      0.      0.     -0.     -0.      0.     -0.      0.      0.      0.      0.      0.      0.      0.      0.4114 -0.
 -0.     -0.     -0.     -0.0015  0.     -0.     -0.      0.     -0.1175 -0.     -0.      0.6141 -0.      0.     -0.     -0.      0.      0.
  0.      0.     -0.     -0.     -0.     -0.     -0.     -0.      0.      0.    ]

diagonale matrice pesi W_162 (1 / max(|w|, eps)):
[9.8582e-01 1.0000e+08 1.0000e+08 1.0000e+08 1.0000e+08 1.0000e+08 1.0000e+08 1.0000e+08 1.0000e+08 1.0000e+08 7.0422e-01 1.0000e+08 1.0000e+08
 1.0000e+08 1.0000e+08 1.0000e+08 1.0000e+08 1.0000e+08 1.0000e+08 1.0000e+08 1.0000e+08 1.0000e+08 1.1768e+00 2.4939e+04 1.0000e+08 1.0000e+08
 1.0000e+08 1.0000e+08 1.0000e+08 1.0000e+08 1.0000e+08 1.0000e+08 1.0000e+08 1.0000e+08 1.0000e+08 1.0000e+08 3.7600e+03 1.0000e+08 1.0000e+08
 2.6216e+00 1.0000e+08 1.0000e+08 1.0000e+08 1.0000e+08 4.4051e+00 8.0387e-01 1.0000e+08 1.0000e+08 1.0000e+08 1.0000e+08 1.0000e+08 1.0000e+08
 1.0000e+08 1.1516e+00 1.0000e+08 1.0000e+08 1.0000e+08 1.0000e+08 1.0000e+08 1.0000e+08 1.0000e+08 1.0000e+08 1.0000e+08 1.0000e+08 1.0000e+08
 1.0000e+08 1.0000e+08 1.0000e+08 1.0000e+08 1.0000e+08 2.4305e+00 1.0000e+08 1.0000e+08 1.0000e+08 1.0000e+08 6.8365e+02 1.0000e+08 1.0000e+08
 1.0000e+08 1.0000e+08 8.5126e+00 1.0000e+08 1.0000e+08 1.6285e+00 1.0000e+08 1.0000e+08 1.0000e+08 1.0000e+08 1.0000e+08 1.0000e+08 1.0000e+08
 1.0000e+08 1.0000e+08 1.0000e+08 1.0000e+08 1.0000e+08 1.0000e+08 1.0000e+08 1.0000e+08 2.7237e+05]

matrice di sistema Q_162 (A + lambda * W_162):
[[       1.0986       -0.0922       -0.0173       -0.0403       -0.0275 ...        0.0648       -0.02          0.0741        0.0644       -0.0096]
 [      -0.0922 10000001.           -0.0832       -0.0403       -0.0328 ...       -0.0131        0.1748       -0.0006       -0.0396       -0.1098]
 [      -0.0173       -0.0832 10000001.           -0.0997       -0.02   ...       -0.0945        0.0139       -0.0721        0.0284        0.0155]
 [      -0.0403       -0.0403       -0.0997 10000001.           -0.1078 ...        0.1176       -0.0406        0.0293        0.0054       -0.037 ]
 [      -0.0275       -0.0328       -0.02         -0.1078 10000001.     ...       -0.0815        0.0502        0.084        -0.0457       -0.0797]
 ...
 [       0.0648       -0.0131       -0.0945        0.1176       -0.0815 ... 10000001.           -0.0458        0.0256       -0.0061       -0.0081]
 [      -0.02          0.1748        0.0139       -0.0406        0.0502 ...       -0.0458 10000001.           -0.0824       -0.0423        0.0548]
 [       0.0741       -0.0006       -0.0721        0.0293        0.084  ...        0.0256       -0.0824 10000001.           -0.0403        0.0028]
 [       0.0644       -0.0396        0.0284        0.0054       -0.0457 ...       -0.0061       -0.0423       -0.0403 10000001.            0.0801]
 [      -0.0096       -0.1098        0.0155       -0.037        -0.0797 ...       -0.0081        0.0548        0.0028        0.0801    27237.5907]]

------------------------------------------------------------

--- ITERAZIONE k = 163 ---
vettore w_163:
[-1.0144  0.      0.      0.     -0.     -0.     -0.     -0.     -0.     -0.      1.42    0.     -0.      0.     -0.      0.      0.      0.
 -0.      0.      0.      0.     -0.8497 -0.      0.      0.      0.     -0.      0.     -0.     -0.     -0.      0.      0.     -0.     -0.
  0.0003  0.      0.      0.3815 -0.     -0.      0.      0.      0.227   1.244  -0.     -0.      0.     -0.      0.      0.      0.     -0.8684
  0.      0.      0.      0.      0.     -0.     -0.      0.     -0.      0.      0.      0.      0.      0.      0.      0.      0.4114 -0.
 -0.     -0.     -0.     -0.0015  0.     -0.     -0.      0.     -0.1175 -0.     -0.      0.6141 -0.      0.     -0.     -0.      0.      0.
  0.      0.     -0.     -0.     -0.     -0.     -0.     -0.      0.      0.    ]

diagonale matrice pesi W_163 (1 / max(|w|, eps)):
[9.8582e-01 1.0000e+08 1.0000e+08 1.0000e+08 1.0000e+08 1.0000e+08 1.0000e+08 1.0000e+08 1.0000e+08 1.0000e+08 7.0422e-01 1.0000e+08 1.0000e+08
 1.0000e+08 1.0000e+08 1.0000e+08 1.0000e+08 1.0000e+08 1.0000e+08 1.0000e+08 1.0000e+08 1.0000e+08 1.1768e+00 2.4103e+04 1.0000e+08 1.0000e+08
 1.0000e+08 1.0000e+08 1.0000e+08 1.0000e+08 1.0000e+08 1.0000e+08 1.0000e+08 1.0000e+08 1.0000e+08 1.0000e+08 3.7919e+03 1.0000e+08 1.0000e+08
 2.6215e+00 1.0000e+08 1.0000e+08 1.0000e+08 1.0000e+08 4.4052e+00 8.0388e-01 1.0000e+08 1.0000e+08 1.0000e+08 1.0000e+08 1.0000e+08 1.0000e+08
 1.0000e+08 1.1516e+00 1.0000e+08 1.0000e+08 1.0000e+08 1.0000e+08 1.0000e+08 1.0000e+08 1.0000e+08 1.0000e+08 1.0000e+08 1.0000e+08 1.0000e+08
 1.0000e+08 1.0000e+08 1.0000e+08 1.0000e+08 1.0000e+08 2.4305e+00 1.0000e+08 1.0000e+08 1.0000e+08 1.0000e+08 6.4964e+02 1.0000e+08 1.0000e+08
 1.0000e+08 1.0000e+08 8.5126e+00 1.0000e+08 1.0000e+08 1.6285e+00 1.0000e+08 1.0000e+08 1.0000e+08 1.0000e+08 1.0000e+08 1.0000e+08 1.0000e+08
 1.0000e+08 1.0000e+08 1.0000e+08 1.0000e+08 1.0000e+08 1.0000e+08 1.0000e+08 1.0000e+08 2.7707e+05]

matrice di sistema Q_163 (A + lambda * W_163):
[[       1.0986       -0.0922       -0.0173       -0.0403       -0.0275 ...        0.0648       -0.02          0.0741        0.0644       -0.0096]
 [      -0.0922 10000001.           -0.0832       -0.0403       -0.0328 ...       -0.0131        0.1748       -0.0006       -0.0396       -0.1098]
 [      -0.0173       -0.0832 10000001.           -0.0997       -0.02   ...       -0.0945        0.0139       -0.0721        0.0284        0.0155]
 [      -0.0403       -0.0403       -0.0997 10000001.           -0.1078 ...        0.1176       -0.0406        0.0293        0.0054       -0.037 ]
 [      -0.0275       -0.0328       -0.02         -0.1078 10000001.     ...       -0.0815        0.0502        0.084        -0.0457       -0.0797]
 ...
 [       0.0648       -0.0131       -0.0945        0.1176       -0.0815 ... 10000001.           -0.0458        0.0256       -0.0061       -0.0081]
 [      -0.02          0.1748        0.0139       -0.0406        0.0502 ...       -0.0458 10000001.           -0.0824       -0.0423        0.0548]
 [       0.0741       -0.0006       -0.0721        0.0293        0.084  ...        0.0256       -0.0824 10000001.           -0.0403        0.0028]
 [       0.0644       -0.0396        0.0284        0.0054       -0.0457 ...       -0.0061       -0.0423       -0.0403 10000001.            0.0801]
 [      -0.0096       -0.1098        0.0155       -0.037        -0.0797 ...       -0.0081        0.0548        0.0028        0.0801    27708.0515]]

------------------------------------------------------------

--- ITERAZIONE k = 164 ---
vettore w_164:
[-1.0144  0.      0.      0.     -0.     -0.     -0.     -0.     -0.     -0.      1.42    0.     -0.      0.     -0.      0.      0.      0.
 -0.      0.      0.      0.     -0.8498 -0.      0.      0.      0.     -0.      0.     -0.     -0.     -0.      0.      0.     -0.     -0.
  0.0003  0.      0.      0.3815 -0.     -0.      0.      0.      0.227   1.244  -0.     -0.      0.     -0.      0.      0.      0.     -0.8683
  0.      0.      0.      0.      0.     -0.     -0.      0.     -0.      0.      0.      0.      0.      0.      0.      0.      0.4114 -0.
 -0.     -0.     -0.     -0.0016  0.     -0.     -0.      0.     -0.1175 -0.     -0.      0.614  -0.      0.     -0.     -0.      0.      0.
  0.      0.     -0.     -0.     -0.     -0.     -0.     -0.      0.      0.    ]

diagonale matrice pesi W_164 (1 / max(|w|, eps)):
[9.8581e-01 1.0000e+08 1.0000e+08 1.0000e+08 1.0000e+08 1.0000e+08 1.0000e+08 1.0000e+08 1.0000e+08 1.0000e+08 7.0422e-01 1.0000e+08 1.0000e+08
 1.0000e+08 1.0000e+08 1.0000e+08 1.0000e+08 1.0000e+08 1.0000e+08 1.0000e+08 1.0000e+08 1.0000e+08 1.1768e+00 2.3293e+04 1.0000e+08 1.0000e+08
 1.0000e+08 1.0000e+08 1.0000e+08 1.0000e+08 1.0000e+08 1.0000e+08 1.0000e+08 1.0000e+08 1.0000e+08 1.0000e+08 3.8236e+03 1.0000e+08 1.0000e+08
 2.6215e+00 1.0000e+08 1.0000e+08 1.0000e+08 1.0000e+08 4.4052e+00 8.0388e-01 1.0000e+08 1.0000e+08 1.0000e+08 1.0000e+08 1.0000e+08 1.0000e+08
 1.0000e+08 1.1516e+00 1.0000e+08 1.0000e+08 1.0000e+08 1.0000e+08 1.0000e+08 1.0000e+08 1.0000e+08 1.0000e+08 1.0000e+08 1.0000e+08 1.0000e+08
 1.0000e+08 1.0000e+08 1.0000e+08 1.0000e+08 1.0000e+08 2.4305e+00 1.0000e+08 1.0000e+08 1.0000e+08 1.0000e+08 6.1778e+02 1.0000e+08 1.0000e+08
 1.0000e+08 1.0000e+08 8.5126e+00 1.0000e+08 1.0000e+08 1.6285e+00 1.0000e+08 1.0000e+08 1.0000e+08 1.0000e+08 1.0000e+08 1.0000e+08 1.0000e+08
 1.0000e+08 1.0000e+08 1.0000e+08 1.0000e+08 1.0000e+08 1.0000e+08 1.0000e+08 1.0000e+08 2.8186e+05]

matrice di sistema Q_164 (A + lambda * W_164):
[[       1.0986       -0.0922       -0.0173       -0.0403       -0.0275 ...        0.0648       -0.02          0.0741        0.0644       -0.0096]
 [      -0.0922 10000001.           -0.0832       -0.0403       -0.0328 ...       -0.0131        0.1748       -0.0006       -0.0396       -0.1098]
 [      -0.0173       -0.0832 10000001.           -0.0997       -0.02   ...       -0.0945        0.0139       -0.0721        0.0284        0.0155]
 [      -0.0403       -0.0403       -0.0997 10000001.           -0.1078 ...        0.1176       -0.0406        0.0293        0.0054       -0.037 ]
 [      -0.0275       -0.0328       -0.02         -0.1078 10000001.     ...       -0.0815        0.0502        0.084        -0.0457       -0.0797]
 ...
 [       0.0648       -0.0131       -0.0945        0.1176       -0.0815 ... 10000001.           -0.0458        0.0256       -0.0061       -0.0081]
 [      -0.02          0.1748        0.0139       -0.0406        0.0502 ...       -0.0458 10000001.           -0.0824       -0.0423        0.0548]
 [       0.0741       -0.0006       -0.0721        0.0293        0.084  ...        0.0256       -0.0824 10000001.           -0.0403        0.0028]
 [       0.0644       -0.0396        0.0284        0.0054       -0.0457 ...       -0.0061       -0.0423       -0.0403 10000001.            0.0801]
 [      -0.0096       -0.1098        0.0155       -0.037        -0.0797 ...       -0.0081        0.0548        0.0028        0.0801    28186.693 ]]

------------------------------------------------------------

--- ITERAZIONE k = 165 ---
vettore w_165:
[-1.0144  0.      0.      0.     -0.     -0.     -0.     -0.     -0.     -0.      1.42    0.     -0.      0.     -0.      0.      0.      0.
 -0.      0.      0.      0.     -0.8498 -0.      0.      0.      0.     -0.      0.     -0.     -0.     -0.      0.      0.     -0.     -0.
  0.0003  0.      0.      0.3815 -0.     -0.      0.      0.      0.227   1.244  -0.     -0.      0.     -0.      0.      0.      0.     -0.8683
  0.      0.      0.      0.      0.     -0.     -0.      0.     -0.      0.      0.      0.      0.      0.      0.      0.      0.4114 -0.
 -0.     -0.     -0.     -0.0017  0.     -0.     -0.      0.     -0.1175 -0.     -0.      0.614  -0.      0.     -0.     -0.      0.      0.
  0.      0.     -0.     -0.     -0.     -0.     -0.     -0.      0.      0.    ]

diagonale matrice pesi W_165 (1 / max(|w|, eps)):
[9.8581e-01 1.0000e+08 1.0000e+08 1.0000e+08 1.0000e+08 1.0000e+08 1.0000e+08 1.0000e+08 1.0000e+08 1.0000e+08 7.0422e-01 1.0000e+08 1.0000e+08
 1.0000e+08 1.0000e+08 1.0000e+08 1.0000e+08 1.0000e+08 1.0000e+08 1.0000e+08 1.0000e+08 1.0000e+08 1.1768e+00 2.2508e+04 1.0000e+08 1.0000e+08
 1.0000e+08 1.0000e+08 1.0000e+08 1.0000e+08 1.0000e+08 1.0000e+08 1.0000e+08 1.0000e+08 1.0000e+08 1.0000e+08 3.8553e+03 1.0000e+08 1.0000e+08
 2.6215e+00 1.0000e+08 1.0000e+08 1.0000e+08 1.0000e+08 4.4053e+00 8.0388e-01 1.0000e+08 1.0000e+08 1.0000e+08 1.0000e+08 1.0000e+08 1.0000e+08
 1.0000e+08 1.1516e+00 1.0000e+08 1.0000e+08 1.0000e+08 1.0000e+08 1.0000e+08 1.0000e+08 1.0000e+08 1.0000e+08 1.0000e+08 1.0000e+08 1.0000e+08
 1.0000e+08 1.0000e+08 1.0000e+08 1.0000e+08 1.0000e+08 2.4305e+00 1.0000e+08 1.0000e+08 1.0000e+08 1.0000e+08 5.8792e+02 1.0000e+08 1.0000e+08
 1.0000e+08 1.0000e+08 8.5126e+00 1.0000e+08 1.0000e+08 1.6285e+00 1.0000e+08 1.0000e+08 1.0000e+08 1.0000e+08 1.0000e+08 1.0000e+08 1.0000e+08
 1.0000e+08 1.0000e+08 1.0000e+08 1.0000e+08 1.0000e+08 1.0000e+08 1.0000e+08 1.0000e+08 2.8673e+05]

matrice di sistema Q_165 (A + lambda * W_165):
[[       1.0986       -0.0922       -0.0173       -0.0403       -0.0275 ...        0.0648       -0.02          0.0741        0.0644       -0.0096]
 [      -0.0922 10000001.           -0.0832       -0.0403       -0.0328 ...       -0.0131        0.1748       -0.0006       -0.0396       -0.1098]
 [      -0.0173       -0.0832 10000001.           -0.0997       -0.02   ...       -0.0945        0.0139       -0.0721        0.0284        0.0155]
 [      -0.0403       -0.0403       -0.0997 10000001.           -0.1078 ...        0.1176       -0.0406        0.0293        0.0054       -0.037 ]
 [      -0.0275       -0.0328       -0.02         -0.1078 10000001.     ...       -0.0815        0.0502        0.084        -0.0457       -0.0797]
 ...
 [       0.0648       -0.0131       -0.0945        0.1176       -0.0815 ... 10000001.           -0.0458        0.0256       -0.0061       -0.0081]
 [      -0.02          0.1748        0.0139       -0.0406        0.0502 ...       -0.0458 10000001.           -0.0824       -0.0423        0.0548]
 [       0.0741       -0.0006       -0.0721        0.0293        0.084  ...        0.0256       -0.0824 10000001.           -0.0403        0.0028]
 [       0.0644       -0.0396        0.0284        0.0054       -0.0457 ...       -0.0061       -0.0423       -0.0403 10000001.            0.0801]
 [      -0.0096       -0.1098        0.0155       -0.037        -0.0797 ...       -0.0081        0.0548        0.0028        0.0801    28673.6598]]

------------------------------------------------------------

--- ITERAZIONE k = 166 ---
vettore w_166:
[-1.0144  0.      0.      0.     -0.     -0.     -0.     -0.     -0.     -0.      1.42    0.     -0.      0.     -0.      0.      0.      0.
 -0.      0.      0.      0.     -0.8498 -0.      0.      0.      0.     -0.      0.     -0.     -0.     -0.      0.      0.     -0.     -0.
  0.0003  0.      0.      0.3815 -0.     -0.      0.      0.      0.227   1.244  -0.     -0.      0.     -0.      0.      0.      0.     -0.8683
  0.      0.      0.      0.      0.     -0.     -0.      0.     -0.      0.      0.      0.      0.      0.      0.      0.      0.4114 -0.
 -0.     -0.     -0.     -0.0018  0.     -0.     -0.      0.     -0.1175 -0.     -0.      0.614  -0.      0.     -0.     -0.      0.      0.
  0.      0.     -0.     -0.     -0.     -0.     -0.     -0.      0.      0.    ]

diagonale matrice pesi W_166 (1 / max(|w|, eps)):
[9.8580e-01 1.0000e+08 1.0000e+08 1.0000e+08 1.0000e+08 1.0000e+08 1.0000e+08 1.0000e+08 1.0000e+08 1.0000e+08 7.0422e-01 1.0000e+08 1.0000e+08
 1.0000e+08 1.0000e+08 1.0000e+08 1.0000e+08 1.0000e+08 1.0000e+08 1.0000e+08 1.0000e+08 1.0000e+08 1.1768e+00 2.1748e+04 1.0000e+08 1.0000e+08
 1.0000e+08 1.0000e+08 1.0000e+08 1.0000e+08 1.0000e+08 1.0000e+08 1.0000e+08 1.0000e+08 1.0000e+08 1.0000e+08 3.8870e+03 1.0000e+08 1.0000e+08
 2.6215e+00 1.0000e+08 1.0000e+08 1.0000e+08 1.0000e+08 4.4054e+00 8.0388e-01 1.0000e+08 1.0000e+08 1.0000e+08 1.0000e+08 1.0000e+08 1.0000e+08
 1.0000e+08 1.1516e+00 1.0000e+08 1.0000e+08 1.0000e+08 1.0000e+08 1.0000e+08 1.0000e+08 1.0000e+08 1.0000e+08 1.0000e+08 1.0000e+08 1.0000e+08
 1.0000e+08 1.0000e+08 1.0000e+08 1.0000e+08 1.0000e+08 2.4305e+00 1.0000e+08 1.0000e+08 1.0000e+08 1.0000e+08 5.5995e+02 1.0000e+08 1.0000e+08
 1.0000e+08 1.0000e+08 8.5126e+00 1.0000e+08 1.0000e+08 1.6286e+00 1.0000e+08 1.0000e+08 1.0000e+08 1.0000e+08 1.0000e+08 1.0000e+08 1.0000e+08
 1.0000e+08 1.0000e+08 1.0000e+08 1.0000e+08 1.0000e+08 1.0000e+08 1.0000e+08 1.0000e+08 2.9168e+05]

matrice di sistema Q_166 (A + lambda * W_166):
[[       1.0986       -0.0922       -0.0173       -0.0403       -0.0275 ...        0.0648       -0.02          0.0741        0.0644       -0.0096]
 [      -0.0922 10000001.           -0.0832       -0.0403       -0.0328 ...       -0.0131        0.1748       -0.0006       -0.0396       -0.1098]
 [      -0.0173       -0.0832 10000001.           -0.0997       -0.02   ...       -0.0945        0.0139       -0.0721        0.0284        0.0155]
 [      -0.0403       -0.0403       -0.0997 10000001.           -0.1078 ...        0.1176       -0.0406        0.0293        0.0054       -0.037 ]
 [      -0.0275       -0.0328       -0.02         -0.1078 10000001.     ...       -0.0815        0.0502        0.084        -0.0457       -0.0797]
 ...
 [       0.0648       -0.0131       -0.0945        0.1176       -0.0815 ... 10000001.           -0.0458        0.0256       -0.0061       -0.0081]
 [      -0.02          0.1748        0.0139       -0.0406        0.0502 ...       -0.0458 10000001.           -0.0824       -0.0423        0.0548]
 [       0.0741       -0.0006       -0.0721        0.0293        0.084  ...        0.0256       -0.0824 10000001.           -0.0403        0.0028]
 [       0.0644       -0.0396        0.0284        0.0054       -0.0457 ...       -0.0061       -0.0423       -0.0403 10000001.            0.0801]
 [      -0.0096       -0.1098        0.0155       -0.037        -0.0797 ...       -0.0081        0.0548        0.0028        0.0801    29169.0987]]

------------------------------------------------------------

--- ITERAZIONE k = 167 ---
vettore w_167:
[-1.0144  0.      0.      0.     -0.     -0.     -0.     -0.     -0.     -0.      1.42    0.     -0.      0.     -0.      0.      0.      0.
 -0.      0.      0.      0.     -0.8498 -0.      0.      0.      0.     -0.      0.     -0.     -0.     -0.      0.      0.     -0.     -0.
  0.0003  0.      0.      0.3815 -0.     -0.      0.      0.      0.227   1.244  -0.     -0.      0.     -0.      0.      0.      0.     -0.8683
  0.      0.      0.      0.      0.     -0.     -0.      0.     -0.      0.      0.      0.      0.      0.      0.      0.      0.4114 -0.
 -0.     -0.     -0.     -0.0019  0.     -0.     -0.      0.     -0.1175 -0.     -0.      0.614  -0.      0.     -0.     -0.      0.      0.
  0.      0.     -0.     -0.     -0.     -0.     -0.     -0.      0.      0.    ]

diagonale matrice pesi W_167 (1 / max(|w|, eps)):
[9.8580e-01 1.0000e+08 1.0000e+08 1.0000e+08 1.0000e+08 1.0000e+08 1.0000e+08 1.0000e+08 1.0000e+08 1.0000e+08 7.0422e-01 1.0000e+08 1.0000e+08
 1.0000e+08 1.0000e+08 1.0000e+08 1.0000e+08 1.0000e+08 1.0000e+08 1.0000e+08 1.0000e+08 1.0000e+08 1.1768e+00 2.1011e+04 1.0000e+08 1.0000e+08
 1.0000e+08 1.0000e+08 1.0000e+08 1.0000e+08 1.0000e+08 1.0000e+08 1.0000e+08 1.0000e+08 1.0000e+08 1.0000e+08 3.9185e+03 1.0000e+08 1.0000e+08
 2.6214e+00 1.0000e+08 1.0000e+08 1.0000e+08 1.0000e+08 4.4054e+00 8.0388e-01 1.0000e+08 1.0000e+08 1.0000e+08 1.0000e+08 1.0000e+08 1.0000e+08
 1.0000e+08 1.1516e+00 1.0000e+08 1.0000e+08 1.0000e+08 1.0000e+08 1.0000e+08 1.0000e+08 1.0000e+08 1.0000e+08 1.0000e+08 1.0000e+08 1.0000e+08
 1.0000e+08 1.0000e+08 1.0000e+08 1.0000e+08 1.0000e+08 2.4305e+00 1.0000e+08 1.0000e+08 1.0000e+08 1.0000e+08 5.3375e+02 1.0000e+08 1.0000e+08
 1.0000e+08 1.0000e+08 8.5126e+00 1.0000e+08 1.0000e+08 1.6286e+00 1.0000e+08 1.0000e+08 1.0000e+08 1.0000e+08 1.0000e+08 1.0000e+08 1.0000e+08
 1.0000e+08 1.0000e+08 1.0000e+08 1.0000e+08 1.0000e+08 1.0000e+08 1.0000e+08 1.0000e+08 2.9672e+05]

matrice di sistema Q_167 (A + lambda * W_167):
[[       1.0986       -0.0922       -0.0173       -0.0403       -0.0275 ...        0.0648       -0.02          0.0741        0.0644       -0.0096]
 [      -0.0922 10000001.           -0.0832       -0.0403       -0.0328 ...       -0.0131        0.1748       -0.0006       -0.0396       -0.1098]
 [      -0.0173       -0.0832 10000001.           -0.0997       -0.02   ...       -0.0945        0.0139       -0.0721        0.0284        0.0155]
 [      -0.0403       -0.0403       -0.0997 10000001.           -0.1078 ...        0.1176       -0.0406        0.0293        0.0054       -0.037 ]
 [      -0.0275       -0.0328       -0.02         -0.1078 10000001.     ...       -0.0815        0.0502        0.084        -0.0457       -0.0797]
 ...
 [       0.0648       -0.0131       -0.0945        0.1176       -0.0815 ... 10000001.           -0.0458        0.0256       -0.0061       -0.0081]
 [      -0.02          0.1748        0.0139       -0.0406        0.0502 ...       -0.0458 10000001.           -0.0824       -0.0423        0.0548]
 [       0.0741       -0.0006       -0.0721        0.0293        0.084  ...        0.0256       -0.0824 10000001.           -0.0403        0.0028]
 [       0.0644       -0.0396        0.0284        0.0054       -0.0457 ...       -0.0061       -0.0423       -0.0403 10000001.            0.0801]
 [      -0.0096       -0.1098        0.0155       -0.037        -0.0797 ...       -0.0081        0.0548        0.0028        0.0801    29673.1594]]

------------------------------------------------------------

--- ITERAZIONE k = 168 ---
vettore w_168:
[-1.0144  0.      0.      0.     -0.     -0.     -0.     -0.     -0.     -0.      1.42    0.     -0.      0.     -0.      0.      0.      0.
 -0.      0.      0.      0.     -0.8498 -0.      0.      0.      0.     -0.      0.     -0.     -0.     -0.      0.      0.     -0.     -0.
  0.0003  0.      0.      0.3815 -0.     -0.      0.      0.      0.227   1.244  -0.     -0.      0.     -0.      0.      0.      0.     -0.8683
  0.      0.      0.      0.      0.     -0.     -0.      0.     -0.      0.      0.      0.      0.      0.      0.      0.      0.4114 -0.
 -0.     -0.     -0.     -0.002   0.     -0.     -0.      0.     -0.1175 -0.     -0.      0.614  -0.      0.     -0.     -0.      0.      0.
  0.      0.     -0.     -0.     -0.     -0.     -0.     -0.      0.      0.    ]

diagonale matrice pesi W_168 (1 / max(|w|, eps)):
[9.8579e-01 1.0000e+08 1.0000e+08 1.0000e+08 1.0000e+08 1.0000e+08 1.0000e+08 1.0000e+08 1.0000e+08 1.0000e+08 7.0422e-01 1.0000e+08 1.0000e+08
 1.0000e+08 1.0000e+08 1.0000e+08 1.0000e+08 1.0000e+08 1.0000e+08 1.0000e+08 1.0000e+08 1.0000e+08 1.1768e+00 2.0297e+04 1.0000e+08 1.0000e+08
 1.0000e+08 1.0000e+08 1.0000e+08 1.0000e+08 1.0000e+08 1.0000e+08 1.0000e+08 1.0000e+08 1.0000e+08 1.0000e+08 3.9499e+03 1.0000e+08 1.0000e+08
 2.6214e+00 1.0000e+08 1.0000e+08 1.0000e+08 1.0000e+08 4.4055e+00 8.0389e-01 1.0000e+08 1.0000e+08 1.0000e+08 1.0000e+08 1.0000e+08 1.0000e+08
 1.0000e+08 1.1516e+00 1.0000e+08 1.0000e+08 1.0000e+08 1.0000e+08 1.0000e+08 1.0000e+08 1.0000e+08 1.0000e+08 1.0000e+08 1.0000e+08 1.0000e+08
 1.0000e+08 1.0000e+08 1.0000e+08 1.0000e+08 1.0000e+08 2.4305e+00 1.0000e+08 1.0000e+08 1.0000e+08 1.0000e+08 5.0920e+02 1.0000e+08 1.0000e+08
 1.0000e+08 1.0000e+08 8.5126e+00 1.0000e+08 1.0000e+08 1.6286e+00 1.0000e+08 1.0000e+08 1.0000e+08 1.0000e+08 1.0000e+08 1.0000e+08 1.0000e+08
 1.0000e+08 1.0000e+08 1.0000e+08 1.0000e+08 1.0000e+08 1.0000e+08 1.0000e+08 1.0000e+08 3.0185e+05]

matrice di sistema Q_168 (A + lambda * W_168):
[[       1.0986       -0.0922       -0.0173       -0.0403       -0.0275 ...        0.0648       -0.02          0.0741        0.0644       -0.0096]
 [      -0.0922 10000001.           -0.0832       -0.0403       -0.0328 ...       -0.0131        0.1748       -0.0006       -0.0396       -0.1098]
 [      -0.0173       -0.0832 10000001.           -0.0997       -0.02   ...       -0.0945        0.0139       -0.0721        0.0284        0.0155]
 [      -0.0403       -0.0403       -0.0997 10000001.           -0.1078 ...        0.1176       -0.0406        0.0293        0.0054       -0.037 ]
 [      -0.0275       -0.0328       -0.02         -0.1078 10000001.     ...       -0.0815        0.0502        0.084        -0.0457       -0.0797]
 ...
 [       0.0648       -0.0131       -0.0945        0.1176       -0.0815 ... 10000001.           -0.0458        0.0256       -0.0061       -0.0081]
 [      -0.02          0.1748        0.0139       -0.0406        0.0502 ...       -0.0458 10000001.           -0.0824       -0.0423        0.0548]
 [       0.0741       -0.0006       -0.0721        0.0293        0.084  ...        0.0256       -0.0824 10000001.           -0.0403        0.0028]
 [       0.0644       -0.0396        0.0284        0.0054       -0.0457 ...       -0.0061       -0.0423       -0.0403 10000001.            0.0801]
 [      -0.0096       -0.1098        0.0155       -0.037        -0.0797 ...       -0.0081        0.0548        0.0028        0.0801    30185.994 ]]

------------------------------------------------------------

--- ITERAZIONE k = 169 ---
vettore w_169:
[-1.0144  0.      0.      0.     -0.     -0.     -0.     -0.     -0.     -0.      1.42    0.     -0.      0.     -0.      0.      0.      0.
 -0.      0.      0.      0.     -0.8498 -0.0001  0.      0.      0.     -0.      0.     -0.     -0.     -0.      0.      0.     -0.     -0.
  0.0003  0.      0.      0.3815 -0.     -0.      0.      0.      0.227   1.244  -0.     -0.      0.     -0.      0.      0.      0.     -0.8683
  0.      0.      0.      0.      0.     -0.     -0.      0.     -0.      0.      0.      0.      0.      0.      0.      0.      0.4114 -0.
 -0.     -0.     -0.     -0.0021  0.     -0.     -0.      0.     -0.1175 -0.     -0.      0.614  -0.      0.     -0.     -0.      0.      0.
  0.      0.     -0.     -0.     -0.     -0.     -0.     -0.      0.      0.    ]

diagonale matrice pesi W_169 (1 / max(|w|, eps)):
[9.8579e-01 1.0000e+08 1.0000e+08 1.0000e+08 1.0000e+08 1.0000e+08 1.0000e+08 1.0000e+08 1.0000e+08 1.0000e+08 7.0422e-01 1.0000e+08 1.0000e+08
 1.0000e+08 1.0000e+08 1.0000e+08 1.0000e+08 1.0000e+08 1.0000e+08 1.0000e+08 1.0000e+08 1.0000e+08 1.1767e+00 1.9605e+04 1.0000e+08 1.0000e+08
 1.0000e+08 1.0000e+08 1.0000e+08 1.0000e+08 1.0000e+08 1.0000e+08 1.0000e+08 1.0000e+08 1.0000e+08 1.0000e+08 3.9812e+03 1.0000e+08 1.0000e+08
 2.6214e+00 1.0000e+08 1.0000e+08 1.0000e+08 1.0000e+08 4.4056e+00 8.0389e-01 1.0000e+08 1.0000e+08 1.0000e+08 1.0000e+08 1.0000e+08 1.0000e+08
 1.0000e+08 1.1516e+00 1.0000e+08 1.0000e+08 1.0000e+08 1.0000e+08 1.0000e+08 1.0000e+08 1.0000e+08 1.0000e+08 1.0000e+08 1.0000e+08 1.0000e+08
 1.0000e+08 1.0000e+08 1.0000e+08 1.0000e+08 1.0000e+08 2.4306e+00 1.0000e+08 1.0000e+08 1.0000e+08 1.0000e+08 4.8619e+02 1.0000e+08 1.0000e+08
 1.0000e+08 1.0000e+08 8.5126e+00 1.0000e+08 1.0000e+08 1.6286e+00 1.0000e+08 1.0000e+08 1.0000e+08 1.0000e+08 1.0000e+08 1.0000e+08 1.0000e+08
 1.0000e+08 1.0000e+08 1.0000e+08 1.0000e+08 1.0000e+08 1.0000e+08 1.0000e+08 1.0000e+08 3.0707e+05]

matrice di sistema Q_169 (A + lambda * W_169):
[[       1.0986       -0.0922       -0.0173       -0.0403       -0.0275 ...        0.0648       -0.02          0.0741        0.0644       -0.0096]
 [      -0.0922 10000001.           -0.0832       -0.0403       -0.0328 ...       -0.0131        0.1748       -0.0006       -0.0396       -0.1098]
 [      -0.0173       -0.0832 10000001.           -0.0997       -0.02   ...       -0.0945        0.0139       -0.0721        0.0284        0.0155]
 [      -0.0403       -0.0403       -0.0997 10000001.           -0.1078 ...        0.1176       -0.0406        0.0293        0.0054       -0.037 ]
 [      -0.0275       -0.0328       -0.02         -0.1078 10000001.     ...       -0.0815        0.0502        0.084        -0.0457       -0.0797]
 ...
 [       0.0648       -0.0131       -0.0945        0.1176       -0.0815 ... 10000001.           -0.0458        0.0256       -0.0061       -0.0081]
 [      -0.02          0.1748        0.0139       -0.0406        0.0502 ...       -0.0458 10000001.           -0.0824       -0.0423        0.0548]
 [       0.0741       -0.0006       -0.0721        0.0293        0.084  ...        0.0256       -0.0824 10000001.           -0.0403        0.0028]
 [       0.0644       -0.0396        0.0284        0.0054       -0.0457 ...       -0.0061       -0.0423       -0.0403 10000001.            0.0801]
 [      -0.0096       -0.1098        0.0155       -0.037        -0.0797 ...       -0.0081        0.0548        0.0028        0.0801    30707.7576]]

------------------------------------------------------------

--- ITERAZIONE k = 170 ---
vettore w_170:
[-1.0144  0.      0.      0.     -0.     -0.     -0.     -0.     -0.     -0.      1.42    0.     -0.      0.     -0.      0.      0.      0.
 -0.      0.      0.      0.     -0.8498 -0.0001  0.      0.      0.     -0.      0.     -0.     -0.     -0.      0.      0.     -0.     -0.
  0.0002  0.      0.      0.3815 -0.     -0.      0.      0.      0.227   1.2439 -0.     -0.      0.     -0.      0.      0.      0.     -0.8683
  0.      0.      0.      0.      0.     -0.     -0.      0.     -0.      0.      0.      0.      0.      0.      0.      0.      0.4114 -0.
 -0.     -0.     -0.     -0.0022  0.     -0.     -0.      0.     -0.1175 -0.     -0.      0.614  -0.      0.     -0.     -0.      0.      0.
  0.      0.     -0.     -0.     -0.     -0.     -0.     -0.      0.      0.    ]

diagonale matrice pesi W_170 (1 / max(|w|, eps)):
[9.8578e-01 1.0000e+08 1.0000e+08 1.0000e+08 1.0000e+08 1.0000e+08 1.0000e+08 1.0000e+08 1.0000e+08 1.0000e+08 7.0422e-01 1.0000e+08 1.0000e+08
 1.0000e+08 1.0000e+08 1.0000e+08 1.0000e+08 1.0000e+08 1.0000e+08 1.0000e+08 1.0000e+08 1.0000e+08 1.1767e+00 1.8935e+04 1.0000e+08 1.0000e+08
 1.0000e+08 1.0000e+08 1.0000e+08 1.0000e+08 1.0000e+08 1.0000e+08 1.0000e+08 1.0000e+08 1.0000e+08 1.0000e+08 4.0124e+03 1.0000e+08 1.0000e+08
 2.6213e+00 1.0000e+08 1.0000e+08 1.0000e+08 1.0000e+08 4.4056e+00 8.0389e-01 1.0000e+08 1.0000e+08 1.0000e+08 1.0000e+08 1.0000e+08 1.0000e+08
 1.0000e+08 1.1516e+00 1.0000e+08 1.0000e+08 1.0000e+08 1.0000e+08 1.0000e+08 1.0000e+08 1.0000e+08 1.0000e+08 1.0000e+08 1.0000e+08 1.0000e+08
 1.0000e+08 1.0000e+08 1.0000e+08 1.0000e+08 1.0000e+08 2.4306e+00 1.0000e+08 1.0000e+08 1.0000e+08 1.0000e+08 4.6464e+02 1.0000e+08 1.0000e+08
 1.0000e+08 1.0000e+08 8.5126e+00 1.0000e+08 1.0000e+08 1.6286e+00 1.0000e+08 1.0000e+08 1.0000e+08 1.0000e+08 1.0000e+08 1.0000e+08 1.0000e+08
 1.0000e+08 1.0000e+08 1.0000e+08 1.0000e+08 1.0000e+08 1.0000e+08 1.0000e+08 1.0000e+08 3.1238e+05]

matrice di sistema Q_170 (A + lambda * W_170):
[[       1.0986       -0.0922       -0.0173       -0.0403       -0.0275 ...        0.0648       -0.02          0.0741        0.0644       -0.0096]
 [      -0.0922 10000001.           -0.0832       -0.0403       -0.0328 ...       -0.0131        0.1748       -0.0006       -0.0396       -0.1098]
 [      -0.0173       -0.0832 10000001.           -0.0997       -0.02   ...       -0.0945        0.0139       -0.0721        0.0284        0.0155]
 [      -0.0403       -0.0403       -0.0997 10000001.           -0.1078 ...        0.1176       -0.0406        0.0293        0.0054       -0.037 ]
 [      -0.0275       -0.0328       -0.02         -0.1078 10000001.     ...       -0.0815        0.0502        0.084        -0.0457       -0.0797]
 ...
 [       0.0648       -0.0131       -0.0945        0.1176       -0.0815 ... 10000001.           -0.0458        0.0256       -0.0061       -0.0081]
 [      -0.02          0.1748        0.0139       -0.0406        0.0502 ...       -0.0458 10000001.           -0.0824       -0.0423        0.0548]
 [       0.0741       -0.0006       -0.0721        0.0293        0.084  ...        0.0256       -0.0824 10000001.           -0.0403        0.0028]
 [       0.0644       -0.0396        0.0284        0.0054       -0.0457 ...       -0.0061       -0.0423       -0.0403 10000001.            0.0801]
 [      -0.0096       -0.1098        0.0155       -0.037        -0.0797 ...       -0.0081        0.0548        0.0028        0.0801    31238.6076]]

------------------------------------------------------------

--- ITERAZIONE k = 171 ---
vettore w_171:
[-1.0144  0.      0.      0.     -0.     -0.     -0.     -0.     -0.     -0.      1.42    0.     -0.      0.     -0.      0.      0.      0.
 -0.      0.      0.      0.     -0.8498 -0.0001  0.      0.      0.     -0.      0.     -0.     -0.     -0.      0.      0.     -0.     -0.
  0.0002  0.      0.      0.3815 -0.     -0.      0.      0.      0.227   1.2439 -0.     -0.      0.     -0.      0.      0.      0.     -0.8683
  0.      0.      0.      0.      0.     -0.     -0.      0.     -0.      0.      0.      0.      0.      0.      0.      0.      0.4114 -0.
 -0.     -0.     -0.     -0.0023  0.     -0.     -0.      0.     -0.1175 -0.     -0.      0.614  -0.      0.     -0.     -0.      0.      0.
  0.      0.     -0.     -0.     -0.     -0.     -0.     -0.      0.      0.    ]

diagonale matrice pesi W_171 (1 / max(|w|, eps)):
[9.8578e-01 1.0000e+08 1.0000e+08 1.0000e+08 1.0000e+08 1.0000e+08 1.0000e+08 1.0000e+08 1.0000e+08 1.0000e+08 7.0422e-01 1.0000e+08 1.0000e+08
 1.0000e+08 1.0000e+08 1.0000e+08 1.0000e+08 1.0000e+08 1.0000e+08 1.0000e+08 1.0000e+08 1.0000e+08 1.1767e+00 1.8286e+04 1.0000e+08 1.0000e+08
 1.0000e+08 1.0000e+08 1.0000e+08 1.0000e+08 1.0000e+08 1.0000e+08 1.0000e+08 1.0000e+08 1.0000e+08 1.0000e+08 4.0434e+03 1.0000e+08 1.0000e+08
 2.6213e+00 1.0000e+08 1.0000e+08 1.0000e+08 1.0000e+08 4.4057e+00 8.0389e-01 1.0000e+08 1.0000e+08 1.0000e+08 1.0000e+08 1.0000e+08 1.0000e+08
 1.0000e+08 1.1517e+00 1.0000e+08 1.0000e+08 1.0000e+08 1.0000e+08 1.0000e+08 1.0000e+08 1.0000e+08 1.0000e+08 1.0000e+08 1.0000e+08 1.0000e+08
 1.0000e+08 1.0000e+08 1.0000e+08 1.0000e+08 1.0000e+08 2.4306e+00 1.0000e+08 1.0000e+08 1.0000e+08 1.0000e+08 4.4444e+02 1.0000e+08 1.0000e+08
 1.0000e+08 1.0000e+08 8.5126e+00 1.0000e+08 1.0000e+08 1.6286e+00 1.0000e+08 1.0000e+08 1.0000e+08 1.0000e+08 1.0000e+08 1.0000e+08 1.0000e+08
 1.0000e+08 1.0000e+08 1.0000e+08 1.0000e+08 1.0000e+08 1.0000e+08 1.0000e+08 1.0000e+08 3.1778e+05]

matrice di sistema Q_171 (A + lambda * W_171):
[[       1.0986       -0.0922       -0.0173       -0.0403       -0.0275 ...        0.0648       -0.02          0.0741        0.0644       -0.0096]
 [      -0.0922 10000001.           -0.0832       -0.0403       -0.0328 ...       -0.0131        0.1748       -0.0006       -0.0396       -0.1098]
 [      -0.0173       -0.0832 10000001.           -0.0997       -0.02   ...       -0.0945        0.0139       -0.0721        0.0284        0.0155]
 [      -0.0403       -0.0403       -0.0997 10000001.           -0.1078 ...        0.1176       -0.0406        0.0293        0.0054       -0.037 ]
 [      -0.0275       -0.0328       -0.02         -0.1078 10000001.     ...       -0.0815        0.0502        0.084        -0.0457       -0.0797]
 ...
 [       0.0648       -0.0131       -0.0945        0.1176       -0.0815 ... 10000001.           -0.0458        0.0256       -0.0061       -0.0081]
 [      -0.02          0.1748        0.0139       -0.0406        0.0502 ...       -0.0458 10000001.           -0.0824       -0.0423        0.0548]
 [       0.0741       -0.0006       -0.0721        0.0293        0.084  ...        0.0256       -0.0824 10000001.           -0.0403        0.0028]
 [       0.0644       -0.0396        0.0284        0.0054       -0.0457 ...       -0.0061       -0.0423       -0.0403 10000001.            0.0801]
 [      -0.0096       -0.1098        0.0155       -0.037        -0.0797 ...       -0.0081        0.0548        0.0028        0.0801    31778.7045]]

------------------------------------------------------------

--- ITERAZIONE k = 172 ---
vettore w_172:
[-1.0144  0.      0.      0.     -0.     -0.     -0.     -0.     -0.     -0.      1.42    0.     -0.      0.     -0.      0.      0.      0.
 -0.      0.      0.      0.     -0.8498 -0.0001  0.      0.      0.     -0.      0.     -0.     -0.     -0.      0.      0.     -0.     -0.
  0.0002  0.      0.      0.3815 -0.     -0.      0.      0.      0.227   1.2439 -0.     -0.      0.     -0.      0.      0.      0.     -0.8683
  0.      0.      0.      0.      0.     -0.     -0.      0.     -0.      0.      0.      0.      0.      0.      0.      0.      0.4114 -0.
 -0.     -0.     -0.     -0.0024  0.     -0.     -0.      0.     -0.1175 -0.     -0.      0.614  -0.      0.     -0.     -0.      0.      0.
  0.      0.     -0.     -0.     -0.     -0.     -0.     -0.      0.      0.    ]

diagonale matrice pesi W_172 (1 / max(|w|, eps)):
[9.8577e-01 1.0000e+08 1.0000e+08 1.0000e+08 1.0000e+08 1.0000e+08 1.0000e+08 1.0000e+08 1.0000e+08 1.0000e+08 7.0422e-01 1.0000e+08 1.0000e+08
 1.0000e+08 1.0000e+08 1.0000e+08 1.0000e+08 1.0000e+08 1.0000e+08 1.0000e+08 1.0000e+08 1.0000e+08 1.1767e+00 1.7657e+04 1.0000e+08 1.0000e+08
 1.0000e+08 1.0000e+08 1.0000e+08 1.0000e+08 1.0000e+08 1.0000e+08 1.0000e+08 1.0000e+08 1.0000e+08 1.0000e+08 4.0743e+03 1.0000e+08 1.0000e+08
 2.6213e+00 1.0000e+08 1.0000e+08 1.0000e+08 1.0000e+08 4.4058e+00 8.0390e-01 1.0000e+08 1.0000e+08 1.0000e+08 1.0000e+08 1.0000e+08 1.0000e+08
 1.0000e+08 1.1517e+00 1.0000e+08 1.0000e+08 1.0000e+08 1.0000e+08 1.0000e+08 1.0000e+08 1.0000e+08 1.0000e+08 1.0000e+08 1.0000e+08 1.0000e+08
 1.0000e+08 1.0000e+08 1.0000e+08 1.0000e+08 1.0000e+08 2.4306e+00 1.0000e+08 1.0000e+08 1.0000e+08 1.0000e+08 4.2552e+02 1.0000e+08 1.0000e+08
 1.0000e+08 1.0000e+08 8.5126e+00 1.0000e+08 1.0000e+08 1.6287e+00 1.0000e+08 1.0000e+08 1.0000e+08 1.0000e+08 1.0000e+08 1.0000e+08 1.0000e+08
 1.0000e+08 1.0000e+08 1.0000e+08 1.0000e+08 1.0000e+08 1.0000e+08 1.0000e+08 1.0000e+08 3.2327e+05]

matrice di sistema Q_172 (A + lambda * W_172):
[[       1.0986       -0.0922       -0.0173       -0.0403       -0.0275 ...        0.0648       -0.02          0.0741        0.0644       -0.0096]
 [      -0.0922 10000001.           -0.0832       -0.0403       -0.0328 ...       -0.0131        0.1748       -0.0006       -0.0396       -0.1098]
 [      -0.0173       -0.0832 10000001.           -0.0997       -0.02   ...       -0.0945        0.0139       -0.0721        0.0284        0.0155]
 [      -0.0403       -0.0403       -0.0997 10000001.           -0.1078 ...        0.1176       -0.0406        0.0293        0.0054       -0.037 ]
 [      -0.0275       -0.0328       -0.02         -0.1078 10000001.     ...       -0.0815        0.0502        0.084        -0.0457       -0.0797]
 ...
 [       0.0648       -0.0131       -0.0945        0.1176       -0.0815 ... 10000001.           -0.0458        0.0256       -0.0061       -0.0081]
 [      -0.02          0.1748        0.0139       -0.0406        0.0502 ...       -0.0458 10000001.           -0.0824       -0.0423        0.0548]
 [       0.0741       -0.0006       -0.0721        0.0293        0.084  ...        0.0256       -0.0824 10000001.           -0.0403        0.0028]
 [       0.0644       -0.0396        0.0284        0.0054       -0.0457 ...       -0.0061       -0.0423       -0.0403 10000001.            0.0801]
 [      -0.0096       -0.1098        0.0155       -0.037        -0.0797 ...       -0.0081        0.0548        0.0028        0.0801    32328.2112]]

------------------------------------------------------------

--- ITERAZIONE k = 173 ---
vettore w_173:
[-1.0144  0.      0.      0.     -0.     -0.     -0.     -0.     -0.     -0.      1.42    0.     -0.      0.     -0.      0.      0.      0.
 -0.      0.      0.      0.     -0.8498 -0.0001  0.      0.      0.     -0.      0.     -0.     -0.     -0.      0.      0.     -0.     -0.
  0.0002  0.      0.      0.3815 -0.     -0.      0.      0.      0.227   1.2439 -0.     -0.      0.     -0.      0.      0.      0.     -0.8683
  0.      0.      0.      0.      0.     -0.     -0.      0.     -0.      0.      0.      0.      0.      0.      0.      0.      0.4114 -0.
 -0.     -0.     -0.     -0.0025  0.     -0.     -0.      0.     -0.1175 -0.     -0.      0.614  -0.      0.     -0.     -0.      0.      0.
  0.      0.     -0.     -0.     -0.     -0.     -0.     -0.      0.      0.    ]

diagonale matrice pesi W_173 (1 / max(|w|, eps)):
[9.8576e-01 1.0000e+08 1.0000e+08 1.0000e+08 1.0000e+08 1.0000e+08 1.0000e+08 1.0000e+08 1.0000e+08 1.0000e+08 7.0422e-01 1.0000e+08 1.0000e+08
 1.0000e+08 1.0000e+08 1.0000e+08 1.0000e+08 1.0000e+08 1.0000e+08 1.0000e+08 1.0000e+08 1.0000e+08 1.1767e+00 1.7048e+04 1.0000e+08 1.0000e+08
 1.0000e+08 1.0000e+08 1.0000e+08 1.0000e+08 1.0000e+08 1.0000e+08 1.0000e+08 1.0000e+08 1.0000e+08 1.0000e+08 4.1049e+03 1.0000e+08 1.0000e+08
 2.6212e+00 1.0000e+08 1.0000e+08 1.0000e+08 1.0000e+08 4.4059e+00 8.0390e-01 1.0000e+08 1.0000e+08 1.0000e+08 1.0000e+08 1.0000e+08 1.0000e+08
 1.0000e+08 1.1517e+00 1.0000e+08 1.0000e+08 1.0000e+08 1.0000e+08 1.0000e+08 1.0000e+08 1.0000e+08 1.0000e+08 1.0000e+08 1.0000e+08 1.0000e+08
 1.0000e+08 1.0000e+08 1.0000e+08 1.0000e+08 1.0000e+08 2.4306e+00 1.0000e+08 1.0000e+08 1.0000e+08 1.0000e+08 4.0779e+02 1.0000e+08 1.0000e+08
 1.0000e+08 1.0000e+08 8.5127e+00 1.0000e+08 1.0000e+08 1.6287e+00 1.0000e+08 1.0000e+08 1.0000e+08 1.0000e+08 1.0000e+08 1.0000e+08 1.0000e+08
 1.0000e+08 1.0000e+08 1.0000e+08 1.0000e+08 1.0000e+08 1.0000e+08 1.0000e+08 1.0000e+08 3.2886e+05]

matrice di sistema Q_173 (A + lambda * W_173):
[[       1.0986       -0.0922       -0.0173       -0.0403       -0.0275 ...        0.0648       -0.02          0.0741        0.0644       -0.0096]
 [      -0.0922 10000001.           -0.0832       -0.0403       -0.0328 ...       -0.0131        0.1748       -0.0006       -0.0396       -0.1098]
 [      -0.0173       -0.0832 10000001.           -0.0997       -0.02   ...       -0.0945        0.0139       -0.0721        0.0284        0.0155]
 [      -0.0403       -0.0403       -0.0997 10000001.           -0.1078 ...        0.1176       -0.0406        0.0293        0.0054       -0.037 ]
 [      -0.0275       -0.0328       -0.02         -0.1078 10000001.     ...       -0.0815        0.0502        0.084        -0.0457       -0.0797]
 ...
 [       0.0648       -0.0131       -0.0945        0.1176       -0.0815 ... 10000001.           -0.0458        0.0256       -0.0061       -0.0081]
 [      -0.02          0.1748        0.0139       -0.0406        0.0502 ...       -0.0458 10000001.           -0.0824       -0.0423        0.0548]
 [       0.0741       -0.0006       -0.0721        0.0293        0.084  ...        0.0256       -0.0824 10000001.           -0.0403        0.0028]
 [       0.0644       -0.0396        0.0284        0.0054       -0.0457 ...       -0.0061       -0.0423       -0.0403 10000001.            0.0801]
 [      -0.0096       -0.1098        0.0155       -0.037        -0.0797 ...       -0.0081        0.0548        0.0028        0.0801    32887.2938]]

------------------------------------------------------------

--- ITERAZIONE k = 174 ---
vettore w_174:
[-1.0144  0.      0.      0.     -0.     -0.     -0.     -0.     -0.     -0.      1.42    0.     -0.      0.     -0.      0.      0.      0.
 -0.      0.      0.      0.     -0.8499 -0.0001  0.      0.      0.     -0.      0.     -0.     -0.     -0.      0.      0.     -0.     -0.
  0.0002  0.      0.      0.3815 -0.     -0.      0.      0.      0.227   1.2439 -0.     -0.      0.     -0.      0.      0.      0.     -0.8683
  0.      0.      0.      0.      0.     -0.     -0.      0.     -0.      0.      0.      0.      0.      0.      0.      0.      0.4114 -0.
 -0.     -0.     -0.     -0.0026  0.     -0.     -0.      0.     -0.1175 -0.     -0.      0.614  -0.      0.     -0.     -0.      0.      0.
  0.      0.     -0.     -0.     -0.     -0.     -0.     -0.      0.      0.    ]

diagonale matrice pesi W_174 (1 / max(|w|, eps)):
[9.8576e-01 1.0000e+08 1.0000e+08 1.0000e+08 1.0000e+08 1.0000e+08 1.0000e+08 1.0000e+08 1.0000e+08 1.0000e+08 7.0422e-01 1.0000e+08 1.0000e+08
 1.0000e+08 1.0000e+08 1.0000e+08 1.0000e+08 1.0000e+08 1.0000e+08 1.0000e+08 1.0000e+08 1.0000e+08 1.1767e+00 1.6458e+04 1.0000e+08 1.0000e+08
 1.0000e+08 1.0000e+08 1.0000e+08 1.0000e+08 1.0000e+08 1.0000e+08 1.0000e+08 1.0000e+08 1.0000e+08 1.0000e+08 4.1354e+03 1.0000e+08 1.0000e+08
 2.6212e+00 1.0000e+08 1.0000e+08 1.0000e+08 1.0000e+08 4.4060e+00 8.0390e-01 1.0000e+08 1.0000e+08 1.0000e+08 1.0000e+08 1.0000e+08 1.0000e+08
 1.0000e+08 1.1517e+00 1.0000e+08 1.0000e+08 1.0000e+08 1.0000e+08 1.0000e+08 1.0000e+08 1.0000e+08 1.0000e+08 1.0000e+08 1.0000e+08 1.0000e+08
 1.0000e+08 1.0000e+08 1.0000e+08 1.0000e+08 1.0000e+08 2.4307e+00 1.0000e+08 1.0000e+08 1.0000e+08 1.0000e+08 3.9119e+02 1.0000e+08 1.0000e+08
 1.0000e+08 1.0000e+08 8.5127e+00 1.0000e+08 1.0000e+08 1.6287e+00 1.0000e+08 1.0000e+08 1.0000e+08 1.0000e+08 1.0000e+08 1.0000e+08 1.0000e+08
 1.0000e+08 1.0000e+08 1.0000e+08 1.0000e+08 1.0000e+08 1.0000e+08 1.0000e+08 1.0000e+08 3.3455e+05]

matrice di sistema Q_174 (A + lambda * W_174):
[[       1.0986       -0.0922       -0.0173       -0.0403       -0.0275 ...        0.0648       -0.02          0.0741        0.0644       -0.0096]
 [      -0.0922 10000001.           -0.0832       -0.0403       -0.0328 ...       -0.0131        0.1748       -0.0006       -0.0396       -0.1098]
 [      -0.0173       -0.0832 10000001.           -0.0997       -0.02   ...       -0.0945        0.0139       -0.0721        0.0284        0.0155]
 [      -0.0403       -0.0403       -0.0997 10000001.           -0.1078 ...        0.1176       -0.0406        0.0293        0.0054       -0.037 ]
 [      -0.0275       -0.0328       -0.02         -0.1078 10000001.     ...       -0.0815        0.0502        0.084        -0.0457       -0.0797]
 ...
 [       0.0648       -0.0131       -0.0945        0.1176       -0.0815 ... 10000001.           -0.0458        0.0256       -0.0061       -0.0081]
 [      -0.02          0.1748        0.0139       -0.0406        0.0502 ...       -0.0458 10000001.           -0.0824       -0.0423        0.0548]
 [       0.0741       -0.0006       -0.0721        0.0293        0.084  ...        0.0256       -0.0824 10000001.           -0.0403        0.0028]
 [       0.0644       -0.0396        0.0284        0.0054       -0.0457 ...       -0.0061       -0.0423       -0.0403 10000001.            0.0801]
 [      -0.0096       -0.1098        0.0155       -0.037        -0.0797 ...       -0.0081        0.0548        0.0028        0.0801    33456.1209]]

------------------------------------------------------------

--- ITERAZIONE k = 175 ---
vettore w_175:
[-1.0145  0.      0.      0.     -0.     -0.     -0.     -0.     -0.     -0.      1.42    0.     -0.      0.     -0.      0.      0.      0.
 -0.      0.      0.      0.     -0.8499 -0.0001  0.      0.      0.     -0.      0.     -0.     -0.     -0.      0.      0.     -0.     -0.
  0.0002  0.      0.      0.3815 -0.     -0.      0.      0.      0.227   1.2439 -0.     -0.      0.     -0.      0.      0.      0.     -0.8683
  0.      0.      0.      0.      0.     -0.     -0.      0.     -0.      0.      0.      0.      0.      0.      0.      0.      0.4114 -0.
 -0.     -0.     -0.     -0.0027  0.     -0.     -0.      0.     -0.1175 -0.     -0.      0.614  -0.      0.     -0.     -0.      0.      0.
  0.      0.     -0.     -0.     -0.     -0.     -0.     -0.      0.      0.    ]

diagonale matrice pesi W_175 (1 / max(|w|, eps)):
[9.8575e-01 1.0000e+08 1.0000e+08 1.0000e+08 1.0000e+08 1.0000e+08 1.0000e+08 1.0000e+08 1.0000e+08 1.0000e+08 7.0423e-01 1.0000e+08 1.0000e+08
 1.0000e+08 1.0000e+08 1.0000e+08 1.0000e+08 1.0000e+08 1.0000e+08 1.0000e+08 1.0000e+08 1.0000e+08 1.1767e+00 1.5887e+04 1.0000e+08 1.0000e+08
 1.0000e+08 1.0000e+08 1.0000e+08 1.0000e+08 1.0000e+08 1.0000e+08 1.0000e+08 1.0000e+08 1.0000e+08 1.0000e+08 4.1657e+03 1.0000e+08 1.0000e+08
 2.6212e+00 1.0000e+08 1.0000e+08 1.0000e+08 1.0000e+08 4.4060e+00 8.0390e-01 1.0000e+08 1.0000e+08 1.0000e+08 1.0000e+08 1.0000e+08 1.0000e+08
 1.0000e+08 1.1517e+00 1.0000e+08 1.0000e+08 1.0000e+08 1.0000e+08 1.0000e+08 1.0000e+08 1.0000e+08 1.0000e+08 1.0000e+08 1.0000e+08 1.0000e+08
 1.0000e+08 1.0000e+08 1.0000e+08 1.0000e+08 1.0000e+08 2.4307e+00 1.0000e+08 1.0000e+08 1.0000e+08 1.0000e+08 3.7562e+02 1.0000e+08 1.0000e+08
 1.0000e+08 1.0000e+08 8.5127e+00 1.0000e+08 1.0000e+08 1.6287e+00 1.0000e+08 1.0000e+08 1.0000e+08 1.0000e+08 1.0000e+08 1.0000e+08 1.0000e+08
 1.0000e+08 1.0000e+08 1.0000e+08 1.0000e+08 1.0000e+08 1.0000e+08 1.0000e+08 1.0000e+08 3.4034e+05]

matrice di sistema Q_175 (A + lambda * W_175):
[[       1.0986       -0.0922       -0.0173       -0.0403       -0.0275 ...        0.0648       -0.02          0.0741        0.0644       -0.0096]
 [      -0.0922 10000001.           -0.0832       -0.0403       -0.0328 ...       -0.0131        0.1748       -0.0006       -0.0396       -0.1098]
 [      -0.0173       -0.0832 10000001.           -0.0997       -0.02   ...       -0.0945        0.0139       -0.0721        0.0284        0.0155]
 [      -0.0403       -0.0403       -0.0997 10000001.           -0.1078 ...        0.1176       -0.0406        0.0293        0.0054       -0.037 ]
 [      -0.0275       -0.0328       -0.02         -0.1078 10000001.     ...       -0.0815        0.0502        0.084        -0.0457       -0.0797]
 ...
 [       0.0648       -0.0131       -0.0945        0.1176       -0.0815 ... 10000001.           -0.0458        0.0256       -0.0061       -0.0081]
 [      -0.02          0.1748        0.0139       -0.0406        0.0502 ...       -0.0458 10000001.           -0.0824       -0.0423        0.0548]
 [       0.0741       -0.0006       -0.0721        0.0293        0.084  ...        0.0256       -0.0824 10000001.           -0.0403        0.0028]
 [       0.0644       -0.0396        0.0284        0.0054       -0.0457 ...       -0.0061       -0.0423       -0.0403 10000001.            0.0801]
 [      -0.0096       -0.1098        0.0155       -0.037        -0.0797 ...       -0.0081        0.0548        0.0028        0.0801    34034.8641]]

------------------------------------------------------------

--- ITERAZIONE k = 176 ---
vettore w_176:
[-1.0145  0.      0.      0.     -0.     -0.     -0.     -0.     -0.     -0.      1.42    0.     -0.      0.     -0.      0.      0.      0.
 -0.      0.      0.      0.     -0.8499 -0.0001  0.      0.      0.     -0.      0.     -0.     -0.     -0.      0.      0.     -0.     -0.
  0.0002  0.      0.      0.3815 -0.     -0.      0.      0.      0.227   1.2439 -0.     -0.      0.     -0.      0.      0.      0.     -0.8683
  0.      0.      0.      0.      0.     -0.     -0.      0.     -0.      0.      0.      0.      0.      0.      0.      0.      0.4114 -0.
 -0.     -0.     -0.     -0.0028  0.     -0.     -0.      0.     -0.1175 -0.     -0.      0.614  -0.      0.     -0.     -0.      0.      0.
  0.      0.     -0.     -0.     -0.     -0.     -0.     -0.      0.      0.    ]

diagonale matrice pesi W_176 (1 / max(|w|, eps)):
[9.8575e-01 1.0000e+08 1.0000e+08 1.0000e+08 1.0000e+08 1.0000e+08 1.0000e+08 1.0000e+08 1.0000e+08 1.0000e+08 7.0423e-01 1.0000e+08 1.0000e+08
 1.0000e+08 1.0000e+08 1.0000e+08 1.0000e+08 1.0000e+08 1.0000e+08 1.0000e+08 1.0000e+08 1.0000e+08 1.1766e+00 1.5333e+04 1.0000e+08 1.0000e+08
 1.0000e+08 1.0000e+08 1.0000e+08 1.0000e+08 1.0000e+08 1.0000e+08 1.0000e+08 1.0000e+08 1.0000e+08 1.0000e+08 4.1958e+03 1.0000e+08 1.0000e+08
 2.6211e+00 1.0000e+08 1.0000e+08 1.0000e+08 1.0000e+08 4.4061e+00 8.0391e-01 1.0000e+08 1.0000e+08 1.0000e+08 1.0000e+08 1.0000e+08 1.0000e+08
 1.0000e+08 1.1517e+00 1.0000e+08 1.0000e+08 1.0000e+08 1.0000e+08 1.0000e+08 1.0000e+08 1.0000e+08 1.0000e+08 1.0000e+08 1.0000e+08 1.0000e+08
 1.0000e+08 1.0000e+08 1.0000e+08 1.0000e+08 1.0000e+08 2.4307e+00 1.0000e+08 1.0000e+08 1.0000e+08 1.0000e+08 3.6104e+02 1.0000e+08 1.0000e+08
 1.0000e+08 1.0000e+08 8.5127e+00 1.0000e+08 1.0000e+08 1.6287e+00 1.0000e+08 1.0000e+08 1.0000e+08 1.0000e+08 1.0000e+08 1.0000e+08 1.0000e+08
 1.0000e+08 1.0000e+08 1.0000e+08 1.0000e+08 1.0000e+08 1.0000e+08 1.0000e+08 1.0000e+08 3.4623e+05]

matrice di sistema Q_176 (A + lambda * W_176):
[[       1.0986       -0.0922       -0.0173       -0.0403       -0.0275 ...        0.0648       -0.02          0.0741        0.0644       -0.0096]
 [      -0.0922 10000001.           -0.0832       -0.0403       -0.0328 ...       -0.0131        0.1748       -0.0006       -0.0396       -0.1098]
 [      -0.0173       -0.0832 10000001.           -0.0997       -0.02   ...       -0.0945        0.0139       -0.0721        0.0284        0.0155]
 [      -0.0403       -0.0403       -0.0997 10000001.           -0.1078 ...        0.1176       -0.0406        0.0293        0.0054       -0.037 ]
 [      -0.0275       -0.0328       -0.02         -0.1078 10000001.     ...       -0.0815        0.0502        0.084        -0.0457       -0.0797]
 ...
 [       0.0648       -0.0131       -0.0945        0.1176       -0.0815 ... 10000001.           -0.0458        0.0256       -0.0061       -0.0081]
 [      -0.02          0.1748        0.0139       -0.0406        0.0502 ...       -0.0458 10000001.           -0.0824       -0.0423        0.0548]
 [       0.0741       -0.0006       -0.0721        0.0293        0.084  ...        0.0256       -0.0824 10000001.           -0.0403        0.0028]
 [       0.0644       -0.0396        0.0284        0.0054       -0.0457 ...       -0.0061       -0.0423       -0.0403 10000001.            0.0801]
 [      -0.0096       -0.1098        0.0155       -0.037        -0.0797 ...       -0.0081        0.0548        0.0028        0.0801    34623.698 ]]

------------------------------------------------------------

--- ITERAZIONE k = 177 ---
vettore w_177:
[-1.0145  0.      0.      0.     -0.     -0.     -0.     -0.     -0.     -0.      1.42    0.     -0.      0.     -0.      0.      0.      0.
 -0.      0.      0.      0.     -0.8499 -0.0001  0.      0.      0.     -0.      0.     -0.     -0.     -0.      0.      0.     -0.     -0.
  0.0002  0.      0.      0.3815 -0.     -0.      0.      0.      0.227   1.2439 -0.     -0.      0.     -0.      0.      0.      0.     -0.8683
  0.      0.      0.      0.      0.     -0.     -0.      0.     -0.      0.      0.      0.      0.      0.      0.      0.      0.4114 -0.
 -0.     -0.     -0.     -0.0029  0.     -0.     -0.      0.     -0.1175 -0.     -0.      0.614  -0.      0.     -0.     -0.      0.      0.
  0.      0.     -0.     -0.     -0.     -0.     -0.     -0.      0.      0.    ]

diagonale matrice pesi W_177 (1 / max(|w|, eps)):
[9.8574e-01 1.0000e+08 1.0000e+08 1.0000e+08 1.0000e+08 1.0000e+08 1.0000e+08 1.0000e+08 1.0000e+08 1.0000e+08 7.0423e-01 1.0000e+08 1.0000e+08
 1.0000e+08 1.0000e+08 1.0000e+08 1.0000e+08 1.0000e+08 1.0000e+08 1.0000e+08 1.0000e+08 1.0000e+08 1.1766e+00 1.4798e+04 1.0000e+08 1.0000e+08
 1.0000e+08 1.0000e+08 1.0000e+08 1.0000e+08 1.0000e+08 1.0000e+08 1.0000e+08 1.0000e+08 1.0000e+08 1.0000e+08 4.2257e+03 1.0000e+08 1.0000e+08
 2.6211e+00 1.0000e+08 1.0000e+08 1.0000e+08 1.0000e+08 4.4062e+00 8.0391e-01 1.0000e+08 1.0000e+08 1.0000e+08 1.0000e+08 1.0000e+08 1.0000e+08
 1.0000e+08 1.1517e+00 1.0000e+08 1.0000e+08 1.0000e+08 1.0000e+08 1.0000e+08 1.0000e+08 1.0000e+08 1.0000e+08 1.0000e+08 1.0000e+08 1.0000e+08
 1.0000e+08 1.0000e+08 1.0000e+08 1.0000e+08 1.0000e+08 2.4307e+00 1.0000e+08 1.0000e+08 1.0000e+08 1.0000e+08 3.4738e+02 1.0000e+08 1.0000e+08
 1.0000e+08 1.0000e+08 8.5127e+00 1.0000e+08 1.0000e+08 1.6288e+00 1.0000e+08 1.0000e+08 1.0000e+08 1.0000e+08 1.0000e+08 1.0000e+08 1.0000e+08
 1.0000e+08 1.0000e+08 1.0000e+08 1.0000e+08 1.0000e+08 1.0000e+08 1.0000e+08 1.0000e+08 3.5222e+05]

matrice di sistema Q_177 (A + lambda * W_177):
[[       1.0986       -0.0922       -0.0173       -0.0403       -0.0275 ...        0.0648       -0.02          0.0741        0.0644       -0.0096]
 [      -0.0922 10000001.           -0.0832       -0.0403       -0.0328 ...       -0.0131        0.1748       -0.0006       -0.0396       -0.1098]
 [      -0.0173       -0.0832 10000001.           -0.0997       -0.02   ...       -0.0945        0.0139       -0.0721        0.0284        0.0155]
 [      -0.0403       -0.0403       -0.0997 10000001.           -0.1078 ...        0.1176       -0.0406        0.0293        0.0054       -0.037 ]
 [      -0.0275       -0.0328       -0.02         -0.1078 10000001.     ...       -0.0815        0.0502        0.084        -0.0457       -0.0797]
 ...
 [       0.0648       -0.0131       -0.0945        0.1176       -0.0815 ... 10000001.           -0.0458        0.0256       -0.0061       -0.0081]
 [      -0.02          0.1748        0.0139       -0.0406        0.0502 ...       -0.0458 10000001.           -0.0824       -0.0423        0.0548]
 [       0.0741       -0.0006       -0.0721        0.0293        0.084  ...        0.0256       -0.0824 10000001.           -0.0403        0.0028]
 [       0.0644       -0.0396        0.0284        0.0054       -0.0457 ...       -0.0061       -0.0423       -0.0403 10000001.            0.0801]
 [      -0.0096       -0.1098        0.0155       -0.037        -0.0797 ...       -0.0081        0.0548        0.0028        0.0801    35222.8   ]]

------------------------------------------------------------

--- ITERAZIONE k = 178 ---
vettore w_178:
[-1.0145  0.      0.      0.     -0.     -0.     -0.     -0.     -0.     -0.      1.42    0.     -0.      0.     -0.      0.      0.      0.
 -0.      0.      0.      0.     -0.8499 -0.0001  0.      0.      0.     -0.      0.     -0.     -0.     -0.      0.      0.     -0.     -0.
  0.0002  0.      0.      0.3815 -0.     -0.      0.      0.      0.2269  1.2439 -0.     -0.      0.     -0.      0.      0.      0.     -0.8683
  0.      0.      0.      0.      0.     -0.     -0.      0.     -0.      0.      0.      0.      0.      0.      0.      0.      0.4114 -0.
 -0.     -0.     -0.     -0.003   0.     -0.     -0.      0.     -0.1175 -0.     -0.      0.614  -0.      0.     -0.     -0.      0.      0.
  0.      0.     -0.     -0.     -0.     -0.     -0.     -0.      0.      0.    ]

diagonale matrice pesi W_178 (1 / max(|w|, eps)):
[9.8573e-01 1.0000e+08 1.0000e+08 1.0000e+08 1.0000e+08 1.0000e+08 1.0000e+08 1.0000e+08 1.0000e+08 1.0000e+08 7.0423e-01 1.0000e+08 1.0000e+08
 1.0000e+08 1.0000e+08 1.0000e+08 1.0000e+08 1.0000e+08 1.0000e+08 1.0000e+08 1.0000e+08 1.0000e+08 1.1766e+00 1.4279e+04 1.0000e+08 1.0000e+08
 1.0000e+08 1.0000e+08 1.0000e+08 1.0000e+08 1.0000e+08 1.0000e+08 1.0000e+08 1.0000e+08 1.0000e+08 1.0000e+08 4.2553e+03 1.0000e+08 1.0000e+08
 2.6210e+00 1.0000e+08 1.0000e+08 1.0000e+08 1.0000e+08 4.4063e+00 8.0391e-01 1.0000e+08 1.0000e+08 1.0000e+08 1.0000e+08 1.0000e+08 1.0000e+08
 1.0000e+08 1.1517e+00 1.0000e+08 1.0000e+08 1.0000e+08 1.0000e+08 1.0000e+08 1.0000e+08 1.0000e+08 1.0000e+08 1.0000e+08 1.0000e+08 1.0000e+08
 1.0000e+08 1.0000e+08 1.0000e+08 1.0000e+08 1.0000e+08 2.4307e+00 1.0000e+08 1.0000e+08 1.0000e+08 1.0000e+08 3.3458e+02 1.0000e+08 1.0000e+08
 1.0000e+08 1.0000e+08 8.5127e+00 1.0000e+08 1.0000e+08 1.6288e+00 1.0000e+08 1.0000e+08 1.0000e+08 1.0000e+08 1.0000e+08 1.0000e+08 1.0000e+08
 1.0000e+08 1.0000e+08 1.0000e+08 1.0000e+08 1.0000e+08 1.0000e+08 1.0000e+08 1.0000e+08 3.5831e+05]

matrice di sistema Q_178 (A + lambda * W_178):
[[       1.0986       -0.0922       -0.0173       -0.0403       -0.0275 ...        0.0648       -0.02          0.0741        0.0644       -0.0096]
 [      -0.0922 10000001.           -0.0832       -0.0403       -0.0328 ...       -0.0131        0.1748       -0.0006       -0.0396       -0.1098]
 [      -0.0173       -0.0832 10000001.           -0.0997       -0.02   ...       -0.0945        0.0139       -0.0721        0.0284        0.0155]
 [      -0.0403       -0.0403       -0.0997 10000001.           -0.1078 ...        0.1176       -0.0406        0.0293        0.0054       -0.037 ]
 [      -0.0275       -0.0328       -0.02         -0.1078 10000001.     ...       -0.0815        0.0502        0.084        -0.0457       -0.0797]
 ...
 [       0.0648       -0.0131       -0.0945        0.1176       -0.0815 ... 10000001.           -0.0458        0.0256       -0.0061       -0.0081]
 [      -0.02          0.1748        0.0139       -0.0406        0.0502 ...       -0.0458 10000001.           -0.0824       -0.0423        0.0548]
 [       0.0741       -0.0006       -0.0721        0.0293        0.084  ...        0.0256       -0.0824 10000001.           -0.0403        0.0028]
 [       0.0644       -0.0396        0.0284        0.0054       -0.0457 ...       -0.0061       -0.0423       -0.0403 10000001.            0.0801]
 [      -0.0096       -0.1098        0.0155       -0.037        -0.0797 ...       -0.0081        0.0548        0.0028        0.0801    35832.3504]]

------------------------------------------------------------

--- ITERAZIONE k = 179 ---
vettore w_179:
[-1.0145  0.      0.      0.     -0.     -0.     -0.     -0.     -0.     -0.      1.42    0.     -0.      0.     -0.      0.      0.      0.
 -0.      0.      0.      0.     -0.8499 -0.0001  0.      0.      0.     -0.      0.     -0.     -0.     -0.      0.      0.     -0.     -0.
  0.0002  0.      0.      0.3815 -0.     -0.      0.      0.      0.2269  1.2439 -0.     -0.      0.     -0.      0.      0.      0.     -0.8683
  0.      0.      0.      0.      0.     -0.     -0.      0.     -0.      0.      0.      0.      0.      0.      0.      0.      0.4114 -0.
 -0.     -0.     -0.     -0.0031  0.     -0.     -0.      0.     -0.1175 -0.     -0.      0.614  -0.      0.     -0.     -0.      0.      0.
  0.      0.     -0.     -0.     -0.     -0.     -0.     -0.      0.      0.    ]

diagonale matrice pesi W_179 (1 / max(|w|, eps)):
[9.8573e-01 1.0000e+08 1.0000e+08 1.0000e+08 1.0000e+08 1.0000e+08 1.0000e+08 1.0000e+08 1.0000e+08 1.0000e+08 7.0423e-01 1.0000e+08 1.0000e+08
 1.0000e+08 1.0000e+08 1.0000e+08 1.0000e+08 1.0000e+08 1.0000e+08 1.0000e+08 1.0000e+08 1.0000e+08 1.1766e+00 1.3777e+04 1.0000e+08 1.0000e+08
 1.0000e+08 1.0000e+08 1.0000e+08 1.0000e+08 1.0000e+08 1.0000e+08 1.0000e+08 1.0000e+08 1.0000e+08 1.0000e+08 4.2847e+03 1.0000e+08 1.0000e+08
 2.6210e+00 1.0000e+08 1.0000e+08 1.0000e+08 1.0000e+08 4.4064e+00 8.0392e-01 1.0000e+08 1.0000e+08 1.0000e+08 1.0000e+08 1.0000e+08 1.0000e+08
 1.0000e+08 1.1517e+00 1.0000e+08 1.0000e+08 1.0000e+08 1.0000e+08 1.0000e+08 1.0000e+08 1.0000e+08 1.0000e+08 1.0000e+08 1.0000e+08 1.0000e+08
 1.0000e+08 1.0000e+08 1.0000e+08 1.0000e+08 1.0000e+08 2.4308e+00 1.0000e+08 1.0000e+08 1.0000e+08 1.0000e+08 3.2259e+02 1.0000e+08 1.0000e+08
 1.0000e+08 1.0000e+08 8.5127e+00 1.0000e+08 1.0000e+08 1.6288e+00 1.0000e+08 1.0000e+08 1.0000e+08 1.0000e+08 1.0000e+08 1.0000e+08 1.0000e+08
 1.0000e+08 1.0000e+08 1.0000e+08 1.0000e+08 1.0000e+08 1.0000e+08 1.0000e+08 1.0000e+08 3.6452e+05]

matrice di sistema Q_179 (A + lambda * W_179):
[[       1.0986       -0.0922       -0.0173       -0.0403       -0.0275 ...        0.0648       -0.02          0.0741        0.0644       -0.0096]
 [      -0.0922 10000001.           -0.0832       -0.0403       -0.0328 ...       -0.0131        0.1748       -0.0006       -0.0396       -0.1098]
 [      -0.0173       -0.0832 10000001.           -0.0997       -0.02   ...       -0.0945        0.0139       -0.0721        0.0284        0.0155]
 [      -0.0403       -0.0403       -0.0997 10000001.           -0.1078 ...        0.1176       -0.0406        0.0293        0.0054       -0.037 ]
 [      -0.0275       -0.0328       -0.02         -0.1078 10000001.     ...       -0.0815        0.0502        0.084        -0.0457       -0.0797]
 ...
 [       0.0648       -0.0131       -0.0945        0.1176       -0.0815 ... 10000001.           -0.0458        0.0256       -0.0061       -0.0081]
 [      -0.02          0.1748        0.0139       -0.0406        0.0502 ...       -0.0458 10000001.           -0.0824       -0.0423        0.0548]
 [       0.0741       -0.0006       -0.0721        0.0293        0.084  ...        0.0256       -0.0824 10000001.           -0.0403        0.0028]
 [       0.0644       -0.0396        0.0284        0.0054       -0.0457 ...       -0.0061       -0.0423       -0.0403 10000001.            0.0801]
 [      -0.0096       -0.1098        0.0155       -0.037        -0.0797 ...       -0.0081        0.0548        0.0028        0.0801    36452.5327]]

------------------------------------------------------------

--- ITERAZIONE k = 180 ---
vettore w_180:
[-1.0145  0.      0.      0.     -0.     -0.     -0.     -0.     -0.     -0.      1.42    0.     -0.      0.     -0.      0.      0.      0.
 -0.      0.      0.      0.     -0.8499 -0.0001  0.      0.      0.     -0.      0.     -0.     -0.     -0.      0.      0.     -0.     -0.
  0.0002  0.      0.      0.3815 -0.     -0.      0.      0.      0.2269  1.2439 -0.     -0.      0.     -0.      0.      0.      0.     -0.8683
  0.      0.      0.      0.      0.     -0.     -0.      0.     -0.      0.      0.      0.      0.      0.      0.      0.      0.4114 -0.
 -0.     -0.     -0.     -0.0032  0.     -0.     -0.      0.     -0.1175 -0.     -0.      0.6139 -0.      0.     -0.     -0.      0.      0.
  0.      0.     -0.     -0.     -0.     -0.     -0.     -0.      0.      0.    ]

diagonale matrice pesi W_180 (1 / max(|w|, eps)):
[9.8572e-01 1.0000e+08 1.0000e+08 1.0000e+08 1.0000e+08 1.0000e+08 1.0000e+08 1.0000e+08 1.0000e+08 1.0000e+08 7.0423e-01 1.0000e+08 1.0000e+08
 1.0000e+08 1.0000e+08 1.0000e+08 1.0000e+08 1.0000e+08 1.0000e+08 1.0000e+08 1.0000e+08 1.0000e+08 1.1766e+00 1.3291e+04 1.0000e+08 1.0000e+08
 1.0000e+08 1.0000e+08 1.0000e+08 1.0000e+08 1.0000e+08 1.0000e+08 1.0000e+08 1.0000e+08 1.0000e+08 1.0000e+08 4.3138e+03 1.0000e+08 1.0000e+08
 2.6210e+00 1.0000e+08 1.0000e+08 1.0000e+08 1.0000e+08 4.4065e+00 8.0392e-01 1.0000e+08 1.0000e+08 1.0000e+08 1.0000e+08 1.0000e+08 1.0000e+08
 1.0000e+08 1.1517e+00 1.0000e+08 1.0000e+08 1.0000e+08 1.0000e+08 1.0000e+08 1.0000e+08 1.0000e+08 1.0000e+08 1.0000e+08 1.0000e+08 1.0000e+08
 1.0000e+08 1.0000e+08 1.0000e+08 1.0000e+08 1.0000e+08 2.4308e+00 1.0000e+08 1.0000e+08 1.0000e+08 1.0000e+08 3.1135e+02 1.0000e+08 1.0000e+08
 1.0000e+08 1.0000e+08 8.5127e+00 1.0000e+08 1.0000e+08 1.6288e+00 1.0000e+08 1.0000e+08 1.0000e+08 1.0000e+08 1.0000e+08 1.0000e+08 1.0000e+08
 1.0000e+08 1.0000e+08 1.0000e+08 1.0000e+08 1.0000e+08 1.0000e+08 1.0000e+08 1.0000e+08 3.7083e+05]

matrice di sistema Q_180 (A + lambda * W_180):
[[       1.0986       -0.0922       -0.0173       -0.0403       -0.0275 ...        0.0648       -0.02          0.0741        0.0644       -0.0096]
 [      -0.0922 10000001.           -0.0832       -0.0403       -0.0328 ...       -0.0131        0.1748       -0.0006       -0.0396       -0.1098]
 [      -0.0173       -0.0832 10000001.           -0.0997       -0.02   ...       -0.0945        0.0139       -0.0721        0.0284        0.0155]
 [      -0.0403       -0.0403       -0.0997 10000001.           -0.1078 ...        0.1176       -0.0406        0.0293        0.0054       -0.037 ]
 [      -0.0275       -0.0328       -0.02         -0.1078 10000001.     ...       -0.0815        0.0502        0.084        -0.0457       -0.0797]
 ...
 [       0.0648       -0.0131       -0.0945        0.1176       -0.0815 ... 10000001.           -0.0458        0.0256       -0.0061       -0.0081]
 [      -0.02          0.1748        0.0139       -0.0406        0.0502 ...       -0.0458 10000001.           -0.0824       -0.0423        0.0548]
 [       0.0741       -0.0006       -0.0721        0.0293        0.084  ...        0.0256       -0.0824 10000001.           -0.0403        0.0028]
 [       0.0644       -0.0396        0.0284        0.0054       -0.0457 ...       -0.0061       -0.0423       -0.0403 10000001.            0.0801]
 [      -0.0096       -0.1098        0.0155       -0.037        -0.0797 ...       -0.0081        0.0548        0.0028        0.0801    37083.5332]]

------------------------------------------------------------

--- ITERAZIONE k = 181 ---
vettore w_181:
[-1.0145  0.      0.      0.     -0.     -0.     -0.     -0.     -0.     -0.      1.42    0.     -0.      0.     -0.      0.      0.      0.
 -0.      0.      0.      0.     -0.8499 -0.0001  0.      0.      0.     -0.      0.     -0.     -0.     -0.      0.      0.     -0.     -0.
  0.0002  0.      0.      0.3815 -0.     -0.      0.      0.      0.2269  1.2439 -0.     -0.      0.     -0.      0.      0.      0.     -0.8683
  0.      0.      0.      0.      0.     -0.     -0.      0.     -0.      0.      0.      0.      0.      0.      0.      0.      0.4114 -0.
 -0.     -0.     -0.     -0.0033  0.     -0.     -0.      0.     -0.1175 -0.     -0.      0.6139 -0.      0.     -0.     -0.      0.      0.
  0.      0.     -0.     -0.     -0.     -0.     -0.     -0.      0.      0.    ]

diagonale matrice pesi W_181 (1 / max(|w|, eps)):
[9.8571e-01 1.0000e+08 1.0000e+08 1.0000e+08 1.0000e+08 1.0000e+08 1.0000e+08 1.0000e+08 1.0000e+08 1.0000e+08 7.0423e-01 1.0000e+08 1.0000e+08
 1.0000e+08 1.0000e+08 1.0000e+08 1.0000e+08 1.0000e+08 1.0000e+08 1.0000e+08 1.0000e+08 1.0000e+08 1.1766e+00 1.2820e+04 1.0000e+08 1.0000e+08
 1.0000e+08 1.0000e+08 1.0000e+08 1.0000e+08 1.0000e+08 1.0000e+08 1.0000e+08 1.0000e+08 1.0000e+08 1.0000e+08 4.3427e+03 1.0000e+08 1.0000e+08
 2.6209e+00 1.0000e+08 1.0000e+08 1.0000e+08 1.0000e+08 4.4066e+00 8.0392e-01 1.0000e+08 1.0000e+08 1.0000e+08 1.0000e+08 1.0000e+08 1.0000e+08
 1.0000e+08 1.1517e+00 1.0000e+08 1.0000e+08 1.0000e+08 1.0000e+08 1.0000e+08 1.0000e+08 1.0000e+08 1.0000e+08 1.0000e+08 1.0000e+08 1.0000e+08
 1.0000e+08 1.0000e+08 1.0000e+08 1.0000e+08 1.0000e+08 2.4308e+00 1.0000e+08 1.0000e+08 1.0000e+08 1.0000e+08 3.0082e+02 1.0000e+08 1.0000e+08
 1.0000e+08 1.0000e+08 8.5128e+00 1.0000e+08 1.0000e+08 1.6288e+00 1.0000e+08 1.0000e+08 1.0000e+08 1.0000e+08 1.0000e+08 1.0000e+08 1.0000e+08
 1.0000e+08 1.0000e+08 1.0000e+08 1.0000e+08 1.0000e+08 1.0000e+08 1.0000e+08 1.0000e+08 3.7725e+05]

matrice di sistema Q_181 (A + lambda * W_181):
[[       1.0986       -0.0922       -0.0173       -0.0403       -0.0275 ...        0.0648       -0.02          0.0741        0.0644       -0.0096]
 [      -0.0922 10000001.           -0.0832       -0.0403       -0.0328 ...       -0.0131        0.1748       -0.0006       -0.0396       -0.1098]
 [      -0.0173       -0.0832 10000001.           -0.0997       -0.02   ...       -0.0945        0.0139       -0.0721        0.0284        0.0155]
 [      -0.0403       -0.0403       -0.0997 10000001.           -0.1078 ...        0.1176       -0.0406        0.0293        0.0054       -0.037 ]
 [      -0.0275       -0.0328       -0.02         -0.1078 10000001.     ...       -0.0815        0.0502        0.084        -0.0457       -0.0797]
 ...
 [       0.0648       -0.0131       -0.0945        0.1176       -0.0815 ... 10000001.           -0.0458        0.0256       -0.0061       -0.0081]
 [      -0.02          0.1748        0.0139       -0.0406        0.0502 ...       -0.0458 10000001.           -0.0824       -0.0423        0.0548]
 [       0.0741       -0.0006       -0.0721        0.0293        0.084  ...        0.0256       -0.0824 10000001.           -0.0403        0.0028]
 [       0.0644       -0.0396        0.0284        0.0054       -0.0457 ...       -0.0061       -0.0423       -0.0403 10000001.            0.0801]
 [      -0.0096       -0.1098        0.0155       -0.037        -0.0797 ...       -0.0081        0.0548        0.0028        0.0801    37725.5416]]

------------------------------------------------------------

--- ITERAZIONE k = 182 ---
vettore w_182:
[-1.0145  0.      0.      0.     -0.     -0.     -0.     -0.     -0.     -0.      1.42    0.     -0.      0.     -0.      0.      0.      0.
 -0.      0.      0.      0.     -0.8499 -0.0001  0.      0.      0.     -0.      0.     -0.     -0.     -0.      0.      0.     -0.     -0.
  0.0002  0.      0.      0.3816 -0.     -0.      0.      0.      0.2269  1.2439 -0.     -0.      0.     -0.      0.      0.      0.     -0.8682
  0.      0.      0.      0.      0.     -0.     -0.      0.     -0.      0.      0.      0.      0.      0.      0.      0.      0.4114 -0.
 -0.     -0.     -0.     -0.0034  0.     -0.     -0.      0.     -0.1175 -0.     -0.      0.6139 -0.      0.     -0.     -0.      0.      0.
  0.      0.     -0.     -0.     -0.     -0.     -0.     -0.      0.      0.    ]

diagonale matrice pesi W_182 (1 / max(|w|, eps)):
[9.8571e-01 1.0000e+08 1.0000e+08 1.0000e+08 1.0000e+08 1.0000e+08 1.0000e+08 1.0000e+08 1.0000e+08 1.0000e+08 7.0423e-01 1.0000e+08 1.0000e+08
 1.0000e+08 1.0000e+08 1.0000e+08 1.0000e+08 1.0000e+08 1.0000e+08 1.0000e+08 1.0000e+08 1.0000e+08 1.1766e+00 1.2365e+04 1.0000e+08 1.0000e+08
 1.0000e+08 1.0000e+08 1.0000e+08 1.0000e+08 1.0000e+08 1.0000e+08 1.0000e+08 1.0000e+08 1.0000e+08 1.0000e+08 4.3713e+03 1.0000e+08 1.0000e+08
 2.6209e+00 1.0000e+08 1.0000e+08 1.0000e+08 1.0000e+08 4.4066e+00 8.0392e-01 1.0000e+08 1.0000e+08 1.0000e+08 1.0000e+08 1.0000e+08 1.0000e+08
 1.0000e+08 1.1517e+00 1.0000e+08 1.0000e+08 1.0000e+08 1.0000e+08 1.0000e+08 1.0000e+08 1.0000e+08 1.0000e+08 1.0000e+08 1.0000e+08 1.0000e+08
 1.0000e+08 1.0000e+08 1.0000e+08 1.0000e+08 1.0000e+08 2.4308e+00 1.0000e+08 1.0000e+08 1.0000e+08 1.0000e+08 2.9096e+02 1.0000e+08 1.0000e+08
 1.0000e+08 1.0000e+08 8.5128e+00 1.0000e+08 1.0000e+08 1.6289e+00 1.0000e+08 1.0000e+08 1.0000e+08 1.0000e+08 1.0000e+08 1.0000e+08 1.0000e+08
 1.0000e+08 1.0000e+08 1.0000e+08 1.0000e+08 1.0000e+08 1.0000e+08 1.0000e+08 1.0000e+08 3.8378e+05]

matrice di sistema Q_182 (A + lambda * W_182):
[[       1.0986       -0.0922       -0.0173       -0.0403       -0.0275 ...        0.0648       -0.02          0.0741        0.0644       -0.0096]
 [      -0.0922 10000001.           -0.0832       -0.0403       -0.0328 ...       -0.0131        0.1748       -0.0006       -0.0396       -0.1098]
 [      -0.0173       -0.0832 10000001.           -0.0997       -0.02   ...       -0.0945        0.0139       -0.0721        0.0284        0.0155]
 [      -0.0403       -0.0403       -0.0997 10000001.           -0.1078 ...        0.1176       -0.0406        0.0293        0.0054       -0.037 ]
 [      -0.0275       -0.0328       -0.02         -0.1078 10000001.     ...       -0.0815        0.0502        0.084        -0.0457       -0.0797]
 ...
 [       0.0648       -0.0131       -0.0945        0.1176       -0.0815 ... 10000001.           -0.0458        0.0256       -0.0061       -0.0081]
 [      -0.02          0.1748        0.0139       -0.0406        0.0502 ...       -0.0458 10000001.           -0.0824       -0.0423        0.0548]
 [       0.0741       -0.0006       -0.0721        0.0293        0.084  ...        0.0256       -0.0824 10000001.           -0.0403        0.0028]
 [       0.0644       -0.0396        0.0284        0.0054       -0.0457 ...       -0.0061       -0.0423       -0.0403 10000001.            0.0801]
 [      -0.0096       -0.1098        0.0155       -0.037        -0.0797 ...       -0.0081        0.0548        0.0028        0.0801    38378.7503]]

------------------------------------------------------------

--- ITERAZIONE k = 183 ---
vettore w_183:
[-1.0145  0.      0.      0.     -0.     -0.     -0.     -0.     -0.     -0.      1.42    0.     -0.      0.     -0.      0.      0.      0.
 -0.      0.      0.      0.     -0.85   -0.0001  0.      0.      0.     -0.      0.     -0.     -0.     -0.      0.      0.     -0.     -0.
  0.0002  0.      0.      0.3816 -0.     -0.      0.      0.      0.2269  1.2439 -0.     -0.      0.     -0.      0.      0.      0.     -0.8682
  0.      0.      0.      0.      0.     -0.     -0.      0.     -0.      0.      0.      0.      0.      0.      0.      0.      0.4114 -0.
 -0.     -0.     -0.     -0.0035  0.     -0.     -0.      0.     -0.1175 -0.     -0.      0.6139 -0.      0.     -0.     -0.      0.      0.
  0.      0.     -0.     -0.     -0.     -0.     -0.     -0.      0.      0.    ]

diagonale matrice pesi W_183 (1 / max(|w|, eps)):
[9.8570e-01 1.0000e+08 1.0000e+08 1.0000e+08 1.0000e+08 1.0000e+08 1.0000e+08 1.0000e+08 1.0000e+08 1.0000e+08 7.0423e-01 1.0000e+08 1.0000e+08
 1.0000e+08 1.0000e+08 1.0000e+08 1.0000e+08 1.0000e+08 1.0000e+08 1.0000e+08 1.0000e+08 1.0000e+08 1.1765e+00 1.1925e+04 1.0000e+08 1.0000e+08
 1.0000e+08 1.0000e+08 1.0000e+08 1.0000e+08 1.0000e+08 1.0000e+08 1.0000e+08 1.0000e+08 1.0000e+08 1.0000e+08 4.3997e+03 1.0000e+08 1.0000e+08
 2.6208e+00 1.0000e+08 1.0000e+08 1.0000e+08 1.0000e+08 4.4067e+00 8.0393e-01 1.0000e+08 1.0000e+08 1.0000e+08 1.0000e+08 1.0000e+08 1.0000e+08
 1.0000e+08 1.1518e+00 1.0000e+08 1.0000e+08 1.0000e+08 1.0000e+08 1.0000e+08 1.0000e+08 1.0000e+08 1.0000e+08 1.0000e+08 1.0000e+08 1.0000e+08
 1.0000e+08 1.0000e+08 1.0000e+08 1.0000e+08 1.0000e+08 2.4309e+00 1.0000e+08 1.0000e+08 1.0000e+08 1.0000e+08 2.8171e+02 1.0000e+08 1.0000e+08
 1.0000e+08 1.0000e+08 8.5128e+00 1.0000e+08 1.0000e+08 1.6289e+00 1.0000e+08 1.0000e+08 1.0000e+08 1.0000e+08 1.0000e+08 1.0000e+08 1.0000e+08
 1.0000e+08 1.0000e+08 1.0000e+08 1.0000e+08 1.0000e+08 1.0000e+08 1.0000e+08 1.0000e+08 3.9042e+05]

matrice di sistema Q_183 (A + lambda * W_183):
[[       1.0986       -0.0922       -0.0173       -0.0403       -0.0275 ...        0.0648       -0.02          0.0741        0.0644       -0.0096]
 [      -0.0922 10000001.           -0.0832       -0.0403       -0.0328 ...       -0.0131        0.1748       -0.0006       -0.0396       -0.1098]
 [      -0.0173       -0.0832 10000001.           -0.0997       -0.02   ...       -0.0945        0.0139       -0.0721        0.0284        0.0155]
 [      -0.0403       -0.0403       -0.0997 10000001.           -0.1078 ...        0.1176       -0.0406        0.0293        0.0054       -0.037 ]
 [      -0.0275       -0.0328       -0.02         -0.1078 10000001.     ...       -0.0815        0.0502        0.084        -0.0457       -0.0797]
 ...
 [       0.0648       -0.0131       -0.0945        0.1176       -0.0815 ... 10000001.           -0.0458        0.0256       -0.0061       -0.0081]
 [      -0.02          0.1748        0.0139       -0.0406        0.0502 ...       -0.0458 10000001.           -0.0824       -0.0423        0.0548]
 [       0.0741       -0.0006       -0.0721        0.0293        0.084  ...        0.0256       -0.0824 10000001.           -0.0403        0.0028]
 [       0.0644       -0.0396        0.0284        0.0054       -0.0457 ...       -0.0061       -0.0423       -0.0403 10000001.            0.0801]
 [      -0.0096       -0.1098        0.0155       -0.037        -0.0797 ...       -0.0081        0.0548        0.0028        0.0801    39043.3552]]

------------------------------------------------------------

--- ITERAZIONE k = 184 ---
vettore w_184:
[-1.0145  0.      0.      0.     -0.     -0.     -0.     -0.     -0.     -0.      1.42    0.     -0.      0.     -0.      0.      0.      0.
 -0.      0.      0.      0.     -0.85   -0.0001  0.      0.      0.     -0.      0.     -0.     -0.     -0.      0.      0.     -0.     -0.
  0.0002  0.      0.      0.3816 -0.     -0.      0.      0.      0.2269  1.2439 -0.     -0.      0.     -0.      0.      0.      0.     -0.8682
  0.      0.      0.      0.      0.     -0.     -0.      0.     -0.      0.      0.      0.      0.      0.      0.      0.      0.4114 -0.
 -0.     -0.     -0.     -0.0037  0.     -0.     -0.      0.     -0.1175 -0.     -0.      0.6139 -0.      0.     -0.     -0.      0.      0.
  0.      0.     -0.     -0.     -0.     -0.     -0.     -0.      0.      0.    ]

diagonale matrice pesi W_184 (1 / max(|w|, eps)):
[9.8569e-01 1.0000e+08 1.0000e+08 1.0000e+08 1.0000e+08 1.0000e+08 1.0000e+08 1.0000e+08 1.0000e+08 1.0000e+08 7.0423e-01 1.0000e+08 1.0000e+08
 1.0000e+08 1.0000e+08 1.0000e+08 1.0000e+08 1.0000e+08 1.0000e+08 1.0000e+08 1.0000e+08 1.0000e+08 1.1765e+00 1.1499e+04 1.0000e+08 1.0000e+08
 1.0000e+08 1.0000e+08 1.0000e+08 1.0000e+08 1.0000e+08 1.0000e+08 1.0000e+08 1.0000e+08 1.0000e+08 1.0000e+08 4.4278e+03 1.0000e+08 1.0000e+08
 2.6208e+00 1.0000e+08 1.0000e+08 1.0000e+08 1.0000e+08 4.4068e+00 8.0393e-01 1.0000e+08 1.0000e+08 1.0000e+08 1.0000e+08 1.0000e+08 1.0000e+08
 1.0000e+08 1.1518e+00 1.0000e+08 1.0000e+08 1.0000e+08 1.0000e+08 1.0000e+08 1.0000e+08 1.0000e+08 1.0000e+08 1.0000e+08 1.0000e+08 1.0000e+08
 1.0000e+08 1.0000e+08 1.0000e+08 1.0000e+08 1.0000e+08 2.4309e+00 1.0000e+08 1.0000e+08 1.0000e+08 1.0000e+08 2.7305e+02 1.0000e+08 1.0000e+08
 1.0000e+08 1.0000e+08 8.5128e+00 1.0000e+08 1.0000e+08 1.6289e+00 1.0000e+08 1.0000e+08 1.0000e+08 1.0000e+08 1.0000e+08 1.0000e+08 1.0000e+08
 1.0000e+08 1.0000e+08 1.0000e+08 1.0000e+08 1.0000e+08 1.0000e+08 1.0000e+08 1.0000e+08 3.9719e+05]

matrice di sistema Q_184 (A + lambda * W_184):
[[       1.0986       -0.0922       -0.0173       -0.0403       -0.0275 ...        0.0648       -0.02          0.0741        0.0644       -0.0096]
 [      -0.0922 10000001.           -0.0832       -0.0403       -0.0328 ...       -0.0131        0.1748       -0.0006       -0.0396       -0.1098]
 [      -0.0173       -0.0832 10000001.           -0.0997       -0.02   ...       -0.0945        0.0139       -0.0721        0.0284        0.0155]
 [      -0.0403       -0.0403       -0.0997 10000001.           -0.1078 ...        0.1176       -0.0406        0.0293        0.0054       -0.037 ]
 [      -0.0275       -0.0328       -0.02         -0.1078 10000001.     ...       -0.0815        0.0502        0.084        -0.0457       -0.0797]
 ...
 [       0.0648       -0.0131       -0.0945        0.1176       -0.0815 ... 10000001.           -0.0458        0.0256       -0.0061       -0.0081]
 [      -0.02          0.1748        0.0139       -0.0406        0.0502 ...       -0.0458 10000001.           -0.0824       -0.0423        0.0548]
 [       0.0741       -0.0006       -0.0721        0.0293        0.084  ...        0.0256       -0.0824 10000001.           -0.0403        0.0028]
 [       0.0644       -0.0396        0.0284        0.0054       -0.0457 ...       -0.0061       -0.0423       -0.0403 10000001.            0.0801]
 [      -0.0096       -0.1098        0.0155       -0.037        -0.0797 ...       -0.0081        0.0548        0.0028        0.0801    39719.5553]]

------------------------------------------------------------

--- ITERAZIONE k = 185 ---
vettore w_185:
[-1.0145  0.      0.      0.     -0.     -0.     -0.     -0.     -0.     -0.      1.42    0.     -0.      0.     -0.      0.      0.      0.
 -0.      0.      0.      0.     -0.85   -0.0001  0.      0.      0.     -0.      0.     -0.     -0.     -0.      0.      0.     -0.     -0.
  0.0002  0.      0.      0.3816 -0.     -0.      0.      0.      0.2269  1.2439 -0.     -0.      0.     -0.      0.      0.      0.     -0.8682
  0.      0.      0.      0.      0.     -0.     -0.      0.     -0.      0.      0.      0.      0.      0.      0.      0.      0.4114 -0.
 -0.     -0.     -0.     -0.0038  0.     -0.     -0.      0.     -0.1175 -0.     -0.      0.6139 -0.      0.     -0.     -0.      0.      0.
  0.      0.     -0.     -0.     -0.     -0.     -0.     -0.      0.      0.    ]

diagonale matrice pesi W_185 (1 / max(|w|, eps)):
[9.8569e-01 1.0000e+08 1.0000e+08 1.0000e+08 1.0000e+08 1.0000e+08 1.0000e+08 1.0000e+08 1.0000e+08 1.0000e+08 7.0423e-01 1.0000e+08 1.0000e+08
 1.0000e+08 1.0000e+08 1.0000e+08 1.0000e+08 1.0000e+08 1.0000e+08 1.0000e+08 1.0000e+08 1.0000e+08 1.1765e+00 1.1087e+04 1.0000e+08 1.0000e+08
 1.0000e+08 1.0000e+08 1.0000e+08 1.0000e+08 1.0000e+08 1.0000e+08 1.0000e+08 1.0000e+08 1.0000e+08 1.0000e+08 4.4556e+03 1.0000e+08 1.0000e+08
 2.6208e+00 1.0000e+08 1.0000e+08 1.0000e+08 1.0000e+08 4.4069e+00 8.0393e-01 1.0000e+08 1.0000e+08 1.0000e+08 1.0000e+08 1.0000e+08 1.0000e+08
 1.0000e+08 1.1518e+00 1.0000e+08 1.0000e+08 1.0000e+08 1.0000e+08 1.0000e+08 1.0000e+08 1.0000e+08 1.0000e+08 1.0000e+08 1.0000e+08 1.0000e+08
 1.0000e+08 1.0000e+08 1.0000e+08 1.0000e+08 1.0000e+08 2.4309e+00 1.0000e+08 1.0000e+08 1.0000e+08 1.0000e+08 2.6494e+02 1.0000e+08 1.0000e+08
 1.0000e+08 1.0000e+08 8.5128e+00 1.0000e+08 1.0000e+08 1.6289e+00 1.0000e+08 1.0000e+08 1.0000e+08 1.0000e+08 1.0000e+08 1.0000e+08 1.0000e+08
 1.0000e+08 1.0000e+08 1.0000e+08 1.0000e+08 1.0000e+08 1.0000e+08 1.0000e+08 1.0000e+08 4.0407e+05]

matrice di sistema Q_185 (A + lambda * W_185):
[[       1.0986       -0.0922       -0.0173       -0.0403       -0.0275 ...        0.0648       -0.02          0.0741        0.0644       -0.0096]
 [      -0.0922 10000001.           -0.0832       -0.0403       -0.0328 ...       -0.0131        0.1748       -0.0006       -0.0396       -0.1098]
 [      -0.0173       -0.0832 10000001.           -0.0997       -0.02   ...       -0.0945        0.0139       -0.0721        0.0284        0.0155]
 [      -0.0403       -0.0403       -0.0997 10000001.           -0.1078 ...        0.1176       -0.0406        0.0293        0.0054       -0.037 ]
 [      -0.0275       -0.0328       -0.02         -0.1078 10000001.     ...       -0.0815        0.0502        0.084        -0.0457       -0.0797]
 ...
 [       0.0648       -0.0131       -0.0945        0.1176       -0.0815 ... 10000001.           -0.0458        0.0256       -0.0061       -0.0081]
 [      -0.02          0.1748        0.0139       -0.0406        0.0502 ...       -0.0458 10000001.           -0.0824       -0.0423        0.0548]
 [       0.0741       -0.0006       -0.0721        0.0293        0.084  ...        0.0256       -0.0824 10000001.           -0.0403        0.0028]
 [       0.0644       -0.0396        0.0284        0.0054       -0.0457 ...       -0.0061       -0.0423       -0.0403 10000001.            0.0801]
 [      -0.0096       -0.1098        0.0155       -0.037        -0.0797 ...       -0.0081        0.0548        0.0028        0.0801    40407.5526]]

------------------------------------------------------------

--- ITERAZIONE k = 186 ---
vettore w_186:
[-1.0145  0.      0.      0.     -0.     -0.     -0.     -0.     -0.     -0.      1.42    0.     -0.      0.     -0.      0.      0.      0.
 -0.      0.      0.      0.     -0.85   -0.0001  0.      0.      0.     -0.      0.     -0.     -0.     -0.      0.      0.     -0.     -0.
  0.0002  0.      0.      0.3816 -0.     -0.      0.      0.      0.2269  1.2439 -0.     -0.      0.     -0.      0.      0.      0.     -0.8682
  0.      0.      0.      0.      0.     -0.     -0.      0.     -0.      0.      0.      0.      0.      0.      0.      0.      0.4114 -0.
 -0.     -0.     -0.     -0.0039  0.     -0.     -0.      0.     -0.1175 -0.     -0.      0.6139 -0.      0.     -0.     -0.      0.      0.
  0.      0.     -0.     -0.     -0.     -0.     -0.     -0.      0.      0.    ]

diagonale matrice pesi W_186 (1 / max(|w|, eps)):
[9.8568e-01 1.0000e+08 1.0000e+08 1.0000e+08 1.0000e+08 1.0000e+08 1.0000e+08 1.0000e+08 1.0000e+08 1.0000e+08 7.0423e-01 1.0000e+08 1.0000e+08
 1.0000e+08 1.0000e+08 1.0000e+08 1.0000e+08 1.0000e+08 1.0000e+08 1.0000e+08 1.0000e+08 1.0000e+08 1.1765e+00 1.0688e+04 1.0000e+08 1.0000e+08
 1.0000e+08 1.0000e+08 1.0000e+08 1.0000e+08 1.0000e+08 1.0000e+08 1.0000e+08 1.0000e+08 1.0000e+08 1.0000e+08 4.4831e+03 1.0000e+08 1.0000e+08
 2.6207e+00 1.0000e+08 1.0000e+08 1.0000e+08 1.0000e+08 4.4070e+00 8.0393e-01 1.0000e+08 1.0000e+08 1.0000e+08 1.0000e+08 1.0000e+08 1.0000e+08
 1.0000e+08 1.1518e+00 1.0000e+08 1.0000e+08 1.0000e+08 1.0000e+08 1.0000e+08 1.0000e+08 1.0000e+08 1.0000e+08 1.0000e+08 1.0000e+08 1.0000e+08
 1.0000e+08 1.0000e+08 1.0000e+08 1.0000e+08 1.0000e+08 2.4309e+00 1.0000e+08 1.0000e+08 1.0000e+08 1.0000e+08 2.5733e+02 1.0000e+08 1.0000e+08
 1.0000e+08 1.0000e+08 8.5128e+00 1.0000e+08 1.0000e+08 1.6289e+00 1.0000e+08 1.0000e+08 1.0000e+08 1.0000e+08 1.0000e+08 1.0000e+08 1.0000e+08
 1.0000e+08 1.0000e+08 1.0000e+08 1.0000e+08 1.0000e+08 1.0000e+08 1.0000e+08 1.0000e+08 4.1107e+05]

matrice di sistema Q_186 (A + lambda * W_186):
[[       1.0986       -0.0922       -0.0173       -0.0403       -0.0275 ...        0.0648       -0.02          0.0741        0.0644       -0.0096]
 [      -0.0922 10000001.           -0.0832       -0.0403       -0.0328 ...       -0.0131        0.1748       -0.0006       -0.0396       -0.1098]
 [      -0.0173       -0.0832 10000001.           -0.0997       -0.02   ...       -0.0945        0.0139       -0.0721        0.0284        0.0155]
 [      -0.0403       -0.0403       -0.0997 10000001.           -0.1078 ...        0.1176       -0.0406        0.0293        0.0054       -0.037 ]
 [      -0.0275       -0.0328       -0.02         -0.1078 10000001.     ...       -0.0815        0.0502        0.084        -0.0457       -0.0797]
 ...
 [       0.0648       -0.0131       -0.0945        0.1176       -0.0815 ... 10000001.           -0.0458        0.0256       -0.0061       -0.0081]
 [      -0.02          0.1748        0.0139       -0.0406        0.0502 ...       -0.0458 10000001.           -0.0824       -0.0423        0.0548]
 [       0.0741       -0.0006       -0.0721        0.0293        0.084  ...        0.0256       -0.0824 10000001.           -0.0403        0.0028]
 [       0.0644       -0.0396        0.0284        0.0054       -0.0457 ...       -0.0061       -0.0423       -0.0403 10000001.            0.0801]
 [      -0.0096       -0.1098        0.0155       -0.037        -0.0797 ...       -0.0081        0.0548        0.0028        0.0801    41107.5527]]

------------------------------------------------------------

--- ITERAZIONE k = 187 ---
vettore w_187:
[-1.0145  0.      0.      0.     -0.     -0.     -0.     -0.     -0.     -0.      1.42    0.     -0.      0.     -0.      0.      0.      0.
 -0.      0.      0.      0.     -0.85   -0.0001  0.      0.      0.     -0.      0.     -0.     -0.     -0.      0.      0.     -0.     -0.
  0.0002  0.      0.      0.3816 -0.     -0.      0.      0.      0.2269  1.2439 -0.     -0.      0.     -0.      0.      0.      0.     -0.8682
  0.      0.      0.      0.      0.     -0.     -0.      0.     -0.      0.      0.      0.      0.      0.      0.      0.      0.4114 -0.
 -0.     -0.     -0.     -0.004   0.     -0.     -0.      0.     -0.1175 -0.     -0.      0.6139 -0.      0.     -0.     -0.      0.      0.
  0.      0.     -0.     -0.     -0.     -0.     -0.     -0.      0.      0.    ]

diagonale matrice pesi W_187 (1 / max(|w|, eps)):
[9.8567e-01 1.0000e+08 1.0000e+08 1.0000e+08 1.0000e+08 1.0000e+08 1.0000e+08 1.0000e+08 1.0000e+08 1.0000e+08 7.0423e-01 1.0000e+08 1.0000e+08
 1.0000e+08 1.0000e+08 1.0000e+08 1.0000e+08 1.0000e+08 1.0000e+08 1.0000e+08 1.0000e+08 1.0000e+08 1.1765e+00 1.0303e+04 1.0000e+08 1.0000e+08
 1.0000e+08 1.0000e+08 1.0000e+08 1.0000e+08 1.0000e+08 1.0000e+08 1.0000e+08 1.0000e+08 1.0000e+08 1.0000e+08 4.5103e+03 1.0000e+08 1.0000e+08
 2.6207e+00 1.0000e+08 1.0000e+08 1.0000e+08 1.0000e+08 4.4071e+00 8.0394e-01 1.0000e+08 1.0000e+08 1.0000e+08 1.0000e+08 1.0000e+08 1.0000e+08
 1.0000e+08 1.1518e+00 1.0000e+08 1.0000e+08 1.0000e+08 1.0000e+08 1.0000e+08 1.0000e+08 1.0000e+08 1.0000e+08 1.0000e+08 1.0000e+08 1.0000e+08
 1.0000e+08 1.0000e+08 1.0000e+08 1.0000e+08 1.0000e+08 2.4309e+00 1.0000e+08 1.0000e+08 1.0000e+08 1.0000e+08 2.5021e+02 1.0000e+08 1.0000e+08
 1.0000e+08 1.0000e+08 8.5129e+00 1.0000e+08 1.0000e+08 1.6290e+00 1.0000e+08 1.0000e+08 1.0000e+08 1.0000e+08 1.0000e+08 1.0000e+08 1.0000e+08
 1.0000e+08 1.0000e+08 1.0000e+08 1.0000e+08 1.0000e+08 1.0000e+08 1.0000e+08 1.0000e+08 4.1819e+05]

matrice di sistema Q_187 (A + lambda * W_187):
[[       1.0986       -0.0922       -0.0173       -0.0403       -0.0275 ...        0.0648       -0.02          0.0741        0.0644       -0.0096]
 [      -0.0922 10000001.           -0.0832       -0.0403       -0.0328 ...       -0.0131        0.1748       -0.0006       -0.0396       -0.1098]
 [      -0.0173       -0.0832 10000001.           -0.0997       -0.02   ...       -0.0945        0.0139       -0.0721        0.0284        0.0155]
 [      -0.0403       -0.0403       -0.0997 10000001.           -0.1078 ...        0.1176       -0.0406        0.0293        0.0054       -0.037 ]
 [      -0.0275       -0.0328       -0.02         -0.1078 10000001.     ...       -0.0815        0.0502        0.084        -0.0457       -0.0797]
 ...
 [       0.0648       -0.0131       -0.0945        0.1176       -0.0815 ... 10000001.           -0.0458        0.0256       -0.0061       -0.0081]
 [      -0.02          0.1748        0.0139       -0.0406        0.0502 ...       -0.0458 10000001.           -0.0824       -0.0423        0.0548]
 [       0.0741       -0.0006       -0.0721        0.0293        0.084  ...        0.0256       -0.0824 10000001.           -0.0403        0.0028]
 [       0.0644       -0.0396        0.0284        0.0054       -0.0457 ...       -0.0061       -0.0423       -0.0403 10000001.            0.0801]
 [      -0.0096       -0.1098        0.0155       -0.037        -0.0797 ...       -0.0081        0.0548        0.0028        0.0801    41819.7644]]

------------------------------------------------------------

--- ITERAZIONE k = 188 ---
vettore w_188:
[-1.0145  0.      0.      0.     -0.     -0.     -0.     -0.     -0.     -0.      1.42    0.     -0.      0.     -0.      0.      0.      0.
 -0.      0.      0.      0.     -0.85   -0.0001  0.      0.      0.     -0.      0.     -0.     -0.     -0.      0.      0.     -0.     -0.
  0.0002  0.      0.      0.3816 -0.     -0.      0.      0.      0.2269  1.2439 -0.     -0.      0.     -0.      0.      0.      0.     -0.8682
  0.      0.      0.      0.      0.     -0.     -0.      0.     -0.      0.      0.      0.      0.      0.      0.      0.      0.4114 -0.
 -0.     -0.     -0.     -0.0041  0.     -0.     -0.      0.     -0.1175 -0.     -0.      0.6139 -0.      0.     -0.     -0.      0.      0.
  0.      0.     -0.     -0.     -0.     -0.     -0.     -0.      0.      0.    ]

diagonale matrice pesi W_188 (1 / max(|w|, eps)):
[9.8567e-01 1.0000e+08 1.0000e+08 1.0000e+08 1.0000e+08 1.0000e+08 1.0000e+08 1.0000e+08 1.0000e+08 1.0000e+08 7.0424e-01 1.0000e+08 1.0000e+08
 1.0000e+08 1.0000e+08 1.0000e+08 1.0000e+08 1.0000e+08 1.0000e+08 1.0000e+08 1.0000e+08 1.0000e+08 1.1765e+00 9.9305e+03 1.0000e+08 1.0000e+08
 1.0000e+08 1.0000e+08 1.0000e+08 1.0000e+08 1.0000e+08 1.0000e+08 1.0000e+08 1.0000e+08 1.0000e+08 1.0000e+08 4.5373e+03 1.0000e+08 1.0000e+08
 2.6207e+00 1.0000e+08 1.0000e+08 1.0000e+08 1.0000e+08 4.4072e+00 8.0394e-01 1.0000e+08 1.0000e+08 1.0000e+08 1.0000e+08 1.0000e+08 1.0000e+08
 1.0000e+08 1.1518e+00 1.0000e+08 1.0000e+08 1.0000e+08 1.0000e+08 1.0000e+08 1.0000e+08 1.0000e+08 1.0000e+08 1.0000e+08 1.0000e+08 1.0000e+08
 1.0000e+08 1.0000e+08 1.0000e+08 1.0000e+08 1.0000e+08 2.4310e+00 1.0000e+08 1.0000e+08 1.0000e+08 1.0000e+08 2.4353e+02 1.0000e+08 1.0000e+08
 1.0000e+08 1.0000e+08 8.5129e+00 1.0000e+08 1.0000e+08 1.6290e+00 1.0000e+08 1.0000e+08 1.0000e+08 1.0000e+08 1.0000e+08 1.0000e+08 1.0000e+08
 1.0000e+08 1.0000e+08 1.0000e+08 1.0000e+08 1.0000e+08 1.0000e+08 1.0000e+08 1.0000e+08 4.2543e+05]

matrice di sistema Q_188 (A + lambda * W_188):
[[       1.0986       -0.0922       -0.0173       -0.0403       -0.0275 ...        0.0648       -0.02          0.0741        0.0644       -0.0096]
 [      -0.0922 10000001.           -0.0832       -0.0403       -0.0328 ...       -0.0131        0.1748       -0.0006       -0.0396       -0.1098]
 [      -0.0173       -0.0832 10000001.           -0.0997       -0.02   ...       -0.0945        0.0139       -0.0721        0.0284        0.0155]
 [      -0.0403       -0.0403       -0.0997 10000001.           -0.1078 ...        0.1176       -0.0406        0.0293        0.0054       -0.037 ]
 [      -0.0275       -0.0328       -0.02         -0.1078 10000001.     ...       -0.0815        0.0502        0.084        -0.0457       -0.0797]
 ...
 [       0.0648       -0.0131       -0.0945        0.1176       -0.0815 ... 10000001.           -0.0458        0.0256       -0.0061       -0.0081]
 [      -0.02          0.1748        0.0139       -0.0406        0.0502 ...       -0.0458 10000001.           -0.0824       -0.0423        0.0548]
 [       0.0741       -0.0006       -0.0721        0.0293        0.084  ...        0.0256       -0.0824 10000001.           -0.0403        0.0028]
 [       0.0644       -0.0396        0.0284        0.0054       -0.0457 ...       -0.0061       -0.0423       -0.0403 10000001.            0.0801]
 [      -0.0096       -0.1098        0.0155       -0.037        -0.0797 ...       -0.0081        0.0548        0.0028        0.0801    42544.3998]]

------------------------------------------------------------

--- ITERAZIONE k = 189 ---
vettore w_189:
[-1.0145  0.      0.      0.     -0.     -0.     -0.     -0.     -0.     -0.      1.42    0.     -0.      0.     -0.      0.      0.      0.
 -0.      0.      0.      0.     -0.85   -0.0001  0.      0.      0.     -0.      0.     -0.     -0.     -0.      0.      0.     -0.     -0.
  0.0002  0.      0.      0.3816 -0.     -0.      0.      0.      0.2269  1.2439 -0.     -0.      0.     -0.      0.      0.      0.     -0.8682
  0.      0.      0.      0.      0.     -0.     -0.      0.     -0.      0.      0.      0.      0.      0.      0.      0.      0.4114 -0.
 -0.     -0.     -0.     -0.0042  0.     -0.     -0.      0.     -0.1175 -0.     -0.      0.6139 -0.      0.     -0.     -0.      0.      0.
  0.      0.     -0.     -0.     -0.     -0.     -0.     -0.      0.      0.    ]

diagonale matrice pesi W_189 (1 / max(|w|, eps)):
[9.8566e-01 1.0000e+08 1.0000e+08 1.0000e+08 1.0000e+08 1.0000e+08 1.0000e+08 1.0000e+08 1.0000e+08 1.0000e+08 7.0424e-01 1.0000e+08 1.0000e+08
 1.0000e+08 1.0000e+08 1.0000e+08 1.0000e+08 1.0000e+08 1.0000e+08 1.0000e+08 1.0000e+08 1.0000e+08 1.1764e+00 9.5706e+03 1.0000e+08 1.0000e+08
 1.0000e+08 1.0000e+08 1.0000e+08 1.0000e+08 1.0000e+08 1.0000e+08 1.0000e+08 1.0000e+08 1.0000e+08 1.0000e+08 4.5639e+03 1.0000e+08 1.0000e+08
 2.6206e+00 1.0000e+08 1.0000e+08 1.0000e+08 1.0000e+08 4.4073e+00 8.0394e-01 1.0000e+08 1.0000e+08 1.0000e+08 1.0000e+08 1.0000e+08 1.0000e+08
 1.0000e+08 1.1518e+00 1.0000e+08 1.0000e+08 1.0000e+08 1.0000e+08 1.0000e+08 1.0000e+08 1.0000e+08 1.0000e+08 1.0000e+08 1.0000e+08 1.0000e+08
 1.0000e+08 1.0000e+08 1.0000e+08 1.0000e+08 1.0000e+08 2.4310e+00 1.0000e+08 1.0000e+08 1.0000e+08 1.0000e+08 2.3728e+02 1.0000e+08 1.0000e+08
 1.0000e+08 1.0000e+08 8.5129e+00 1.0000e+08 1.0000e+08 1.6290e+00 1.0000e+08 1.0000e+08 1.0000e+08 1.0000e+08 1.0000e+08 1.0000e+08 1.0000e+08
 1.0000e+08 1.0000e+08 1.0000e+08 1.0000e+08 1.0000e+08 1.0000e+08 1.0000e+08 1.0000e+08 4.3281e+05]

matrice di sistema Q_189 (A + lambda * W_189):
[[       1.0986       -0.0922       -0.0173       -0.0403       -0.0275 ...        0.0648       -0.02          0.0741        0.0644       -0.0096]
 [      -0.0922 10000001.           -0.0832       -0.0403       -0.0328 ...       -0.0131        0.1748       -0.0006       -0.0396       -0.1098]
 [      -0.0173       -0.0832 10000001.           -0.0997       -0.02   ...       -0.0945        0.0139       -0.0721        0.0284        0.0155]
 [      -0.0403       -0.0403       -0.0997 10000001.           -0.1078 ...        0.1176       -0.0406        0.0293        0.0054       -0.037 ]
 [      -0.0275       -0.0328       -0.02         -0.1078 10000001.     ...       -0.0815        0.0502        0.084        -0.0457       -0.0797]
 ...
 [       0.0648       -0.0131       -0.0945        0.1176       -0.0815 ... 10000001.           -0.0458        0.0256       -0.0061       -0.0081]
 [      -0.02          0.1748        0.0139       -0.0406        0.0502 ...       -0.0458 10000001.           -0.0824       -0.0423        0.0548]
 [       0.0741       -0.0006       -0.0721        0.0293        0.084  ...        0.0256       -0.0824 10000001.           -0.0403        0.0028]
 [       0.0644       -0.0396        0.0284        0.0054       -0.0457 ...       -0.0061       -0.0423       -0.0403 10000001.            0.0801]
 [      -0.0096       -0.1098        0.0155       -0.037        -0.0797 ...       -0.0081        0.0548        0.0028        0.0801    43281.6745]]

------------------------------------------------------------

--- ITERAZIONE k = 190 ---
vettore w_190:
[-1.0146  0.      0.      0.     -0.     -0.     -0.     -0.     -0.     -0.      1.42    0.     -0.      0.     -0.      0.      0.      0.
 -0.      0.      0.      0.     -0.85   -0.0001  0.      0.      0.     -0.      0.     -0.     -0.     -0.      0.      0.     -0.     -0.
  0.0002  0.      0.      0.3816 -0.     -0.      0.      0.      0.2269  1.2439 -0.     -0.      0.     -0.      0.      0.      0.     -0.8682
  0.      0.      0.      0.      0.     -0.     -0.      0.     -0.      0.      0.      0.      0.      0.      0.      0.      0.4114 -0.
 -0.     -0.     -0.     -0.0043  0.     -0.     -0.      0.     -0.1175 -0.     -0.      0.6139 -0.      0.     -0.     -0.      0.      0.
  0.      0.     -0.     -0.     -0.     -0.     -0.     -0.      0.      0.    ]

diagonale matrice pesi W_190 (1 / max(|w|, eps)):
[9.8565e-01 1.0000e+08 1.0000e+08 1.0000e+08 1.0000e+08 1.0000e+08 1.0000e+08 1.0000e+08 1.0000e+08 1.0000e+08 7.0424e-01 1.0000e+08 1.0000e+08
 1.0000e+08 1.0000e+08 1.0000e+08 1.0000e+08 1.0000e+08 1.0000e+08 1.0000e+08 1.0000e+08 1.0000e+08 1.1764e+00 9.2228e+03 1.0000e+08 1.0000e+08
 1.0000e+08 1.0000e+08 1.0000e+08 1.0000e+08 1.0000e+08 1.0000e+08 1.0000e+08 1.0000e+08 1.0000e+08 1.0000e+08 4.5903e+03 1.0000e+08 1.0000e+08
 2.6206e+00 1.0000e+08 1.0000e+08 1.0000e+08 1.0000e+08 4.4073e+00 8.0394e-01 1.0000e+08 1.0000e+08 1.0000e+08 1.0000e+08 1.0000e+08 1.0000e+08
 1.0000e+08 1.1518e+00 1.0000e+08 1.0000e+08 1.0000e+08 1.0000e+08 1.0000e+08 1.0000e+08 1.0000e+08 1.0000e+08 1.0000e+08 1.0000e+08 1.0000e+08
 1.0000e+08 1.0000e+08 1.0000e+08 1.0000e+08 1.0000e+08 2.4310e+00 1.0000e+08 1.0000e+08 1.0000e+08 1.0000e+08 2.3142e+02 1.0000e+08 1.0000e+08
 1.0000e+08 1.0000e+08 8.5129e+00 1.0000e+08 1.0000e+08 1.6290e+00 1.0000e+08 1.0000e+08 1.0000e+08 1.0000e+08 1.0000e+08 1.0000e+08 1.0000e+08
 1.0000e+08 1.0000e+08 1.0000e+08 1.0000e+08 1.0000e+08 1.0000e+08 1.0000e+08 1.0000e+08 4.4031e+05]

matrice di sistema Q_190 (A + lambda * W_190):
[[       1.0986       -0.0922       -0.0173       -0.0403       -0.0275 ...        0.0648       -0.02          0.0741        0.0644       -0.0096]
 [      -0.0922 10000001.           -0.0832       -0.0403       -0.0328 ...       -0.0131        0.1748       -0.0006       -0.0396       -0.1098]
 [      -0.0173       -0.0832 10000001.           -0.0997       -0.02   ...       -0.0945        0.0139       -0.0721        0.0284        0.0155]
 [      -0.0403       -0.0403       -0.0997 10000001.           -0.1078 ...        0.1176       -0.0406        0.0293        0.0054       -0.037 ]
 [      -0.0275       -0.0328       -0.02         -0.1078 10000001.     ...       -0.0815        0.0502        0.084        -0.0457       -0.0797]
 ...
 [       0.0648       -0.0131       -0.0945        0.1176       -0.0815 ... 10000001.           -0.0458        0.0256       -0.0061       -0.0081]
 [      -0.02          0.1748        0.0139       -0.0406        0.0502 ...       -0.0458 10000001.           -0.0824       -0.0423        0.0548]
 [       0.0741       -0.0006       -0.0721        0.0293        0.084  ...        0.0256       -0.0824 10000001.           -0.0403        0.0028]
 [       0.0644       -0.0396        0.0284        0.0054       -0.0457 ...       -0.0061       -0.0423       -0.0403 10000001.            0.0801]
 [      -0.0096       -0.1098        0.0155       -0.037        -0.0797 ...       -0.0081        0.0548        0.0028        0.0801    44031.8077]]

------------------------------------------------------------

--- ITERAZIONE k = 191 ---
vettore w_191:
[-1.0146  0.      0.      0.     -0.     -0.     -0.     -0.     -0.     -0.      1.42    0.     -0.      0.     -0.      0.      0.      0.
 -0.      0.      0.      0.     -0.85   -0.0001  0.      0.      0.     -0.      0.     -0.     -0.     -0.      0.      0.     -0.     -0.
  0.0002  0.      0.      0.3816 -0.     -0.      0.      0.      0.2269  1.2439 -0.     -0.      0.     -0.      0.      0.      0.     -0.8682
  0.      0.      0.      0.      0.     -0.     -0.      0.     -0.      0.      0.      0.      0.      0.      0.      0.      0.4113 -0.
 -0.     -0.     -0.     -0.0044  0.     -0.     -0.      0.     -0.1175 -0.     -0.      0.6139 -0.      0.     -0.     -0.      0.      0.
  0.      0.     -0.     -0.     -0.     -0.     -0.     -0.      0.      0.    ]

diagonale matrice pesi W_191 (1 / max(|w|, eps)):
[9.8565e-01 1.0000e+08 1.0000e+08 1.0000e+08 1.0000e+08 1.0000e+08 1.0000e+08 1.0000e+08 1.0000e+08 1.0000e+08 7.0424e-01 1.0000e+08 1.0000e+08
 1.0000e+08 1.0000e+08 1.0000e+08 1.0000e+08 1.0000e+08 1.0000e+08 1.0000e+08 1.0000e+08 1.0000e+08 1.1764e+00 8.8869e+03 1.0000e+08 1.0000e+08
 1.0000e+08 1.0000e+08 1.0000e+08 1.0000e+08 1.0000e+08 1.0000e+08 1.0000e+08 1.0000e+08 1.0000e+08 1.0000e+08 4.6164e+03 1.0000e+08 1.0000e+08
 2.6205e+00 1.0000e+08 1.0000e+08 1.0000e+08 1.0000e+08 4.4074e+00 8.0395e-01 1.0000e+08 1.0000e+08 1.0000e+08 1.0000e+08 1.0000e+08 1.0000e+08
 1.0000e+08 1.1518e+00 1.0000e+08 1.0000e+08 1.0000e+08 1.0000e+08 1.0000e+08 1.0000e+08 1.0000e+08 1.0000e+08 1.0000e+08 1.0000e+08 1.0000e+08
 1.0000e+08 1.0000e+08 1.0000e+08 1.0000e+08 1.0000e+08 2.4310e+00 1.0000e+08 1.0000e+08 1.0000e+08 1.0000e+08 2.2592e+02 1.0000e+08 1.0000e+08
 1.0000e+08 1.0000e+08 8.5129e+00 1.0000e+08 1.0000e+08 1.6290e+00 1.0000e+08 1.0000e+08 1.0000e+08 1.0000e+08 1.0000e+08 1.0000e+08 1.0000e+08
 1.0000e+08 1.0000e+08 1.0000e+08 1.0000e+08 1.0000e+08 1.0000e+08 1.0000e+08 1.0000e+08 4.4794e+05]

matrice di sistema Q_191 (A + lambda * W_191):
[[       1.0986       -0.0922       -0.0173       -0.0403       -0.0275 ...        0.0648       -0.02          0.0741        0.0644       -0.0096]
 [      -0.0922 10000001.           -0.0832       -0.0403       -0.0328 ...       -0.0131        0.1748       -0.0006       -0.0396       -0.1098]
 [      -0.0173       -0.0832 10000001.           -0.0997       -0.02   ...       -0.0945        0.0139       -0.0721        0.0284        0.0155]
 [      -0.0403       -0.0403       -0.0997 10000001.           -0.1078 ...        0.1176       -0.0406        0.0293        0.0054       -0.037 ]
 [      -0.0275       -0.0328       -0.02         -0.1078 10000001.     ...       -0.0815        0.0502        0.084        -0.0457       -0.0797]
 ...
 [       0.0648       -0.0131       -0.0945        0.1176       -0.0815 ... 10000001.           -0.0458        0.0256       -0.0061       -0.0081]
 [      -0.02          0.1748        0.0139       -0.0406        0.0502 ...       -0.0458 10000001.           -0.0824       -0.0423        0.0548]
 [       0.0741       -0.0006       -0.0721        0.0293        0.084  ...        0.0256       -0.0824 10000001.           -0.0403        0.0028]
 [       0.0644       -0.0396        0.0284        0.0054       -0.0457 ...       -0.0061       -0.0423       -0.0403 10000001.            0.0801]
 [      -0.0096       -0.1098        0.0155       -0.037        -0.0797 ...       -0.0081        0.0548        0.0028        0.0801    44795.0218]]

------------------------------------------------------------

--- ITERAZIONE k = 192 ---
vettore w_192:
[-1.0146  0.      0.      0.     -0.     -0.     -0.     -0.     -0.     -0.      1.42    0.     -0.      0.     -0.      0.      0.      0.
 -0.      0.      0.      0.     -0.8501 -0.0001  0.      0.      0.     -0.      0.     -0.     -0.     -0.      0.      0.     -0.     -0.
  0.0002  0.      0.      0.3816 -0.     -0.      0.      0.      0.2269  1.2439 -0.     -0.      0.     -0.      0.      0.      0.     -0.8682
  0.      0.      0.      0.      0.     -0.     -0.      0.     -0.      0.      0.      0.      0.      0.      0.      0.      0.4113 -0.
 -0.     -0.     -0.     -0.0045  0.     -0.     -0.      0.     -0.1175 -0.     -0.      0.6139 -0.      0.     -0.     -0.      0.      0.
  0.      0.     -0.     -0.     -0.     -0.     -0.     -0.      0.      0.    ]

diagonale matrice pesi W_192 (1 / max(|w|, eps)):
[9.8564e-01 1.0000e+08 1.0000e+08 1.0000e+08 1.0000e+08 1.0000e+08 1.0000e+08 1.0000e+08 1.0000e+08 1.0000e+08 7.0424e-01 1.0000e+08 1.0000e+08
 1.0000e+08 1.0000e+08 1.0000e+08 1.0000e+08 1.0000e+08 1.0000e+08 1.0000e+08 1.0000e+08 1.0000e+08 1.1764e+00 8.5624e+03 1.0000e+08 1.0000e+08
 1.0000e+08 1.0000e+08 1.0000e+08 1.0000e+08 1.0000e+08 1.0000e+08 1.0000e+08 1.0000e+08 1.0000e+08 1.0000e+08 4.6422e+03 1.0000e+08 1.0000e+08
 2.6205e+00 1.0000e+08 1.0000e+08 1.0000e+08 1.0000e+08 4.4075e+00 8.0395e-01 1.0000e+08 1.0000e+08 1.0000e+08 1.0000e+08 1.0000e+08 1.0000e+08
 1.0000e+08 1.1518e+00 1.0000e+08 1.0000e+08 1.0000e+08 1.0000e+08 1.0000e+08 1.0000e+08 1.0000e+08 1.0000e+08 1.0000e+08 1.0000e+08 1.0000e+08
 1.0000e+08 1.0000e+08 1.0000e+08 1.0000e+08 1.0000e+08 2.4310e+00 1.0000e+08 1.0000e+08 1.0000e+08 1.0000e+08 2.2078e+02 1.0000e+08 1.0000e+08
 1.0000e+08 1.0000e+08 8.5129e+00 1.0000e+08 1.0000e+08 1.6290e+00 1.0000e+08 1.0000e+08 1.0000e+08 1.0000e+08 1.0000e+08 1.0000e+08 1.0000e+08
 1.0000e+08 1.0000e+08 1.0000e+08 1.0000e+08 1.0000e+08 1.0000e+08 1.0000e+08 1.0000e+08 4.5571e+05]

matrice di sistema Q_192 (A + lambda * W_192):
[[       1.0986       -0.0922       -0.0173       -0.0403       -0.0275 ...        0.0648       -0.02          0.0741        0.0644       -0.0096]
 [      -0.0922 10000001.           -0.0832       -0.0403       -0.0328 ...       -0.0131        0.1748       -0.0006       -0.0396       -0.1098]
 [      -0.0173       -0.0832 10000001.           -0.0997       -0.02   ...       -0.0945        0.0139       -0.0721        0.0284        0.0155]
 [      -0.0403       -0.0403       -0.0997 10000001.           -0.1078 ...        0.1176       -0.0406        0.0293        0.0054       -0.037 ]
 [      -0.0275       -0.0328       -0.02         -0.1078 10000001.     ...       -0.0815        0.0502        0.084        -0.0457       -0.0797]
 ...
 [       0.0648       -0.0131       -0.0945        0.1176       -0.0815 ... 10000001.           -0.0458        0.0256       -0.0061       -0.0081]
 [      -0.02          0.1748        0.0139       -0.0406        0.0502 ...       -0.0458 10000001.           -0.0824       -0.0423        0.0548]
 [       0.0741       -0.0006       -0.0721        0.0293        0.084  ...        0.0256       -0.0824 10000001.           -0.0403        0.0028]
 [       0.0644       -0.0396        0.0284        0.0054       -0.0457 ...       -0.0061       -0.0423       -0.0403 10000001.            0.0801]
 [      -0.0096       -0.1098        0.0155       -0.037        -0.0797 ...       -0.0081        0.0548        0.0028        0.0801    45571.5432]]

------------------------------------------------------------

--- ITERAZIONE k = 193 ---
vettore w_193:
[-1.0146  0.      0.      0.     -0.     -0.     -0.     -0.     -0.     -0.      1.42    0.     -0.      0.     -0.      0.      0.      0.
 -0.      0.      0.      0.     -0.8501 -0.0001  0.      0.      0.     -0.      0.     -0.     -0.     -0.      0.      0.     -0.     -0.
  0.0002  0.      0.      0.3816 -0.     -0.      0.      0.      0.2269  1.2439 -0.     -0.      0.     -0.      0.      0.      0.     -0.8682
  0.      0.      0.      0.      0.     -0.     -0.      0.     -0.      0.      0.      0.      0.      0.      0.      0.      0.4113 -0.
 -0.     -0.     -0.     -0.0046  0.     -0.     -0.      0.     -0.1175 -0.     -0.      0.6138 -0.      0.     -0.     -0.      0.      0.
  0.      0.     -0.     -0.     -0.     -0.     -0.     -0.      0.      0.    ]

diagonale matrice pesi W_193 (1 / max(|w|, eps)):
[9.8564e-01 1.0000e+08 1.0000e+08 1.0000e+08 1.0000e+08 1.0000e+08 1.0000e+08 1.0000e+08 1.0000e+08 1.0000e+08 7.0424e-01 1.0000e+08 1.0000e+08
 1.0000e+08 1.0000e+08 1.0000e+08 1.0000e+08 1.0000e+08 1.0000e+08 1.0000e+08 1.0000e+08 1.0000e+08 1.1764e+00 8.2490e+03 1.0000e+08 1.0000e+08
 1.0000e+08 1.0000e+08 1.0000e+08 1.0000e+08 1.0000e+08 1.0000e+08 1.0000e+08 1.0000e+08 1.0000e+08 1.0000e+08 4.6677e+03 1.0000e+08 1.0000e+08
 2.6205e+00 1.0000e+08 1.0000e+08 1.0000e+08 1.0000e+08 4.4076e+00 8.0395e-01 1.0000e+08 1.0000e+08 1.0000e+08 1.0000e+08 1.0000e+08 1.0000e+08
 1.0000e+08 1.1518e+00 1.0000e+08 1.0000e+08 1.0000e+08 1.0000e+08 1.0000e+08 1.0000e+08 1.0000e+08 1.0000e+08 1.0000e+08 1.0000e+08 1.0000e+08
 1.0000e+08 1.0000e+08 1.0000e+08 1.0000e+08 1.0000e+08 2.4311e+00 1.0000e+08 1.0000e+08 1.0000e+08 1.0000e+08 2.1595e+02 1.0000e+08 1.0000e+08
 1.0000e+08 1.0000e+08 8.5130e+00 1.0000e+08 1.0000e+08 1.6291e+00 1.0000e+08 1.0000e+08 1.0000e+08 1.0000e+08 1.0000e+08 1.0000e+08 1.0000e+08
 1.0000e+08 1.0000e+08 1.0000e+08 1.0000e+08 1.0000e+08 1.0000e+08 1.0000e+08 1.0000e+08 4.6361e+05]

matrice di sistema Q_193 (A + lambda * W_193):
[[       1.0986       -0.0922       -0.0173       -0.0403       -0.0275 ...        0.0648       -0.02          0.0741        0.0644       -0.0096]
 [      -0.0922 10000001.           -0.0832       -0.0403       -0.0328 ...       -0.0131        0.1748       -0.0006       -0.0396       -0.1098]
 [      -0.0173       -0.0832 10000001.           -0.0997       -0.02   ...       -0.0945        0.0139       -0.0721        0.0284        0.0155]
 [      -0.0403       -0.0403       -0.0997 10000001.           -0.1078 ...        0.1176       -0.0406        0.0293        0.0054       -0.037 ]
 [      -0.0275       -0.0328       -0.02         -0.1078 10000001.     ...       -0.0815        0.0502        0.084        -0.0457       -0.0797]
 ...
 [       0.0648       -0.0131       -0.0945        0.1176       -0.0815 ... 10000001.           -0.0458        0.0256       -0.0061       -0.0081]
 [      -0.02          0.1748        0.0139       -0.0406        0.0502 ...       -0.0458 10000001.           -0.0824       -0.0423        0.0548]
 [       0.0741       -0.0006       -0.0721        0.0293        0.084  ...        0.0256       -0.0824 10000001.           -0.0403        0.0028]
 [       0.0644       -0.0396        0.0284        0.0054       -0.0457 ...       -0.0061       -0.0423       -0.0403 10000001.            0.0801]
 [      -0.0096       -0.1098        0.0155       -0.037        -0.0797 ...       -0.0081        0.0548        0.0028        0.0801    46361.6017]]

------------------------------------------------------------

--- ITERAZIONE k = 194 ---
vettore w_194:
[-1.0146  0.      0.      0.     -0.     -0.     -0.     -0.     -0.     -0.      1.42    0.     -0.      0.     -0.      0.      0.      0.
 -0.      0.      0.      0.     -0.8501 -0.0001  0.      0.      0.     -0.      0.     -0.     -0.     -0.      0.      0.     -0.     -0.
  0.0002  0.      0.      0.3816 -0.     -0.      0.      0.      0.2269  1.2439 -0.     -0.      0.     -0.      0.      0.      0.     -0.8682
  0.      0.      0.      0.      0.     -0.     -0.      0.     -0.      0.      0.      0.      0.      0.      0.      0.      0.4113 -0.
 -0.     -0.     -0.     -0.0047  0.     -0.     -0.      0.     -0.1175 -0.     -0.      0.6138 -0.      0.     -0.     -0.      0.      0.
  0.      0.     -0.     -0.     -0.     -0.     -0.     -0.      0.      0.    ]

diagonale matrice pesi W_194 (1 / max(|w|, eps)):
[9.8563e-01 1.0000e+08 1.0000e+08 1.0000e+08 1.0000e+08 1.0000e+08 1.0000e+08 1.0000e+08 1.0000e+08 1.0000e+08 7.0424e-01 1.0000e+08 1.0000e+08
 1.0000e+08 1.0000e+08 1.0000e+08 1.0000e+08 1.0000e+08 1.0000e+08 1.0000e+08 1.0000e+08 1.0000e+08 1.1764e+00 7.9465e+03 1.0000e+08 1.0000e+08
 1.0000e+08 1.0000e+08 1.0000e+08 1.0000e+08 1.0000e+08 1.0000e+08 1.0000e+08 1.0000e+08 1.0000e+08 1.0000e+08 4.6930e+03 1.0000e+08 1.0000e+08
 2.6204e+00 1.0000e+08 1.0000e+08 1.0000e+08 1.0000e+08 4.4077e+00 8.0395e-01 1.0000e+08 1.0000e+08 1.0000e+08 1.0000e+08 1.0000e+08 1.0000e+08
 1.0000e+08 1.1518e+00 1.0000e+08 1.0000e+08 1.0000e+08 1.0000e+08 1.0000e+08 1.0000e+08 1.0000e+08 1.0000e+08 1.0000e+08 1.0000e+08 1.0000e+08
 1.0000e+08 1.0000e+08 1.0000e+08 1.0000e+08 1.0000e+08 2.4311e+00 1.0000e+08 1.0000e+08 1.0000e+08 1.0000e+08 2.1143e+02 1.0000e+08 1.0000e+08
 1.0000e+08 1.0000e+08 8.5130e+00 1.0000e+08 1.0000e+08 1.6291e+00 1.0000e+08 1.0000e+08 1.0000e+08 1.0000e+08 1.0000e+08 1.0000e+08 1.0000e+08
 1.0000e+08 1.0000e+08 1.0000e+08 1.0000e+08 1.0000e+08 1.0000e+08 1.0000e+08 1.0000e+08 4.7164e+05]

matrice di sistema Q_194 (A + lambda * W_194):
[[       1.0986       -0.0922       -0.0173       -0.0403       -0.0275 ...        0.0648       -0.02          0.0741        0.0644       -0.0096]
 [      -0.0922 10000001.           -0.0832       -0.0403       -0.0328 ...       -0.0131        0.1748       -0.0006       -0.0396       -0.1098]
 [      -0.0173       -0.0832 10000001.           -0.0997       -0.02   ...       -0.0945        0.0139       -0.0721        0.0284        0.0155]
 [      -0.0403       -0.0403       -0.0997 10000001.           -0.1078 ...        0.1176       -0.0406        0.0293        0.0054       -0.037 ]
 [      -0.0275       -0.0328       -0.02         -0.1078 10000001.     ...       -0.0815        0.0502        0.084        -0.0457       -0.0797]
 ...
 [       0.0648       -0.0131       -0.0945        0.1176       -0.0815 ... 10000001.           -0.0458        0.0256       -0.0061       -0.0081]
 [      -0.02          0.1748        0.0139       -0.0406        0.0502 ...       -0.0458 10000001.           -0.0824       -0.0423        0.0548]
 [       0.0741       -0.0006       -0.0721        0.0293        0.084  ...        0.0256       -0.0824 10000001.           -0.0403        0.0028]
 [       0.0644       -0.0396        0.0284        0.0054       -0.0457 ...       -0.0061       -0.0423       -0.0403 10000001.            0.0801]
 [      -0.0096       -0.1098        0.0155       -0.037        -0.0797 ...       -0.0081        0.0548        0.0028        0.0801    47165.4309]]

------------------------------------------------------------

--- ITERAZIONE k = 195 ---
vettore w_195:
[-1.0146  0.      0.      0.     -0.     -0.     -0.     -0.     -0.     -0.      1.42    0.     -0.      0.     -0.      0.      0.      0.
 -0.      0.      0.      0.     -0.8501 -0.0001  0.      0.      0.     -0.      0.     -0.     -0.     -0.      0.      0.     -0.     -0.
  0.0002  0.      0.      0.3816 -0.     -0.      0.      0.      0.2269  1.2438 -0.     -0.      0.     -0.      0.      0.      0.     -0.8682
  0.      0.      0.      0.      0.     -0.     -0.      0.     -0.      0.      0.      0.      0.      0.      0.      0.      0.4113 -0.
 -0.     -0.     -0.     -0.0048  0.     -0.     -0.      0.     -0.1175 -0.     -0.      0.6138 -0.      0.     -0.     -0.      0.      0.
  0.      0.     -0.     -0.     -0.     -0.     -0.     -0.      0.      0.    ]

diagonale matrice pesi W_195 (1 / max(|w|, eps)):
[9.8562e-01 1.0000e+08 1.0000e+08 1.0000e+08 1.0000e+08 1.0000e+08 1.0000e+08 1.0000e+08 1.0000e+08 1.0000e+08 7.0424e-01 1.0000e+08 1.0000e+08
 1.0000e+08 1.0000e+08 1.0000e+08 1.0000e+08 1.0000e+08 1.0000e+08 1.0000e+08 1.0000e+08 1.0000e+08 1.1764e+00 7.6544e+03 1.0000e+08 1.0000e+08
 1.0000e+08 1.0000e+08 1.0000e+08 1.0000e+08 1.0000e+08 1.0000e+08 1.0000e+08 1.0000e+08 1.0000e+08 1.0000e+08 4.7180e+03 1.0000e+08 1.0000e+08
 2.6204e+00 1.0000e+08 1.0000e+08 1.0000e+08 1.0000e+08 4.4077e+00 8.0396e-01 1.0000e+08 1.0000e+08 1.0000e+08 1.0000e+08 1.0000e+08 1.0000e+08
 1.0000e+08 1.1518e+00 1.0000e+08 1.0000e+08 1.0000e+08 1.0000e+08 1.0000e+08 1.0000e+08 1.0000e+08 1.0000e+08 1.0000e+08 1.0000e+08 1.0000e+08
 1.0000e+08 1.0000e+08 1.0000e+08 1.0000e+08 1.0000e+08 2.4311e+00 1.0000e+08 1.0000e+08 1.0000e+08 1.0000e+08 2.0720e+02 1.0000e+08 1.0000e+08
 1.0000e+08 1.0000e+08 8.5130e+00 1.0000e+08 1.0000e+08 1.6291e+00 1.0000e+08 1.0000e+08 1.0000e+08 1.0000e+08 1.0000e+08 1.0000e+08 1.0000e+08
 1.0000e+08 1.0000e+08 1.0000e+08 1.0000e+08 1.0000e+08 1.0000e+08 1.0000e+08 1.0000e+08 4.7982e+05]

matrice di sistema Q_195 (A + lambda * W_195):
[[       1.0986       -0.0922       -0.0173       -0.0403       -0.0275 ...        0.0648       -0.02          0.0741        0.0644       -0.0096]
 [      -0.0922 10000001.           -0.0832       -0.0403       -0.0328 ...       -0.0131        0.1748       -0.0006       -0.0396       -0.1098]
 [      -0.0173       -0.0832 10000001.           -0.0997       -0.02   ...       -0.0945        0.0139       -0.0721        0.0284        0.0155]
 [      -0.0403       -0.0403       -0.0997 10000001.           -0.1078 ...        0.1176       -0.0406        0.0293        0.0054       -0.037 ]
 [      -0.0275       -0.0328       -0.02         -0.1078 10000001.     ...       -0.0815        0.0502        0.084        -0.0457       -0.0797]
 ...
 [       0.0648       -0.0131       -0.0945        0.1176       -0.0815 ... 10000001.           -0.0458        0.0256       -0.0061       -0.0081]
 [      -0.02          0.1748        0.0139       -0.0406        0.0502 ...       -0.0458 10000001.           -0.0824       -0.0423        0.0548]
 [       0.0741       -0.0006       -0.0721        0.0293        0.084  ...        0.0256       -0.0824 10000001.           -0.0403        0.0028]
 [       0.0644       -0.0396        0.0284        0.0054       -0.0457 ...       -0.0061       -0.0423       -0.0403 10000001.            0.0801]
 [      -0.0096       -0.1098        0.0155       -0.037        -0.0797 ...       -0.0081        0.0548        0.0028        0.0801    47983.2682]]

------------------------------------------------------------

--- ITERAZIONE k = 196 ---
vettore w_196:
[-1.0146  0.      0.      0.     -0.     -0.     -0.     -0.     -0.     -0.      1.42    0.     -0.      0.     -0.      0.      0.      0.
 -0.      0.      0.      0.     -0.8501 -0.0001  0.      0.      0.     -0.      0.     -0.     -0.     -0.      0.      0.     -0.     -0.
  0.0002  0.      0.      0.3816 -0.     -0.      0.      0.      0.2269  1.2438 -0.     -0.      0.     -0.      0.      0.      0.     -0.8682
  0.      0.      0.      0.      0.     -0.     -0.      0.     -0.      0.      0.      0.      0.      0.      0.      0.      0.4113 -0.
 -0.     -0.     -0.     -0.0049  0.     -0.     -0.      0.     -0.1175 -0.     -0.      0.6138 -0.      0.     -0.     -0.      0.      0.
  0.      0.     -0.     -0.     -0.     -0.     -0.     -0.      0.      0.    ]

diagonale matrice pesi W_196 (1 / max(|w|, eps)):
[9.8562e-01 1.0000e+08 1.0000e+08 1.0000e+08 1.0000e+08 1.0000e+08 1.0000e+08 1.0000e+08 1.0000e+08 1.0000e+08 7.0424e-01 1.0000e+08 1.0000e+08
 1.0000e+08 1.0000e+08 1.0000e+08 1.0000e+08 1.0000e+08 1.0000e+08 1.0000e+08 1.0000e+08 1.0000e+08 1.1763e+00 7.3726e+03 1.0000e+08 1.0000e+08
 1.0000e+08 1.0000e+08 1.0000e+08 1.0000e+08 1.0000e+08 1.0000e+08 1.0000e+08 1.0000e+08 1.0000e+08 1.0000e+08 4.7427e+03 1.0000e+08 1.0000e+08
 2.6204e+00 1.0000e+08 1.0000e+08 1.0000e+08 1.0000e+08 4.4078e+00 8.0396e-01 1.0000e+08 1.0000e+08 1.0000e+08 1.0000e+08 1.0000e+08 1.0000e+08
 1.0000e+08 1.1519e+00 1.0000e+08 1.0000e+08 1.0000e+08 1.0000e+08 1.0000e+08 1.0000e+08 1.0000e+08 1.0000e+08 1.0000e+08 1.0000e+08 1.0000e+08
 1.0000e+08 1.0000e+08 1.0000e+08 1.0000e+08 1.0000e+08 2.4311e+00 1.0000e+08 1.0000e+08 1.0000e+08 1.0000e+08 2.0323e+02 1.0000e+08 1.0000e+08
 1.0000e+08 1.0000e+08 8.5130e+00 1.0000e+08 1.0000e+08 1.6291e+00 1.0000e+08 1.0000e+08 1.0000e+08 1.0000e+08 1.0000e+08 1.0000e+08 1.0000e+08
 1.0000e+08 1.0000e+08 1.0000e+08 1.0000e+08 1.0000e+08 1.0000e+08 1.0000e+08 1.0000e+08 4.8814e+05]

matrice di sistema Q_196 (A + lambda * W_196):
[[       1.0986       -0.0922       -0.0173       -0.0403       -0.0275 ...        0.0648       -0.02          0.0741        0.0644       -0.0096]
 [      -0.0922 10000001.           -0.0832       -0.0403       -0.0328 ...       -0.0131        0.1748       -0.0006       -0.0396       -0.1098]
 [      -0.0173       -0.0832 10000001.           -0.0997       -0.02   ...       -0.0945        0.0139       -0.0721        0.0284        0.0155]
 [      -0.0403       -0.0403       -0.0997 10000001.           -0.1078 ...        0.1176       -0.0406        0.0293        0.0054       -0.037 ]
 [      -0.0275       -0.0328       -0.02         -0.1078 10000001.     ...       -0.0815        0.0502        0.084        -0.0457       -0.0797]
 ...
 [       0.0648       -0.0131       -0.0945        0.1176       -0.0815 ... 10000001.           -0.0458        0.0256       -0.0061       -0.0081]
 [      -0.02          0.1748        0.0139       -0.0406        0.0502 ...       -0.0458 10000001.           -0.0824       -0.0423        0.0548]
 [       0.0741       -0.0006       -0.0721        0.0293        0.084  ...        0.0256       -0.0824 10000001.           -0.0403        0.0028]
 [       0.0644       -0.0396        0.0284        0.0054       -0.0457 ...       -0.0061       -0.0423       -0.0403 10000001.            0.0801]
 [      -0.0096       -0.1098        0.0155       -0.037        -0.0797 ...       -0.0081        0.0548        0.0028        0.0801    48815.3547]]

------------------------------------------------------------

--- ITERAZIONE k = 197 ---
vettore w_197:
[-1.0146  0.      0.      0.     -0.     -0.     -0.     -0.     -0.     -0.      1.42    0.     -0.      0.     -0.      0.      0.      0.
 -0.      0.      0.      0.     -0.8501 -0.0001  0.      0.      0.     -0.      0.     -0.     -0.     -0.      0.      0.     -0.     -0.
  0.0002  0.      0.      0.3816 -0.     -0.      0.      0.      0.2269  1.2438 -0.     -0.      0.     -0.      0.      0.      0.     -0.8682
  0.      0.      0.      0.      0.     -0.     -0.      0.     -0.      0.      0.      0.      0.      0.      0.      0.      0.4113 -0.
 -0.     -0.     -0.     -0.005   0.     -0.     -0.      0.     -0.1175 -0.     -0.      0.6138 -0.      0.     -0.     -0.      0.      0.
  0.      0.     -0.     -0.     -0.     -0.     -0.     -0.      0.      0.    ]

diagonale matrice pesi W_197 (1 / max(|w|, eps)):
[9.8561e-01 1.0000e+08 1.0000e+08 1.0000e+08 1.0000e+08 1.0000e+08 1.0000e+08 1.0000e+08 1.0000e+08 1.0000e+08 7.0424e-01 1.0000e+08 1.0000e+08
 1.0000e+08 1.0000e+08 1.0000e+08 1.0000e+08 1.0000e+08 1.0000e+08 1.0000e+08 1.0000e+08 1.0000e+08 1.1763e+00 7.1006e+03 1.0000e+08 1.0000e+08
 1.0000e+08 1.0000e+08 1.0000e+08 1.0000e+08 1.0000e+08 1.0000e+08 1.0000e+08 1.0000e+08 1.0000e+08 1.0000e+08 4.7672e+03 1.0000e+08 1.0000e+08
 2.6203e+00 1.0000e+08 1.0000e+08 1.0000e+08 1.0000e+08 4.4079e+00 8.0396e-01 1.0000e+08 1.0000e+08 1.0000e+08 1.0000e+08 1.0000e+08 1.0000e+08
 1.0000e+08 1.1519e+00 1.0000e+08 1.0000e+08 1.0000e+08 1.0000e+08 1.0000e+08 1.0000e+08 1.0000e+08 1.0000e+08 1.0000e+08 1.0000e+08 1.0000e+08
 1.0000e+08 1.0000e+08 1.0000e+08 1.0000e+08 1.0000e+08 2.4311e+00 1.0000e+08 1.0000e+08 1.0000e+08 1.0000e+08 1.9951e+02 1.0000e+08 1.0000e+08
 1.0000e+08 1.0000e+08 8.5130e+00 1.0000e+08 1.0000e+08 1.6291e+00 1.0000e+08 1.0000e+08 1.0000e+08 1.0000e+08 1.0000e+08 1.0000e+08 1.0000e+08
 1.0000e+08 1.0000e+08 1.0000e+08 1.0000e+08 1.0000e+08 1.0000e+08 1.0000e+08 1.0000e+08 4.9661e+05]

matrice di sistema Q_197 (A + lambda * W_197):
[[       1.0986       -0.0922       -0.0173       -0.0403       -0.0275 ...        0.0648       -0.02          0.0741        0.0644       -0.0096]
 [      -0.0922 10000001.           -0.0832       -0.0403       -0.0328 ...       -0.0131        0.1748       -0.0006       -0.0396       -0.1098]
 [      -0.0173       -0.0832 10000001.           -0.0997       -0.02   ...       -0.0945        0.0139       -0.0721        0.0284        0.0155]
 [      -0.0403       -0.0403       -0.0997 10000001.           -0.1078 ...        0.1176       -0.0406        0.0293        0.0054       -0.037 ]
 [      -0.0275       -0.0328       -0.02         -0.1078 10000001.     ...       -0.0815        0.0502        0.084        -0.0457       -0.0797]
 ...
 [       0.0648       -0.0131       -0.0945        0.1176       -0.0815 ... 10000001.           -0.0458        0.0256       -0.0061       -0.0081]
 [      -0.02          0.1748        0.0139       -0.0406        0.0502 ...       -0.0458 10000001.           -0.0824       -0.0423        0.0548]
 [       0.0741       -0.0006       -0.0721        0.0293        0.084  ...        0.0256       -0.0824 10000001.           -0.0403        0.0028]
 [       0.0644       -0.0396        0.0284        0.0054       -0.0457 ...       -0.0061       -0.0423       -0.0403 10000001.            0.0801]
 [      -0.0096       -0.1098        0.0155       -0.037        -0.0797 ...       -0.0081        0.0548        0.0028        0.0801    49661.9357]]

------------------------------------------------------------

--- ITERAZIONE k = 198 ---
vettore w_198:
[-1.0146  0.      0.      0.     -0.     -0.     -0.     -0.     -0.     -0.      1.42    0.     -0.      0.     -0.      0.      0.      0.
 -0.      0.      0.      0.     -0.8501 -0.0001  0.      0.      0.     -0.      0.     -0.     -0.     -0.      0.      0.     -0.     -0.
  0.0002  0.      0.      0.3816 -0.     -0.      0.      0.      0.2269  1.2438 -0.     -0.      0.     -0.      0.      0.      0.     -0.8682
  0.      0.      0.      0.      0.     -0.     -0.      0.     -0.      0.      0.      0.      0.      0.      0.      0.      0.4113 -0.
 -0.     -0.     -0.     -0.0051  0.     -0.     -0.      0.     -0.1175 -0.     -0.      0.6138 -0.      0.     -0.     -0.      0.      0.
  0.      0.     -0.     -0.     -0.     -0.     -0.     -0.      0.      0.    ]

diagonale matrice pesi W_198 (1 / max(|w|, eps)):
[9.8561e-01 1.0000e+08 1.0000e+08 1.0000e+08 1.0000e+08 1.0000e+08 1.0000e+08 1.0000e+08 1.0000e+08 1.0000e+08 7.0424e-01 1.0000e+08 1.0000e+08
 1.0000e+08 1.0000e+08 1.0000e+08 1.0000e+08 1.0000e+08 1.0000e+08 1.0000e+08 1.0000e+08 1.0000e+08 1.1763e+00 6.8383e+03 1.0000e+08 1.0000e+08
 1.0000e+08 1.0000e+08 1.0000e+08 1.0000e+08 1.0000e+08 1.0000e+08 1.0000e+08 1.0000e+08 1.0000e+08 1.0000e+08 4.7914e+03 1.0000e+08 1.0000e+08
 2.6203e+00 1.0000e+08 1.0000e+08 1.0000e+08 1.0000e+08 4.4080e+00 8.0396e-01 1.0000e+08 1.0000e+08 1.0000e+08 1.0000e+08 1.0000e+08 1.0000e+08
 1.0000e+08 1.1519e+00 1.0000e+08 1.0000e+08 1.0000e+08 1.0000e+08 1.0000e+08 1.0000e+08 1.0000e+08 1.0000e+08 1.0000e+08 1.0000e+08 1.0000e+08
 1.0000e+08 1.0000e+08 1.0000e+08 1.0000e+08 1.0000e+08 2.4312e+00 1.0000e+08 1.0000e+08 1.0000e+08 1.0000e+08 1.9603e+02 1.0000e+08 1.0000e+08
 1.0000e+08 1.0000e+08 8.5131e+00 1.0000e+08 1.0000e+08 1.6291e+00 1.0000e+08 1.0000e+08 1.0000e+08 1.0000e+08 1.0000e+08 1.0000e+08 1.0000e+08
 1.0000e+08 1.0000e+08 1.0000e+08 1.0000e+08 1.0000e+08 1.0000e+08 1.0000e+08 1.0000e+08 5.0522e+05]

matrice di sistema Q_198 (A + lambda * W_198):
[[       1.0986       -0.0922       -0.0173       -0.0403       -0.0275 ...        0.0648       -0.02          0.0741        0.0644       -0.0096]
 [      -0.0922 10000001.           -0.0832       -0.0403       -0.0328 ...       -0.0131        0.1748       -0.0006       -0.0396       -0.1098]
 [      -0.0173       -0.0832 10000001.           -0.0997       -0.02   ...       -0.0945        0.0139       -0.0721        0.0284        0.0155]
 [      -0.0403       -0.0403       -0.0997 10000001.           -0.1078 ...        0.1176       -0.0406        0.0293        0.0054       -0.037 ]
 [      -0.0275       -0.0328       -0.02         -0.1078 10000001.     ...       -0.0815        0.0502        0.084        -0.0457       -0.0797]
 ...
 [       0.0648       -0.0131       -0.0945        0.1176       -0.0815 ... 10000001.           -0.0458        0.0256       -0.0061       -0.0081]
 [      -0.02          0.1748        0.0139       -0.0406        0.0502 ...       -0.0458 10000001.           -0.0824       -0.0423        0.0548]
 [       0.0741       -0.0006       -0.0721        0.0293        0.084  ...        0.0256       -0.0824 10000001.           -0.0403        0.0028]
 [       0.0644       -0.0396        0.0284        0.0054       -0.0457 ...       -0.0061       -0.0423       -0.0403 10000001.            0.0801]
 [      -0.0096       -0.1098        0.0155       -0.037        -0.0797 ...       -0.0081        0.0548        0.0028        0.0801    50523.2602]]

------------------------------------------------------------

--- ITERAZIONE k = 199 ---
vettore w_199:
[-1.0146  0.      0.      0.     -0.     -0.     -0.     -0.     -0.     -0.      1.42    0.     -0.      0.     -0.      0.      0.      0.
 -0.      0.      0.      0.     -0.8501 -0.0002  0.      0.      0.     -0.      0.     -0.     -0.     -0.      0.      0.     -0.     -0.
  0.0002  0.      0.      0.3816 -0.     -0.      0.      0.      0.2269  1.2438 -0.     -0.      0.     -0.      0.      0.      0.     -0.8681
  0.      0.      0.      0.      0.     -0.     -0.      0.     -0.      0.      0.      0.      0.      0.      0.      0.      0.4113 -0.
 -0.     -0.     -0.     -0.0052  0.     -0.     -0.      0.     -0.1175 -0.     -0.      0.6138 -0.      0.     -0.     -0.      0.      0.
  0.      0.     -0.     -0.     -0.     -0.     -0.     -0.      0.      0.    ]

diagonale matrice pesi W_199 (1 / max(|w|, eps)):
[9.8560e-01 1.0000e+08 1.0000e+08 1.0000e+08 1.0000e+08 1.0000e+08 1.0000e+08 1.0000e+08 1.0000e+08 1.0000e+08 7.0424e-01 1.0000e+08 1.0000e+08
 1.0000e+08 1.0000e+08 1.0000e+08 1.0000e+08 1.0000e+08 1.0000e+08 1.0000e+08 1.0000e+08 1.0000e+08 1.1763e+00 6.5853e+03 1.0000e+08 1.0000e+08
 1.0000e+08 1.0000e+08 1.0000e+08 1.0000e+08 1.0000e+08 1.0000e+08 1.0000e+08 1.0000e+08 1.0000e+08 1.0000e+08 4.8154e+03 1.0000e+08 1.0000e+08
 2.6203e+00 1.0000e+08 1.0000e+08 1.0000e+08 1.0000e+08 4.4080e+00 8.0397e-01 1.0000e+08 1.0000e+08 1.0000e+08 1.0000e+08 1.0000e+08 1.0000e+08
 1.0000e+08 1.1519e+00 1.0000e+08 1.0000e+08 1.0000e+08 1.0000e+08 1.0000e+08 1.0000e+08 1.0000e+08 1.0000e+08 1.0000e+08 1.0000e+08 1.0000e+08
 1.0000e+08 1.0000e+08 1.0000e+08 1.0000e+08 1.0000e+08 2.4312e+00 1.0000e+08 1.0000e+08 1.0000e+08 1.0000e+08 1.9276e+02 1.0000e+08 1.0000e+08
 1.0000e+08 1.0000e+08 8.5131e+00 1.0000e+08 1.0000e+08 1.6292e+00 1.0000e+08 1.0000e+08 1.0000e+08 1.0000e+08 1.0000e+08 1.0000e+08 1.0000e+08
 1.0000e+08 1.0000e+08 1.0000e+08 1.0000e+08 1.0000e+08 1.0000e+08 1.0000e+08 1.0000e+08 5.1399e+05]

matrice di sistema Q_199 (A + lambda * W_199):
[[       1.0986       -0.0922       -0.0173       -0.0403       -0.0275 ...        0.0648       -0.02          0.0741        0.0644       -0.0096]
 [      -0.0922 10000001.           -0.0832       -0.0403       -0.0328 ...       -0.0131        0.1748       -0.0006       -0.0396       -0.1098]
 [      -0.0173       -0.0832 10000001.           -0.0997       -0.02   ...       -0.0945        0.0139       -0.0721        0.0284        0.0155]
 [      -0.0403       -0.0403       -0.0997 10000001.           -0.1078 ...        0.1176       -0.0406        0.0293        0.0054       -0.037 ]
 [      -0.0275       -0.0328       -0.02         -0.1078 10000001.     ...       -0.0815        0.0502        0.084        -0.0457       -0.0797]
 ...
 [       0.0648       -0.0131       -0.0945        0.1176       -0.0815 ... 10000001.           -0.0458        0.0256       -0.0061       -0.0081]
 [      -0.02          0.1748        0.0139       -0.0406        0.0502 ...       -0.0458 10000001.           -0.0824       -0.0423        0.0548]
 [       0.0741       -0.0006       -0.0721        0.0293        0.084  ...        0.0256       -0.0824 10000001.           -0.0403        0.0028]
 [       0.0644       -0.0396        0.0284        0.0054       -0.0457 ...       -0.0061       -0.0423       -0.0403 10000001.            0.0801]
 [      -0.0096       -0.1098        0.0155       -0.037        -0.0797 ...       -0.0081        0.0548        0.0028        0.0801    51399.5814]]

------------------------------------------------------------

--- ITERAZIONE k = 200 ---
vettore w_200:
[-1.0146  0.      0.      0.     -0.     -0.     -0.     -0.     -0.     -0.      1.42    0.     -0.      0.     -0.      0.      0.      0.
 -0.      0.      0.      0.     -0.8501 -0.0002  0.      0.      0.     -0.      0.     -0.     -0.     -0.      0.      0.     -0.     -0.
  0.0002  0.      0.      0.3816 -0.     -0.      0.      0.      0.2269  1.2438 -0.     -0.      0.     -0.      0.      0.      0.     -0.8681
  0.      0.      0.      0.      0.     -0.     -0.      0.     -0.      0.      0.      0.      0.      0.      0.      0.      0.4113 -0.
 -0.     -0.     -0.     -0.0053  0.     -0.     -0.      0.     -0.1175 -0.     -0.      0.6138 -0.      0.     -0.     -0.      0.      0.
  0.      0.     -0.     -0.     -0.     -0.     -0.     -0.      0.      0.    ]

diagonale matrice pesi W_200 (1 / max(|w|, eps)):
[9.8560e-01 1.0000e+08 1.0000e+08 1.0000e+08 1.0000e+08 1.0000e+08 1.0000e+08 1.0000e+08 1.0000e+08 1.0000e+08 7.0424e-01 1.0000e+08 1.0000e+08
 1.0000e+08 1.0000e+08 1.0000e+08 1.0000e+08 1.0000e+08 1.0000e+08 1.0000e+08 1.0000e+08 1.0000e+08 1.1763e+00 6.3413e+03 1.0000e+08 1.0000e+08
 1.0000e+08 1.0000e+08 1.0000e+08 1.0000e+08 1.0000e+08 1.0000e+08 1.0000e+08 1.0000e+08 1.0000e+08 1.0000e+08 4.8391e+03 1.0000e+08 1.0000e+08
 2.6203e+00 1.0000e+08 1.0000e+08 1.0000e+08 1.0000e+08 4.4081e+00 8.0397e-01 1.0000e+08 1.0000e+08 1.0000e+08 1.0000e+08 1.0000e+08 1.0000e+08
 1.0000e+08 1.1519e+00 1.0000e+08 1.0000e+08 1.0000e+08 1.0000e+08 1.0000e+08 1.0000e+08 1.0000e+08 1.0000e+08 1.0000e+08 1.0000e+08 1.0000e+08
 1.0000e+08 1.0000e+08 1.0000e+08 1.0000e+08 1.0000e+08 2.4312e+00 1.0000e+08 1.0000e+08 1.0000e+08 1.0000e+08 1.8970e+02 1.0000e+08 1.0000e+08
 1.0000e+08 1.0000e+08 8.5131e+00 1.0000e+08 1.0000e+08 1.6292e+00 1.0000e+08 1.0000e+08 1.0000e+08 1.0000e+08 1.0000e+08 1.0000e+08 1.0000e+08
 1.0000e+08 1.0000e+08 1.0000e+08 1.0000e+08 1.0000e+08 1.0000e+08 1.0000e+08 1.0000e+08 5.2290e+05]

matrice di sistema Q_200 (A + lambda * W_200):
[[       1.0986       -0.0922       -0.0173       -0.0403       -0.0275 ...        0.0648       -0.02          0.0741        0.0644       -0.0096]
 [      -0.0922 10000001.           -0.0832       -0.0403       -0.0328 ...       -0.0131        0.1748       -0.0006       -0.0396       -0.1098]
 [      -0.0173       -0.0832 10000001.           -0.0997       -0.02   ...       -0.0945        0.0139       -0.0721        0.0284        0.0155]
 [      -0.0403       -0.0403       -0.0997 10000001.           -0.1078 ...        0.1176       -0.0406        0.0293        0.0054       -0.037 ]
 [      -0.0275       -0.0328       -0.02         -0.1078 10000001.     ...       -0.0815        0.0502        0.084        -0.0457       -0.0797]
 ...
 [       0.0648       -0.0131       -0.0945        0.1176       -0.0815 ... 10000001.           -0.0458        0.0256       -0.0061       -0.0081]
 [      -0.02          0.1748        0.0139       -0.0406        0.0502 ...       -0.0458 10000001.           -0.0824       -0.0423        0.0548]
 [       0.0741       -0.0006       -0.0721        0.0293        0.084  ...        0.0256       -0.0824 10000001.           -0.0403        0.0028]
 [       0.0644       -0.0396        0.0284        0.0054       -0.0457 ...       -0.0061       -0.0423       -0.0403 10000001.            0.0801]
 [      -0.0096       -0.1098        0.0155       -0.037        -0.0797 ...       -0.0081        0.0548        0.0028        0.0801    52291.1566]]

------------------------------------------------------------

--- ITERAZIONE k = 201 ---
vettore w_201:
[-1.0146  0.      0.      0.     -0.     -0.     -0.     -0.     -0.     -0.      1.42    0.     -0.      0.     -0.      0.      0.      0.
 -0.      0.      0.      0.     -0.8501 -0.0002  0.      0.      0.     -0.      0.     -0.     -0.     -0.      0.      0.     -0.     -0.
  0.0002  0.      0.      0.3816 -0.     -0.      0.      0.      0.2269  1.2438 -0.     -0.      0.     -0.      0.      0.      0.     -0.8681
  0.      0.      0.      0.      0.     -0.     -0.      0.     -0.      0.      0.      0.      0.      0.      0.      0.      0.4113 -0.
 -0.     -0.     -0.     -0.0054  0.     -0.     -0.      0.     -0.1175 -0.     -0.      0.6138 -0.      0.     -0.     -0.      0.      0.
  0.      0.     -0.     -0.     -0.     -0.     -0.     -0.      0.      0.    ]

diagonale matrice pesi W_201 (1 / max(|w|, eps)):
[9.8559e-01 1.0000e+08 1.0000e+08 1.0000e+08 1.0000e+08 1.0000e+08 1.0000e+08 1.0000e+08 1.0000e+08 1.0000e+08 7.0425e-01 1.0000e+08 1.0000e+08
 1.0000e+08 1.0000e+08 1.0000e+08 1.0000e+08 1.0000e+08 1.0000e+08 1.0000e+08 1.0000e+08 1.0000e+08 1.1763e+00 6.1061e+03 1.0000e+08 1.0000e+08
 1.0000e+08 1.0000e+08 1.0000e+08 1.0000e+08 1.0000e+08 1.0000e+08 1.0000e+08 1.0000e+08 1.0000e+08 1.0000e+08 4.8627e+03 1.0000e+08 1.0000e+08
 2.6202e+00 1.0000e+08 1.0000e+08 1.0000e+08 1.0000e+08 4.4082e+00 8.0397e-01 1.0000e+08 1.0000e+08 1.0000e+08 1.0000e+08 1.0000e+08 1.0000e+08
 1.0000e+08 1.1519e+00 1.0000e+08 1.0000e+08 1.0000e+08 1.0000e+08 1.0000e+08 1.0000e+08 1.0000e+08 1.0000e+08 1.0000e+08 1.0000e+08 1.0000e+08
 1.0000e+08 1.0000e+08 1.0000e+08 1.0000e+08 1.0000e+08 2.4312e+00 1.0000e+08 1.0000e+08 1.0000e+08 1.0000e+08 1.8683e+02 1.0000e+08 1.0000e+08
 1.0000e+08 1.0000e+08 8.5131e+00 1.0000e+08 1.0000e+08 1.6292e+00 1.0000e+08 1.0000e+08 1.0000e+08 1.0000e+08 1.0000e+08 1.0000e+08 1.0000e+08
 1.0000e+08 1.0000e+08 1.0000e+08 1.0000e+08 1.0000e+08 1.0000e+08 1.0000e+08 1.0000e+08 5.3197e+05]

matrice di sistema Q_201 (A + lambda * W_201):
[[       1.0986       -0.0922       -0.0173       -0.0403       -0.0275 ...        0.0648       -0.02          0.0741        0.0644       -0.0096]
 [      -0.0922 10000001.           -0.0832       -0.0403       -0.0328 ...       -0.0131        0.1748       -0.0006       -0.0396       -0.1098]
 [      -0.0173       -0.0832 10000001.           -0.0997       -0.02   ...       -0.0945        0.0139       -0.0721        0.0284        0.0155]
 [      -0.0403       -0.0403       -0.0997 10000001.           -0.1078 ...        0.1176       -0.0406        0.0293        0.0054       -0.037 ]
 [      -0.0275       -0.0328       -0.02         -0.1078 10000001.     ...       -0.0815        0.0502        0.084        -0.0457       -0.0797]
 ...
 [       0.0648       -0.0131       -0.0945        0.1176       -0.0815 ... 10000001.           -0.0458        0.0256       -0.0061       -0.0081]
 [      -0.02          0.1748        0.0139       -0.0406        0.0502 ...       -0.0458 10000001.           -0.0824       -0.0423        0.0548]
 [       0.0741       -0.0006       -0.0721        0.0293        0.084  ...        0.0256       -0.0824 10000001.           -0.0403        0.0028]
 [       0.0644       -0.0396        0.0284        0.0054       -0.0457 ...       -0.0061       -0.0423       -0.0403 10000001.            0.0801]
 [      -0.0096       -0.1098        0.0155       -0.037        -0.0797 ...       -0.0081        0.0548        0.0028        0.0801    53198.2473]]

------------------------------------------------------------

--- ITERAZIONE k = 202 ---
vettore w_202:
[-1.0146  0.      0.      0.     -0.     -0.     -0.     -0.     -0.     -0.      1.42    0.     -0.      0.     -0.      0.      0.      0.
 -0.      0.      0.      0.     -0.8501 -0.0002  0.      0.      0.     -0.      0.     -0.     -0.     -0.      0.      0.     -0.     -0.
  0.0002  0.      0.      0.3817 -0.     -0.      0.      0.      0.2268  1.2438 -0.     -0.      0.     -0.      0.      0.      0.     -0.8681
  0.      0.      0.      0.      0.     -0.     -0.      0.     -0.      0.      0.      0.      0.      0.      0.      0.      0.4113 -0.
 -0.     -0.     -0.     -0.0054  0.     -0.     -0.      0.     -0.1175 -0.     -0.      0.6138 -0.      0.     -0.     -0.      0.      0.
  0.      0.     -0.     -0.     -0.     -0.     -0.     -0.      0.      0.    ]

diagonale matrice pesi W_202 (1 / max(|w|, eps)):
[9.8559e-01 1.0000e+08 1.0000e+08 1.0000e+08 1.0000e+08 1.0000e+08 1.0000e+08 1.0000e+08 1.0000e+08 1.0000e+08 7.0425e-01 1.0000e+08 1.0000e+08
 1.0000e+08 1.0000e+08 1.0000e+08 1.0000e+08 1.0000e+08 1.0000e+08 1.0000e+08 1.0000e+08 1.0000e+08 1.1763e+00 5.8794e+03 1.0000e+08 1.0000e+08
 1.0000e+08 1.0000e+08 1.0000e+08 1.0000e+08 1.0000e+08 1.0000e+08 1.0000e+08 1.0000e+08 1.0000e+08 1.0000e+08 4.8860e+03 1.0000e+08 1.0000e+08
 2.6202e+00 1.0000e+08 1.0000e+08 1.0000e+08 1.0000e+08 4.4082e+00 8.0397e-01 1.0000e+08 1.0000e+08 1.0000e+08 1.0000e+08 1.0000e+08 1.0000e+08
 1.0000e+08 1.1519e+00 1.0000e+08 1.0000e+08 1.0000e+08 1.0000e+08 1.0000e+08 1.0000e+08 1.0000e+08 1.0000e+08 1.0000e+08 1.0000e+08 1.0000e+08
 1.0000e+08 1.0000e+08 1.0000e+08 1.0000e+08 1.0000e+08 2.4312e+00 1.0000e+08 1.0000e+08 1.0000e+08 1.0000e+08 1.8414e+02 1.0000e+08 1.0000e+08
 1.0000e+08 1.0000e+08 8.5132e+00 1.0000e+08 1.0000e+08 1.6292e+00 1.0000e+08 1.0000e+08 1.0000e+08 1.0000e+08 1.0000e+08 1.0000e+08 1.0000e+08
 1.0000e+08 1.0000e+08 1.0000e+08 1.0000e+08 1.0000e+08 1.0000e+08 1.0000e+08 1.0000e+08 5.4120e+05]

matrice di sistema Q_202 (A + lambda * W_202):
[[       1.0986       -0.0922       -0.0173       -0.0403       -0.0275 ...        0.0648       -0.02          0.0741        0.0644       -0.0096]
 [      -0.0922 10000001.           -0.0832       -0.0403       -0.0328 ...       -0.0131        0.1748       -0.0006       -0.0396       -0.1098]
 [      -0.0173       -0.0832 10000001.           -0.0997       -0.02   ...       -0.0945        0.0139       -0.0721        0.0284        0.0155]
 [      -0.0403       -0.0403       -0.0997 10000001.           -0.1078 ...        0.1176       -0.0406        0.0293        0.0054       -0.037 ]
 [      -0.0275       -0.0328       -0.02         -0.1078 10000001.     ...       -0.0815        0.0502        0.084        -0.0457       -0.0797]
 ...
 [       0.0648       -0.0131       -0.0945        0.1176       -0.0815 ... 10000001.           -0.0458        0.0256       -0.0061       -0.0081]
 [      -0.02          0.1748        0.0139       -0.0406        0.0502 ...       -0.0458 10000001.           -0.0824       -0.0423        0.0548]
 [       0.0741       -0.0006       -0.0721        0.0293        0.084  ...        0.0256       -0.0824 10000001.           -0.0403        0.0028]
 [       0.0644       -0.0396        0.0284        0.0054       -0.0457 ...       -0.0061       -0.0423       -0.0403 10000001.            0.0801]
 [      -0.0096       -0.1098        0.0155       -0.037        -0.0797 ...       -0.0081        0.0548        0.0028        0.0801    54121.1193]]

------------------------------------------------------------

--- ITERAZIONE k = 203 ---
vettore w_203:
[-1.0146  0.      0.      0.     -0.     -0.     -0.     -0.     -0.     -0.      1.42    0.     -0.      0.     -0.      0.      0.      0.
 -0.      0.      0.      0.     -0.8502 -0.0002  0.      0.      0.     -0.      0.     -0.     -0.     -0.      0.      0.     -0.     -0.
  0.0002  0.      0.      0.3817 -0.     -0.      0.      0.      0.2268  1.2438 -0.     -0.      0.     -0.      0.      0.      0.     -0.8681
  0.      0.      0.      0.      0.     -0.     -0.      0.     -0.      0.      0.      0.      0.      0.      0.      0.      0.4113 -0.
 -0.     -0.     -0.     -0.0055  0.     -0.     -0.      0.     -0.1175 -0.     -0.      0.6138 -0.      0.     -0.     -0.      0.      0.
  0.      0.     -0.     -0.     -0.     -0.     -0.     -0.      0.      0.    ]

diagonale matrice pesi W_203 (1 / max(|w|, eps)):
[9.8558e-01 1.0000e+08 1.0000e+08 1.0000e+08 1.0000e+08 1.0000e+08 1.0000e+08 1.0000e+08 1.0000e+08 1.0000e+08 7.0425e-01 1.0000e+08 1.0000e+08
 1.0000e+08 1.0000e+08 1.0000e+08 1.0000e+08 1.0000e+08 1.0000e+08 1.0000e+08 1.0000e+08 1.0000e+08 1.1763e+00 5.6609e+03 1.0000e+08 1.0000e+08
 1.0000e+08 1.0000e+08 1.0000e+08 1.0000e+08 1.0000e+08 1.0000e+08 1.0000e+08 1.0000e+08 1.0000e+08 1.0000e+08 4.9091e+03 1.0000e+08 1.0000e+08
 2.6202e+00 1.0000e+08 1.0000e+08 1.0000e+08 1.0000e+08 4.4083e+00 8.0397e-01 1.0000e+08 1.0000e+08 1.0000e+08 1.0000e+08 1.0000e+08 1.0000e+08
 1.0000e+08 1.1519e+00 1.0000e+08 1.0000e+08 1.0000e+08 1.0000e+08 1.0000e+08 1.0000e+08 1.0000e+08 1.0000e+08 1.0000e+08 1.0000e+08 1.0000e+08
 1.0000e+08 1.0000e+08 1.0000e+08 1.0000e+08 1.0000e+08 2.4313e+00 1.0000e+08 1.0000e+08 1.0000e+08 1.0000e+08 1.8162e+02 1.0000e+08 1.0000e+08
 1.0000e+08 1.0000e+08 8.5132e+00 1.0000e+08 1.0000e+08 1.6292e+00 1.0000e+08 1.0000e+08 1.0000e+08 1.0000e+08 1.0000e+08 1.0000e+08 1.0000e+08
 1.0000e+08 1.0000e+08 1.0000e+08 1.0000e+08 1.0000e+08 1.0000e+08 1.0000e+08 1.0000e+08 5.5059e+05]

matrice di sistema Q_203 (A + lambda * W_203):
[[       1.0986       -0.0922       -0.0173       -0.0403       -0.0275 ...        0.0648       -0.02          0.0741        0.0644       -0.0096]
 [      -0.0922 10000001.           -0.0832       -0.0403       -0.0328 ...       -0.0131        0.1748       -0.0006       -0.0396       -0.1098]
 [      -0.0173       -0.0832 10000001.           -0.0997       -0.02   ...       -0.0945        0.0139       -0.0721        0.0284        0.0155]
 [      -0.0403       -0.0403       -0.0997 10000001.           -0.1078 ...        0.1176       -0.0406        0.0293        0.0054       -0.037 ]
 [      -0.0275       -0.0328       -0.02         -0.1078 10000001.     ...       -0.0815        0.0502        0.084        -0.0457       -0.0797]
 ...
 [       0.0648       -0.0131       -0.0945        0.1176       -0.0815 ... 10000001.           -0.0458        0.0256       -0.0061       -0.0081]
 [      -0.02          0.1748        0.0139       -0.0406        0.0502 ...       -0.0458 10000001.           -0.0824       -0.0423        0.0548]
 [       0.0741       -0.0006       -0.0721        0.0293        0.084  ...        0.0256       -0.0824 10000001.           -0.0403        0.0028]
 [       0.0644       -0.0396        0.0284        0.0054       -0.0457 ...       -0.0061       -0.0423       -0.0403 10000001.            0.0801]
 [      -0.0096       -0.1098        0.0155       -0.037        -0.0797 ...       -0.0081        0.0548        0.0028        0.0801    55060.0427]]

------------------------------------------------------------

--- ITERAZIONE k = 204 ---
vettore w_204:
[-1.0146  0.      0.      0.     -0.     -0.     -0.     -0.     -0.     -0.      1.42    0.     -0.      0.     -0.      0.      0.      0.
 -0.      0.      0.      0.     -0.8502 -0.0002  0.      0.      0.     -0.      0.     -0.     -0.     -0.      0.      0.     -0.     -0.
  0.0002  0.      0.      0.3817 -0.     -0.      0.      0.      0.2268  1.2438 -0.     -0.      0.     -0.      0.      0.      0.     -0.8681
  0.      0.      0.      0.      0.     -0.     -0.      0.     -0.      0.      0.      0.      0.      0.      0.      0.      0.4113 -0.
 -0.     -0.     -0.     -0.0056  0.     -0.     -0.      0.     -0.1175 -0.     -0.      0.6138 -0.      0.     -0.     -0.      0.      0.
  0.      0.     -0.     -0.     -0.     -0.     -0.     -0.      0.      0.    ]

diagonale matrice pesi W_204 (1 / max(|w|, eps)):
[9.8558e-01 1.0000e+08 1.0000e+08 1.0000e+08 1.0000e+08 1.0000e+08 1.0000e+08 1.0000e+08 1.0000e+08 1.0000e+08 7.0425e-01 1.0000e+08 1.0000e+08
 1.0000e+08 1.0000e+08 1.0000e+08 1.0000e+08 1.0000e+08 1.0000e+08 1.0000e+08 1.0000e+08 1.0000e+08 1.1762e+00 5.4504e+03 1.0000e+08 1.0000e+08
 1.0000e+08 1.0000e+08 1.0000e+08 1.0000e+08 1.0000e+08 1.0000e+08 1.0000e+08 1.0000e+08 1.0000e+08 1.0000e+08 4.9320e+03 1.0000e+08 1.0000e+08
 2.6201e+00 1.0000e+08 1.0000e+08 1.0000e+08 1.0000e+08 4.4083e+00 8.0397e-01 1.0000e+08 1.0000e+08 1.0000e+08 1.0000e+08 1.0000e+08 1.0000e+08
 1.0000e+08 1.1519e+00 1.0000e+08 1.0000e+08 1.0000e+08 1.0000e+08 1.0000e+08 1.0000e+08 1.0000e+08 1.0000e+08 1.0000e+08 1.0000e+08 1.0000e+08
 1.0000e+08 1.0000e+08 1.0000e+08 1.0000e+08 1.0000e+08 2.4313e+00 1.0000e+08 1.0000e+08 1.0000e+08 1.0000e+08 1.7926e+02 1.0000e+08 1.0000e+08
 1.0000e+08 1.0000e+08 8.5132e+00 1.0000e+08 1.0000e+08 1.6292e+00 1.0000e+08 1.0000e+08 1.0000e+08 1.0000e+08 1.0000e+08 1.0000e+08 1.0000e+08
 1.0000e+08 1.0000e+08 1.0000e+08 1.0000e+08 1.0000e+08 1.0000e+08 1.0000e+08 1.0000e+08 5.6014e+05]

matrice di sistema Q_204 (A + lambda * W_204):
[[       1.0986       -0.0922       -0.0173       -0.0403       -0.0275 ...        0.0648       -0.02          0.0741        0.0644       -0.0096]
 [      -0.0922 10000001.           -0.0832       -0.0403       -0.0328 ...       -0.0131        0.1748       -0.0006       -0.0396       -0.1098]
 [      -0.0173       -0.0832 10000001.           -0.0997       -0.02   ...       -0.0945        0.0139       -0.0721        0.0284        0.0155]
 [      -0.0403       -0.0403       -0.0997 10000001.           -0.1078 ...        0.1176       -0.0406        0.0293        0.0054       -0.037 ]
 [      -0.0275       -0.0328       -0.02         -0.1078 10000001.     ...       -0.0815        0.0502        0.084        -0.0457       -0.0797]
 ...
 [       0.0648       -0.0131       -0.0945        0.1176       -0.0815 ... 10000001.           -0.0458        0.0256       -0.0061       -0.0081]
 [      -0.02          0.1748        0.0139       -0.0406        0.0502 ...       -0.0458 10000001.           -0.0824       -0.0423        0.0548]
 [       0.0741       -0.0006       -0.0721        0.0293        0.084  ...        0.0256       -0.0824 10000001.           -0.0403        0.0028]
 [       0.0644       -0.0396        0.0284        0.0054       -0.0457 ...       -0.0061       -0.0423       -0.0403 10000001.            0.0801]
 [      -0.0096       -0.1098        0.0155       -0.037        -0.0797 ...       -0.0081        0.0548        0.0028        0.0801    56015.292 ]]

------------------------------------------------------------

--- ITERAZIONE k = 205 ---
vettore w_205:
[-1.0146  0.      0.      0.     -0.     -0.     -0.     -0.     -0.     -0.      1.42    0.     -0.      0.     -0.      0.      0.      0.
 -0.      0.      0.      0.     -0.8502 -0.0002  0.      0.      0.     -0.      0.     -0.     -0.     -0.      0.      0.     -0.     -0.
  0.0002  0.      0.      0.3817 -0.     -0.      0.      0.      0.2268  1.2438 -0.     -0.      0.     -0.      0.      0.      0.     -0.8681
  0.      0.      0.      0.      0.     -0.     -0.      0.     -0.      0.      0.      0.      0.      0.      0.      0.      0.4113 -0.
 -0.     -0.     -0.     -0.0056  0.     -0.     -0.      0.     -0.1175 -0.     -0.      0.6138 -0.      0.     -0.     -0.      0.      0.
  0.      0.     -0.     -0.     -0.     -0.     -0.     -0.      0.      0.    ]

diagonale matrice pesi W_205 (1 / max(|w|, eps)):
[9.8557e-01 1.0000e+08 1.0000e+08 1.0000e+08 1.0000e+08 1.0000e+08 1.0000e+08 1.0000e+08 1.0000e+08 1.0000e+08 7.0425e-01 1.0000e+08 1.0000e+08
 1.0000e+08 1.0000e+08 1.0000e+08 1.0000e+08 1.0000e+08 1.0000e+08 1.0000e+08 1.0000e+08 1.0000e+08 1.1762e+00 5.2476e+03 1.0000e+08 1.0000e+08
 1.0000e+08 1.0000e+08 1.0000e+08 1.0000e+08 1.0000e+08 1.0000e+08 1.0000e+08 1.0000e+08 1.0000e+08 1.0000e+08 4.9547e+03 1.0000e+08 1.0000e+08
 2.6201e+00 1.0000e+08 1.0000e+08 1.0000e+08 1.0000e+08 4.4084e+00 8.0398e-01 1.0000e+08 1.0000e+08 1.0000e+08 1.0000e+08 1.0000e+08 1.0000e+08
 1.0000e+08 1.1519e+00 1.0000e+08 1.0000e+08 1.0000e+08 1.0000e+08 1.0000e+08 1.0000e+08 1.0000e+08 1.0000e+08 1.0000e+08 1.0000e+08 1.0000e+08
 1.0000e+08 1.0000e+08 1.0000e+08 1.0000e+08 1.0000e+08 2.4313e+00 1.0000e+08 1.0000e+08 1.0000e+08 1.0000e+08 1.7704e+02 1.0000e+08 1.0000e+08
 1.0000e+08 1.0000e+08 8.5132e+00 1.0000e+08 1.0000e+08 1.6292e+00 1.0000e+08 1.0000e+08 1.0000e+08 1.0000e+08 1.0000e+08 1.0000e+08 1.0000e+08
 1.0000e+08 1.0000e+08 1.0000e+08 1.0000e+08 1.0000e+08 1.0000e+08 1.0000e+08 1.0000e+08 5.6986e+05]

matrice di sistema Q_205 (A + lambda * W_205):
[[       1.0986       -0.0922       -0.0173       -0.0403       -0.0275 ...        0.0648       -0.02          0.0741        0.0644       -0.0096]
 [      -0.0922 10000001.           -0.0832       -0.0403       -0.0328 ...       -0.0131        0.1748       -0.0006       -0.0396       -0.1098]
 [      -0.0173       -0.0832 10000001.           -0.0997       -0.02   ...       -0.0945        0.0139       -0.0721        0.0284        0.0155]
 [      -0.0403       -0.0403       -0.0997 10000001.           -0.1078 ...        0.1176       -0.0406        0.0293        0.0054       -0.037 ]
 [      -0.0275       -0.0328       -0.02         -0.1078 10000001.     ...       -0.0815        0.0502        0.084        -0.0457       -0.0797]
 ...
 [       0.0648       -0.0131       -0.0945        0.1176       -0.0815 ... 10000001.           -0.0458        0.0256       -0.0061       -0.0081]
 [      -0.02          0.1748        0.0139       -0.0406        0.0502 ...       -0.0458 10000001.           -0.0824       -0.0423        0.0548]
 [       0.0741       -0.0006       -0.0721        0.0293        0.084  ...        0.0256       -0.0824 10000001.           -0.0403        0.0028]
 [       0.0644       -0.0396        0.0284        0.0054       -0.0457 ...       -0.0061       -0.0423       -0.0403 10000001.            0.0801]
 [      -0.0096       -0.1098        0.0155       -0.037        -0.0797 ...       -0.0081        0.0548        0.0028        0.0801    56987.1464]]

------------------------------------------------------------

--- ITERAZIONE k = 206 ---
vettore w_206:
[-1.0146  0.      0.      0.     -0.     -0.     -0.     -0.     -0.     -0.      1.42    0.     -0.      0.     -0.      0.      0.      0.
 -0.      0.      0.      0.     -0.8502 -0.0002  0.      0.      0.     -0.      0.     -0.     -0.     -0.      0.      0.     -0.     -0.
  0.0002  0.      0.      0.3817 -0.     -0.      0.      0.      0.2268  1.2438 -0.     -0.      0.     -0.      0.      0.      0.     -0.8681
  0.      0.      0.      0.      0.     -0.     -0.      0.     -0.      0.      0.      0.      0.      0.      0.      0.      0.4113 -0.
 -0.     -0.     -0.     -0.0057  0.     -0.     -0.      0.     -0.1175 -0.     -0.      0.6138 -0.      0.     -0.     -0.      0.      0.
  0.      0.     -0.     -0.     -0.     -0.     -0.     -0.      0.      0.    ]

diagonale matrice pesi W_206 (1 / max(|w|, eps)):
[9.8557e-01 1.0000e+08 1.0000e+08 1.0000e+08 1.0000e+08 1.0000e+08 1.0000e+08 1.0000e+08 1.0000e+08 1.0000e+08 7.0425e-01 1.0000e+08 1.0000e+08
 1.0000e+08 1.0000e+08 1.0000e+08 1.0000e+08 1.0000e+08 1.0000e+08 1.0000e+08 1.0000e+08 1.0000e+08 1.1762e+00 5.0523e+03 1.0000e+08 1.0000e+08
 1.0000e+08 1.0000e+08 1.0000e+08 1.0000e+08 1.0000e+08 1.0000e+08 1.0000e+08 1.0000e+08 1.0000e+08 1.0000e+08 4.9772e+03 1.0000e+08 1.0000e+08
 2.6201e+00 1.0000e+08 1.0000e+08 1.0000e+08 1.0000e+08 4.4085e+00 8.0398e-01 1.0000e+08 1.0000e+08 1.0000e+08 1.0000e+08 1.0000e+08 1.0000e+08
 1.0000e+08 1.1519e+00 1.0000e+08 1.0000e+08 1.0000e+08 1.0000e+08 1.0000e+08 1.0000e+08 1.0000e+08 1.0000e+08 1.0000e+08 1.0000e+08 1.0000e+08
 1.0000e+08 1.0000e+08 1.0000e+08 1.0000e+08 1.0000e+08 2.4313e+00 1.0000e+08 1.0000e+08 1.0000e+08 1.0000e+08 1.7497e+02 1.0000e+08 1.0000e+08
 1.0000e+08 1.0000e+08 8.5133e+00 1.0000e+08 1.0000e+08 1.6293e+00 1.0000e+08 1.0000e+08 1.0000e+08 1.0000e+08 1.0000e+08 1.0000e+08 1.0000e+08
 1.0000e+08 1.0000e+08 1.0000e+08 1.0000e+08 1.0000e+08 1.0000e+08 1.0000e+08 1.0000e+08 5.7975e+05]

matrice di sistema Q_206 (A + lambda * W_206):
[[       1.0986       -0.0922       -0.0173       -0.0403       -0.0275 ...        0.0648       -0.02          0.0741        0.0644       -0.0096]
 [      -0.0922 10000001.           -0.0832       -0.0403       -0.0328 ...       -0.0131        0.1748       -0.0006       -0.0396       -0.1098]
 [      -0.0173       -0.0832 10000001.           -0.0997       -0.02   ...       -0.0945        0.0139       -0.0721        0.0284        0.0155]
 [      -0.0403       -0.0403       -0.0997 10000001.           -0.1078 ...        0.1176       -0.0406        0.0293        0.0054       -0.037 ]
 [      -0.0275       -0.0328       -0.02         -0.1078 10000001.     ...       -0.0815        0.0502        0.084        -0.0457       -0.0797]
 ...
 [       0.0648       -0.0131       -0.0945        0.1176       -0.0815 ... 10000001.           -0.0458        0.0256       -0.0061       -0.0081]
 [      -0.02          0.1748        0.0139       -0.0406        0.0502 ...       -0.0458 10000001.           -0.0824       -0.0423        0.0548]
 [       0.0741       -0.0006       -0.0721        0.0293        0.084  ...        0.0256       -0.0824 10000001.           -0.0403        0.0028]
 [       0.0644       -0.0396        0.0284        0.0054       -0.0457 ...       -0.0061       -0.0423       -0.0403 10000001.            0.0801]
 [      -0.0096       -0.1098        0.0155       -0.037        -0.0797 ...       -0.0081        0.0548        0.0028        0.0801    57975.8894]]

------------------------------------------------------------

--- ITERAZIONE k = 207 ---
vettore w_207:
[-1.0146  0.      0.      0.     -0.     -0.     -0.     -0.     -0.     -0.      1.42    0.     -0.      0.     -0.      0.      0.      0.
 -0.      0.      0.      0.     -0.8502 -0.0002  0.      0.      0.     -0.      0.     -0.     -0.     -0.      0.      0.     -0.     -0.
  0.0002  0.      0.      0.3817 -0.     -0.      0.      0.      0.2268  1.2438 -0.     -0.      0.     -0.      0.      0.      0.     -0.8681
  0.      0.      0.      0.      0.     -0.     -0.      0.     -0.      0.      0.      0.      0.      0.      0.      0.      0.4113 -0.
 -0.     -0.     -0.     -0.0058  0.     -0.     -0.      0.     -0.1175 -0.     -0.      0.6138 -0.      0.     -0.     -0.      0.      0.
  0.      0.     -0.     -0.     -0.     -0.     -0.     -0.      0.      0.    ]

diagonale matrice pesi W_207 (1 / max(|w|, eps)):
[9.8557e-01 1.0000e+08 1.0000e+08 1.0000e+08 1.0000e+08 1.0000e+08 1.0000e+08 1.0000e+08 1.0000e+08 1.0000e+08 7.0425e-01 1.0000e+08 1.0000e+08
 1.0000e+08 1.0000e+08 1.0000e+08 1.0000e+08 1.0000e+08 1.0000e+08 1.0000e+08 1.0000e+08 1.0000e+08 1.1762e+00 4.8642e+03 1.0000e+08 1.0000e+08
 1.0000e+08 1.0000e+08 1.0000e+08 1.0000e+08 1.0000e+08 1.0000e+08 1.0000e+08 1.0000e+08 1.0000e+08 1.0000e+08 4.9995e+03 1.0000e+08 1.0000e+08
 2.6201e+00 1.0000e+08 1.0000e+08 1.0000e+08 1.0000e+08 4.4085e+00 8.0398e-01 1.0000e+08 1.0000e+08 1.0000e+08 1.0000e+08 1.0000e+08 1.0000e+08
 1.0000e+08 1.1519e+00 1.0000e+08 1.0000e+08 1.0000e+08 1.0000e+08 1.0000e+08 1.0000e+08 1.0000e+08 1.0000e+08 1.0000e+08 1.0000e+08 1.0000e+08
 1.0000e+08 1.0000e+08 1.0000e+08 1.0000e+08 1.0000e+08 2.4313e+00 1.0000e+08 1.0000e+08 1.0000e+08 1.0000e+08 1.7302e+02 1.0000e+08 1.0000e+08
 1.0000e+08 1.0000e+08 8.5133e+00 1.0000e+08 1.0000e+08 1.6293e+00 1.0000e+08 1.0000e+08 1.0000e+08 1.0000e+08 1.0000e+08 1.0000e+08 1.0000e+08
 1.0000e+08 1.0000e+08 1.0000e+08 1.0000e+08 1.0000e+08 1.0000e+08 1.0000e+08 1.0000e+08 5.8981e+05]

matrice di sistema Q_207 (A + lambda * W_207):
[[       1.0986       -0.0922       -0.0173       -0.0403       -0.0275 ...        0.0648       -0.02          0.0741        0.0644       -0.0096]
 [      -0.0922 10000001.           -0.0832       -0.0403       -0.0328 ...       -0.0131        0.1748       -0.0006       -0.0396       -0.1098]
 [      -0.0173       -0.0832 10000001.           -0.0997       -0.02   ...       -0.0945        0.0139       -0.0721        0.0284        0.0155]
 [      -0.0403       -0.0403       -0.0997 10000001.           -0.1078 ...        0.1176       -0.0406        0.0293        0.0054       -0.037 ]
 [      -0.0275       -0.0328       -0.02         -0.1078 10000001.     ...       -0.0815        0.0502        0.084        -0.0457       -0.0797]
 ...
 [       0.0648       -0.0131       -0.0945        0.1176       -0.0815 ... 10000001.           -0.0458        0.0256       -0.0061       -0.0081]
 [      -0.02          0.1748        0.0139       -0.0406        0.0502 ...       -0.0458 10000001.           -0.0824       -0.0423        0.0548]
 [       0.0741       -0.0006       -0.0721        0.0293        0.084  ...        0.0256       -0.0824 10000001.           -0.0403        0.0028]
 [       0.0644       -0.0396        0.0284        0.0054       -0.0457 ...       -0.0061       -0.0423       -0.0403 10000001.            0.0801]
 [      -0.0096       -0.1098        0.0155       -0.037        -0.0797 ...       -0.0081        0.0548        0.0028        0.0801    58981.8092]]

------------------------------------------------------------

--- ITERAZIONE k = 208 ---
vettore w_208:
[-1.0146  0.      0.      0.     -0.     -0.     -0.     -0.     -0.     -0.      1.42    0.     -0.      0.     -0.      0.      0.      0.
 -0.      0.      0.      0.     -0.8502 -0.0002  0.      0.      0.     -0.      0.     -0.     -0.     -0.      0.      0.     -0.     -0.
  0.0002  0.      0.      0.3817 -0.     -0.      0.      0.      0.2268  1.2438 -0.     -0.      0.     -0.      0.      0.      0.     -0.8681
  0.      0.      0.      0.      0.     -0.     -0.      0.     -0.      0.      0.      0.      0.      0.      0.      0.      0.4113 -0.
 -0.     -0.     -0.     -0.0058  0.     -0.     -0.      0.     -0.1175 -0.     -0.      0.6138 -0.      0.     -0.     -0.      0.      0.
  0.      0.     -0.     -0.     -0.     -0.     -0.     -0.      0.      0.    ]

diagonale matrice pesi W_208 (1 / max(|w|, eps)):
[9.8556e-01 1.0000e+08 1.0000e+08 1.0000e+08 1.0000e+08 1.0000e+08 1.0000e+08 1.0000e+08 1.0000e+08 1.0000e+08 7.0425e-01 1.0000e+08 1.0000e+08
 1.0000e+08 1.0000e+08 1.0000e+08 1.0000e+08 1.0000e+08 1.0000e+08 1.0000e+08 1.0000e+08 1.0000e+08 1.1762e+00 4.6830e+03 1.0000e+08 1.0000e+08
 1.0000e+08 1.0000e+08 1.0000e+08 1.0000e+08 1.0000e+08 1.0000e+08 1.0000e+08 1.0000e+08 1.0000e+08 1.0000e+08 5.0217e+03 1.0000e+08 1.0000e+08
 2.6201e+00 1.0000e+08 1.0000e+08 1.0000e+08 1.0000e+08 4.4086e+00 8.0398e-01 1.0000e+08 1.0000e+08 1.0000e+08 1.0000e+08 1.0000e+08 1.0000e+08
 1.0000e+08 1.1519e+00 1.0000e+08 1.0000e+08 1.0000e+08 1.0000e+08 1.0000e+08 1.0000e+08 1.0000e+08 1.0000e+08 1.0000e+08 1.0000e+08 1.0000e+08
 1.0000e+08 1.0000e+08 1.0000e+08 1.0000e+08 1.0000e+08 2.4313e+00 1.0000e+08 1.0000e+08 1.0000e+08 1.0000e+08 1.7119e+02 1.0000e+08 1.0000e+08
 1.0000e+08 1.0000e+08 8.5133e+00 1.0000e+08 1.0000e+08 1.6293e+00 1.0000e+08 1.0000e+08 1.0000e+08 1.0000e+08 1.0000e+08 1.0000e+08 1.0000e+08
 1.0000e+08 1.0000e+08 1.0000e+08 1.0000e+08 1.0000e+08 1.0000e+08 1.0000e+08 1.0000e+08 6.0004e+05]

matrice di sistema Q_208 (A + lambda * W_208):
[[       1.0986       -0.0922       -0.0173       -0.0403       -0.0275 ...        0.0648       -0.02          0.0741        0.0644       -0.0096]
 [      -0.0922 10000001.           -0.0832       -0.0403       -0.0328 ...       -0.0131        0.1748       -0.0006       -0.0396       -0.1098]
 [      -0.0173       -0.0832 10000001.           -0.0997       -0.02   ...       -0.0945        0.0139       -0.0721        0.0284        0.0155]
 [      -0.0403       -0.0403       -0.0997 10000001.           -0.1078 ...        0.1176       -0.0406        0.0293        0.0054       -0.037 ]
 [      -0.0275       -0.0328       -0.02         -0.1078 10000001.     ...       -0.0815        0.0502        0.084        -0.0457       -0.0797]
 ...
 [       0.0648       -0.0131       -0.0945        0.1176       -0.0815 ... 10000001.           -0.0458        0.0256       -0.0061       -0.0081]
 [      -0.02          0.1748        0.0139       -0.0406        0.0502 ...       -0.0458 10000001.           -0.0824       -0.0423        0.0548]
 [       0.0741       -0.0006       -0.0721        0.0293        0.084  ...        0.0256       -0.0824 10000001.           -0.0403        0.0028]
 [       0.0644       -0.0396        0.0284        0.0054       -0.0457 ...       -0.0061       -0.0423       -0.0403 10000001.            0.0801]
 [      -0.0096       -0.1098        0.0155       -0.037        -0.0797 ...       -0.0081        0.0548        0.0028        0.0801    60005.199 ]]

------------------------------------------------------------

--- ITERAZIONE k = 209 ---
vettore w_209:
[-1.0147  0.      0.      0.     -0.     -0.     -0.     -0.     -0.     -0.      1.4199  0.     -0.      0.     -0.      0.      0.      0.
 -0.      0.      0.      0.     -0.8502 -0.0002  0.      0.      0.     -0.      0.     -0.     -0.     -0.      0.      0.     -0.     -0.
  0.0002  0.      0.      0.3817 -0.     -0.      0.      0.      0.2268  1.2438 -0.     -0.      0.     -0.      0.      0.      0.     -0.8681
  0.      0.      0.      0.      0.     -0.     -0.      0.     -0.      0.      0.      0.      0.      0.      0.      0.      0.4113 -0.
 -0.     -0.     -0.     -0.0059  0.     -0.     -0.      0.     -0.1175 -0.     -0.      0.6138 -0.      0.     -0.     -0.      0.      0.
  0.      0.     -0.     -0.     -0.     -0.     -0.     -0.      0.      0.    ]

diagonale matrice pesi W_209 (1 / max(|w|, eps)):
[9.8556e-01 1.0000e+08 1.0000e+08 1.0000e+08 1.0000e+08 1.0000e+08 1.0000e+08 1.0000e+08 1.0000e+08 1.0000e+08 7.0425e-01 1.0000e+08 1.0000e+08
 1.0000e+08 1.0000e+08 1.0000e+08 1.0000e+08 1.0000e+08 1.0000e+08 1.0000e+08 1.0000e+08 1.0000e+08 1.1762e+00 4.5087e+03 1.0000e+08 1.0000e+08
 1.0000e+08 1.0000e+08 1.0000e+08 1.0000e+08 1.0000e+08 1.0000e+08 1.0000e+08 1.0000e+08 1.0000e+08 1.0000e+08 5.0438e+03 1.0000e+08 1.0000e+08
 2.6200e+00 1.0000e+08 1.0000e+08 1.0000e+08 1.0000e+08 4.4086e+00 8.0398e-01 1.0000e+08 1.0000e+08 1.0000e+08 1.0000e+08 1.0000e+08 1.0000e+08
 1.0000e+08 1.1519e+00 1.0000e+08 1.0000e+08 1.0000e+08 1.0000e+08 1.0000e+08 1.0000e+08 1.0000e+08 1.0000e+08 1.0000e+08 1.0000e+08 1.0000e+08
 1.0000e+08 1.0000e+08 1.0000e+08 1.0000e+08 1.0000e+08 2.4313e+00 1.0000e+08 1.0000e+08 1.0000e+08 1.0000e+08 1.6948e+02 1.0000e+08 1.0000e+08
 1.0000e+08 1.0000e+08 8.5134e+00 1.0000e+08 1.0000e+08 1.6293e+00 1.0000e+08 1.0000e+08 1.0000e+08 1.0000e+08 1.0000e+08 1.0000e+08 1.0000e+08
 1.0000e+08 1.0000e+08 1.0000e+08 1.0000e+08 1.0000e+08 1.0000e+08 1.0000e+08 1.0000e+08 6.1045e+05]

matrice di sistema Q_209 (A + lambda * W_209):
[[       1.0986       -0.0922       -0.0173       -0.0403       -0.0275 ...        0.0648       -0.02          0.0741        0.0644       -0.0096]
 [      -0.0922 10000001.           -0.0832       -0.0403       -0.0328 ...       -0.0131        0.1748       -0.0006       -0.0396       -0.1098]
 [      -0.0173       -0.0832 10000001.           -0.0997       -0.02   ...       -0.0945        0.0139       -0.0721        0.0284        0.0155]
 [      -0.0403       -0.0403       -0.0997 10000001.           -0.1078 ...        0.1176       -0.0406        0.0293        0.0054       -0.037 ]
 [      -0.0275       -0.0328       -0.02         -0.1078 10000001.     ...       -0.0815        0.0502        0.084        -0.0457       -0.0797]
 ...
 [       0.0648       -0.0131       -0.0945        0.1176       -0.0815 ... 10000001.           -0.0458        0.0256       -0.0061       -0.0081]
 [      -0.02          0.1748        0.0139       -0.0406        0.0502 ...       -0.0458 10000001.           -0.0824       -0.0423        0.0548]
 [       0.0741       -0.0006       -0.0721        0.0293        0.084  ...        0.0256       -0.0824 10000001.           -0.0403        0.0028]
 [       0.0644       -0.0396        0.0284        0.0054       -0.0457 ...       -0.0061       -0.0423       -0.0403 10000001.            0.0801]
 [      -0.0096       -0.1098        0.0155       -0.037        -0.0797 ...       -0.0081        0.0548        0.0028        0.0801    61046.3566]]

------------------------------------------------------------

--- ITERAZIONE k = 210 ---
vettore w_210:
[-1.0147  0.      0.      0.     -0.     -0.     -0.     -0.     -0.     -0.      1.4199  0.     -0.      0.     -0.      0.      0.      0.
 -0.      0.      0.      0.     -0.8502 -0.0002  0.      0.      0.     -0.      0.     -0.     -0.     -0.      0.      0.     -0.     -0.
  0.0002  0.      0.      0.3817 -0.     -0.      0.      0.      0.2268  1.2438 -0.     -0.      0.     -0.      0.      0.      0.     -0.8681
  0.      0.      0.      0.      0.     -0.     -0.      0.     -0.      0.      0.      0.      0.      0.      0.      0.      0.4113 -0.
 -0.     -0.     -0.     -0.006   0.     -0.     -0.      0.     -0.1175 -0.     -0.      0.6138 -0.      0.     -0.     -0.      0.      0.
  0.      0.     -0.     -0.     -0.     -0.     -0.     -0.      0.      0.    ]

diagonale matrice pesi W_210 (1 / max(|w|, eps)):
[9.8556e-01 1.0000e+08 1.0000e+08 1.0000e+08 1.0000e+08 1.0000e+08 1.0000e+08 1.0000e+08 1.0000e+08 1.0000e+08 7.0425e-01 1.0000e+08 1.0000e+08
 1.0000e+08 1.0000e+08 1.0000e+08 1.0000e+08 1.0000e+08 1.0000e+08 1.0000e+08 1.0000e+08 1.0000e+08 1.1762e+00 4.3409e+03 1.0000e+08 1.0000e+08
 1.0000e+08 1.0000e+08 1.0000e+08 1.0000e+08 1.0000e+08 1.0000e+08 1.0000e+08 1.0000e+08 1.0000e+08 1.0000e+08 5.0657e+03 1.0000e+08 1.0000e+08
 2.6200e+00 1.0000e+08 1.0000e+08 1.0000e+08 1.0000e+08 4.4087e+00 8.0398e-01 1.0000e+08 1.0000e+08 1.0000e+08 1.0000e+08 1.0000e+08 1.0000e+08
 1.0000e+08 1.1519e+00 1.0000e+08 1.0000e+08 1.0000e+08 1.0000e+08 1.0000e+08 1.0000e+08 1.0000e+08 1.0000e+08 1.0000e+08 1.0000e+08 1.0000e+08
 1.0000e+08 1.0000e+08 1.0000e+08 1.0000e+08 1.0000e+08 2.4314e+00 1.0000e+08 1.0000e+08 1.0000e+08 1.0000e+08 1.6788e+02 1.0000e+08 1.0000e+08
 1.0000e+08 1.0000e+08 8.5134e+00 1.0000e+08 1.0000e+08 1.6293e+00 1.0000e+08 1.0000e+08 1.0000e+08 1.0000e+08 1.0000e+08 1.0000e+08 1.0000e+08
 1.0000e+08 1.0000e+08 1.0000e+08 1.0000e+08 1.0000e+08 1.0000e+08 1.0000e+08 1.0000e+08 6.2105e+05]

matrice di sistema Q_210 (A + lambda * W_210):
[[       1.0986       -0.0922       -0.0173       -0.0403       -0.0275 ...        0.0648       -0.02          0.0741        0.0644       -0.0096]
 [      -0.0922 10000001.           -0.0832       -0.0403       -0.0328 ...       -0.0131        0.1748       -0.0006       -0.0396       -0.1098]
 [      -0.0173       -0.0832 10000001.           -0.0997       -0.02   ...       -0.0945        0.0139       -0.0721        0.0284        0.0155]
 [      -0.0403       -0.0403       -0.0997 10000001.           -0.1078 ...        0.1176       -0.0406        0.0293        0.0054       -0.037 ]
 [      -0.0275       -0.0328       -0.02         -0.1078 10000001.     ...       -0.0815        0.0502        0.084        -0.0457       -0.0797]
 ...
 [       0.0648       -0.0131       -0.0945        0.1176       -0.0815 ... 10000001.           -0.0458        0.0256       -0.0061       -0.0081]
 [      -0.02          0.1748        0.0139       -0.0406        0.0502 ...       -0.0458 10000001.           -0.0824       -0.0423        0.0548]
 [       0.0741       -0.0006       -0.0721        0.0293        0.084  ...        0.0256       -0.0824 10000001.           -0.0403        0.0028]
 [       0.0644       -0.0396        0.0284        0.0054       -0.0457 ...       -0.0061       -0.0423       -0.0403 10000001.            0.0801]
 [      -0.0096       -0.1098        0.0155       -0.037        -0.0797 ...       -0.0081        0.0548        0.0028        0.0801    62105.5846]]

------------------------------------------------------------

--- ITERAZIONE k = 211 ---
vettore w_211:
[-1.0147  0.      0.      0.     -0.     -0.     -0.     -0.     -0.     -0.      1.4199  0.     -0.      0.     -0.      0.      0.      0.
 -0.      0.      0.      0.     -0.8502 -0.0002  0.      0.      0.     -0.      0.     -0.     -0.     -0.      0.      0.     -0.     -0.
  0.0002  0.      0.      0.3817 -0.     -0.      0.      0.      0.2268  1.2438 -0.     -0.      0.     -0.      0.      0.      0.     -0.8681
  0.      0.      0.      0.      0.     -0.     -0.      0.     -0.      0.      0.      0.      0.      0.      0.      0.      0.4113 -0.
 -0.     -0.     -0.     -0.006   0.     -0.     -0.      0.     -0.1175 -0.     -0.      0.6138 -0.      0.     -0.     -0.      0.      0.
  0.      0.     -0.     -0.     -0.     -0.     -0.     -0.      0.      0.    ]

diagonale matrice pesi W_211 (1 / max(|w|, eps)):
[9.8555e-01 1.0000e+08 1.0000e+08 1.0000e+08 1.0000e+08 1.0000e+08 1.0000e+08 1.0000e+08 1.0000e+08 1.0000e+08 7.0425e-01 1.0000e+08 1.0000e+08
 1.0000e+08 1.0000e+08 1.0000e+08 1.0000e+08 1.0000e+08 1.0000e+08 1.0000e+08 1.0000e+08 1.0000e+08 1.1762e+00 4.1794e+03 1.0000e+08 1.0000e+08
 1.0000e+08 1.0000e+08 1.0000e+08 1.0000e+08 1.0000e+08 1.0000e+08 1.0000e+08 1.0000e+08 1.0000e+08 1.0000e+08 5.0875e+03 1.0000e+08 1.0000e+08
 2.6200e+00 1.0000e+08 1.0000e+08 1.0000e+08 1.0000e+08 4.4087e+00 8.0398e-01 1.0000e+08 1.0000e+08 1.0000e+08 1.0000e+08 1.0000e+08 1.0000e+08
 1.0000e+08 1.1519e+00 1.0000e+08 1.0000e+08 1.0000e+08 1.0000e+08 1.0000e+08 1.0000e+08 1.0000e+08 1.0000e+08 1.0000e+08 1.0000e+08 1.0000e+08
 1.0000e+08 1.0000e+08 1.0000e+08 1.0000e+08 1.0000e+08 2.4314e+00 1.0000e+08 1.0000e+08 1.0000e+08 1.0000e+08 1.6637e+02 1.0000e+08 1.0000e+08
 1.0000e+08 1.0000e+08 8.5134e+00 1.0000e+08 1.0000e+08 1.6293e+00 1.0000e+08 1.0000e+08 1.0000e+08 1.0000e+08 1.0000e+08 1.0000e+08 1.0000e+08
 1.0000e+08 1.0000e+08 1.0000e+08 1.0000e+08 1.0000e+08 1.0000e+08 1.0000e+08 1.0000e+08 6.3182e+05]

matrice di sistema Q_211 (A + lambda * W_211):
[[       1.0986       -0.0922       -0.0173       -0.0403       -0.0275 ...        0.0648       -0.02          0.0741        0.0644       -0.0096]
 [      -0.0922 10000001.           -0.0832       -0.0403       -0.0328 ...       -0.0131        0.1748       -0.0006       -0.0396       -0.1098]
 [      -0.0173       -0.0832 10000001.           -0.0997       -0.02   ...       -0.0945        0.0139       -0.0721        0.0284        0.0155]
 [      -0.0403       -0.0403       -0.0997 10000001.           -0.1078 ...        0.1176       -0.0406        0.0293        0.0054       -0.037 ]
 [      -0.0275       -0.0328       -0.02         -0.1078 10000001.     ...       -0.0815        0.0502        0.084        -0.0457       -0.0797]
 ...
 [       0.0648       -0.0131       -0.0945        0.1176       -0.0815 ... 10000001.           -0.0458        0.0256       -0.0061       -0.0081]
 [      -0.02          0.1748        0.0139       -0.0406        0.0502 ...       -0.0458 10000001.           -0.0824       -0.0423        0.0548]
 [       0.0741       -0.0006       -0.0721        0.0293        0.084  ...        0.0256       -0.0824 10000001.           -0.0403        0.0028]
 [       0.0644       -0.0396        0.0284        0.0054       -0.0457 ...       -0.0061       -0.0423       -0.0403 10000001.            0.0801]
 [      -0.0096       -0.1098        0.0155       -0.037        -0.0797 ...       -0.0081        0.0548        0.0028        0.0801    63183.1907]]

------------------------------------------------------------

--- ITERAZIONE k = 212 ---
vettore w_212:
[-1.0147  0.      0.      0.     -0.     -0.     -0.     -0.     -0.     -0.      1.4199  0.     -0.      0.     -0.      0.      0.      0.
 -0.      0.      0.      0.     -0.8502 -0.0002  0.      0.      0.     -0.      0.     -0.     -0.     -0.      0.      0.     -0.     -0.
  0.0002  0.      0.      0.3817 -0.     -0.      0.      0.      0.2268  1.2438 -0.     -0.      0.     -0.      0.      0.      0.     -0.8681
  0.      0.      0.      0.      0.     -0.     -0.      0.     -0.      0.      0.      0.      0.      0.      0.      0.      0.4113 -0.
 -0.     -0.     -0.     -0.0061  0.     -0.     -0.      0.     -0.1175 -0.     -0.      0.6138 -0.      0.     -0.     -0.      0.      0.
  0.      0.     -0.     -0.     -0.     -0.     -0.     -0.      0.      0.    ]

diagonale matrice pesi W_212 (1 / max(|w|, eps)):
[9.8555e-01 1.0000e+08 1.0000e+08 1.0000e+08 1.0000e+08 1.0000e+08 1.0000e+08 1.0000e+08 1.0000e+08 1.0000e+08 7.0425e-01 1.0000e+08 1.0000e+08
 1.0000e+08 1.0000e+08 1.0000e+08 1.0000e+08 1.0000e+08 1.0000e+08 1.0000e+08 1.0000e+08 1.0000e+08 1.1762e+00 4.0240e+03 1.0000e+08 1.0000e+08
 1.0000e+08 1.0000e+08 1.0000e+08 1.0000e+08 1.0000e+08 1.0000e+08 1.0000e+08 1.0000e+08 1.0000e+08 1.0000e+08 5.1091e+03 1.0000e+08 1.0000e+08
 2.6200e+00 1.0000e+08 1.0000e+08 1.0000e+08 1.0000e+08 4.4087e+00 8.0399e-01 1.0000e+08 1.0000e+08 1.0000e+08 1.0000e+08 1.0000e+08 1.0000e+08
 1.0000e+08 1.1519e+00 1.0000e+08 1.0000e+08 1.0000e+08 1.0000e+08 1.0000e+08 1.0000e+08 1.0000e+08 1.0000e+08 1.0000e+08 1.0000e+08 1.0000e+08
 1.0000e+08 1.0000e+08 1.0000e+08 1.0000e+08 1.0000e+08 2.4314e+00 1.0000e+08 1.0000e+08 1.0000e+08 1.0000e+08 1.6496e+02 1.0000e+08 1.0000e+08
 1.0000e+08 1.0000e+08 8.5135e+00 1.0000e+08 1.0000e+08 1.6293e+00 1.0000e+08 1.0000e+08 1.0000e+08 1.0000e+08 1.0000e+08 1.0000e+08 1.0000e+08
 1.0000e+08 1.0000e+08 1.0000e+08 1.0000e+08 1.0000e+08 1.0000e+08 1.0000e+08 1.0000e+08 6.4278e+05]

matrice di sistema Q_212 (A + lambda * W_212):
[[       1.0986       -0.0922       -0.0173       -0.0403       -0.0275 ...        0.0648       -0.02          0.0741        0.0644       -0.0096]
 [      -0.0922 10000001.           -0.0832       -0.0403       -0.0328 ...       -0.0131        0.1748       -0.0006       -0.0396       -0.1098]
 [      -0.0173       -0.0832 10000001.           -0.0997       -0.02   ...       -0.0945        0.0139       -0.0721        0.0284        0.0155]
 [      -0.0403       -0.0403       -0.0997 10000001.           -0.1078 ...        0.1176       -0.0406        0.0293        0.0054       -0.037 ]
 [      -0.0275       -0.0328       -0.02         -0.1078 10000001.     ...       -0.0815        0.0502        0.084        -0.0457       -0.0797]
 ...
 [       0.0648       -0.0131       -0.0945        0.1176       -0.0815 ... 10000001.           -0.0458        0.0256       -0.0061       -0.0081]
 [      -0.02          0.1748        0.0139       -0.0406        0.0502 ...       -0.0458 10000001.           -0.0824       -0.0423        0.0548]
 [       0.0741       -0.0006       -0.0721        0.0293        0.084  ...        0.0256       -0.0824 10000001.           -0.0403        0.0028]
 [       0.0644       -0.0396        0.0284        0.0054       -0.0457 ...       -0.0061       -0.0423       -0.0403 10000001.            0.0801]
 [      -0.0096       -0.1098        0.0155       -0.037        -0.0797 ...       -0.0081        0.0548        0.0028        0.0801    64279.4877]]

------------------------------------------------------------

--- ITERAZIONE k = 213 ---
vettore w_213:
[-1.0147  0.      0.      0.     -0.     -0.     -0.     -0.     -0.     -0.      1.4199  0.     -0.      0.     -0.      0.      0.      0.
 -0.      0.      0.      0.     -0.8502 -0.0003  0.      0.      0.     -0.      0.     -0.     -0.     -0.      0.      0.     -0.     -0.
  0.0002  0.      0.      0.3817 -0.     -0.      0.      0.      0.2268  1.2438 -0.     -0.      0.     -0.      0.      0.      0.     -0.8681
  0.      0.      0.      0.      0.     -0.     -0.      0.     -0.      0.      0.      0.      0.      0.      0.      0.      0.4113 -0.
 -0.     -0.     -0.     -0.0061  0.     -0.     -0.      0.     -0.1175 -0.     -0.      0.6138 -0.      0.     -0.     -0.      0.      0.
  0.      0.     -0.     -0.     -0.     -0.     -0.     -0.      0.      0.    ]

diagonale matrice pesi W_213 (1 / max(|w|, eps)):
[9.8555e-01 1.0000e+08 1.0000e+08 1.0000e+08 1.0000e+08 1.0000e+08 1.0000e+08 1.0000e+08 1.0000e+08 1.0000e+08 7.0425e-01 1.0000e+08 1.0000e+08
 1.0000e+08 1.0000e+08 1.0000e+08 1.0000e+08 1.0000e+08 1.0000e+08 1.0000e+08 1.0000e+08 1.0000e+08 1.1762e+00 3.8745e+03 1.0000e+08 1.0000e+08
 1.0000e+08 1.0000e+08 1.0000e+08 1.0000e+08 1.0000e+08 1.0000e+08 1.0000e+08 1.0000e+08 1.0000e+08 1.0000e+08 5.1307e+03 1.0000e+08 1.0000e+08
 2.6200e+00 1.0000e+08 1.0000e+08 1.0000e+08 1.0000e+08 4.4088e+00 8.0399e-01 1.0000e+08 1.0000e+08 1.0000e+08 1.0000e+08 1.0000e+08 1.0000e+08
 1.0000e+08 1.1519e+00 1.0000e+08 1.0000e+08 1.0000e+08 1.0000e+08 1.0000e+08 1.0000e+08 1.0000e+08 1.0000e+08 1.0000e+08 1.0000e+08 1.0000e+08
 1.0000e+08 1.0000e+08 1.0000e+08 1.0000e+08 1.0000e+08 2.4314e+00 1.0000e+08 1.0000e+08 1.0000e+08 1.0000e+08 1.6364e+02 1.0000e+08 1.0000e+08
 1.0000e+08 1.0000e+08 8.5135e+00 1.0000e+08 1.0000e+08 1.6293e+00 1.0000e+08 1.0000e+08 1.0000e+08 1.0000e+08 1.0000e+08 1.0000e+08 1.0000e+08
 1.0000e+08 1.0000e+08 1.0000e+08 1.0000e+08 1.0000e+08 1.0000e+08 1.0000e+08 1.0000e+08 6.5394e+05]

matrice di sistema Q_213 (A + lambda * W_213):
[[       1.0986       -0.0922       -0.0173       -0.0403       -0.0275 ...        0.0648       -0.02          0.0741        0.0644       -0.0096]
 [      -0.0922 10000001.           -0.0832       -0.0403       -0.0328 ...       -0.0131        0.1748       -0.0006       -0.0396       -0.1098]
 [      -0.0173       -0.0832 10000001.           -0.0997       -0.02   ...       -0.0945        0.0139       -0.0721        0.0284        0.0155]
 [      -0.0403       -0.0403       -0.0997 10000001.           -0.1078 ...        0.1176       -0.0406        0.0293        0.0054       -0.037 ]
 [      -0.0275       -0.0328       -0.02         -0.1078 10000001.     ...       -0.0815        0.0502        0.084        -0.0457       -0.0797]
 ...
 [       0.0648       -0.0131       -0.0945        0.1176       -0.0815 ... 10000001.           -0.0458        0.0256       -0.0061       -0.0081]
 [      -0.02          0.1748        0.0139       -0.0406        0.0502 ...       -0.0458 10000001.           -0.0824       -0.0423        0.0548]
 [       0.0741       -0.0006       -0.0721        0.0293        0.084  ...        0.0256       -0.0824 10000001.           -0.0403        0.0028]
 [       0.0644       -0.0396        0.0284        0.0054       -0.0457 ...       -0.0061       -0.0423       -0.0403 10000001.            0.0801]
 [      -0.0096       -0.1098        0.0155       -0.037        -0.0797 ...       -0.0081        0.0548        0.0028        0.0801    65394.7935]]

------------------------------------------------------------

--- ITERAZIONE k = 214 ---
vettore w_214:
[-1.0147  0.      0.      0.     -0.     -0.     -0.     -0.     -0.     -0.      1.4199  0.     -0.      0.     -0.      0.      0.      0.
 -0.      0.      0.      0.     -0.8502 -0.0003  0.      0.      0.     -0.      0.     -0.     -0.     -0.      0.      0.     -0.     -0.
  0.0002  0.      0.      0.3817 -0.     -0.      0.      0.      0.2268  1.2438 -0.     -0.      0.     -0.      0.      0.      0.     -0.8681
  0.      0.      0.      0.      0.     -0.     -0.      0.     -0.      0.      0.      0.      0.      0.      0.      0.      0.4113 -0.
 -0.     -0.     -0.     -0.0062  0.     -0.     -0.      0.     -0.1175 -0.     -0.      0.6138 -0.      0.     -0.     -0.      0.      0.
  0.      0.     -0.     -0.     -0.     -0.     -0.     -0.      0.      0.    ]

diagonale matrice pesi W_214 (1 / max(|w|, eps)):
[9.8554e-01 1.0000e+08 1.0000e+08 1.0000e+08 1.0000e+08 1.0000e+08 1.0000e+08 1.0000e+08 1.0000e+08 1.0000e+08 7.0425e-01 1.0000e+08 1.0000e+08
 1.0000e+08 1.0000e+08 1.0000e+08 1.0000e+08 1.0000e+08 1.0000e+08 1.0000e+08 1.0000e+08 1.0000e+08 1.1762e+00 3.7306e+03 1.0000e+08 1.0000e+08
 1.0000e+08 1.0000e+08 1.0000e+08 1.0000e+08 1.0000e+08 1.0000e+08 1.0000e+08 1.0000e+08 1.0000e+08 1.0000e+08 5.1521e+03 1.0000e+08 1.0000e+08
 2.6199e+00 1.0000e+08 1.0000e+08 1.0000e+08 1.0000e+08 4.4088e+00 8.0399e-01 1.0000e+08 1.0000e+08 1.0000e+08 1.0000e+08 1.0000e+08 1.0000e+08
 1.0000e+08 1.1520e+00 1.0000e+08 1.0000e+08 1.0000e+08 1.0000e+08 1.0000e+08 1.0000e+08 1.0000e+08 1.0000e+08 1.0000e+08 1.0000e+08 1.0000e+08
 1.0000e+08 1.0000e+08 1.0000e+08 1.0000e+08 1.0000e+08 2.4314e+00 1.0000e+08 1.0000e+08 1.0000e+08 1.0000e+08 1.6240e+02 1.0000e+08 1.0000e+08
 1.0000e+08 1.0000e+08 8.5135e+00 1.0000e+08 1.0000e+08 1.6293e+00 1.0000e+08 1.0000e+08 1.0000e+08 1.0000e+08 1.0000e+08 1.0000e+08 1.0000e+08
 1.0000e+08 1.0000e+08 1.0000e+08 1.0000e+08 1.0000e+08 1.0000e+08 1.0000e+08 1.0000e+08 6.6528e+05]

matrice di sistema Q_214 (A + lambda * W_214):
[[       1.0986       -0.0922       -0.0173       -0.0403       -0.0275 ...        0.0648       -0.02          0.0741        0.0644       -0.0096]
 [      -0.0922 10000001.           -0.0832       -0.0403       -0.0328 ...       -0.0131        0.1748       -0.0006       -0.0396       -0.1098]
 [      -0.0173       -0.0832 10000001.           -0.0997       -0.02   ...       -0.0945        0.0139       -0.0721        0.0284        0.0155]
 [      -0.0403       -0.0403       -0.0997 10000001.           -0.1078 ...        0.1176       -0.0406        0.0293        0.0054       -0.037 ]
 [      -0.0275       -0.0328       -0.02         -0.1078 10000001.     ...       -0.0815        0.0502        0.084        -0.0457       -0.0797]
 ...
 [       0.0648       -0.0131       -0.0945        0.1176       -0.0815 ... 10000001.           -0.0458        0.0256       -0.0061       -0.0081]
 [      -0.02          0.1748        0.0139       -0.0406        0.0502 ...       -0.0458 10000001.           -0.0824       -0.0423        0.0548]
 [       0.0741       -0.0006       -0.0721        0.0293        0.084  ...        0.0256       -0.0824 10000001.           -0.0403        0.0028]
 [       0.0644       -0.0396        0.0284        0.0054       -0.0457 ...       -0.0061       -0.0423       -0.0403 10000001.            0.0801]
 [      -0.0096       -0.1098        0.0155       -0.037        -0.0797 ...       -0.0081        0.0548        0.0028        0.0801    66529.431 ]]

------------------------------------------------------------

--- ITERAZIONE k = 215 ---
vettore w_215:
[-1.0147  0.      0.      0.     -0.     -0.     -0.     -0.     -0.     -0.      1.4199  0.     -0.      0.     -0.      0.      0.      0.
 -0.      0.      0.      0.     -0.8502 -0.0003  0.      0.      0.     -0.      0.     -0.     -0.     -0.      0.      0.     -0.     -0.
  0.0002  0.      0.      0.3817 -0.     -0.      0.      0.      0.2268  1.2438 -0.     -0.      0.     -0.      0.      0.      0.     -0.8681
  0.      0.      0.      0.      0.     -0.     -0.      0.     -0.      0.      0.      0.      0.      0.      0.      0.      0.4113 -0.
 -0.     -0.     -0.     -0.0062  0.     -0.     -0.      0.     -0.1175 -0.     -0.      0.6137 -0.      0.     -0.     -0.      0.      0.
  0.      0.     -0.     -0.     -0.     -0.     -0.     -0.      0.      0.    ]

diagonale matrice pesi W_215 (1 / max(|w|, eps)):
[9.8554e-01 1.0000e+08 1.0000e+08 1.0000e+08 1.0000e+08 1.0000e+08 1.0000e+08 1.0000e+08 1.0000e+08 1.0000e+08 7.0425e-01 1.0000e+08 1.0000e+08
 1.0000e+08 1.0000e+08 1.0000e+08 1.0000e+08 1.0000e+08 1.0000e+08 1.0000e+08 1.0000e+08 1.0000e+08 1.1762e+00 3.5923e+03 1.0000e+08 1.0000e+08
 1.0000e+08 1.0000e+08 1.0000e+08 1.0000e+08 1.0000e+08 1.0000e+08 1.0000e+08 1.0000e+08 1.0000e+08 1.0000e+08 5.1735e+03 1.0000e+08 1.0000e+08
 2.6199e+00 1.0000e+08 1.0000e+08 1.0000e+08 1.0000e+08 4.4089e+00 8.0399e-01 1.0000e+08 1.0000e+08 1.0000e+08 1.0000e+08 1.0000e+08 1.0000e+08
 1.0000e+08 1.1520e+00 1.0000e+08 1.0000e+08 1.0000e+08 1.0000e+08 1.0000e+08 1.0000e+08 1.0000e+08 1.0000e+08 1.0000e+08 1.0000e+08 1.0000e+08
 1.0000e+08 1.0000e+08 1.0000e+08 1.0000e+08 1.0000e+08 2.4314e+00 1.0000e+08 1.0000e+08 1.0000e+08 1.0000e+08 1.6123e+02 1.0000e+08 1.0000e+08
 1.0000e+08 1.0000e+08 8.5136e+00 1.0000e+08 1.0000e+08 1.6293e+00 1.0000e+08 1.0000e+08 1.0000e+08 1.0000e+08 1.0000e+08 1.0000e+08 1.0000e+08
 1.0000e+08 1.0000e+08 1.0000e+08 1.0000e+08 1.0000e+08 1.0000e+08 1.0000e+08 1.0000e+08 6.7683e+05]

matrice di sistema Q_215 (A + lambda * W_215):
[[       1.0986       -0.0922       -0.0173       -0.0403       -0.0275 ...        0.0648       -0.02          0.0741        0.0644       -0.0096]
 [      -0.0922 10000001.           -0.0832       -0.0403       -0.0328 ...       -0.0131        0.1748       -0.0006       -0.0396       -0.1098]
 [      -0.0173       -0.0832 10000001.           -0.0997       -0.02   ...       -0.0945        0.0139       -0.0721        0.0284        0.0155]
 [      -0.0403       -0.0403       -0.0997 10000001.           -0.1078 ...        0.1176       -0.0406        0.0293        0.0054       -0.037 ]
 [      -0.0275       -0.0328       -0.02         -0.1078 10000001.     ...       -0.0815        0.0502        0.084        -0.0457       -0.0797]
 ...
 [       0.0648       -0.0131       -0.0945        0.1176       -0.0815 ... 10000001.           -0.0458        0.0256       -0.0061       -0.0081]
 [      -0.02          0.1748        0.0139       -0.0406        0.0502 ...       -0.0458 10000001.           -0.0824       -0.0423        0.0548]
 [       0.0741       -0.0006       -0.0721        0.0293        0.084  ...        0.0256       -0.0824 10000001.           -0.0403        0.0028]
 [       0.0644       -0.0396        0.0284        0.0054       -0.0457 ...       -0.0061       -0.0423       -0.0403 10000001.            0.0801]
 [      -0.0096       -0.1098        0.0155       -0.037        -0.0797 ...       -0.0081        0.0548        0.0028        0.0801    67683.7286]]

------------------------------------------------------------

--- ITERAZIONE k = 216 ---
vettore w_216:
[-1.0147  0.      0.      0.     -0.     -0.     -0.     -0.     -0.     -0.      1.4199  0.     -0.      0.     -0.      0.      0.      0.
 -0.      0.      0.      0.     -0.8502 -0.0003  0.      0.      0.     -0.      0.     -0.     -0.     -0.      0.      0.     -0.     -0.
  0.0002  0.      0.      0.3817 -0.     -0.      0.      0.      0.2268  1.2438 -0.     -0.      0.     -0.      0.      0.      0.     -0.8681
  0.      0.      0.      0.      0.     -0.     -0.      0.     -0.      0.      0.      0.      0.      0.      0.      0.      0.4113 -0.
 -0.     -0.     -0.     -0.0062  0.     -0.     -0.      0.     -0.1175 -0.     -0.      0.6137 -0.      0.     -0.     -0.      0.      0.
  0.      0.     -0.     -0.     -0.     -0.     -0.     -0.      0.      0.    ]

diagonale matrice pesi W_216 (1 / max(|w|, eps)):
[9.8554e-01 1.0000e+08 1.0000e+08 1.0000e+08 1.0000e+08 1.0000e+08 1.0000e+08 1.0000e+08 1.0000e+08 1.0000e+08 7.0425e-01 1.0000e+08 1.0000e+08
 1.0000e+08 1.0000e+08 1.0000e+08 1.0000e+08 1.0000e+08 1.0000e+08 1.0000e+08 1.0000e+08 1.0000e+08 1.1762e+00 3.4592e+03 1.0000e+08 1.0000e+08
 1.0000e+08 1.0000e+08 1.0000e+08 1.0000e+08 1.0000e+08 1.0000e+08 1.0000e+08 1.0000e+08 1.0000e+08 1.0000e+08 5.1948e+03 1.0000e+08 1.0000e+08
 2.6199e+00 1.0000e+08 1.0000e+08 1.0000e+08 1.0000e+08 4.4089e+00 8.0399e-01 1.0000e+08 1.0000e+08 1.0000e+08 1.0000e+08 1.0000e+08 1.0000e+08
 1.0000e+08 1.1520e+00 1.0000e+08 1.0000e+08 1.0000e+08 1.0000e+08 1.0000e+08 1.0000e+08 1.0000e+08 1.0000e+08 1.0000e+08 1.0000e+08 1.0000e+08
 1.0000e+08 1.0000e+08 1.0000e+08 1.0000e+08 1.0000e+08 2.4314e+00 1.0000e+08 1.0000e+08 1.0000e+08 1.0000e+08 1.6014e+02 1.0000e+08 1.0000e+08
 1.0000e+08 1.0000e+08 8.5136e+00 1.0000e+08 1.0000e+08 1.6293e+00 1.0000e+08 1.0000e+08 1.0000e+08 1.0000e+08 1.0000e+08 1.0000e+08 1.0000e+08
 1.0000e+08 1.0000e+08 1.0000e+08 1.0000e+08 1.0000e+08 1.0000e+08 1.0000e+08 1.0000e+08 6.8857e+05]

matrice di sistema Q_216 (A + lambda * W_216):
[[       1.0986       -0.0922       -0.0173       -0.0403       -0.0275 ...        0.0648       -0.02          0.0741        0.0644       -0.0096]
 [      -0.0922 10000001.           -0.0832       -0.0403       -0.0328 ...       -0.0131        0.1748       -0.0006       -0.0396       -0.1098]
 [      -0.0173       -0.0832 10000001.           -0.0997       -0.02   ...       -0.0945        0.0139       -0.0721        0.0284        0.0155]
 [      -0.0403       -0.0403       -0.0997 10000001.           -0.1078 ...        0.1176       -0.0406        0.0293        0.0054       -0.037 ]
 [      -0.0275       -0.0328       -0.02         -0.1078 10000001.     ...       -0.0815        0.0502        0.084        -0.0457       -0.0797]
 ...
 [       0.0648       -0.0131       -0.0945        0.1176       -0.0815 ... 10000001.           -0.0458        0.0256       -0.0061       -0.0081]
 [      -0.02          0.1748        0.0139       -0.0406        0.0502 ...       -0.0458 10000001.           -0.0824       -0.0423        0.0548]
 [       0.0741       -0.0006       -0.0721        0.0293        0.084  ...        0.0256       -0.0824 10000001.           -0.0403        0.0028]
 [       0.0644       -0.0396        0.0284        0.0054       -0.0457 ...       -0.0061       -0.0423       -0.0403 10000001.            0.0801]
 [      -0.0096       -0.1098        0.0155       -0.037        -0.0797 ...       -0.0081        0.0548        0.0028        0.0801    68858.0201]]

------------------------------------------------------------

--- ITERAZIONE k = 217 ---
vettore w_217:
[-1.0147  0.      0.      0.     -0.     -0.     -0.     -0.     -0.     -0.      1.4199  0.     -0.      0.     -0.      0.      0.      0.
 -0.      0.      0.      0.     -0.8502 -0.0003  0.      0.      0.     -0.      0.     -0.     -0.     -0.      0.      0.     -0.     -0.
  0.0002  0.      0.      0.3817 -0.     -0.      0.      0.      0.2268  1.2438 -0.     -0.      0.     -0.      0.      0.      0.     -0.8681
  0.      0.      0.      0.      0.     -0.     -0.      0.     -0.      0.      0.      0.      0.      0.      0.      0.      0.4113 -0.
 -0.     -0.     -0.     -0.0063  0.     -0.     -0.      0.     -0.1175 -0.     -0.      0.6137 -0.      0.     -0.     -0.      0.      0.
  0.      0.     -0.     -0.     -0.     -0.     -0.     -0.      0.      0.    ]

diagonale matrice pesi W_217 (1 / max(|w|, eps)):
[9.8553e-01 1.0000e+08 1.0000e+08 1.0000e+08 1.0000e+08 1.0000e+08 1.0000e+08 1.0000e+08 1.0000e+08 1.0000e+08 7.0425e-01 1.0000e+08 1.0000e+08
 1.0000e+08 1.0000e+08 1.0000e+08 1.0000e+08 1.0000e+08 1.0000e+08 1.0000e+08 1.0000e+08 1.0000e+08 1.1762e+00 3.3313e+03 1.0000e+08 1.0000e+08
 1.0000e+08 1.0000e+08 1.0000e+08 1.0000e+08 1.0000e+08 1.0000e+08 1.0000e+08 1.0000e+08 1.0000e+08 1.0000e+08 5.2160e+03 1.0000e+08 1.0000e+08
 2.6199e+00 1.0000e+08 1.0000e+08 1.0000e+08 1.0000e+08 4.4089e+00 8.0399e-01 1.0000e+08 1.0000e+08 1.0000e+08 1.0000e+08 1.0000e+08 1.0000e+08
 1.0000e+08 1.1520e+00 1.0000e+08 1.0000e+08 1.0000e+08 1.0000e+08 1.0000e+08 1.0000e+08 1.0000e+08 1.0000e+08 1.0000e+08 1.0000e+08 1.0000e+08
 1.0000e+08 1.0000e+08 1.0000e+08 1.0000e+08 1.0000e+08 2.4314e+00 1.0000e+08 1.0000e+08 1.0000e+08 1.0000e+08 1.5911e+02 1.0000e+08 1.0000e+08
 1.0000e+08 1.0000e+08 8.5136e+00 1.0000e+08 1.0000e+08 1.6293e+00 1.0000e+08 1.0000e+08 1.0000e+08 1.0000e+08 1.0000e+08 1.0000e+08 1.0000e+08
 1.0000e+08 1.0000e+08 1.0000e+08 1.0000e+08 1.0000e+08 1.0000e+08 1.0000e+08 1.0000e+08 7.0052e+05]

matrice di sistema Q_217 (A + lambda * W_217):
[[       1.0986       -0.0922       -0.0173       -0.0403       -0.0275 ...        0.0648       -0.02          0.0741        0.0644       -0.0096]
 [      -0.0922 10000001.           -0.0832       -0.0403       -0.0328 ...       -0.0131        0.1748       -0.0006       -0.0396       -0.1098]
 [      -0.0173       -0.0832 10000001.           -0.0997       -0.02   ...       -0.0945        0.0139       -0.0721        0.0284        0.0155]
 [      -0.0403       -0.0403       -0.0997 10000001.           -0.1078 ...        0.1176       -0.0406        0.0293        0.0054       -0.037 ]
 [      -0.0275       -0.0328       -0.02         -0.1078 10000001.     ...       -0.0815        0.0502        0.084        -0.0457       -0.0797]
 ...
 [       0.0648       -0.0131       -0.0945        0.1176       -0.0815 ... 10000001.           -0.0458        0.0256       -0.0061       -0.0081]
 [      -0.02          0.1748        0.0139       -0.0406        0.0502 ...       -0.0458 10000001.           -0.0824       -0.0423        0.0548]
 [       0.0741       -0.0006       -0.0721        0.0293        0.084  ...        0.0256       -0.0824 10000001.           -0.0403        0.0028]
 [       0.0644       -0.0396        0.0284        0.0054       -0.0457 ...       -0.0061       -0.0423       -0.0403 10000001.            0.0801]
 [      -0.0096       -0.1098        0.0155       -0.037        -0.0797 ...       -0.0081        0.0548        0.0028        0.0801    70052.6446]]

------------------------------------------------------------

--- ITERAZIONE k = 218 ---
vettore w_218:
[-1.0147  0.      0.      0.     -0.     -0.     -0.     -0.     -0.     -0.      1.4199  0.     -0.      0.     -0.      0.      0.      0.
 -0.      0.      0.      0.     -0.8502 -0.0003  0.      0.      0.     -0.      0.     -0.     -0.     -0.      0.      0.     -0.     -0.
  0.0002  0.      0.      0.3817 -0.     -0.      0.      0.      0.2268  1.2438 -0.     -0.      0.     -0.      0.      0.      0.     -0.8681
  0.      0.      0.      0.      0.     -0.     -0.      0.     -0.      0.      0.      0.      0.      0.      0.      0.      0.4113 -0.
 -0.     -0.     -0.     -0.0063  0.     -0.     -0.      0.     -0.1175 -0.     -0.      0.6137 -0.      0.     -0.     -0.      0.      0.
  0.      0.     -0.     -0.     -0.     -0.     -0.     -0.      0.      0.    ]

diagonale matrice pesi W_218 (1 / max(|w|, eps)):
[9.8553e-01 1.0000e+08 1.0000e+08 1.0000e+08 1.0000e+08 1.0000e+08 1.0000e+08 1.0000e+08 1.0000e+08 1.0000e+08 7.0426e-01 1.0000e+08 1.0000e+08
 1.0000e+08 1.0000e+08 1.0000e+08 1.0000e+08 1.0000e+08 1.0000e+08 1.0000e+08 1.0000e+08 1.0000e+08 1.1761e+00 3.2083e+03 1.0000e+08 1.0000e+08
 1.0000e+08 1.0000e+08 1.0000e+08 1.0000e+08 1.0000e+08 1.0000e+08 1.0000e+08 1.0000e+08 1.0000e+08 1.0000e+08 5.2371e+03 1.0000e+08 1.0000e+08
 2.6199e+00 1.0000e+08 1.0000e+08 1.0000e+08 1.0000e+08 4.4090e+00 8.0399e-01 1.0000e+08 1.0000e+08 1.0000e+08 1.0000e+08 1.0000e+08 1.0000e+08
 1.0000e+08 1.1520e+00 1.0000e+08 1.0000e+08 1.0000e+08 1.0000e+08 1.0000e+08 1.0000e+08 1.0000e+08 1.0000e+08 1.0000e+08 1.0000e+08 1.0000e+08
 1.0000e+08 1.0000e+08 1.0000e+08 1.0000e+08 1.0000e+08 2.4314e+00 1.0000e+08 1.0000e+08 1.0000e+08 1.0000e+08 1.5815e+02 1.0000e+08 1.0000e+08
 1.0000e+08 1.0000e+08 8.5137e+00 1.0000e+08 1.0000e+08 1.6294e+00 1.0000e+08 1.0000e+08 1.0000e+08 1.0000e+08 1.0000e+08 1.0000e+08 1.0000e+08
 1.0000e+08 1.0000e+08 1.0000e+08 1.0000e+08 1.0000e+08 1.0000e+08 1.0000e+08 1.0000e+08 7.1267e+05]

matrice di sistema Q_218 (A + lambda * W_218):
[[       1.0986       -0.0922       -0.0173       -0.0403       -0.0275 ...        0.0648       -0.02          0.0741        0.0644       -0.0096]
 [      -0.0922 10000001.           -0.0832       -0.0403       -0.0328 ...       -0.0131        0.1748       -0.0006       -0.0396       -0.1098]
 [      -0.0173       -0.0832 10000001.           -0.0997       -0.02   ...       -0.0945        0.0139       -0.0721        0.0284        0.0155]
 [      -0.0403       -0.0403       -0.0997 10000001.           -0.1078 ...        0.1176       -0.0406        0.0293        0.0054       -0.037 ]
 [      -0.0275       -0.0328       -0.02         -0.1078 10000001.     ...       -0.0815        0.0502        0.084        -0.0457       -0.0797]
 ...
 [       0.0648       -0.0131       -0.0945        0.1176       -0.0815 ... 10000001.           -0.0458        0.0256       -0.0061       -0.0081]
 [      -0.02          0.1748        0.0139       -0.0406        0.0502 ...       -0.0458 10000001.           -0.0824       -0.0423        0.0548]
 [       0.0741       -0.0006       -0.0721        0.0293        0.084  ...        0.0256       -0.0824 10000001.           -0.0403        0.0028]
 [       0.0644       -0.0396        0.0284        0.0054       -0.0457 ...       -0.0061       -0.0423       -0.0403 10000001.            0.0801]
 [      -0.0096       -0.1098        0.0155       -0.037        -0.0797 ...       -0.0081        0.0548        0.0028        0.0801    71267.9468]]

------------------------------------------------------------

--- ITERAZIONE k = 219 ---
vettore w_219:
[-1.0147  0.      0.      0.     -0.     -0.     -0.     -0.     -0.     -0.      1.4199  0.     -0.      0.     -0.      0.      0.      0.
 -0.      0.      0.      0.     -0.8502 -0.0003  0.      0.      0.     -0.      0.     -0.     -0.     -0.      0.      0.     -0.     -0.
  0.0002  0.      0.      0.3817 -0.     -0.      0.      0.      0.2268  1.2438 -0.     -0.      0.     -0.      0.      0.      0.     -0.8681
  0.      0.      0.      0.      0.     -0.     -0.      0.     -0.      0.      0.      0.      0.      0.      0.      0.      0.4113 -0.
 -0.     -0.     -0.     -0.0064  0.     -0.     -0.      0.     -0.1175 -0.     -0.      0.6137 -0.      0.     -0.     -0.      0.      0.
  0.      0.     -0.     -0.     -0.     -0.     -0.     -0.      0.      0.    ]

diagonale matrice pesi W_219 (1 / max(|w|, eps)):
[9.8553e-01 1.0000e+08 1.0000e+08 1.0000e+08 1.0000e+08 1.0000e+08 1.0000e+08 1.0000e+08 1.0000e+08 1.0000e+08 7.0426e-01 1.0000e+08 1.0000e+08
 1.0000e+08 1.0000e+08 1.0000e+08 1.0000e+08 1.0000e+08 1.0000e+08 1.0000e+08 1.0000e+08 1.0000e+08 1.1761e+00 3.0900e+03 1.0000e+08 1.0000e+08
 1.0000e+08 1.0000e+08 1.0000e+08 1.0000e+08 1.0000e+08 1.0000e+08 1.0000e+08 1.0000e+08 1.0000e+08 1.0000e+08 5.2582e+03 1.0000e+08 1.0000e+08
 2.6199e+00 1.0000e+08 1.0000e+08 1.0000e+08 1.0000e+08 4.4090e+00 8.0399e-01 1.0000e+08 1.0000e+08 1.0000e+08 1.0000e+08 1.0000e+08 1.0000e+08
 1.0000e+08 1.1520e+00 1.0000e+08 1.0000e+08 1.0000e+08 1.0000e+08 1.0000e+08 1.0000e+08 1.0000e+08 1.0000e+08 1.0000e+08 1.0000e+08 1.0000e+08
 1.0000e+08 1.0000e+08 1.0000e+08 1.0000e+08 1.0000e+08 2.4315e+00 1.0000e+08 1.0000e+08 1.0000e+08 1.0000e+08 1.5724e+02 1.0000e+08 1.0000e+08
 1.0000e+08 1.0000e+08 8.5137e+00 1.0000e+08 1.0000e+08 1.6294e+00 1.0000e+08 1.0000e+08 1.0000e+08 1.0000e+08 1.0000e+08 1.0000e+08 1.0000e+08
 1.0000e+08 1.0000e+08 1.0000e+08 1.0000e+08 1.0000e+08 1.0000e+08 1.0000e+08 1.0000e+08 7.2503e+05]

matrice di sistema Q_219 (A + lambda * W_219):
[[       1.0986       -0.0922       -0.0173       -0.0403       -0.0275 ...        0.0648       -0.02          0.0741        0.0644       -0.0096]
 [      -0.0922 10000001.           -0.0832       -0.0403       -0.0328 ...       -0.0131        0.1748       -0.0006       -0.0396       -0.1098]
 [      -0.0173       -0.0832 10000001.           -0.0997       -0.02   ...       -0.0945        0.0139       -0.0721        0.0284        0.0155]
 [      -0.0403       -0.0403       -0.0997 10000001.           -0.1078 ...        0.1176       -0.0406        0.0293        0.0054       -0.037 ]
 [      -0.0275       -0.0328       -0.02         -0.1078 10000001.     ...       -0.0815        0.0502        0.084        -0.0457       -0.0797]
 ...
 [       0.0648       -0.0131       -0.0945        0.1176       -0.0815 ... 10000001.           -0.0458        0.0256       -0.0061       -0.0081]
 [      -0.02          0.1748        0.0139       -0.0406        0.0502 ...       -0.0458 10000001.           -0.0824       -0.0423        0.0548]
 [       0.0741       -0.0006       -0.0721        0.0293        0.084  ...        0.0256       -0.0824 10000001.           -0.0403        0.0028]
 [       0.0644       -0.0396        0.0284        0.0054       -0.0457 ...       -0.0061       -0.0423       -0.0403 10000001.            0.0801]
 [      -0.0096       -0.1098        0.0155       -0.037        -0.0797 ...       -0.0081        0.0548        0.0028        0.0801    72504.2771]]

------------------------------------------------------------

--- ITERAZIONE k = 220 ---
vettore w_220:
[-1.0147  0.      0.      0.     -0.     -0.     -0.     -0.     -0.     -0.      1.4199  0.     -0.      0.     -0.      0.      0.      0.
 -0.      0.      0.      0.     -0.8502 -0.0003  0.      0.      0.     -0.      0.     -0.     -0.     -0.      0.      0.     -0.     -0.
  0.0002  0.      0.      0.3817 -0.     -0.      0.      0.      0.2268  1.2438 -0.     -0.      0.     -0.      0.      0.      0.     -0.8681
  0.      0.      0.      0.      0.     -0.     -0.      0.     -0.      0.      0.      0.      0.      0.      0.      0.      0.4113 -0.
 -0.     -0.     -0.     -0.0064  0.     -0.     -0.      0.     -0.1175 -0.     -0.      0.6137 -0.      0.     -0.     -0.      0.      0.
  0.      0.     -0.     -0.     -0.     -0.     -0.     -0.      0.      0.    ]

diagonale matrice pesi W_220 (1 / max(|w|, eps)):
[9.8553e-01 1.0000e+08 1.0000e+08 1.0000e+08 1.0000e+08 1.0000e+08 1.0000e+08 1.0000e+08 1.0000e+08 1.0000e+08 7.0426e-01 1.0000e+08 1.0000e+08
 1.0000e+08 1.0000e+08 1.0000e+08 1.0000e+08 1.0000e+08 1.0000e+08 1.0000e+08 1.0000e+08 1.0000e+08 1.1761e+00 2.9763e+03 1.0000e+08 1.0000e+08
 1.0000e+08 1.0000e+08 1.0000e+08 1.0000e+08 1.0000e+08 1.0000e+08 1.0000e+08 1.0000e+08 1.0000e+08 1.0000e+08 5.2792e+03 1.0000e+08 1.0000e+08
 2.6199e+00 1.0000e+08 1.0000e+08 1.0000e+08 1.0000e+08 4.4090e+00 8.0399e-01 1.0000e+08 1.0000e+08 1.0000e+08 1.0000e+08 1.0000e+08 1.0000e+08
 1.0000e+08 1.1520e+00 1.0000e+08 1.0000e+08 1.0000e+08 1.0000e+08 1.0000e+08 1.0000e+08 1.0000e+08 1.0000e+08 1.0000e+08 1.0000e+08 1.0000e+08
 1.0000e+08 1.0000e+08 1.0000e+08 1.0000e+08 1.0000e+08 2.4315e+00 1.0000e+08 1.0000e+08 1.0000e+08 1.0000e+08 1.5639e+02 1.0000e+08 1.0000e+08
 1.0000e+08 1.0000e+08 8.5138e+00 1.0000e+08 1.0000e+08 1.6294e+00 1.0000e+08 1.0000e+08 1.0000e+08 1.0000e+08 1.0000e+08 1.0000e+08 1.0000e+08
 1.0000e+08 1.0000e+08 1.0000e+08 1.0000e+08 1.0000e+08 1.0000e+08 1.0000e+08 1.0000e+08 7.3761e+05]

matrice di sistema Q_220 (A + lambda * W_220):
[[       1.0986       -0.0922       -0.0173       -0.0403       -0.0275 ...        0.0648       -0.02          0.0741        0.0644       -0.0096]
 [      -0.0922 10000001.           -0.0832       -0.0403       -0.0328 ...       -0.0131        0.1748       -0.0006       -0.0396       -0.1098]
 [      -0.0173       -0.0832 10000001.           -0.0997       -0.02   ...       -0.0945        0.0139       -0.0721        0.0284        0.0155]
 [      -0.0403       -0.0403       -0.0997 10000001.           -0.1078 ...        0.1176       -0.0406        0.0293        0.0054       -0.037 ]
 [      -0.0275       -0.0328       -0.02         -0.1078 10000001.     ...       -0.0815        0.0502        0.084        -0.0457       -0.0797]
 ...
 [       0.0648       -0.0131       -0.0945        0.1176       -0.0815 ... 10000001.           -0.0458        0.0256       -0.0061       -0.0081]
 [      -0.02          0.1748        0.0139       -0.0406        0.0502 ...       -0.0458 10000001.           -0.0824       -0.0423        0.0548]
 [       0.0741       -0.0006       -0.0721        0.0293        0.084  ...        0.0256       -0.0824 10000001.           -0.0403        0.0028]
 [       0.0644       -0.0396        0.0284        0.0054       -0.0457 ...       -0.0061       -0.0423       -0.0403 10000001.            0.0801]
 [      -0.0096       -0.1098        0.0155       -0.037        -0.0797 ...       -0.0081        0.0548        0.0028        0.0801    73761.9914]]

------------------------------------------------------------

--- ITERAZIONE k = 221 ---
vettore w_221:
[-1.0147  0.      0.      0.     -0.     -0.     -0.     -0.     -0.     -0.      1.4199  0.     -0.      0.     -0.      0.      0.      0.
 -0.      0.      0.      0.     -0.8502 -0.0003  0.      0.      0.     -0.      0.     -0.     -0.     -0.      0.      0.     -0.     -0.
  0.0002  0.      0.      0.3817 -0.     -0.      0.      0.      0.2268  1.2438 -0.     -0.      0.     -0.      0.      0.      0.     -0.8681
  0.      0.      0.      0.      0.     -0.     -0.      0.     -0.      0.      0.      0.      0.      0.      0.      0.      0.4113 -0.
 -0.     -0.     -0.     -0.0064  0.     -0.     -0.      0.     -0.1175 -0.     -0.      0.6137 -0.      0.     -0.     -0.      0.      0.
  0.      0.     -0.     -0.     -0.     -0.     -0.     -0.      0.      0.    ]

diagonale matrice pesi W_221 (1 / max(|w|, eps)):
[9.8552e-01 1.0000e+08 1.0000e+08 1.0000e+08 1.0000e+08 1.0000e+08 1.0000e+08 1.0000e+08 1.0000e+08 1.0000e+08 7.0426e-01 1.0000e+08 1.0000e+08
 1.0000e+08 1.0000e+08 1.0000e+08 1.0000e+08 1.0000e+08 1.0000e+08 1.0000e+08 1.0000e+08 1.0000e+08 1.1761e+00 2.8671e+03 1.0000e+08 1.0000e+08
 1.0000e+08 1.0000e+08 1.0000e+08 1.0000e+08 1.0000e+08 1.0000e+08 1.0000e+08 1.0000e+08 1.0000e+08 1.0000e+08 5.3003e+03 1.0000e+08 1.0000e+08
 2.6199e+00 1.0000e+08 1.0000e+08 1.0000e+08 1.0000e+08 4.4090e+00 8.0399e-01 1.0000e+08 1.0000e+08 1.0000e+08 1.0000e+08 1.0000e+08 1.0000e+08
 1.0000e+08 1.1520e+00 1.0000e+08 1.0000e+08 1.0000e+08 1.0000e+08 1.0000e+08 1.0000e+08 1.0000e+08 1.0000e+08 1.0000e+08 1.0000e+08 1.0000e+08
 1.0000e+08 1.0000e+08 1.0000e+08 1.0000e+08 1.0000e+08 2.4315e+00 1.0000e+08 1.0000e+08 1.0000e+08 1.0000e+08 1.5559e+02 1.0000e+08 1.0000e+08
 1.0000e+08 1.0000e+08 8.5138e+00 1.0000e+08 1.0000e+08 1.6294e+00 1.0000e+08 1.0000e+08 1.0000e+08 1.0000e+08 1.0000e+08 1.0000e+08 1.0000e+08
 1.0000e+08 1.0000e+08 1.0000e+08 1.0000e+08 1.0000e+08 1.0000e+08 1.0000e+08 1.0000e+08 7.5040e+05]

matrice di sistema Q_221 (A + lambda * W_221):
[[       1.0986       -0.0922       -0.0173       -0.0403       -0.0275 ...        0.0648       -0.02          0.0741        0.0644       -0.0096]
 [      -0.0922 10000001.           -0.0832       -0.0403       -0.0328 ...       -0.0131        0.1748       -0.0006       -0.0396       -0.1098]
 [      -0.0173       -0.0832 10000001.           -0.0997       -0.02   ...       -0.0945        0.0139       -0.0721        0.0284        0.0155]
 [      -0.0403       -0.0403       -0.0997 10000001.           -0.1078 ...        0.1176       -0.0406        0.0293        0.0054       -0.037 ]
 [      -0.0275       -0.0328       -0.02         -0.1078 10000001.     ...       -0.0815        0.0502        0.084        -0.0457       -0.0797]
 ...
 [       0.0648       -0.0131       -0.0945        0.1176       -0.0815 ... 10000001.           -0.0458        0.0256       -0.0061       -0.0081]
 [      -0.02          0.1748        0.0139       -0.0406        0.0502 ...       -0.0458 10000001.           -0.0824       -0.0423        0.0548]
 [       0.0741       -0.0006       -0.0721        0.0293        0.084  ...        0.0256       -0.0824 10000001.           -0.0403        0.0028]
 [       0.0644       -0.0396        0.0284        0.0054       -0.0457 ...       -0.0061       -0.0423       -0.0403 10000001.            0.0801]
 [      -0.0096       -0.1098        0.0155       -0.037        -0.0797 ...       -0.0081        0.0548        0.0028        0.0801    75041.4516]]

------------------------------------------------------------

--- ITERAZIONE k = 222 ---
vettore w_222:
[-1.0147  0.      0.      0.     -0.     -0.     -0.     -0.     -0.     -0.      1.4199  0.     -0.      0.     -0.      0.      0.      0.
 -0.      0.      0.      0.     -0.8502 -0.0004  0.      0.      0.     -0.      0.     -0.     -0.     -0.      0.      0.     -0.     -0.
  0.0002  0.      0.      0.3817 -0.     -0.      0.      0.      0.2268  1.2438 -0.     -0.      0.     -0.      0.      0.      0.     -0.8681
  0.      0.      0.      0.      0.     -0.     -0.      0.     -0.      0.      0.      0.      0.      0.      0.      0.      0.4113 -0.
 -0.     -0.     -0.     -0.0065  0.     -0.     -0.      0.     -0.1175 -0.     -0.      0.6137 -0.      0.     -0.     -0.      0.      0.
  0.      0.     -0.     -0.     -0.     -0.     -0.     -0.      0.      0.    ]

diagonale matrice pesi W_222 (1 / max(|w|, eps)):
[9.8552e-01 1.0000e+08 1.0000e+08 1.0000e+08 1.0000e+08 1.0000e+08 1.0000e+08 1.0000e+08 1.0000e+08 1.0000e+08 7.0426e-01 1.0000e+08 1.0000e+08
 1.0000e+08 1.0000e+08 1.0000e+08 1.0000e+08 1.0000e+08 1.0000e+08 1.0000e+08 1.0000e+08 1.0000e+08 1.1761e+00 2.7620e+03 1.0000e+08 1.0000e+08
 1.0000e+08 1.0000e+08 1.0000e+08 1.0000e+08 1.0000e+08 1.0000e+08 1.0000e+08 1.0000e+08 1.0000e+08 1.0000e+08 5.3213e+03 1.0000e+08 1.0000e+08
 2.6198e+00 1.0000e+08 1.0000e+08 1.0000e+08 1.0000e+08 4.4091e+00 8.0399e-01 1.0000e+08 1.0000e+08 1.0000e+08 1.0000e+08 1.0000e+08 1.0000e+08
 1.0000e+08 1.1520e+00 1.0000e+08 1.0000e+08 1.0000e+08 1.0000e+08 1.0000e+08 1.0000e+08 1.0000e+08 1.0000e+08 1.0000e+08 1.0000e+08 1.0000e+08
 1.0000e+08 1.0000e+08 1.0000e+08 1.0000e+08 1.0000e+08 2.4315e+00 1.0000e+08 1.0000e+08 1.0000e+08 1.0000e+08 1.5484e+02 1.0000e+08 1.0000e+08
 1.0000e+08 1.0000e+08 8.5139e+00 1.0000e+08 1.0000e+08 1.6294e+00 1.0000e+08 1.0000e+08 1.0000e+08 1.0000e+08 1.0000e+08 1.0000e+08 1.0000e+08
 1.0000e+08 1.0000e+08 1.0000e+08 1.0000e+08 1.0000e+08 1.0000e+08 1.0000e+08 1.0000e+08 7.6342e+05]

matrice di sistema Q_222 (A + lambda * W_222):
[[       1.0986       -0.0922       -0.0173       -0.0403       -0.0275 ...        0.0648       -0.02          0.0741        0.0644       -0.0096]
 [      -0.0922 10000001.           -0.0832       -0.0403       -0.0328 ...       -0.0131        0.1748       -0.0006       -0.0396       -0.1098]
 [      -0.0173       -0.0832 10000001.           -0.0997       -0.02   ...       -0.0945        0.0139       -0.0721        0.0284        0.0155]
 [      -0.0403       -0.0403       -0.0997 10000001.           -0.1078 ...        0.1176       -0.0406        0.0293        0.0054       -0.037 ]
 [      -0.0275       -0.0328       -0.02         -0.1078 10000001.     ...       -0.0815        0.0502        0.084        -0.0457       -0.0797]
 ...
 [       0.0648       -0.0131       -0.0945        0.1176       -0.0815 ... 10000001.           -0.0458        0.0256       -0.0061       -0.0081]
 [      -0.02          0.1748        0.0139       -0.0406        0.0502 ...       -0.0458 10000001.           -0.0824       -0.0423        0.0548]
 [       0.0741       -0.0006       -0.0721        0.0293        0.084  ...        0.0256       -0.0824 10000001.           -0.0403        0.0028]
 [       0.0644       -0.0396        0.0284        0.0054       -0.0457 ...       -0.0061       -0.0423       -0.0403 10000001.            0.0801]
 [      -0.0096       -0.1098        0.0155       -0.037        -0.0797 ...       -0.0081        0.0548        0.0028        0.0801    76343.0252]]

------------------------------------------------------------

--- ITERAZIONE k = 223 ---
vettore w_223:
[-1.0147  0.      0.      0.     -0.     -0.     -0.     -0.     -0.     -0.      1.4199  0.     -0.      0.     -0.      0.      0.      0.
 -0.      0.      0.      0.     -0.8503 -0.0004  0.      0.      0.     -0.      0.     -0.     -0.     -0.      0.      0.     -0.     -0.
  0.0002  0.      0.      0.3817 -0.     -0.      0.      0.      0.2268  1.2438 -0.     -0.      0.     -0.      0.      0.      0.     -0.8681
  0.      0.      0.      0.      0.     -0.     -0.      0.     -0.      0.      0.      0.      0.      0.      0.      0.      0.4113 -0.
 -0.     -0.     -0.     -0.0065  0.     -0.     -0.      0.     -0.1175 -0.     -0.      0.6137 -0.      0.     -0.     -0.      0.      0.
  0.      0.     -0.     -0.     -0.     -0.     -0.     -0.      0.      0.    ]

diagonale matrice pesi W_223 (1 / max(|w|, eps)):
[9.8552e-01 1.0000e+08 1.0000e+08 1.0000e+08 1.0000e+08 1.0000e+08 1.0000e+08 1.0000e+08 1.0000e+08 1.0000e+08 7.0426e-01 1.0000e+08 1.0000e+08
 1.0000e+08 1.0000e+08 1.0000e+08 1.0000e+08 1.0000e+08 1.0000e+08 1.0000e+08 1.0000e+08 1.0000e+08 1.1761e+00 2.6611e+03 1.0000e+08 1.0000e+08
 1.0000e+08 1.0000e+08 1.0000e+08 1.0000e+08 1.0000e+08 1.0000e+08 1.0000e+08 1.0000e+08 1.0000e+08 1.0000e+08 5.3422e+03 1.0000e+08 1.0000e+08
 2.6198e+00 1.0000e+08 1.0000e+08 1.0000e+08 1.0000e+08 4.4091e+00 8.0399e-01 1.0000e+08 1.0000e+08 1.0000e+08 1.0000e+08 1.0000e+08 1.0000e+08
 1.0000e+08 1.1520e+00 1.0000e+08 1.0000e+08 1.0000e+08 1.0000e+08 1.0000e+08 1.0000e+08 1.0000e+08 1.0000e+08 1.0000e+08 1.0000e+08 1.0000e+08
 1.0000e+08 1.0000e+08 1.0000e+08 1.0000e+08 1.0000e+08 2.4315e+00 1.0000e+08 1.0000e+08 1.0000e+08 1.0000e+08 1.5414e+02 1.0000e+08 1.0000e+08
 1.0000e+08 1.0000e+08 8.5139e+00 1.0000e+08 1.0000e+08 1.6294e+00 1.0000e+08 1.0000e+08 1.0000e+08 1.0000e+08 1.0000e+08 1.0000e+08 1.0000e+08
 1.0000e+08 1.0000e+08 1.0000e+08 1.0000e+08 1.0000e+08 1.0000e+08 1.0000e+08 1.0000e+08 7.7666e+05]

matrice di sistema Q_223 (A + lambda * W_223):
[[       1.0986       -0.0922       -0.0173       -0.0403       -0.0275 ...        0.0648       -0.02          0.0741        0.0644       -0.0096]
 [      -0.0922 10000001.           -0.0832       -0.0403       -0.0328 ...       -0.0131        0.1748       -0.0006       -0.0396       -0.1098]
 [      -0.0173       -0.0832 10000001.           -0.0997       -0.02   ...       -0.0945        0.0139       -0.0721        0.0284        0.0155]
 [      -0.0403       -0.0403       -0.0997 10000001.           -0.1078 ...        0.1176       -0.0406        0.0293        0.0054       -0.037 ]
 [      -0.0275       -0.0328       -0.02         -0.1078 10000001.     ...       -0.0815        0.0502        0.084        -0.0457       -0.0797]
 ...
 [       0.0648       -0.0131       -0.0945        0.1176       -0.0815 ... 10000001.           -0.0458        0.0256       -0.0061       -0.0081]
 [      -0.02          0.1748        0.0139       -0.0406        0.0502 ...       -0.0458 10000001.           -0.0824       -0.0423        0.0548]
 [       0.0741       -0.0006       -0.0721        0.0293        0.084  ...        0.0256       -0.0824 10000001.           -0.0403        0.0028]
 [       0.0644       -0.0396        0.0284        0.0054       -0.0457 ...       -0.0061       -0.0423       -0.0403 10000001.            0.0801]
 [      -0.0096       -0.1098        0.0155       -0.037        -0.0797 ...       -0.0081        0.0548        0.0028        0.0801    77667.0859]]

------------------------------------------------------------

--- ITERAZIONE k = 224 ---
vettore w_224:
[-1.0147  0.      0.      0.     -0.     -0.     -0.     -0.     -0.     -0.      1.4199  0.     -0.      0.     -0.      0.      0.      0.
 -0.      0.      0.      0.     -0.8503 -0.0004  0.      0.      0.     -0.      0.     -0.     -0.     -0.      0.      0.     -0.     -0.
  0.0002  0.      0.      0.3817 -0.     -0.      0.      0.      0.2268  1.2438 -0.     -0.      0.     -0.      0.      0.      0.     -0.8681
  0.      0.      0.      0.      0.     -0.     -0.      0.     -0.      0.      0.      0.      0.      0.      0.      0.      0.4113 -0.
 -0.     -0.     -0.     -0.0065  0.     -0.     -0.      0.     -0.1175 -0.     -0.      0.6137 -0.      0.     -0.     -0.      0.      0.
  0.      0.     -0.     -0.     -0.     -0.     -0.     -0.      0.      0.    ]

diagonale matrice pesi W_224 (1 / max(|w|, eps)):
[9.8552e-01 1.0000e+08 1.0000e+08 1.0000e+08 1.0000e+08 1.0000e+08 1.0000e+08 1.0000e+08 1.0000e+08 1.0000e+08 7.0426e-01 1.0000e+08 1.0000e+08
 1.0000e+08 1.0000e+08 1.0000e+08 1.0000e+08 1.0000e+08 1.0000e+08 1.0000e+08 1.0000e+08 1.0000e+08 1.1761e+00 2.5641e+03 1.0000e+08 1.0000e+08
 1.0000e+08 1.0000e+08 1.0000e+08 1.0000e+08 1.0000e+08 1.0000e+08 1.0000e+08 1.0000e+08 1.0000e+08 1.0000e+08 5.3632e+03 1.0000e+08 1.0000e+08
 2.6198e+00 1.0000e+08 1.0000e+08 1.0000e+08 1.0000e+08 4.4091e+00 8.0399e-01 1.0000e+08 1.0000e+08 1.0000e+08 1.0000e+08 1.0000e+08 1.0000e+08
 1.0000e+08 1.1520e+00 1.0000e+08 1.0000e+08 1.0000e+08 1.0000e+08 1.0000e+08 1.0000e+08 1.0000e+08 1.0000e+08 1.0000e+08 1.0000e+08 1.0000e+08
 1.0000e+08 1.0000e+08 1.0000e+08 1.0000e+08 1.0000e+08 2.4315e+00 1.0000e+08 1.0000e+08 1.0000e+08 1.0000e+08 1.5347e+02 1.0000e+08 1.0000e+08
 1.0000e+08 1.0000e+08 8.5140e+00 1.0000e+08 1.0000e+08 1.6294e+00 1.0000e+08 1.0000e+08 1.0000e+08 1.0000e+08 1.0000e+08 1.0000e+08 1.0000e+08
 1.0000e+08 1.0000e+08 1.0000e+08 1.0000e+08 1.0000e+08 1.0000e+08 1.0000e+08 1.0000e+08 7.9013e+05]

matrice di sistema Q_224 (A + lambda * W_224):
[[       1.0986       -0.0922       -0.0173       -0.0403       -0.0275 ...        0.0648       -0.02          0.0741        0.0644       -0.0096]
 [      -0.0922 10000001.           -0.0832       -0.0403       -0.0328 ...       -0.0131        0.1748       -0.0006       -0.0396       -0.1098]
 [      -0.0173       -0.0832 10000001.           -0.0997       -0.02   ...       -0.0945        0.0139       -0.0721        0.0284        0.0155]
 [      -0.0403       -0.0403       -0.0997 10000001.           -0.1078 ...        0.1176       -0.0406        0.0293        0.0054       -0.037 ]
 [      -0.0275       -0.0328       -0.02         -0.1078 10000001.     ...       -0.0815        0.0502        0.084        -0.0457       -0.0797]
 ...
 [       0.0648       -0.0131       -0.0945        0.1176       -0.0815 ... 10000001.           -0.0458        0.0256       -0.0061       -0.0081]
 [      -0.02          0.1748        0.0139       -0.0406        0.0502 ...       -0.0458 10000001.           -0.0824       -0.0423        0.0548]
 [       0.0741       -0.0006       -0.0721        0.0293        0.084  ...        0.0256       -0.0824 10000001.           -0.0403        0.0028]
 [       0.0644       -0.0396        0.0284        0.0054       -0.0457 ...       -0.0061       -0.0423       -0.0403 10000001.            0.0801]
 [      -0.0096       -0.1098        0.0155       -0.037        -0.0797 ...       -0.0081        0.0548        0.0028        0.0801    79014.0133]]

------------------------------------------------------------

--- ITERAZIONE k = 225 ---
vettore w_225:
[-1.0147  0.      0.      0.     -0.     -0.     -0.     -0.     -0.     -0.      1.4199  0.     -0.      0.     -0.      0.      0.      0.
 -0.      0.      0.      0.     -0.8503 -0.0004  0.      0.      0.     -0.      0.     -0.     -0.     -0.      0.      0.     -0.     -0.
  0.0002  0.      0.      0.3817 -0.     -0.      0.      0.      0.2268  1.2438 -0.     -0.      0.     -0.      0.      0.      0.     -0.8681
  0.      0.      0.      0.      0.     -0.     -0.      0.     -0.      0.      0.      0.      0.      0.      0.      0.      0.4113 -0.
 -0.     -0.     -0.     -0.0065  0.     -0.     -0.      0.     -0.1175 -0.     -0.      0.6137 -0.      0.     -0.     -0.      0.      0.
  0.      0.     -0.     -0.     -0.     -0.     -0.     -0.      0.      0.    ]

diagonale matrice pesi W_225 (1 / max(|w|, eps)):
[9.8552e-01 1.0000e+08 1.0000e+08 1.0000e+08 1.0000e+08 1.0000e+08 1.0000e+08 1.0000e+08 1.0000e+08 1.0000e+08 7.0426e-01 1.0000e+08 1.0000e+08
 1.0000e+08 1.0000e+08 1.0000e+08 1.0000e+08 1.0000e+08 1.0000e+08 1.0000e+08 1.0000e+08 1.0000e+08 1.1761e+00 2.4709e+03 1.0000e+08 1.0000e+08
 1.0000e+08 1.0000e+08 1.0000e+08 1.0000e+08 1.0000e+08 1.0000e+08 1.0000e+08 1.0000e+08 1.0000e+08 1.0000e+08 5.3841e+03 1.0000e+08 1.0000e+08
 2.6198e+00 1.0000e+08 1.0000e+08 1.0000e+08 1.0000e+08 4.4091e+00 8.0399e-01 1.0000e+08 1.0000e+08 1.0000e+08 1.0000e+08 1.0000e+08 1.0000e+08
 1.0000e+08 1.1520e+00 1.0000e+08 1.0000e+08 1.0000e+08 1.0000e+08 1.0000e+08 1.0000e+08 1.0000e+08 1.0000e+08 1.0000e+08 1.0000e+08 1.0000e+08
 1.0000e+08 1.0000e+08 1.0000e+08 1.0000e+08 1.0000e+08 2.4315e+00 1.0000e+08 1.0000e+08 1.0000e+08 1.0000e+08 1.5285e+02 1.0000e+08 1.0000e+08
 1.0000e+08 1.0000e+08 8.5140e+00 1.0000e+08 1.0000e+08 1.6294e+00 1.0000e+08 1.0000e+08 1.0000e+08 1.0000e+08 1.0000e+08 1.0000e+08 1.0000e+08
 1.0000e+08 1.0000e+08 1.0000e+08 1.0000e+08 1.0000e+08 1.0000e+08 1.0000e+08 1.0000e+08 8.0383e+05]

matrice di sistema Q_225 (A + lambda * W_225):
[[       1.0986       -0.0922       -0.0173       -0.0403       -0.0275 ...        0.0648       -0.02          0.0741        0.0644       -0.0096]
 [      -0.0922 10000001.           -0.0832       -0.0403       -0.0328 ...       -0.0131        0.1748       -0.0006       -0.0396       -0.1098]
 [      -0.0173       -0.0832 10000001.           -0.0997       -0.02   ...       -0.0945        0.0139       -0.0721        0.0284        0.0155]
 [      -0.0403       -0.0403       -0.0997 10000001.           -0.1078 ...        0.1176       -0.0406        0.0293        0.0054       -0.037 ]
 [      -0.0275       -0.0328       -0.02         -0.1078 10000001.     ...       -0.0815        0.0502        0.084        -0.0457       -0.0797]
 ...
 [       0.0648       -0.0131       -0.0945        0.1176       -0.0815 ... 10000001.           -0.0458        0.0256       -0.0061       -0.0081]
 [      -0.02          0.1748        0.0139       -0.0406        0.0502 ...       -0.0458 10000001.           -0.0824       -0.0423        0.0548]
 [       0.0741       -0.0006       -0.0721        0.0293        0.084  ...        0.0256       -0.0824 10000001.           -0.0403        0.0028]
 [       0.0644       -0.0396        0.0284        0.0054       -0.0457 ...       -0.0061       -0.0423       -0.0403 10000001.            0.0801]
 [      -0.0096       -0.1098        0.0155       -0.037        -0.0797 ...       -0.0081        0.0548        0.0028        0.0801    80384.1931]]

------------------------------------------------------------

--- ITERAZIONE k = 226 ---
vettore w_226:
[-1.0147  0.      0.      0.     -0.     -0.     -0.     -0.     -0.     -0.      1.4199  0.     -0.      0.     -0.      0.      0.      0.
 -0.      0.      0.      0.     -0.8503 -0.0004  0.      0.      0.     -0.      0.     -0.     -0.     -0.      0.      0.     -0.     -0.
  0.0002  0.      0.      0.3817 -0.     -0.      0.      0.      0.2268  1.2438 -0.     -0.      0.     -0.      0.      0.      0.     -0.8681
  0.      0.      0.      0.      0.     -0.     -0.      0.     -0.      0.      0.      0.      0.      0.      0.      0.      0.4113 -0.
 -0.     -0.     -0.     -0.0066  0.     -0.     -0.      0.     -0.1175 -0.     -0.      0.6137 -0.      0.     -0.     -0.      0.      0.
  0.      0.     -0.     -0.     -0.     -0.     -0.     -0.      0.      0.    ]

diagonale matrice pesi W_226 (1 / max(|w|, eps)):
[9.8551e-01 1.0000e+08 1.0000e+08 1.0000e+08 1.0000e+08 1.0000e+08 1.0000e+08 1.0000e+08 1.0000e+08 1.0000e+08 7.0426e-01 1.0000e+08 1.0000e+08
 1.0000e+08 1.0000e+08 1.0000e+08 1.0000e+08 1.0000e+08 1.0000e+08 1.0000e+08 1.0000e+08 1.0000e+08 1.1761e+00 2.3814e+03 1.0000e+08 1.0000e+08
 1.0000e+08 1.0000e+08 1.0000e+08 1.0000e+08 1.0000e+08 1.0000e+08 1.0000e+08 1.0000e+08 1.0000e+08 1.0000e+08 5.4051e+03 1.0000e+08 1.0000e+08
 2.6198e+00 1.0000e+08 1.0000e+08 1.0000e+08 1.0000e+08 4.4092e+00 8.0399e-01 1.0000e+08 1.0000e+08 1.0000e+08 1.0000e+08 1.0000e+08 1.0000e+08
 1.0000e+08 1.1520e+00 1.0000e+08 1.0000e+08 1.0000e+08 1.0000e+08 1.0000e+08 1.0000e+08 1.0000e+08 1.0000e+08 1.0000e+08 1.0000e+08 1.0000e+08
 1.0000e+08 1.0000e+08 1.0000e+08 1.0000e+08 1.0000e+08 2.4315e+00 1.0000e+08 1.0000e+08 1.0000e+08 1.0000e+08 1.5226e+02 1.0000e+08 1.0000e+08
 1.0000e+08 1.0000e+08 8.5141e+00 1.0000e+08 1.0000e+08 1.6294e+00 1.0000e+08 1.0000e+08 1.0000e+08 1.0000e+08 1.0000e+08 1.0000e+08 1.0000e+08
 1.0000e+08 1.0000e+08 1.0000e+08 1.0000e+08 1.0000e+08 1.0000e+08 1.0000e+08 1.0000e+08 8.1777e+05]

matrice di sistema Q_226 (A + lambda * W_226):
[[       1.0986       -0.0922       -0.0173       -0.0403       -0.0275 ...        0.0648       -0.02          0.0741        0.0644       -0.0096]
 [      -0.0922 10000001.           -0.0832       -0.0403       -0.0328 ...       -0.0131        0.1748       -0.0006       -0.0396       -0.1098]
 [      -0.0173       -0.0832 10000001.           -0.0997       -0.02   ...       -0.0945        0.0139       -0.0721        0.0284        0.0155]
 [      -0.0403       -0.0403       -0.0997 10000001.           -0.1078 ...        0.1176       -0.0406        0.0293        0.0054       -0.037 ]
 [      -0.0275       -0.0328       -0.02         -0.1078 10000001.     ...       -0.0815        0.0502        0.084        -0.0457       -0.0797]
 ...
 [       0.0648       -0.0131       -0.0945        0.1176       -0.0815 ... 10000001.           -0.0458        0.0256       -0.0061       -0.0081]
 [      -0.02          0.1748        0.0139       -0.0406        0.0502 ...       -0.0458 10000001.           -0.0824       -0.0423        0.0548]
 [       0.0741       -0.0006       -0.0721        0.0293        0.084  ...        0.0256       -0.0824 10000001.           -0.0403        0.0028]
 [       0.0644       -0.0396        0.0284        0.0054       -0.0457 ...       -0.0061       -0.0423       -0.0403 10000001.            0.0801]
 [      -0.0096       -0.1098        0.0155       -0.037        -0.0797 ...       -0.0081        0.0548        0.0028        0.0801    81778.0173]]

------------------------------------------------------------

--- ITERAZIONE k = 227 ---
vettore w_227:
[-1.0147  0.      0.      0.     -0.     -0.     -0.     -0.     -0.     -0.      1.4199  0.     -0.      0.     -0.      0.      0.      0.
 -0.      0.      0.      0.     -0.8503 -0.0004  0.      0.      0.     -0.      0.     -0.     -0.     -0.      0.      0.     -0.     -0.
  0.0002  0.      0.      0.3817 -0.     -0.      0.      0.      0.2268  1.2438 -0.     -0.      0.     -0.      0.      0.      0.     -0.8681
  0.      0.      0.      0.      0.     -0.     -0.      0.     -0.      0.      0.      0.      0.      0.      0.      0.      0.4113 -0.
 -0.     -0.     -0.     -0.0066  0.     -0.     -0.      0.     -0.1175 -0.     -0.      0.6137 -0.      0.     -0.     -0.      0.      0.
  0.      0.     -0.     -0.     -0.     -0.     -0.     -0.      0.      0.    ]

diagonale matrice pesi W_227 (1 / max(|w|, eps)):
[9.8551e-01 1.0000e+08 1.0000e+08 1.0000e+08 1.0000e+08 1.0000e+08 1.0000e+08 1.0000e+08 1.0000e+08 1.0000e+08 7.0426e-01 1.0000e+08 1.0000e+08
 1.0000e+08 1.0000e+08 1.0000e+08 1.0000e+08 1.0000e+08 1.0000e+08 1.0000e+08 1.0000e+08 1.0000e+08 1.1761e+00 2.2954e+03 1.0000e+08 1.0000e+08
 1.0000e+08 1.0000e+08 1.0000e+08 1.0000e+08 1.0000e+08 1.0000e+08 1.0000e+08 1.0000e+08 1.0000e+08 1.0000e+08 5.4261e+03 1.0000e+08 1.0000e+08
 2.6198e+00 1.0000e+08 1.0000e+08 1.0000e+08 1.0000e+08 4.4092e+00 8.0399e-01 1.0000e+08 1.0000e+08 1.0000e+08 1.0000e+08 1.0000e+08 1.0000e+08
 1.0000e+08 1.1520e+00 1.0000e+08 1.0000e+08 1.0000e+08 1.0000e+08 1.0000e+08 1.0000e+08 1.0000e+08 1.0000e+08 1.0000e+08 1.0000e+08 1.0000e+08
 1.0000e+08 1.0000e+08 1.0000e+08 1.0000e+08 1.0000e+08 2.4315e+00 1.0000e+08 1.0000e+08 1.0000e+08 1.0000e+08 1.5171e+02 1.0000e+08 1.0000e+08
 1.0000e+08 1.0000e+08 8.5141e+00 1.0000e+08 1.0000e+08 1.6294e+00 1.0000e+08 1.0000e+08 1.0000e+08 1.0000e+08 1.0000e+08 1.0000e+08 1.0000e+08
 1.0000e+08 1.0000e+08 1.0000e+08 1.0000e+08 1.0000e+08 1.0000e+08 1.0000e+08 1.0000e+08 8.3195e+05]

matrice di sistema Q_227 (A + lambda * W_227):
[[       1.0986       -0.0922       -0.0173       -0.0403       -0.0275 ...        0.0648       -0.02          0.0741        0.0644       -0.0096]
 [      -0.0922 10000001.           -0.0832       -0.0403       -0.0328 ...       -0.0131        0.1748       -0.0006       -0.0396       -0.1098]
 [      -0.0173       -0.0832 10000001.           -0.0997       -0.02   ...       -0.0945        0.0139       -0.0721        0.0284        0.0155]
 [      -0.0403       -0.0403       -0.0997 10000001.           -0.1078 ...        0.1176       -0.0406        0.0293        0.0054       -0.037 ]
 [      -0.0275       -0.0328       -0.02         -0.1078 10000001.     ...       -0.0815        0.0502        0.084        -0.0457       -0.0797]
 ...
 [       0.0648       -0.0131       -0.0945        0.1176       -0.0815 ... 10000001.           -0.0458        0.0256       -0.0061       -0.0081]
 [      -0.02          0.1748        0.0139       -0.0406        0.0502 ...       -0.0458 10000001.           -0.0824       -0.0423        0.0548]
 [       0.0741       -0.0006       -0.0721        0.0293        0.084  ...        0.0256       -0.0824 10000001.           -0.0403        0.0028]
 [       0.0644       -0.0396        0.0284        0.0054       -0.0457 ...       -0.0061       -0.0423       -0.0403 10000001.            0.0801]
 [      -0.0096       -0.1098        0.0155       -0.037        -0.0797 ...       -0.0081        0.0548        0.0028        0.0801    83195.8841]]

------------------------------------------------------------

--- ITERAZIONE k = 228 ---
vettore w_228:
[-1.0147  0.      0.      0.     -0.     -0.     -0.     -0.     -0.     -0.      1.4199  0.     -0.      0.     -0.      0.      0.      0.
 -0.      0.      0.      0.     -0.8503 -0.0005  0.      0.      0.     -0.      0.     -0.     -0.     -0.      0.      0.     -0.     -0.
  0.0002  0.      0.      0.3817 -0.     -0.      0.      0.      0.2268  1.2438 -0.     -0.      0.     -0.      0.      0.      0.     -0.8681
  0.      0.      0.      0.      0.     -0.     -0.      0.     -0.      0.      0.      0.      0.      0.      0.      0.      0.4113 -0.
 -0.     -0.     -0.     -0.0066  0.     -0.     -0.      0.     -0.1175 -0.     -0.      0.6137 -0.      0.     -0.     -0.      0.      0.
  0.      0.     -0.     -0.     -0.     -0.     -0.     -0.      0.      0.    ]

diagonale matrice pesi W_228 (1 / max(|w|, eps)):
[9.8551e-01 1.0000e+08 1.0000e+08 1.0000e+08 1.0000e+08 1.0000e+08 1.0000e+08 1.0000e+08 1.0000e+08 1.0000e+08 7.0426e-01 1.0000e+08 1.0000e+08
 1.0000e+08 1.0000e+08 1.0000e+08 1.0000e+08 1.0000e+08 1.0000e+08 1.0000e+08 1.0000e+08 1.0000e+08 1.1761e+00 2.2128e+03 1.0000e+08 1.0000e+08
 1.0000e+08 1.0000e+08 1.0000e+08 1.0000e+08 1.0000e+08 1.0000e+08 1.0000e+08 1.0000e+08 1.0000e+08 1.0000e+08 5.4471e+03 1.0000e+08 1.0000e+08
 2.6198e+00 1.0000e+08 1.0000e+08 1.0000e+08 1.0000e+08 4.4092e+00 8.0400e-01 1.0000e+08 1.0000e+08 1.0000e+08 1.0000e+08 1.0000e+08 1.0000e+08
 1.0000e+08 1.1520e+00 1.0000e+08 1.0000e+08 1.0000e+08 1.0000e+08 1.0000e+08 1.0000e+08 1.0000e+08 1.0000e+08 1.0000e+08 1.0000e+08 1.0000e+08
 1.0000e+08 1.0000e+08 1.0000e+08 1.0000e+08 1.0000e+08 2.4315e+00 1.0000e+08 1.0000e+08 1.0000e+08 1.0000e+08 1.5119e+02 1.0000e+08 1.0000e+08
 1.0000e+08 1.0000e+08 8.5142e+00 1.0000e+08 1.0000e+08 1.6294e+00 1.0000e+08 1.0000e+08 1.0000e+08 1.0000e+08 1.0000e+08 1.0000e+08 1.0000e+08
 1.0000e+08 1.0000e+08 1.0000e+08 1.0000e+08 1.0000e+08 1.0000e+08 1.0000e+08 1.0000e+08 8.4637e+05]

matrice di sistema Q_228 (A + lambda * W_228):
[[       1.0986       -0.0922       -0.0173       -0.0403       -0.0275 ...        0.0648       -0.02          0.0741        0.0644       -0.0096]
 [      -0.0922 10000001.           -0.0832       -0.0403       -0.0328 ...       -0.0131        0.1748       -0.0006       -0.0396       -0.1098]
 [      -0.0173       -0.0832 10000001.           -0.0997       -0.02   ...       -0.0945        0.0139       -0.0721        0.0284        0.0155]
 [      -0.0403       -0.0403       -0.0997 10000001.           -0.1078 ...        0.1176       -0.0406        0.0293        0.0054       -0.037 ]
 [      -0.0275       -0.0328       -0.02         -0.1078 10000001.     ...       -0.0815        0.0502        0.084        -0.0457       -0.0797]
 ...
 [       0.0648       -0.0131       -0.0945        0.1176       -0.0815 ... 10000001.           -0.0458        0.0256       -0.0061       -0.0081]
 [      -0.02          0.1748        0.0139       -0.0406        0.0502 ...       -0.0458 10000001.           -0.0824       -0.0423        0.0548]
 [       0.0741       -0.0006       -0.0721        0.0293        0.084  ...        0.0256       -0.0824 10000001.           -0.0403        0.0028]
 [       0.0644       -0.0396        0.0284        0.0054       -0.0457 ...       -0.0061       -0.0423       -0.0403 10000001.            0.0801]
 [      -0.0096       -0.1098        0.0155       -0.037        -0.0797 ...       -0.0081        0.0548        0.0028        0.0801    84638.1982]]

------------------------------------------------------------

--- ITERAZIONE k = 229 ---
vettore w_229:
[-1.0147  0.      0.      0.     -0.     -0.     -0.     -0.     -0.     -0.      1.4199  0.     -0.      0.     -0.      0.      0.      0.
 -0.      0.      0.      0.     -0.8503 -0.0005  0.      0.      0.     -0.      0.     -0.     -0.     -0.      0.      0.     -0.     -0.
  0.0002  0.      0.      0.3817 -0.     -0.      0.      0.      0.2268  1.2438 -0.     -0.      0.     -0.      0.      0.      0.     -0.8681
  0.      0.      0.      0.      0.     -0.     -0.      0.     -0.      0.      0.      0.      0.      0.      0.      0.      0.4113 -0.
 -0.     -0.     -0.     -0.0066  0.     -0.     -0.      0.     -0.1175 -0.     -0.      0.6137 -0.      0.     -0.     -0.      0.      0.
  0.      0.     -0.     -0.     -0.     -0.     -0.     -0.      0.      0.    ]

diagonale matrice pesi W_229 (1 / max(|w|, eps)):
[9.8551e-01 1.0000e+08 1.0000e+08 1.0000e+08 1.0000e+08 1.0000e+08 1.0000e+08 1.0000e+08 1.0000e+08 1.0000e+08 7.0426e-01 1.0000e+08 1.0000e+08
 1.0000e+08 1.0000e+08 1.0000e+08 1.0000e+08 1.0000e+08 1.0000e+08 1.0000e+08 1.0000e+08 1.0000e+08 1.1761e+00 2.1334e+03 1.0000e+08 1.0000e+08
 1.0000e+08 1.0000e+08 1.0000e+08 1.0000e+08 1.0000e+08 1.0000e+08 1.0000e+08 1.0000e+08 1.0000e+08 1.0000e+08 5.4682e+03 1.0000e+08 1.0000e+08
 2.6198e+00 1.0000e+08 1.0000e+08 1.0000e+08 1.0000e+08 4.4092e+00 8.0400e-01 1.0000e+08 1.0000e+08 1.0000e+08 1.0000e+08 1.0000e+08 1.0000e+08
 1.0000e+08 1.1520e+00 1.0000e+08 1.0000e+08 1.0000e+08 1.0000e+08 1.0000e+08 1.0000e+08 1.0000e+08 1.0000e+08 1.0000e+08 1.0000e+08 1.0000e+08
 1.0000e+08 1.0000e+08 1.0000e+08 1.0000e+08 1.0000e+08 2.4315e+00 1.0000e+08 1.0000e+08 1.0000e+08 1.0000e+08 1.5070e+02 1.0000e+08 1.0000e+08
 1.0000e+08 1.0000e+08 8.5142e+00 1.0000e+08 1.0000e+08 1.6294e+00 1.0000e+08 1.0000e+08 1.0000e+08 1.0000e+08 1.0000e+08 1.0000e+08 1.0000e+08
 1.0000e+08 1.0000e+08 1.0000e+08 1.0000e+08 1.0000e+08 1.0000e+08 1.0000e+08 1.0000e+08 8.6104e+05]

matrice di sistema Q_229 (A + lambda * W_229):
[[       1.0986       -0.0922       -0.0173       -0.0403       -0.0275 ...        0.0648       -0.02          0.0741        0.0644       -0.0096]
 [      -0.0922 10000001.           -0.0832       -0.0403       -0.0328 ...       -0.0131        0.1748       -0.0006       -0.0396       -0.1098]
 [      -0.0173       -0.0832 10000001.           -0.0997       -0.02   ...       -0.0945        0.0139       -0.0721        0.0284        0.0155]
 [      -0.0403       -0.0403       -0.0997 10000001.           -0.1078 ...        0.1176       -0.0406        0.0293        0.0054       -0.037 ]
 [      -0.0275       -0.0328       -0.02         -0.1078 10000001.     ...       -0.0815        0.0502        0.084        -0.0457       -0.0797]
 ...
 [       0.0648       -0.0131       -0.0945        0.1176       -0.0815 ... 10000001.           -0.0458        0.0256       -0.0061       -0.0081]
 [      -0.02          0.1748        0.0139       -0.0406        0.0502 ...       -0.0458 10000001.           -0.0824       -0.0423        0.0548]
 [       0.0741       -0.0006       -0.0721        0.0293        0.084  ...        0.0256       -0.0824 10000001.           -0.0403        0.0028]
 [       0.0644       -0.0396        0.0284        0.0054       -0.0457 ...       -0.0061       -0.0423       -0.0403 10000001.            0.0801]
 [      -0.0096       -0.1098        0.0155       -0.037        -0.0797 ...       -0.0081        0.0548        0.0028        0.0801    86105.3705]]

------------------------------------------------------------

--- ITERAZIONE k = 230 ---
vettore w_230:
[-1.0147  0.      0.      0.     -0.     -0.     -0.     -0.     -0.     -0.      1.4199  0.     -0.      0.     -0.      0.      0.      0.
 -0.      0.      0.      0.     -0.8503 -0.0005  0.      0.      0.     -0.      0.     -0.     -0.     -0.      0.      0.     -0.     -0.
  0.0002  0.      0.      0.3817 -0.     -0.      0.      0.      0.2268  1.2438 -0.     -0.      0.     -0.      0.      0.      0.     -0.8681
  0.      0.      0.      0.      0.     -0.     -0.      0.     -0.      0.      0.      0.      0.      0.      0.      0.      0.4113 -0.
 -0.     -0.     -0.     -0.0067  0.     -0.     -0.      0.     -0.1174 -0.     -0.      0.6137 -0.      0.     -0.     -0.      0.      0.
  0.      0.     -0.     -0.     -0.     -0.     -0.     -0.      0.      0.    ]

diagonale matrice pesi W_230 (1 / max(|w|, eps)):
[9.8551e-01 1.0000e+08 1.0000e+08 1.0000e+08 1.0000e+08 1.0000e+08 1.0000e+08 1.0000e+08 1.0000e+08 1.0000e+08 7.0426e-01 1.0000e+08 1.0000e+08
 1.0000e+08 1.0000e+08 1.0000e+08 1.0000e+08 1.0000e+08 1.0000e+08 1.0000e+08 1.0000e+08 1.0000e+08 1.1761e+00 2.0571e+03 1.0000e+08 1.0000e+08
 1.0000e+08 1.0000e+08 1.0000e+08 1.0000e+08 1.0000e+08 1.0000e+08 1.0000e+08 1.0000e+08 1.0000e+08 1.0000e+08 5.4892e+03 1.0000e+08 1.0000e+08
 2.6198e+00 1.0000e+08 1.0000e+08 1.0000e+08 1.0000e+08 4.4092e+00 8.0400e-01 1.0000e+08 1.0000e+08 1.0000e+08 1.0000e+08 1.0000e+08 1.0000e+08
 1.0000e+08 1.1520e+00 1.0000e+08 1.0000e+08 1.0000e+08 1.0000e+08 1.0000e+08 1.0000e+08 1.0000e+08 1.0000e+08 1.0000e+08 1.0000e+08 1.0000e+08
 1.0000e+08 1.0000e+08 1.0000e+08 1.0000e+08 1.0000e+08 2.4316e+00 1.0000e+08 1.0000e+08 1.0000e+08 1.0000e+08 1.5024e+02 1.0000e+08 1.0000e+08
 1.0000e+08 1.0000e+08 8.5143e+00 1.0000e+08 1.0000e+08 1.6294e+00 1.0000e+08 1.0000e+08 1.0000e+08 1.0000e+08 1.0000e+08 1.0000e+08 1.0000e+08
 1.0000e+08 1.0000e+08 1.0000e+08 1.0000e+08 1.0000e+08 1.0000e+08 1.0000e+08 1.0000e+08 8.7597e+05]

matrice di sistema Q_230 (A + lambda * W_230):
[[       1.0986       -0.0922       -0.0173       -0.0403       -0.0275 ...        0.0648       -0.02          0.0741        0.0644       -0.0096]
 [      -0.0922 10000001.           -0.0832       -0.0403       -0.0328 ...       -0.0131        0.1748       -0.0006       -0.0396       -0.1098]
 [      -0.0173       -0.0832 10000001.           -0.0997       -0.02   ...       -0.0945        0.0139       -0.0721        0.0284        0.0155]
 [      -0.0403       -0.0403       -0.0997 10000001.           -0.1078 ...        0.1176       -0.0406        0.0293        0.0054       -0.037 ]
 [      -0.0275       -0.0328       -0.02         -0.1078 10000001.     ...       -0.0815        0.0502        0.084        -0.0457       -0.0797]
 ...
 [       0.0648       -0.0131       -0.0945        0.1176       -0.0815 ... 10000001.           -0.0458        0.0256       -0.0061       -0.0081]
 [      -0.02          0.1748        0.0139       -0.0406        0.0502 ...       -0.0458 10000001.           -0.0824       -0.0423        0.0548]
 [       0.0741       -0.0006       -0.0721        0.0293        0.084  ...        0.0256       -0.0824 10000001.           -0.0403        0.0028]
 [       0.0644       -0.0396        0.0284        0.0054       -0.0457 ...       -0.0061       -0.0423       -0.0403 10000001.            0.0801]
 [      -0.0096       -0.1098        0.0155       -0.037        -0.0797 ...       -0.0081        0.0548        0.0028        0.0801    87597.8188]]

------------------------------------------------------------

--- ITERAZIONE k = 231 ---
vettore w_231:
[-1.0147  0.      0.      0.     -0.     -0.     -0.     -0.     -0.     -0.      1.4199  0.     -0.      0.     -0.      0.      0.      0.
 -0.      0.      0.      0.     -0.8503 -0.0005  0.      0.      0.     -0.      0.     -0.     -0.     -0.      0.      0.     -0.     -0.
  0.0002  0.      0.      0.3817 -0.     -0.      0.      0.      0.2268  1.2438 -0.     -0.      0.     -0.      0.      0.      0.     -0.8681
  0.      0.      0.      0.      0.     -0.     -0.      0.     -0.      0.      0.      0.      0.      0.      0.      0.      0.4113 -0.
 -0.     -0.     -0.     -0.0067  0.     -0.     -0.      0.     -0.1174 -0.     -0.      0.6137 -0.      0.     -0.     -0.      0.      0.
  0.      0.     -0.     -0.     -0.     -0.     -0.     -0.      0.      0.    ]

diagonale matrice pesi W_231 (1 / max(|w|, eps)):
[9.8550e-01 1.0000e+08 1.0000e+08 1.0000e+08 1.0000e+08 1.0000e+08 1.0000e+08 1.0000e+08 1.0000e+08 1.0000e+08 7.0426e-01 1.0000e+08 1.0000e+08
 1.0000e+08 1.0000e+08 1.0000e+08 1.0000e+08 1.0000e+08 1.0000e+08 1.0000e+08 1.0000e+08 1.0000e+08 1.1761e+00 1.9839e+03 1.0000e+08 1.0000e+08
 1.0000e+08 1.0000e+08 1.0000e+08 1.0000e+08 1.0000e+08 1.0000e+08 1.0000e+08 1.0000e+08 1.0000e+08 1.0000e+08 5.5104e+03 1.0000e+08 1.0000e+08
 2.6198e+00 1.0000e+08 1.0000e+08 1.0000e+08 1.0000e+08 4.4092e+00 8.0400e-01 1.0000e+08 1.0000e+08 1.0000e+08 1.0000e+08 1.0000e+08 1.0000e+08
 1.0000e+08 1.1520e+00 1.0000e+08 1.0000e+08 1.0000e+08 1.0000e+08 1.0000e+08 1.0000e+08 1.0000e+08 1.0000e+08 1.0000e+08 1.0000e+08 1.0000e+08
 1.0000e+08 1.0000e+08 1.0000e+08 1.0000e+08 1.0000e+08 2.4316e+00 1.0000e+08 1.0000e+08 1.0000e+08 1.0000e+08 1.4980e+02 1.0000e+08 1.0000e+08
 1.0000e+08 1.0000e+08 8.5144e+00 1.0000e+08 1.0000e+08 1.6294e+00 1.0000e+08 1.0000e+08 1.0000e+08 1.0000e+08 1.0000e+08 1.0000e+08 1.0000e+08
 1.0000e+08 1.0000e+08 1.0000e+08 1.0000e+08 1.0000e+08 1.0000e+08 1.0000e+08 1.0000e+08 8.9115e+05]

matrice di sistema Q_231 (A + lambda * W_231):
[[       1.0986       -0.0922       -0.0173       -0.0403       -0.0275 ...        0.0648       -0.02          0.0741        0.0644       -0.0096]
 [      -0.0922 10000001.           -0.0832       -0.0403       -0.0328 ...       -0.0131        0.1748       -0.0006       -0.0396       -0.1098]
 [      -0.0173       -0.0832 10000001.           -0.0997       -0.02   ...       -0.0945        0.0139       -0.0721        0.0284        0.0155]
 [      -0.0403       -0.0403       -0.0997 10000001.           -0.1078 ...        0.1176       -0.0406        0.0293        0.0054       -0.037 ]
 [      -0.0275       -0.0328       -0.02         -0.1078 10000001.     ...       -0.0815        0.0502        0.084        -0.0457       -0.0797]
 ...
 [       0.0648       -0.0131       -0.0945        0.1176       -0.0815 ... 10000001.           -0.0458        0.0256       -0.0061       -0.0081]
 [      -0.02          0.1748        0.0139       -0.0406        0.0502 ...       -0.0458 10000001.           -0.0824       -0.0423        0.0548]
 [       0.0741       -0.0006       -0.0721        0.0293        0.084  ...        0.0256       -0.0824 10000001.           -0.0403        0.0028]
 [       0.0644       -0.0396        0.0284        0.0054       -0.0457 ...       -0.0061       -0.0423       -0.0403 10000001.            0.0801]
 [      -0.0096       -0.1098        0.0155       -0.037        -0.0797 ...       -0.0081        0.0548        0.0028        0.0801    89115.9673]]

------------------------------------------------------------

--- ITERAZIONE k = 232 ---
vettore w_232:
[-1.0147  0.      0.      0.     -0.     -0.     -0.     -0.     -0.     -0.      1.4199  0.     -0.      0.     -0.      0.      0.      0.
 -0.      0.      0.      0.     -0.8503 -0.0005  0.      0.      0.     -0.      0.     -0.     -0.     -0.      0.      0.     -0.     -0.
  0.0002  0.      0.      0.3817 -0.     -0.      0.      0.      0.2268  1.2438 -0.     -0.      0.     -0.      0.      0.      0.     -0.8681
  0.      0.      0.      0.      0.     -0.     -0.      0.     -0.      0.      0.      0.      0.      0.      0.      0.      0.4113 -0.
 -0.     -0.     -0.     -0.0067  0.     -0.     -0.      0.     -0.1174 -0.     -0.      0.6137 -0.      0.     -0.     -0.      0.      0.
  0.      0.     -0.     -0.     -0.     -0.     -0.     -0.      0.      0.    ]

diagonale matrice pesi W_232 (1 / max(|w|, eps)):
[9.8550e-01 1.0000e+08 1.0000e+08 1.0000e+08 1.0000e+08 1.0000e+08 1.0000e+08 1.0000e+08 1.0000e+08 1.0000e+08 7.0426e-01 1.0000e+08 1.0000e+08
 1.0000e+08 1.0000e+08 1.0000e+08 1.0000e+08 1.0000e+08 1.0000e+08 1.0000e+08 1.0000e+08 1.0000e+08 1.1761e+00 1.9136e+03 1.0000e+08 1.0000e+08
 1.0000e+08 1.0000e+08 1.0000e+08 1.0000e+08 1.0000e+08 1.0000e+08 1.0000e+08 1.0000e+08 1.0000e+08 1.0000e+08 5.5316e+03 1.0000e+08 1.0000e+08
 2.6198e+00 1.0000e+08 1.0000e+08 1.0000e+08 1.0000e+08 4.4093e+00 8.0400e-01 1.0000e+08 1.0000e+08 1.0000e+08 1.0000e+08 1.0000e+08 1.0000e+08
 1.0000e+08 1.1520e+00 1.0000e+08 1.0000e+08 1.0000e+08 1.0000e+08 1.0000e+08 1.0000e+08 1.0000e+08 1.0000e+08 1.0000e+08 1.0000e+08 1.0000e+08
 1.0000e+08 1.0000e+08 1.0000e+08 1.0000e+08 1.0000e+08 2.4316e+00 1.0000e+08 1.0000e+08 1.0000e+08 1.0000e+08 1.4939e+02 1.0000e+08 1.0000e+08
 1.0000e+08 1.0000e+08 8.5144e+00 1.0000e+08 1.0000e+08 1.6294e+00 1.0000e+08 1.0000e+08 1.0000e+08 1.0000e+08 1.0000e+08 1.0000e+08 1.0000e+08
 1.0000e+08 1.0000e+08 1.0000e+08 1.0000e+08 1.0000e+08 1.0000e+08 1.0000e+08 1.0000e+08 9.0659e+05]

matrice di sistema Q_232 (A + lambda * W_232):
[[       1.0986       -0.0922       -0.0173       -0.0403       -0.0275 ...        0.0648       -0.02          0.0741        0.0644       -0.0096]
 [      -0.0922 10000001.           -0.0832       -0.0403       -0.0328 ...       -0.0131        0.1748       -0.0006       -0.0396       -0.1098]
 [      -0.0173       -0.0832 10000001.           -0.0997       -0.02   ...       -0.0945        0.0139       -0.0721        0.0284        0.0155]
 [      -0.0403       -0.0403       -0.0997 10000001.           -0.1078 ...        0.1176       -0.0406        0.0293        0.0054       -0.037 ]
 [      -0.0275       -0.0328       -0.02         -0.1078 10000001.     ...       -0.0815        0.0502        0.084        -0.0457       -0.0797]
 ...
 [       0.0648       -0.0131       -0.0945        0.1176       -0.0815 ... 10000001.           -0.0458        0.0256       -0.0061       -0.0081]
 [      -0.02          0.1748        0.0139       -0.0406        0.0502 ...       -0.0458 10000001.           -0.0824       -0.0423        0.0548]
 [       0.0741       -0.0006       -0.0721        0.0293        0.084  ...        0.0256       -0.0824 10000001.           -0.0403        0.0028]
 [       0.0644       -0.0396        0.0284        0.0054       -0.0457 ...       -0.0061       -0.0423       -0.0403 10000001.            0.0801]
 [      -0.0096       -0.1098        0.0155       -0.037        -0.0797 ...       -0.0081        0.0548        0.0028        0.0801    90660.247 ]]

------------------------------------------------------------

--- ITERAZIONE k = 233 ---
vettore w_233:
[-1.0147  0.      0.      0.     -0.     -0.     -0.     -0.     -0.     -0.      1.4199  0.     -0.      0.     -0.      0.      0.      0.
 -0.      0.      0.      0.     -0.8503 -0.0005  0.      0.      0.     -0.      0.     -0.     -0.     -0.      0.      0.     -0.     -0.
  0.0002  0.      0.      0.3817 -0.     -0.      0.      0.      0.2268  1.2438 -0.     -0.      0.     -0.      0.      0.      0.     -0.8681
  0.      0.      0.      0.      0.     -0.     -0.      0.     -0.      0.      0.      0.      0.      0.      0.      0.      0.4113 -0.
 -0.     -0.     -0.     -0.0067  0.     -0.     -0.      0.     -0.1174 -0.     -0.      0.6137 -0.      0.     -0.     -0.      0.      0.
  0.      0.     -0.     -0.     -0.     -0.     -0.     -0.      0.      0.    ]

diagonale matrice pesi W_233 (1 / max(|w|, eps)):
[9.8550e-01 1.0000e+08 1.0000e+08 1.0000e+08 1.0000e+08 1.0000e+08 1.0000e+08 1.0000e+08 1.0000e+08 1.0000e+08 7.0426e-01 1.0000e+08 1.0000e+08
 1.0000e+08 1.0000e+08 1.0000e+08 1.0000e+08 1.0000e+08 1.0000e+08 1.0000e+08 1.0000e+08 1.0000e+08 1.1761e+00 1.8461e+03 1.0000e+08 1.0000e+08
 1.0000e+08 1.0000e+08 1.0000e+08 1.0000e+08 1.0000e+08 1.0000e+08 1.0000e+08 1.0000e+08 1.0000e+08 1.0000e+08 5.5528e+03 1.0000e+08 1.0000e+08
 2.6198e+00 1.0000e+08 1.0000e+08 1.0000e+08 1.0000e+08 4.4093e+00 8.0400e-01 1.0000e+08 1.0000e+08 1.0000e+08 1.0000e+08 1.0000e+08 1.0000e+08
 1.0000e+08 1.1520e+00 1.0000e+08 1.0000e+08 1.0000e+08 1.0000e+08 1.0000e+08 1.0000e+08 1.0000e+08 1.0000e+08 1.0000e+08 1.0000e+08 1.0000e+08
 1.0000e+08 1.0000e+08 1.0000e+08 1.0000e+08 1.0000e+08 2.4316e+00 1.0000e+08 1.0000e+08 1.0000e+08 1.0000e+08 1.4900e+02 1.0000e+08 1.0000e+08
 1.0000e+08 1.0000e+08 8.5145e+00 1.0000e+08 1.0000e+08 1.6294e+00 1.0000e+08 1.0000e+08 1.0000e+08 1.0000e+08 1.0000e+08 1.0000e+08 1.0000e+08
 1.0000e+08 1.0000e+08 1.0000e+08 1.0000e+08 1.0000e+08 1.0000e+08 1.0000e+08 1.0000e+08 9.2230e+05]

matrice di sistema Q_233 (A + lambda * W_233):
[[       1.0986       -0.0922       -0.0173       -0.0403       -0.0275 ...        0.0648       -0.02          0.0741        0.0644       -0.0096]
 [      -0.0922 10000001.           -0.0832       -0.0403       -0.0328 ...       -0.0131        0.1748       -0.0006       -0.0396       -0.1098]
 [      -0.0173       -0.0832 10000001.           -0.0997       -0.02   ...       -0.0945        0.0139       -0.0721        0.0284        0.0155]
 [      -0.0403       -0.0403       -0.0997 10000001.           -0.1078 ...        0.1176       -0.0406        0.0293        0.0054       -0.037 ]
 [      -0.0275       -0.0328       -0.02         -0.1078 10000001.     ...       -0.0815        0.0502        0.084        -0.0457       -0.0797]
 ...
 [       0.0648       -0.0131       -0.0945        0.1176       -0.0815 ... 10000001.           -0.0458        0.0256       -0.0061       -0.0081]
 [      -0.02          0.1748        0.0139       -0.0406        0.0502 ...       -0.0458 10000001.           -0.0824       -0.0423        0.0548]
 [       0.0741       -0.0006       -0.0721        0.0293        0.084  ...        0.0256       -0.0824 10000001.           -0.0403        0.0028]
 [       0.0644       -0.0396        0.0284        0.0054       -0.0457 ...       -0.0061       -0.0423       -0.0403 10000001.            0.0801]
 [      -0.0096       -0.1098        0.0155       -0.037        -0.0797 ...       -0.0081        0.0548        0.0028        0.0801    92231.0957]]

------------------------------------------------------------

--- ITERAZIONE k = 234 ---
vettore w_234:
[-1.0147  0.      0.      0.     -0.     -0.     -0.     -0.     -0.     -0.      1.4199  0.     -0.      0.     -0.      0.      0.      0.
 -0.      0.      0.      0.     -0.8503 -0.0006  0.      0.      0.     -0.      0.     -0.     -0.     -0.      0.      0.     -0.     -0.
  0.0002  0.      0.      0.3817 -0.     -0.      0.      0.      0.2268  1.2438 -0.     -0.      0.     -0.      0.      0.      0.     -0.8681
  0.      0.      0.      0.      0.     -0.     -0.      0.     -0.      0.      0.      0.      0.      0.      0.      0.      0.4113 -0.
 -0.     -0.     -0.     -0.0067  0.     -0.     -0.      0.     -0.1174 -0.     -0.      0.6137 -0.      0.     -0.     -0.      0.      0.
  0.      0.     -0.     -0.     -0.     -0.     -0.     -0.      0.      0.    ]

diagonale matrice pesi W_234 (1 / max(|w|, eps)):
[9.8550e-01 1.0000e+08 1.0000e+08 1.0000e+08 1.0000e+08 1.0000e+08 1.0000e+08 1.0000e+08 1.0000e+08 1.0000e+08 7.0427e-01 1.0000e+08 1.0000e+08
 1.0000e+08 1.0000e+08 1.0000e+08 1.0000e+08 1.0000e+08 1.0000e+08 1.0000e+08 1.0000e+08 1.0000e+08 1.1761e+00 1.7812e+03 1.0000e+08 1.0000e+08
 1.0000e+08 1.0000e+08 1.0000e+08 1.0000e+08 1.0000e+08 1.0000e+08 1.0000e+08 1.0000e+08 1.0000e+08 1.0000e+08 5.5741e+03 1.0000e+08 1.0000e+08
 2.6198e+00 1.0000e+08 1.0000e+08 1.0000e+08 1.0000e+08 4.4093e+00 8.0400e-01 1.0000e+08 1.0000e+08 1.0000e+08 1.0000e+08 1.0000e+08 1.0000e+08
 1.0000e+08 1.1520e+00 1.0000e+08 1.0000e+08 1.0000e+08 1.0000e+08 1.0000e+08 1.0000e+08 1.0000e+08 1.0000e+08 1.0000e+08 1.0000e+08 1.0000e+08
 1.0000e+08 1.0000e+08 1.0000e+08 1.0000e+08 1.0000e+08 2.4316e+00 1.0000e+08 1.0000e+08 1.0000e+08 1.0000e+08 1.4863e+02 1.0000e+08 1.0000e+08
 1.0000e+08 1.0000e+08 8.5146e+00 1.0000e+08 1.0000e+08 1.6294e+00 1.0000e+08 1.0000e+08 1.0000e+08 1.0000e+08 1.0000e+08 1.0000e+08 1.0000e+08
 1.0000e+08 1.0000e+08 1.0000e+08 1.0000e+08 1.0000e+08 1.0000e+08 1.0000e+08 1.0000e+08 9.3828e+05]

matrice di sistema Q_234 (A + lambda * W_234):
[[       1.0985       -0.0922       -0.0173       -0.0403       -0.0275 ...        0.0648       -0.02          0.0741        0.0644       -0.0096]
 [      -0.0922 10000001.           -0.0832       -0.0403       -0.0328 ...       -0.0131        0.1748       -0.0006       -0.0396       -0.1098]
 [      -0.0173       -0.0832 10000001.           -0.0997       -0.02   ...       -0.0945        0.0139       -0.0721        0.0284        0.0155]
 [      -0.0403       -0.0403       -0.0997 10000001.           -0.1078 ...        0.1176       -0.0406        0.0293        0.0054       -0.037 ]
 [      -0.0275       -0.0328       -0.02         -0.1078 10000001.     ...       -0.0815        0.0502        0.084        -0.0457       -0.0797]
 ...
 [       0.0648       -0.0131       -0.0945        0.1176       -0.0815 ... 10000001.           -0.0458        0.0256       -0.0061       -0.0081]
 [      -0.02          0.1748        0.0139       -0.0406        0.0502 ...       -0.0458 10000001.           -0.0824       -0.0423        0.0548]
 [       0.0741       -0.0006       -0.0721        0.0293        0.084  ...        0.0256       -0.0824 10000001.           -0.0403        0.0028]
 [       0.0644       -0.0396        0.0284        0.0054       -0.0457 ...       -0.0061       -0.0423       -0.0403 10000001.            0.0801]
 [      -0.0096       -0.1098        0.0155       -0.037        -0.0797 ...       -0.0081        0.0548        0.0028        0.0801    93828.9584]]

------------------------------------------------------------

--- ITERAZIONE k = 235 ---
vettore w_235:
[-1.0147  0.      0.      0.     -0.     -0.     -0.     -0.     -0.     -0.      1.4199  0.     -0.      0.     -0.      0.      0.      0.
 -0.      0.      0.      0.     -0.8503 -0.0006  0.      0.      0.     -0.      0.     -0.     -0.     -0.      0.      0.     -0.     -0.
  0.0002  0.      0.      0.3817 -0.     -0.      0.      0.      0.2268  1.2438 -0.     -0.      0.     -0.      0.      0.      0.     -0.868
  0.      0.      0.      0.      0.     -0.     -0.      0.     -0.      0.      0.      0.      0.      0.      0.      0.      0.4113 -0.
 -0.     -0.     -0.     -0.0067  0.     -0.     -0.      0.     -0.1174 -0.     -0.      0.6137 -0.      0.     -0.     -0.      0.      0.
  0.      0.     -0.     -0.     -0.     -0.     -0.     -0.      0.      0.    ]

diagonale matrice pesi W_235 (1 / max(|w|, eps)):
[9.8550e-01 1.0000e+08 1.0000e+08 1.0000e+08 1.0000e+08 1.0000e+08 1.0000e+08 1.0000e+08 1.0000e+08 1.0000e+08 7.0427e-01 1.0000e+08 1.0000e+08
 1.0000e+08 1.0000e+08 1.0000e+08 1.0000e+08 1.0000e+08 1.0000e+08 1.0000e+08 1.0000e+08 1.0000e+08 1.1761e+00 1.7189e+03 1.0000e+08 1.0000e+08
 1.0000e+08 1.0000e+08 1.0000e+08 1.0000e+08 1.0000e+08 1.0000e+08 1.0000e+08 1.0000e+08 1.0000e+08 1.0000e+08 5.5955e+03 1.0000e+08 1.0000e+08
 2.6198e+00 1.0000e+08 1.0000e+08 1.0000e+08 1.0000e+08 4.4093e+00 8.0400e-01 1.0000e+08 1.0000e+08 1.0000e+08 1.0000e+08 1.0000e+08 1.0000e+08
 1.0000e+08 1.1520e+00 1.0000e+08 1.0000e+08 1.0000e+08 1.0000e+08 1.0000e+08 1.0000e+08 1.0000e+08 1.0000e+08 1.0000e+08 1.0000e+08 1.0000e+08
 1.0000e+08 1.0000e+08 1.0000e+08 1.0000e+08 1.0000e+08 2.4316e+00 1.0000e+08 1.0000e+08 1.0000e+08 1.0000e+08 1.4829e+02 1.0000e+08 1.0000e+08
 1.0000e+08 1.0000e+08 8.5146e+00 1.0000e+08 1.0000e+08 1.6294e+00 1.0000e+08 1.0000e+08 1.0000e+08 1.0000e+08 1.0000e+08 1.0000e+08 1.0000e+08
 1.0000e+08 1.0000e+08 1.0000e+08 1.0000e+08 1.0000e+08 1.0000e+08 1.0000e+08 1.0000e+08 9.5453e+05]

matrice di sistema Q_235 (A + lambda * W_235):
[[       1.0985       -0.0922       -0.0173       -0.0403       -0.0275 ...        0.0648       -0.02          0.0741        0.0644       -0.0096]
 [      -0.0922 10000001.           -0.0832       -0.0403       -0.0328 ...       -0.0131        0.1748       -0.0006       -0.0396       -0.1098]
 [      -0.0173       -0.0832 10000001.           -0.0997       -0.02   ...       -0.0945        0.0139       -0.0721        0.0284        0.0155]
 [      -0.0403       -0.0403       -0.0997 10000001.           -0.1078 ...        0.1176       -0.0406        0.0293        0.0054       -0.037 ]
 [      -0.0275       -0.0328       -0.02         -0.1078 10000001.     ...       -0.0815        0.0502        0.084        -0.0457       -0.0797]
 ...
 [       0.0648       -0.0131       -0.0945        0.1176       -0.0815 ... 10000001.           -0.0458        0.0256       -0.0061       -0.0081]
 [      -0.02          0.1748        0.0139       -0.0406        0.0502 ...       -0.0458 10000001.           -0.0824       -0.0423        0.0548]
 [       0.0741       -0.0006       -0.0721        0.0293        0.084  ...        0.0256       -0.0824 10000001.           -0.0403        0.0028]
 [       0.0644       -0.0396        0.0284        0.0054       -0.0457 ...       -0.0061       -0.0423       -0.0403 10000001.            0.0801]
 [      -0.0096       -0.1098        0.0155       -0.037        -0.0797 ...       -0.0081        0.0548        0.0028        0.0801    95454.2866]]

------------------------------------------------------------

--- ITERAZIONE k = 236 ---
vettore w_236:
[-1.0147  0.      0.      0.     -0.     -0.     -0.     -0.     -0.     -0.      1.4199  0.     -0.      0.     -0.      0.      0.      0.
 -0.      0.      0.      0.     -0.8503 -0.0006  0.      0.      0.     -0.      0.     -0.     -0.     -0.      0.      0.     -0.     -0.
  0.0002  0.      0.      0.3817 -0.     -0.      0.      0.      0.2268  1.2438 -0.     -0.      0.     -0.      0.      0.      0.     -0.868
  0.      0.      0.      0.      0.     -0.     -0.      0.     -0.      0.      0.      0.      0.      0.      0.      0.      0.4113 -0.
 -0.     -0.     -0.     -0.0068  0.     -0.     -0.      0.     -0.1174 -0.     -0.      0.6137 -0.      0.     -0.     -0.      0.      0.
  0.      0.     -0.     -0.     -0.     -0.     -0.     -0.      0.      0.    ]

diagonale matrice pesi W_236 (1 / max(|w|, eps)):
[9.8550e-01 1.0000e+08 1.0000e+08 1.0000e+08 1.0000e+08 1.0000e+08 1.0000e+08 1.0000e+08 1.0000e+08 1.0000e+08 7.0427e-01 1.0000e+08 1.0000e+08
 1.0000e+08 1.0000e+08 1.0000e+08 1.0000e+08 1.0000e+08 1.0000e+08 1.0000e+08 1.0000e+08 1.0000e+08 1.1761e+00 1.6591e+03 1.0000e+08 1.0000e+08
 1.0000e+08 1.0000e+08 1.0000e+08 1.0000e+08 1.0000e+08 1.0000e+08 1.0000e+08 1.0000e+08 1.0000e+08 1.0000e+08 5.6170e+03 1.0000e+08 1.0000e+08
 2.6197e+00 1.0000e+08 1.0000e+08 1.0000e+08 1.0000e+08 4.4093e+00 8.0400e-01 1.0000e+08 1.0000e+08 1.0000e+08 1.0000e+08 1.0000e+08 1.0000e+08
 1.0000e+08 1.1520e+00 1.0000e+08 1.0000e+08 1.0000e+08 1.0000e+08 1.0000e+08 1.0000e+08 1.0000e+08 1.0000e+08 1.0000e+08 1.0000e+08 1.0000e+08
 1.0000e+08 1.0000e+08 1.0000e+08 1.0000e+08 1.0000e+08 2.4316e+00 1.0000e+08 1.0000e+08 1.0000e+08 1.0000e+08 1.4796e+02 1.0000e+08 1.0000e+08
 1.0000e+08 1.0000e+08 8.5147e+00 1.0000e+08 1.0000e+08 1.6294e+00 1.0000e+08 1.0000e+08 1.0000e+08 1.0000e+08 1.0000e+08 1.0000e+08 1.0000e+08
 1.0000e+08 1.0000e+08 1.0000e+08 1.0000e+08 1.0000e+08 1.0000e+08 1.0000e+08 1.0000e+08 9.7107e+05]

matrice di sistema Q_236 (A + lambda * W_236):
[[       1.0985       -0.0922       -0.0173       -0.0403       -0.0275 ...        0.0648       -0.02          0.0741        0.0644       -0.0096]
 [      -0.0922 10000001.           -0.0832       -0.0403       -0.0328 ...       -0.0131        0.1748       -0.0006       -0.0396       -0.1098]
 [      -0.0173       -0.0832 10000001.           -0.0997       -0.02   ...       -0.0945        0.0139       -0.0721        0.0284        0.0155]
 [      -0.0403       -0.0403       -0.0997 10000001.           -0.1078 ...        0.1176       -0.0406        0.0293        0.0054       -0.037 ]
 [      -0.0275       -0.0328       -0.02         -0.1078 10000001.     ...       -0.0815        0.0502        0.084        -0.0457       -0.0797]
 ...
 [       0.0648       -0.0131       -0.0945        0.1176       -0.0815 ... 10000001.           -0.0458        0.0256       -0.0061       -0.0081]
 [      -0.02          0.1748        0.0139       -0.0406        0.0502 ...       -0.0458 10000001.           -0.0824       -0.0423        0.0548]
 [       0.0741       -0.0006       -0.0721        0.0293        0.084  ...        0.0256       -0.0824 10000001.           -0.0403        0.0028]
 [       0.0644       -0.0396        0.0284        0.0054       -0.0457 ...       -0.0061       -0.0423       -0.0403 10000001.            0.0801]
 [      -0.0096       -0.1098        0.0155       -0.037        -0.0797 ...       -0.0081        0.0548        0.0028        0.0801    97107.5395]]

------------------------------------------------------------

--- ITERAZIONE k = 237 ---
vettore w_237:
[-1.0147  0.      0.      0.     -0.     -0.     -0.     -0.     -0.     -0.      1.4199  0.     -0.      0.     -0.      0.      0.      0.
 -0.      0.      0.      0.     -0.8503 -0.0006  0.      0.      0.     -0.      0.     -0.     -0.     -0.      0.      0.     -0.     -0.
  0.0002  0.      0.      0.3817 -0.     -0.      0.      0.      0.2268  1.2438 -0.     -0.      0.     -0.      0.      0.      0.     -0.868
  0.      0.      0.      0.      0.     -0.     -0.      0.     -0.      0.      0.      0.      0.      0.      0.      0.      0.4112 -0.
 -0.     -0.     -0.     -0.0068  0.     -0.     -0.      0.     -0.1174 -0.     -0.      0.6137 -0.      0.     -0.     -0.      0.      0.
  0.      0.     -0.     -0.     -0.     -0.     -0.     -0.      0.      0.    ]

diagonale matrice pesi W_237 (1 / max(|w|, eps)):
[9.8549e-01 1.0000e+08 1.0000e+08 1.0000e+08 1.0000e+08 1.0000e+08 1.0000e+08 1.0000e+08 1.0000e+08 1.0000e+08 7.0427e-01 1.0000e+08 1.0000e+08
 1.0000e+08 1.0000e+08 1.0000e+08 1.0000e+08 1.0000e+08 1.0000e+08 1.0000e+08 1.0000e+08 1.0000e+08 1.1761e+00 1.6017e+03 1.0000e+08 1.0000e+08
 1.0000e+08 1.0000e+08 1.0000e+08 1.0000e+08 1.0000e+08 1.0000e+08 1.0000e+08 1.0000e+08 1.0000e+08 1.0000e+08 5.6386e+03 1.0000e+08 1.0000e+08
 2.6197e+00 1.0000e+08 1.0000e+08 1.0000e+08 1.0000e+08 4.4093e+00 8.0400e-01 1.0000e+08 1.0000e+08 1.0000e+08 1.0000e+08 1.0000e+08 1.0000e+08
 1.0000e+08 1.1520e+00 1.0000e+08 1.0000e+08 1.0000e+08 1.0000e+08 1.0000e+08 1.0000e+08 1.0000e+08 1.0000e+08 1.0000e+08 1.0000e+08 1.0000e+08
 1.0000e+08 1.0000e+08 1.0000e+08 1.0000e+08 1.0000e+08 2.4316e+00 1.0000e+08 1.0000e+08 1.0000e+08 1.0000e+08 1.4764e+02 1.0000e+08 1.0000e+08
 1.0000e+08 1.0000e+08 8.5148e+00 1.0000e+08 1.0000e+08 1.6294e+00 1.0000e+08 1.0000e+08 1.0000e+08 1.0000e+08 1.0000e+08 1.0000e+08 1.0000e+08
 1.0000e+08 1.0000e+08 1.0000e+08 1.0000e+08 1.0000e+08 1.0000e+08 1.0000e+08 1.0000e+08 9.8788e+05]

matrice di sistema Q_237 (A + lambda * W_237):
[[       1.0985       -0.0922       -0.0173       -0.0403       -0.0275 ...        0.0648       -0.02          0.0741        0.0644       -0.0096]
 [      -0.0922 10000001.           -0.0832       -0.0403       -0.0328 ...       -0.0131        0.1748       -0.0006       -0.0396       -0.1098]
 [      -0.0173       -0.0832 10000001.           -0.0997       -0.02   ...       -0.0945        0.0139       -0.0721        0.0284        0.0155]
 [      -0.0403       -0.0403       -0.0997 10000001.           -0.1078 ...        0.1176       -0.0406        0.0293        0.0054       -0.037 ]
 [      -0.0275       -0.0328       -0.02         -0.1078 10000001.     ...       -0.0815        0.0502        0.084        -0.0457       -0.0797]
 ...
 [       0.0648       -0.0131       -0.0945        0.1176       -0.0815 ... 10000001.           -0.0458        0.0256       -0.0061       -0.0081]
 [      -0.02          0.1748        0.0139       -0.0406        0.0502 ...       -0.0458 10000001.           -0.0824       -0.0423        0.0548]
 [       0.0741       -0.0006       -0.0721        0.0293        0.084  ...        0.0256       -0.0824 10000001.           -0.0403        0.0028]
 [       0.0644       -0.0396        0.0284        0.0054       -0.0457 ...       -0.0061       -0.0423       -0.0403 10000001.            0.0801]
 [      -0.0096       -0.1098        0.0155       -0.037        -0.0797 ...       -0.0081        0.0548        0.0028        0.0801    98789.1832]]

------------------------------------------------------------

--- ITERAZIONE k = 238 ---
vettore w_238:
[-1.0147  0.      0.      0.     -0.     -0.     -0.     -0.     -0.     -0.      1.4199  0.     -0.      0.     -0.      0.      0.      0.
 -0.      0.      0.      0.     -0.8503 -0.0006  0.      0.      0.     -0.      0.     -0.     -0.     -0.      0.      0.     -0.     -0.
  0.0002  0.      0.      0.3817 -0.     -0.      0.      0.      0.2268  1.2438 -0.     -0.      0.     -0.      0.      0.      0.     -0.868
  0.      0.      0.      0.      0.     -0.     -0.      0.     -0.      0.      0.      0.      0.      0.      0.      0.      0.4112 -0.
 -0.     -0.     -0.     -0.0068  0.     -0.     -0.      0.     -0.1174 -0.     -0.      0.6137 -0.      0.     -0.     -0.      0.      0.
  0.      0.     -0.     -0.     -0.     -0.     -0.     -0.      0.      0.    ]

diagonale matrice pesi W_238 (1 / max(|w|, eps)):
[9.8549e-01 1.0000e+08 1.0000e+08 1.0000e+08 1.0000e+08 1.0000e+08 1.0000e+08 1.0000e+08 1.0000e+08 1.0000e+08 7.0427e-01 1.0000e+08 1.0000e+08
 1.0000e+08 1.0000e+08 1.0000e+08 1.0000e+08 1.0000e+08 1.0000e+08 1.0000e+08 1.0000e+08 1.0000e+08 1.1761e+00 1.5465e+03 1.0000e+08 1.0000e+08
 1.0000e+08 1.0000e+08 1.0000e+08 1.0000e+08 1.0000e+08 1.0000e+08 1.0000e+08 1.0000e+08 1.0000e+08 1.0000e+08 5.6602e+03 1.0000e+08 1.0000e+08
 2.6197e+00 1.0000e+08 1.0000e+08 1.0000e+08 1.0000e+08 4.4093e+00 8.0400e-01 1.0000e+08 1.0000e+08 1.0000e+08 1.0000e+08 1.0000e+08 1.0000e+08
 1.0000e+08 1.1520e+00 1.0000e+08 1.0000e+08 1.0000e+08 1.0000e+08 1.0000e+08 1.0000e+08 1.0000e+08 1.0000e+08 1.0000e+08 1.0000e+08 1.0000e+08
 1.0000e+08 1.0000e+08 1.0000e+08 1.0000e+08 1.0000e+08 2.4316e+00 1.0000e+08 1.0000e+08 1.0000e+08 1.0000e+08 1.4735e+02 1.0000e+08 1.0000e+08
 1.0000e+08 1.0000e+08 8.5149e+00 1.0000e+08 1.0000e+08 1.6294e+00 1.0000e+08 1.0000e+08 1.0000e+08 1.0000e+08 1.0000e+08 1.0000e+08 1.0000e+08
 1.0000e+08 1.0000e+08 1.0000e+08 1.0000e+08 1.0000e+08 1.0000e+08 1.0000e+08 1.0000e+08 1.0050e+06]

matrice di sistema Q_238 (A + lambda * W_238):
[[       1.0985       -0.0922       -0.0173       -0.0403       -0.0275 ...        0.0648       -0.02          0.0741        0.0644       -0.0096]
 [      -0.0922 10000001.           -0.0832       -0.0403       -0.0328 ...       -0.0131        0.1748       -0.0006       -0.0396       -0.1098]
 [      -0.0173       -0.0832 10000001.           -0.0997       -0.02   ...       -0.0945        0.0139       -0.0721        0.0284        0.0155]
 [      -0.0403       -0.0403       -0.0997 10000001.           -0.1078 ...        0.1176       -0.0406        0.0293        0.0054       -0.037 ]
 [      -0.0275       -0.0328       -0.02         -0.1078 10000001.     ...       -0.0815        0.0502        0.084        -0.0457       -0.0797]
 ...
 [       0.0648       -0.0131       -0.0945        0.1176       -0.0815 ... 10000001.           -0.0458        0.0256       -0.0061       -0.0081]
 [      -0.02          0.1748        0.0139       -0.0406        0.0502 ...       -0.0458 10000001.           -0.0824       -0.0423        0.0548]
 [       0.0741       -0.0006       -0.0721        0.0293        0.084  ...        0.0256       -0.0824 10000001.           -0.0403        0.0028]
 [       0.0644       -0.0396        0.0284        0.0054       -0.0457 ...       -0.0061       -0.0423       -0.0403 10000001.            0.0801]
 [      -0.0096       -0.1098        0.0155       -0.037        -0.0797 ...       -0.0081        0.0548        0.0028        0.0801   100499.691 ]]

------------------------------------------------------------

--- ITERAZIONE k = 239 ---
vettore w_239:
[-1.0147  0.      0.      0.     -0.     -0.     -0.     -0.     -0.     -0.      1.4199  0.     -0.      0.     -0.      0.      0.      0.
 -0.      0.      0.      0.     -0.8503 -0.0007  0.      0.      0.     -0.      0.     -0.     -0.     -0.      0.      0.     -0.     -0.
  0.0002  0.      0.      0.3817 -0.     -0.      0.      0.      0.2268  1.2438 -0.     -0.      0.     -0.      0.      0.      0.     -0.868
  0.      0.      0.      0.      0.     -0.     -0.      0.     -0.      0.      0.      0.      0.      0.      0.      0.      0.4112 -0.
 -0.     -0.     -0.     -0.0068  0.     -0.     -0.      0.     -0.1174 -0.     -0.      0.6137 -0.      0.     -0.     -0.      0.      0.
  0.      0.     -0.     -0.     -0.     -0.     -0.     -0.      0.      0.    ]

diagonale matrice pesi W_239 (1 / max(|w|, eps)):
[9.8549e-01 1.0000e+08 1.0000e+08 1.0000e+08 1.0000e+08 1.0000e+08 1.0000e+08 1.0000e+08 1.0000e+08 1.0000e+08 7.0427e-01 1.0000e+08 1.0000e+08
 1.0000e+08 1.0000e+08 1.0000e+08 1.0000e+08 1.0000e+08 1.0000e+08 1.0000e+08 1.0000e+08 1.0000e+08 1.1761e+00 1.4936e+03 1.0000e+08 1.0000e+08
 1.0000e+08 1.0000e+08 1.0000e+08 1.0000e+08 1.0000e+08 1.0000e+08 1.0000e+08 1.0000e+08 1.0000e+08 1.0000e+08 5.6820e+03 1.0000e+08 1.0000e+08
 2.6197e+00 1.0000e+08 1.0000e+08 1.0000e+08 1.0000e+08 4.4093e+00 8.0400e-01 1.0000e+08 1.0000e+08 1.0000e+08 1.0000e+08 1.0000e+08 1.0000e+08
 1.0000e+08 1.1520e+00 1.0000e+08 1.0000e+08 1.0000e+08 1.0000e+08 1.0000e+08 1.0000e+08 1.0000e+08 1.0000e+08 1.0000e+08 1.0000e+08 1.0000e+08
 1.0000e+08 1.0000e+08 1.0000e+08 1.0000e+08 1.0000e+08 2.4316e+00 1.0000e+08 1.0000e+08 1.0000e+08 1.0000e+08 1.4707e+02 1.0000e+08 1.0000e+08
 1.0000e+08 1.0000e+08 8.5149e+00 1.0000e+08 1.0000e+08 1.6294e+00 1.0000e+08 1.0000e+08 1.0000e+08 1.0000e+08 1.0000e+08 1.0000e+08 1.0000e+08
 1.0000e+08 1.0000e+08 1.0000e+08 1.0000e+08 1.0000e+08 1.0000e+08 1.0000e+08 1.0000e+08 1.0224e+06]

matrice di sistema Q_239 (A + lambda * W_239):
[[       1.0985       -0.0922       -0.0173       -0.0403       -0.0275 ...        0.0648       -0.02          0.0741        0.0644       -0.0096]
 [      -0.0922 10000001.           -0.0832       -0.0403       -0.0328 ...       -0.0131        0.1748       -0.0006       -0.0396       -0.1098]
 [      -0.0173       -0.0832 10000001.           -0.0997       -0.02   ...       -0.0945        0.0139       -0.0721        0.0284        0.0155]
 [      -0.0403       -0.0403       -0.0997 10000001.           -0.1078 ...        0.1176       -0.0406        0.0293        0.0054       -0.037 ]
 [      -0.0275       -0.0328       -0.02         -0.1078 10000001.     ...       -0.0815        0.0502        0.084        -0.0457       -0.0797]
 ...
 [       0.0648       -0.0131       -0.0945        0.1176       -0.0815 ... 10000001.           -0.0458        0.0256       -0.0061       -0.0081]
 [      -0.02          0.1748        0.0139       -0.0406        0.0502 ...       -0.0458 10000001.           -0.0824       -0.0423        0.0548]
 [       0.0741       -0.0006       -0.0721        0.0293        0.084  ...        0.0256       -0.0824 10000001.           -0.0403        0.0028]
 [       0.0644       -0.0396        0.0284        0.0054       -0.0457 ...       -0.0061       -0.0423       -0.0403 10000001.            0.0801]
 [      -0.0096       -0.1098        0.0155       -0.037        -0.0797 ...       -0.0081        0.0548        0.0028        0.0801   102239.544 ]]

------------------------------------------------------------

--- ITERAZIONE k = 240 ---
vettore w_240:
[-1.0147  0.      0.      0.     -0.     -0.     -0.     -0.     -0.     -0.      1.4199  0.     -0.      0.     -0.      0.      0.      0.
 -0.      0.      0.      0.     -0.8503 -0.0007  0.      0.      0.     -0.      0.     -0.     -0.     -0.      0.      0.     -0.     -0.
  0.0002  0.      0.      0.3817 -0.     -0.      0.      0.      0.2268  1.2438 -0.     -0.      0.     -0.      0.      0.      0.     -0.868
  0.      0.      0.      0.      0.     -0.     -0.      0.     -0.      0.      0.      0.      0.      0.      0.      0.      0.4112 -0.
 -0.     -0.     -0.     -0.0068  0.     -0.     -0.      0.     -0.1174 -0.     -0.      0.6137 -0.      0.     -0.     -0.      0.      0.
  0.      0.     -0.     -0.     -0.     -0.     -0.     -0.      0.      0.    ]

diagonale matrice pesi W_240 (1 / max(|w|, eps)):
[9.8549e-01 1.0000e+08 1.0000e+08 1.0000e+08 1.0000e+08 1.0000e+08 1.0000e+08 1.0000e+08 1.0000e+08 1.0000e+08 7.0427e-01 1.0000e+08 1.0000e+08
 1.0000e+08 1.0000e+08 1.0000e+08 1.0000e+08 1.0000e+08 1.0000e+08 1.0000e+08 1.0000e+08 1.0000e+08 1.1761e+00 1.4428e+03 1.0000e+08 1.0000e+08
 1.0000e+08 1.0000e+08 1.0000e+08 1.0000e+08 1.0000e+08 1.0000e+08 1.0000e+08 1.0000e+08 1.0000e+08 1.0000e+08 5.7039e+03 1.0000e+08 1.0000e+08
 2.6197e+00 1.0000e+08 1.0000e+08 1.0000e+08 1.0000e+08 4.4094e+00 8.0400e-01 1.0000e+08 1.0000e+08 1.0000e+08 1.0000e+08 1.0000e+08 1.0000e+08
 1.0000e+08 1.1520e+00 1.0000e+08 1.0000e+08 1.0000e+08 1.0000e+08 1.0000e+08 1.0000e+08 1.0000e+08 1.0000e+08 1.0000e+08 1.0000e+08 1.0000e+08
 1.0000e+08 1.0000e+08 1.0000e+08 1.0000e+08 1.0000e+08 2.4316e+00 1.0000e+08 1.0000e+08 1.0000e+08 1.0000e+08 1.4680e+02 1.0000e+08 1.0000e+08
 1.0000e+08 1.0000e+08 8.5150e+00 1.0000e+08 1.0000e+08 1.6294e+00 1.0000e+08 1.0000e+08 1.0000e+08 1.0000e+08 1.0000e+08 1.0000e+08 1.0000e+08
 1.0000e+08 1.0000e+08 1.0000e+08 1.0000e+08 1.0000e+08 1.0000e+08 1.0000e+08 1.0000e+08 1.0401e+06]

matrice di sistema Q_240 (A + lambda * W_240):
[[       1.0985       -0.0922       -0.0173       -0.0403       -0.0275 ...        0.0648       -0.02          0.0741        0.0644       -0.0096]
 [      -0.0922 10000001.           -0.0832       -0.0403       -0.0328 ...       -0.0131        0.1748       -0.0006       -0.0396       -0.1098]
 [      -0.0173       -0.0832 10000001.           -0.0997       -0.02   ...       -0.0945        0.0139       -0.0721        0.0284        0.0155]
 [      -0.0403       -0.0403       -0.0997 10000001.           -0.1078 ...        0.1176       -0.0406        0.0293        0.0054       -0.037 ]
 [      -0.0275       -0.0328       -0.02         -0.1078 10000001.     ...       -0.0815        0.0502        0.084        -0.0457       -0.0797]
 ...
 [       0.0648       -0.0131       -0.0945        0.1176       -0.0815 ... 10000001.           -0.0458        0.0256       -0.0061       -0.0081]
 [      -0.02          0.1748        0.0139       -0.0406        0.0502 ...       -0.0458 10000001.           -0.0824       -0.0423        0.0548]
 [       0.0741       -0.0006       -0.0721        0.0293        0.084  ...        0.0256       -0.0824 10000001.           -0.0403        0.0028]
 [       0.0644       -0.0396        0.0284        0.0054       -0.0457 ...       -0.0061       -0.0423       -0.0403 10000001.            0.0801]
 [      -0.0096       -0.1098        0.0155       -0.037        -0.0797 ...       -0.0081        0.0548        0.0028        0.0801   104009.2306]]

------------------------------------------------------------

--- ITERAZIONE k = 241 ---
vettore w_241:
[-1.0147  0.      0.      0.     -0.     -0.     -0.     -0.     -0.     -0.      1.4199  0.     -0.      0.     -0.      0.      0.      0.
 -0.      0.      0.      0.     -0.8503 -0.0007  0.      0.      0.     -0.      0.     -0.     -0.     -0.      0.      0.     -0.     -0.
  0.0002  0.      0.      0.3817 -0.     -0.      0.      0.      0.2268  1.2438 -0.     -0.      0.     -0.      0.      0.      0.     -0.868
  0.      0.      0.      0.      0.     -0.     -0.      0.     -0.      0.      0.      0.      0.      0.      0.      0.      0.4112 -0.
 -0.     -0.     -0.     -0.0068  0.     -0.     -0.      0.     -0.1174 -0.     -0.      0.6137 -0.      0.     -0.     -0.      0.      0.
  0.      0.     -0.     -0.     -0.     -0.     -0.     -0.      0.      0.    ]

diagonale matrice pesi W_241 (1 / max(|w|, eps)):
[9.8549e-01 1.0000e+08 1.0000e+08 1.0000e+08 1.0000e+08 1.0000e+08 1.0000e+08 1.0000e+08 1.0000e+08 1.0000e+08 7.0427e-01 1.0000e+08 1.0000e+08
 1.0000e+08 1.0000e+08 1.0000e+08 1.0000e+08 1.0000e+08 1.0000e+08 1.0000e+08 1.0000e+08 1.0000e+08 1.1761e+00 1.3940e+03 1.0000e+08 1.0000e+08
 1.0000e+08 1.0000e+08 1.0000e+08 1.0000e+08 1.0000e+08 1.0000e+08 1.0000e+08 1.0000e+08 1.0000e+08 1.0000e+08 5.7259e+03 1.0000e+08 1.0000e+08
 2.6197e+00 1.0000e+08 1.0000e+08 1.0000e+08 1.0000e+08 4.4094e+00 8.0400e-01 1.0000e+08 1.0000e+08 1.0000e+08 1.0000e+08 1.0000e+08 1.0000e+08
 1.0000e+08 1.1520e+00 1.0000e+08 1.0000e+08 1.0000e+08 1.0000e+08 1.0000e+08 1.0000e+08 1.0000e+08 1.0000e+08 1.0000e+08 1.0000e+08 1.0000e+08
 1.0000e+08 1.0000e+08 1.0000e+08 1.0000e+08 1.0000e+08 2.4316e+00 1.0000e+08 1.0000e+08 1.0000e+08 1.0000e+08 1.4654e+02 1.0000e+08 1.0000e+08
 1.0000e+08 1.0000e+08 8.5151e+00 1.0000e+08 1.0000e+08 1.6294e+00 1.0000e+08 1.0000e+08 1.0000e+08 1.0000e+08 1.0000e+08 1.0000e+08 1.0000e+08
 1.0000e+08 1.0000e+08 1.0000e+08 1.0000e+08 1.0000e+08 1.0000e+08 1.0000e+08 1.0000e+08 1.0581e+06]

matrice di sistema Q_241 (A + lambda * W_241):
[[       1.0985       -0.0922       -0.0173       -0.0403       -0.0275 ...        0.0648       -0.02          0.0741        0.0644       -0.0096]
 [      -0.0922 10000001.           -0.0832       -0.0403       -0.0328 ...       -0.0131        0.1748       -0.0006       -0.0396       -0.1098]
 [      -0.0173       -0.0832 10000001.           -0.0997       -0.02   ...       -0.0945        0.0139       -0.0721        0.0284        0.0155]
 [      -0.0403       -0.0403       -0.0997 10000001.           -0.1078 ...        0.1176       -0.0406        0.0293        0.0054       -0.037 ]
 [      -0.0275       -0.0328       -0.02         -0.1078 10000001.     ...       -0.0815        0.0502        0.084        -0.0457       -0.0797]
 ...
 [       0.0648       -0.0131       -0.0945        0.1176       -0.0815 ... 10000001.           -0.0458        0.0256       -0.0061       -0.0081]
 [      -0.02          0.1748        0.0139       -0.0406        0.0502 ...       -0.0458 10000001.           -0.0824       -0.0423        0.0548]
 [       0.0741       -0.0006       -0.0721        0.0293        0.084  ...        0.0256       -0.0824 10000001.           -0.0403        0.0028]
 [       0.0644       -0.0396        0.0284        0.0054       -0.0457 ...       -0.0061       -0.0423       -0.0403 10000001.            0.0801]
 [      -0.0096       -0.1098        0.0155       -0.037        -0.0797 ...       -0.0081        0.0548        0.0028        0.0801   105809.2469]]

------------------------------------------------------------

--- ITERAZIONE k = 242 ---
vettore w_242:
[-1.0147  0.      0.      0.     -0.     -0.     -0.     -0.     -0.     -0.      1.4199  0.     -0.      0.     -0.      0.      0.      0.
 -0.      0.      0.      0.     -0.8503 -0.0007  0.      0.      0.     -0.      0.     -0.     -0.     -0.      0.      0.     -0.     -0.
  0.0002  0.      0.      0.3817 -0.     -0.      0.      0.      0.2268  1.2438 -0.     -0.      0.     -0.      0.      0.      0.     -0.868
  0.      0.      0.      0.      0.     -0.     -0.      0.     -0.      0.      0.      0.      0.      0.      0.      0.      0.4112 -0.
 -0.     -0.     -0.     -0.0068  0.     -0.     -0.      0.     -0.1174 -0.     -0.      0.6137 -0.      0.     -0.     -0.      0.      0.
  0.      0.     -0.     -0.     -0.     -0.     -0.     -0.      0.      0.    ]

diagonale matrice pesi W_242 (1 / max(|w|, eps)):
[9.8549e-01 1.0000e+08 1.0000e+08 1.0000e+08 1.0000e+08 1.0000e+08 1.0000e+08 1.0000e+08 1.0000e+08 1.0000e+08 7.0427e-01 1.0000e+08 1.0000e+08
 1.0000e+08 1.0000e+08 1.0000e+08 1.0000e+08 1.0000e+08 1.0000e+08 1.0000e+08 1.0000e+08 1.0000e+08 1.1761e+00 1.3472e+03 1.0000e+08 1.0000e+08
 1.0000e+08 1.0000e+08 1.0000e+08 1.0000e+08 1.0000e+08 1.0000e+08 1.0000e+08 1.0000e+08 1.0000e+08 1.0000e+08 5.7480e+03 1.0000e+08 1.0000e+08
 2.6197e+00 1.0000e+08 1.0000e+08 1.0000e+08 1.0000e+08 4.4094e+00 8.0400e-01 1.0000e+08 1.0000e+08 1.0000e+08 1.0000e+08 1.0000e+08 1.0000e+08
 1.0000e+08 1.1520e+00 1.0000e+08 1.0000e+08 1.0000e+08 1.0000e+08 1.0000e+08 1.0000e+08 1.0000e+08 1.0000e+08 1.0000e+08 1.0000e+08 1.0000e+08
 1.0000e+08 1.0000e+08 1.0000e+08 1.0000e+08 1.0000e+08 2.4317e+00 1.0000e+08 1.0000e+08 1.0000e+08 1.0000e+08 1.4630e+02 1.0000e+08 1.0000e+08
 1.0000e+08 1.0000e+08 8.5152e+00 1.0000e+08 1.0000e+08 1.6294e+00 1.0000e+08 1.0000e+08 1.0000e+08 1.0000e+08 1.0000e+08 1.0000e+08 1.0000e+08
 1.0000e+08 1.0000e+08 1.0000e+08 1.0000e+08 1.0000e+08 1.0000e+08 1.0000e+08 1.0000e+08 1.0764e+06]

matrice di sistema Q_242 (A + lambda * W_242):
[[       1.0985       -0.0922       -0.0173       -0.0403       -0.0275 ...        0.0648       -0.02          0.0741        0.0644       -0.0096]
 [      -0.0922 10000001.           -0.0832       -0.0403       -0.0328 ...       -0.0131        0.1748       -0.0006       -0.0396       -0.1098]
 [      -0.0173       -0.0832 10000001.           -0.0997       -0.02   ...       -0.0945        0.0139       -0.0721        0.0284        0.0155]
 [      -0.0403       -0.0403       -0.0997 10000001.           -0.1078 ...        0.1176       -0.0406        0.0293        0.0054       -0.037 ]
 [      -0.0275       -0.0328       -0.02         -0.1078 10000001.     ...       -0.0815        0.0502        0.084        -0.0457       -0.0797]
 ...
 [       0.0648       -0.0131       -0.0945        0.1176       -0.0815 ... 10000001.           -0.0458        0.0256       -0.0061       -0.0081]
 [      -0.02          0.1748        0.0139       -0.0406        0.0502 ...       -0.0458 10000001.           -0.0824       -0.0423        0.0548]
 [       0.0741       -0.0006       -0.0721        0.0293        0.084  ...        0.0256       -0.0824 10000001.           -0.0403        0.0028]
 [       0.0644       -0.0396        0.0284        0.0054       -0.0457 ...       -0.0061       -0.0423       -0.0403 10000001.            0.0801]
 [      -0.0096       -0.1098        0.0155       -0.037        -0.0797 ...       -0.0081        0.0548        0.0028        0.0801   107640.0968]]

------------------------------------------------------------

--- ITERAZIONE k = 243 ---
vettore w_243:
[-1.0147  0.      0.      0.     -0.     -0.     -0.     -0.     -0.     -0.      1.4199  0.     -0.      0.     -0.      0.      0.      0.
 -0.      0.      0.      0.     -0.8503 -0.0008  0.      0.      0.     -0.      0.     -0.     -0.     -0.      0.      0.     -0.     -0.
  0.0002  0.      0.      0.3817 -0.     -0.      0.      0.      0.2268  1.2438 -0.     -0.      0.     -0.      0.      0.      0.     -0.868
  0.      0.      0.      0.      0.     -0.     -0.      0.     -0.      0.      0.      0.      0.      0.      0.      0.      0.4112 -0.
 -0.     -0.     -0.     -0.0068  0.     -0.     -0.      0.     -0.1174 -0.     -0.      0.6137 -0.      0.     -0.     -0.      0.      0.
  0.      0.     -0.     -0.     -0.     -0.     -0.     -0.      0.      0.    ]

diagonale matrice pesi W_243 (1 / max(|w|, eps)):
[9.8549e-01 1.0000e+08 1.0000e+08 1.0000e+08 1.0000e+08 1.0000e+08 1.0000e+08 1.0000e+08 1.0000e+08 1.0000e+08 7.0427e-01 1.0000e+08 1.0000e+08
 1.0000e+08 1.0000e+08 1.0000e+08 1.0000e+08 1.0000e+08 1.0000e+08 1.0000e+08 1.0000e+08 1.0000e+08 1.1761e+00 1.3022e+03 1.0000e+08 1.0000e+08
 1.0000e+08 1.0000e+08 1.0000e+08 1.0000e+08 1.0000e+08 1.0000e+08 1.0000e+08 1.0000e+08 1.0000e+08 1.0000e+08 5.7703e+03 1.0000e+08 1.0000e+08
 2.6197e+00 1.0000e+08 1.0000e+08 1.0000e+08 1.0000e+08 4.4094e+00 8.0399e-01 1.0000e+08 1.0000e+08 1.0000e+08 1.0000e+08 1.0000e+08 1.0000e+08
 1.0000e+08 1.1520e+00 1.0000e+08 1.0000e+08 1.0000e+08 1.0000e+08 1.0000e+08 1.0000e+08 1.0000e+08 1.0000e+08 1.0000e+08 1.0000e+08 1.0000e+08
 1.0000e+08 1.0000e+08 1.0000e+08 1.0000e+08 1.0000e+08 2.4317e+00 1.0000e+08 1.0000e+08 1.0000e+08 1.0000e+08 1.4607e+02 1.0000e+08 1.0000e+08
 1.0000e+08 1.0000e+08 8.5153e+00 1.0000e+08 1.0000e+08 1.6294e+00 1.0000e+08 1.0000e+08 1.0000e+08 1.0000e+08 1.0000e+08 1.0000e+08 1.0000e+08
 1.0000e+08 1.0000e+08 1.0000e+08 1.0000e+08 1.0000e+08 1.0000e+08 1.0000e+08 1.0000e+08 1.0950e+06]

matrice di sistema Q_243 (A + lambda * W_243):
[[       1.0985       -0.0922       -0.0173       -0.0403       -0.0275 ...        0.0648       -0.02          0.0741        0.0644       -0.0096]
 [      -0.0922 10000001.           -0.0832       -0.0403       -0.0328 ...       -0.0131        0.1748       -0.0006       -0.0396       -0.1098]
 [      -0.0173       -0.0832 10000001.           -0.0997       -0.02   ...       -0.0945        0.0139       -0.0721        0.0284        0.0155]
 [      -0.0403       -0.0403       -0.0997 10000001.           -0.1078 ...        0.1176       -0.0406        0.0293        0.0054       -0.037 ]
 [      -0.0275       -0.0328       -0.02         -0.1078 10000001.     ...       -0.0815        0.0502        0.084        -0.0457       -0.0797]
 ...
 [       0.0648       -0.0131       -0.0945        0.1176       -0.0815 ... 10000001.           -0.0458        0.0256       -0.0061       -0.0081]
 [      -0.02          0.1748        0.0139       -0.0406        0.0502 ...       -0.0458 10000001.           -0.0824       -0.0423        0.0548]
 [       0.0741       -0.0006       -0.0721        0.0293        0.084  ...        0.0256       -0.0824 10000001.           -0.0403        0.0028]
 [       0.0644       -0.0396        0.0284        0.0054       -0.0457 ...       -0.0061       -0.0423       -0.0403 10000001.            0.0801]
 [      -0.0096       -0.1098        0.0155       -0.037        -0.0797 ...       -0.0081        0.0548        0.0028        0.0801   109502.292 ]]

------------------------------------------------------------

--- ITERAZIONE k = 244 ---
vettore w_244:
[-1.0147  0.      0.      0.     -0.     -0.     -0.     -0.     -0.     -0.      1.4199  0.     -0.      0.     -0.      0.      0.      0.
 -0.      0.      0.      0.     -0.8503 -0.0008  0.      0.      0.     -0.      0.     -0.     -0.     -0.      0.      0.     -0.     -0.
  0.0002  0.      0.      0.3817 -0.     -0.      0.      0.      0.2268  1.2438 -0.     -0.      0.     -0.      0.      0.      0.     -0.868
  0.      0.      0.      0.      0.     -0.     -0.      0.     -0.      0.      0.      0.      0.      0.      0.      0.      0.4112 -0.
 -0.     -0.     -0.     -0.0069  0.     -0.     -0.      0.     -0.1174 -0.     -0.      0.6137 -0.      0.     -0.     -0.      0.      0.
  0.      0.     -0.     -0.     -0.     -0.     -0.     -0.      0.      0.    ]

diagonale matrice pesi W_244 (1 / max(|w|, eps)):
[9.8548e-01 1.0000e+08 1.0000e+08 1.0000e+08 1.0000e+08 1.0000e+08 1.0000e+08 1.0000e+08 1.0000e+08 1.0000e+08 7.0427e-01 1.0000e+08 1.0000e+08
 1.0000e+08 1.0000e+08 1.0000e+08 1.0000e+08 1.0000e+08 1.0000e+08 1.0000e+08 1.0000e+08 1.0000e+08 1.1761e+00 1.2590e+03 1.0000e+08 1.0000e+08
 1.0000e+08 1.0000e+08 1.0000e+08 1.0000e+08 1.0000e+08 1.0000e+08 1.0000e+08 1.0000e+08 1.0000e+08 1.0000e+08 5.7927e+03 1.0000e+08 1.0000e+08
 2.6197e+00 1.0000e+08 1.0000e+08 1.0000e+08 1.0000e+08 4.4094e+00 8.0399e-01 1.0000e+08 1.0000e+08 1.0000e+08 1.0000e+08 1.0000e+08 1.0000e+08
 1.0000e+08 1.1520e+00 1.0000e+08 1.0000e+08 1.0000e+08 1.0000e+08 1.0000e+08 1.0000e+08 1.0000e+08 1.0000e+08 1.0000e+08 1.0000e+08 1.0000e+08
 1.0000e+08 1.0000e+08 1.0000e+08 1.0000e+08 1.0000e+08 2.4317e+00 1.0000e+08 1.0000e+08 1.0000e+08 1.0000e+08 1.4584e+02 1.0000e+08 1.0000e+08
 1.0000e+08 1.0000e+08 8.5154e+00 1.0000e+08 1.0000e+08 1.6294e+00 1.0000e+08 1.0000e+08 1.0000e+08 1.0000e+08 1.0000e+08 1.0000e+08 1.0000e+08
 1.0000e+08 1.0000e+08 1.0000e+08 1.0000e+08 1.0000e+08 1.0000e+08 1.0000e+08 1.0000e+08 1.1140e+06]

matrice di sistema Q_244 (A + lambda * W_244):
[[       1.0985       -0.0922       -0.0173       -0.0403       -0.0275 ...        0.0648       -0.02          0.0741        0.0644       -0.0096]
 [      -0.0922 10000001.           -0.0832       -0.0403       -0.0328 ...       -0.0131        0.1748       -0.0006       -0.0396       -0.1098]
 [      -0.0173       -0.0832 10000001.           -0.0997       -0.02   ...       -0.0945        0.0139       -0.0721        0.0284        0.0155]
 [      -0.0403       -0.0403       -0.0997 10000001.           -0.1078 ...        0.1176       -0.0406        0.0293        0.0054       -0.037 ]
 [      -0.0275       -0.0328       -0.02         -0.1078 10000001.     ...       -0.0815        0.0502        0.084        -0.0457       -0.0797]
 ...
 [       0.0648       -0.0131       -0.0945        0.1176       -0.0815 ... 10000001.           -0.0458        0.0256       -0.0061       -0.0081]
 [      -0.02          0.1748        0.0139       -0.0406        0.0502 ...       -0.0458 10000001.           -0.0824       -0.0423        0.0548]
 [       0.0741       -0.0006       -0.0721        0.0293        0.084  ...        0.0256       -0.0824 10000001.           -0.0403        0.0028]
 [       0.0644       -0.0396        0.0284        0.0054       -0.0457 ...       -0.0061       -0.0423       -0.0403 10000001.            0.0801]
 [      -0.0096       -0.1098        0.0155       -0.037        -0.0797 ...       -0.0081        0.0548        0.0028        0.0801   111396.3521]]

------------------------------------------------------------

--- ITERAZIONE k = 245 ---
vettore w_245:
[-1.0147  0.      0.      0.     -0.     -0.     -0.     -0.     -0.     -0.      1.4199  0.     -0.      0.     -0.      0.      0.      0.
 -0.      0.      0.      0.     -0.8503 -0.0008  0.      0.      0.     -0.      0.     -0.     -0.     -0.      0.      0.     -0.     -0.
  0.0002  0.      0.      0.3817 -0.     -0.      0.      0.      0.2268  1.2438 -0.     -0.      0.     -0.      0.      0.      0.     -0.868
  0.      0.      0.      0.      0.     -0.     -0.      0.     -0.      0.      0.      0.      0.      0.      0.      0.      0.4112 -0.
 -0.     -0.     -0.     -0.0069  0.     -0.     -0.      0.     -0.1174 -0.     -0.      0.6137 -0.      0.     -0.     -0.      0.      0.
  0.      0.     -0.     -0.     -0.     -0.     -0.     -0.      0.      0.    ]

diagonale matrice pesi W_245 (1 / max(|w|, eps)):
[9.8548e-01 1.0000e+08 1.0000e+08 1.0000e+08 1.0000e+08 1.0000e+08 1.0000e+08 1.0000e+08 1.0000e+08 1.0000e+08 7.0427e-01 1.0000e+08 1.0000e+08
 1.0000e+08 1.0000e+08 1.0000e+08 1.0000e+08 1.0000e+08 1.0000e+08 1.0000e+08 1.0000e+08 1.0000e+08 1.1761e+00 1.2176e+03 1.0000e+08 1.0000e+08
 1.0000e+08 1.0000e+08 1.0000e+08 1.0000e+08 1.0000e+08 1.0000e+08 1.0000e+08 1.0000e+08 1.0000e+08 1.0000e+08 5.8153e+03 1.0000e+08 1.0000e+08
 2.6197e+00 1.0000e+08 1.0000e+08 1.0000e+08 1.0000e+08 4.4094e+00 8.0399e-01 1.0000e+08 1.0000e+08 1.0000e+08 1.0000e+08 1.0000e+08 1.0000e+08
 1.0000e+08 1.1520e+00 1.0000e+08 1.0000e+08 1.0000e+08 1.0000e+08 1.0000e+08 1.0000e+08 1.0000e+08 1.0000e+08 1.0000e+08 1.0000e+08 1.0000e+08
 1.0000e+08 1.0000e+08 1.0000e+08 1.0000e+08 1.0000e+08 2.4317e+00 1.0000e+08 1.0000e+08 1.0000e+08 1.0000e+08 1.4563e+02 1.0000e+08 1.0000e+08
 1.0000e+08 1.0000e+08 8.5155e+00 1.0000e+08 1.0000e+08 1.6294e+00 1.0000e+08 1.0000e+08 1.0000e+08 1.0000e+08 1.0000e+08 1.0000e+08 1.0000e+08
 1.0000e+08 1.0000e+08 1.0000e+08 1.0000e+08 1.0000e+08 1.0000e+08 1.0000e+08 1.0000e+08 1.1332e+06]

matrice di sistema Q_245 (A + lambda * W_245):
[[       1.0985       -0.0922       -0.0173       -0.0403       -0.0275 ...        0.0648       -0.02          0.0741        0.0644       -0.0096]
 [      -0.0922 10000001.           -0.0832       -0.0403       -0.0328 ...       -0.0131        0.1748       -0.0006       -0.0396       -0.1098]
 [      -0.0173       -0.0832 10000001.           -0.0997       -0.02   ...       -0.0945        0.0139       -0.0721        0.0284        0.0155]
 [      -0.0403       -0.0403       -0.0997 10000001.           -0.1078 ...        0.1176       -0.0406        0.0293        0.0054       -0.037 ]
 [      -0.0275       -0.0328       -0.02         -0.1078 10000001.     ...       -0.0815        0.0502        0.084        -0.0457       -0.0797]
 ...
 [       0.0648       -0.0131       -0.0945        0.1176       -0.0815 ... 10000001.           -0.0458        0.0256       -0.0061       -0.0081]
 [      -0.02          0.1748        0.0139       -0.0406        0.0502 ...       -0.0458 10000001.           -0.0824       -0.0423        0.0548]
 [       0.0741       -0.0006       -0.0721        0.0293        0.084  ...        0.0256       -0.0824 10000001.           -0.0403        0.0028]
 [       0.0644       -0.0396        0.0284        0.0054       -0.0457 ...       -0.0061       -0.0423       -0.0403 10000001.            0.0801]
 [      -0.0096       -0.1098        0.0155       -0.037        -0.0797 ...       -0.0081        0.0548        0.0028        0.0801   113322.8052]]

------------------------------------------------------------

--- ITERAZIONE k = 246 ---
vettore w_246:
[-1.0147  0.      0.      0.     -0.     -0.     -0.     -0.     -0.     -0.      1.4199  0.     -0.      0.     -0.      0.      0.      0.
 -0.      0.      0.      0.     -0.8503 -0.0008  0.      0.      0.     -0.      0.     -0.     -0.     -0.      0.      0.     -0.     -0.
  0.0002  0.      0.      0.3817 -0.     -0.      0.      0.      0.2268  1.2438 -0.     -0.      0.     -0.      0.      0.      0.     -0.868
  0.      0.      0.      0.      0.     -0.     -0.      0.     -0.      0.      0.      0.      0.      0.      0.      0.      0.4112 -0.
 -0.     -0.     -0.     -0.0069  0.     -0.     -0.      0.     -0.1174 -0.     -0.      0.6137 -0.      0.     -0.     -0.      0.      0.
  0.      0.     -0.     -0.     -0.     -0.     -0.     -0.      0.      0.    ]

diagonale matrice pesi W_246 (1 / max(|w|, eps)):
[9.8548e-01 1.0000e+08 1.0000e+08 1.0000e+08 1.0000e+08 1.0000e+08 1.0000e+08 1.0000e+08 1.0000e+08 1.0000e+08 7.0427e-01 1.0000e+08 1.0000e+08
 1.0000e+08 1.0000e+08 1.0000e+08 1.0000e+08 1.0000e+08 1.0000e+08 1.0000e+08 1.0000e+08 1.0000e+08 1.1761e+00 1.1778e+03 1.0000e+08 1.0000e+08
 1.0000e+08 1.0000e+08 1.0000e+08 1.0000e+08 1.0000e+08 1.0000e+08 1.0000e+08 1.0000e+08 1.0000e+08 1.0000e+08 5.8380e+03 1.0000e+08 1.0000e+08
 2.6197e+00 1.0000e+08 1.0000e+08 1.0000e+08 1.0000e+08 4.4094e+00 8.0399e-01 1.0000e+08 1.0000e+08 1.0000e+08 1.0000e+08 1.0000e+08 1.0000e+08
 1.0000e+08 1.1520e+00 1.0000e+08 1.0000e+08 1.0000e+08 1.0000e+08 1.0000e+08 1.0000e+08 1.0000e+08 1.0000e+08 1.0000e+08 1.0000e+08 1.0000e+08
 1.0000e+08 1.0000e+08 1.0000e+08 1.0000e+08 1.0000e+08 2.4317e+00 1.0000e+08 1.0000e+08 1.0000e+08 1.0000e+08 1.4543e+02 1.0000e+08 1.0000e+08
 1.0000e+08 1.0000e+08 8.5156e+00 1.0000e+08 1.0000e+08 1.6294e+00 1.0000e+08 1.0000e+08 1.0000e+08 1.0000e+08 1.0000e+08 1.0000e+08 1.0000e+08
 1.0000e+08 1.0000e+08 1.0000e+08 1.0000e+08 1.0000e+08 1.0000e+08 1.0000e+08 1.0000e+08 1.1528e+06]

matrice di sistema Q_246 (A + lambda * W_246):
[[       1.0985       -0.0922       -0.0173       -0.0403       -0.0275 ...        0.0648       -0.02          0.0741        0.0644       -0.0096]
 [      -0.0922 10000001.           -0.0832       -0.0403       -0.0328 ...       -0.0131        0.1748       -0.0006       -0.0396       -0.1098]
 [      -0.0173       -0.0832 10000001.           -0.0997       -0.02   ...       -0.0945        0.0139       -0.0721        0.0284        0.0155]
 [      -0.0403       -0.0403       -0.0997 10000001.           -0.1078 ...        0.1176       -0.0406        0.0293        0.0054       -0.037 ]
 [      -0.0275       -0.0328       -0.02         -0.1078 10000001.     ...       -0.0815        0.0502        0.084        -0.0457       -0.0797]
 ...
 [       0.0648       -0.0131       -0.0945        0.1176       -0.0815 ... 10000001.           -0.0458        0.0256       -0.0061       -0.0081]
 [      -0.02          0.1748        0.0139       -0.0406        0.0502 ...       -0.0458 10000001.           -0.0824       -0.0423        0.0548]
 [       0.0741       -0.0006       -0.0721        0.0293        0.084  ...        0.0256       -0.0824 10000001.           -0.0403        0.0028]
 [       0.0644       -0.0396        0.0284        0.0054       -0.0457 ...       -0.0061       -0.0423       -0.0403 10000001.            0.0801]
 [      -0.0096       -0.1098        0.0155       -0.037        -0.0797 ...       -0.0081        0.0548        0.0028        0.0801   115282.1871]]

------------------------------------------------------------

--- ITERAZIONE k = 247 ---
vettore w_247:
[-1.0147  0.      0.      0.     -0.     -0.     -0.     -0.     -0.     -0.      1.4199  0.     -0.      0.     -0.      0.      0.      0.
 -0.      0.      0.      0.     -0.8503 -0.0009  0.      0.      0.     -0.      0.     -0.     -0.     -0.      0.      0.     -0.     -0.
  0.0002  0.      0.      0.3817 -0.     -0.      0.      0.      0.2268  1.2438 -0.     -0.      0.     -0.      0.      0.      0.     -0.868
  0.      0.      0.      0.      0.     -0.     -0.      0.     -0.      0.      0.      0.      0.      0.      0.      0.      0.4112 -0.
 -0.     -0.     -0.     -0.0069  0.     -0.     -0.      0.     -0.1174 -0.     -0.      0.6137 -0.      0.     -0.     -0.      0.      0.
  0.      0.     -0.     -0.     -0.     -0.     -0.     -0.      0.      0.    ]

diagonale matrice pesi W_247 (1 / max(|w|, eps)):
[9.8548e-01 1.0000e+08 1.0000e+08 1.0000e+08 1.0000e+08 1.0000e+08 1.0000e+08 1.0000e+08 1.0000e+08 1.0000e+08 7.0427e-01 1.0000e+08 1.0000e+08
 1.0000e+08 1.0000e+08 1.0000e+08 1.0000e+08 1.0000e+08 1.0000e+08 1.0000e+08 1.0000e+08 1.0000e+08 1.1761e+00 1.1396e+03 1.0000e+08 1.0000e+08
 1.0000e+08 1.0000e+08 1.0000e+08 1.0000e+08 1.0000e+08 1.0000e+08 1.0000e+08 1.0000e+08 1.0000e+08 1.0000e+08 5.8608e+03 1.0000e+08 1.0000e+08
 2.6197e+00 1.0000e+08 1.0000e+08 1.0000e+08 1.0000e+08 4.4094e+00 8.0399e-01 1.0000e+08 1.0000e+08 1.0000e+08 1.0000e+08 1.0000e+08 1.0000e+08
 1.0000e+08 1.1520e+00 1.0000e+08 1.0000e+08 1.0000e+08 1.0000e+08 1.0000e+08 1.0000e+08 1.0000e+08 1.0000e+08 1.0000e+08 1.0000e+08 1.0000e+08
 1.0000e+08 1.0000e+08 1.0000e+08 1.0000e+08 1.0000e+08 2.4317e+00 1.0000e+08 1.0000e+08 1.0000e+08 1.0000e+08 1.4523e+02 1.0000e+08 1.0000e+08
 1.0000e+08 1.0000e+08 8.5157e+00 1.0000e+08 1.0000e+08 1.6294e+00 1.0000e+08 1.0000e+08 1.0000e+08 1.0000e+08 1.0000e+08 1.0000e+08 1.0000e+08
 1.0000e+08 1.0000e+08 1.0000e+08 1.0000e+08 1.0000e+08 1.0000e+08 1.0000e+08 1.0000e+08 1.1727e+06]

matrice di sistema Q_247 (A + lambda * W_247):
[[       1.0985       -0.0922       -0.0173       -0.0403       -0.0275 ...        0.0648       -0.02          0.0741        0.0644       -0.0096]
 [      -0.0922 10000001.           -0.0832       -0.0403       -0.0328 ...       -0.0131        0.1748       -0.0006       -0.0396       -0.1098]
 [      -0.0173       -0.0832 10000001.           -0.0997       -0.02   ...       -0.0945        0.0139       -0.0721        0.0284        0.0155]
 [      -0.0403       -0.0403       -0.0997 10000001.           -0.1078 ...        0.1176       -0.0406        0.0293        0.0054       -0.037 ]
 [      -0.0275       -0.0328       -0.02         -0.1078 10000001.     ...       -0.0815        0.0502        0.084        -0.0457       -0.0797]
 ...
 [       0.0648       -0.0131       -0.0945        0.1176       -0.0815 ... 10000001.           -0.0458        0.0256       -0.0061       -0.0081]
 [      -0.02          0.1748        0.0139       -0.0406        0.0502 ...       -0.0458 10000001.           -0.0824       -0.0423        0.0548]
 [       0.0741       -0.0006       -0.0721        0.0293        0.084  ...        0.0256       -0.0824 10000001.           -0.0403        0.0028]
 [       0.0644       -0.0396        0.0284        0.0054       -0.0457 ...       -0.0061       -0.0423       -0.0403 10000001.            0.0801]
 [      -0.0096       -0.1098        0.0155       -0.037        -0.0797 ...       -0.0081        0.0548        0.0028        0.0801   117275.0424]]

------------------------------------------------------------

--- ITERAZIONE k = 248 ---
vettore w_248:
[-1.0147  0.      0.      0.     -0.     -0.     -0.     -0.     -0.     -0.      1.4199  0.     -0.      0.     -0.      0.      0.      0.
 -0.      0.      0.      0.     -0.8503 -0.0009  0.      0.      0.     -0.      0.     -0.     -0.     -0.      0.      0.     -0.     -0.
  0.0002  0.      0.      0.3817 -0.     -0.      0.      0.      0.2268  1.2438 -0.     -0.      0.     -0.      0.      0.      0.     -0.868
  0.      0.      0.      0.      0.     -0.     -0.      0.     -0.      0.      0.      0.      0.      0.      0.      0.      0.4112 -0.
 -0.     -0.     -0.     -0.0069  0.     -0.     -0.      0.     -0.1174 -0.     -0.      0.6137 -0.      0.     -0.     -0.      0.      0.
  0.      0.     -0.     -0.     -0.     -0.     -0.     -0.      0.      0.    ]

diagonale matrice pesi W_248 (1 / max(|w|, eps)):
[9.8548e-01 1.0000e+08 1.0000e+08 1.0000e+08 1.0000e+08 1.0000e+08 1.0000e+08 1.0000e+08 1.0000e+08 1.0000e+08 7.0428e-01 1.0000e+08 1.0000e+08
 1.0000e+08 1.0000e+08 1.0000e+08 1.0000e+08 1.0000e+08 1.0000e+08 1.0000e+08 1.0000e+08 1.0000e+08 1.1761e+00 1.1030e+03 1.0000e+08 1.0000e+08
 1.0000e+08 1.0000e+08 1.0000e+08 1.0000e+08 1.0000e+08 1.0000e+08 1.0000e+08 1.0000e+08 1.0000e+08 1.0000e+08 5.8838e+03 1.0000e+08 1.0000e+08
 2.6197e+00 1.0000e+08 1.0000e+08 1.0000e+08 1.0000e+08 4.4094e+00 8.0399e-01 1.0000e+08 1.0000e+08 1.0000e+08 1.0000e+08 1.0000e+08 1.0000e+08
 1.0000e+08 1.1520e+00 1.0000e+08 1.0000e+08 1.0000e+08 1.0000e+08 1.0000e+08 1.0000e+08 1.0000e+08 1.0000e+08 1.0000e+08 1.0000e+08 1.0000e+08
 1.0000e+08 1.0000e+08 1.0000e+08 1.0000e+08 1.0000e+08 2.4317e+00 1.0000e+08 1.0000e+08 1.0000e+08 1.0000e+08 1.4504e+02 1.0000e+08 1.0000e+08
 1.0000e+08 1.0000e+08 8.5158e+00 1.0000e+08 1.0000e+08 1.6294e+00 1.0000e+08 1.0000e+08 1.0000e+08 1.0000e+08 1.0000e+08 1.0000e+08 1.0000e+08
 1.0000e+08 1.0000e+08 1.0000e+08 1.0000e+08 1.0000e+08 1.0000e+08 1.0000e+08 1.0000e+08 1.1930e+06]

matrice di sistema Q_248 (A + lambda * W_248):
[[       1.0985       -0.0922       -0.0173       -0.0403       -0.0275 ...        0.0648       -0.02          0.0741        0.0644       -0.0096]
 [      -0.0922 10000001.           -0.0832       -0.0403       -0.0328 ...       -0.0131        0.1748       -0.0006       -0.0396       -0.1098]
 [      -0.0173       -0.0832 10000001.           -0.0997       -0.02   ...       -0.0945        0.0139       -0.0721        0.0284        0.0155]
 [      -0.0403       -0.0403       -0.0997 10000001.           -0.1078 ...        0.1176       -0.0406        0.0293        0.0054       -0.037 ]
 [      -0.0275       -0.0328       -0.02         -0.1078 10000001.     ...       -0.0815        0.0502        0.084        -0.0457       -0.0797]
 ...
 [       0.0648       -0.0131       -0.0945        0.1176       -0.0815 ... 10000001.           -0.0458        0.0256       -0.0061       -0.0081]
 [      -0.02          0.1748        0.0139       -0.0406        0.0502 ...       -0.0458 10000001.           -0.0824       -0.0423        0.0548]
 [       0.0741       -0.0006       -0.0721        0.0293        0.084  ...        0.0256       -0.0824 10000001.           -0.0403        0.0028]
 [       0.0644       -0.0396        0.0284        0.0054       -0.0457 ...       -0.0061       -0.0423       -0.0403 10000001.            0.0801]
 [      -0.0096       -0.1098        0.0155       -0.037        -0.0797 ...       -0.0081        0.0548        0.0028        0.0801   119301.924 ]]

------------------------------------------------------------

--- ITERAZIONE k = 249 ---
vettore w_249:
[-1.0147  0.      0.      0.     -0.     -0.     -0.     -0.     -0.     -0.      1.4199  0.     -0.      0.     -0.      0.      0.      0.
 -0.      0.      0.      0.     -0.8503 -0.0009  0.      0.      0.     -0.      0.     -0.     -0.     -0.      0.      0.     -0.     -0.
  0.0002  0.      0.      0.3817 -0.     -0.      0.      0.      0.2268  1.2438 -0.     -0.      0.     -0.      0.      0.      0.     -0.868
  0.      0.      0.      0.      0.     -0.     -0.      0.     -0.      0.      0.      0.      0.      0.      0.      0.      0.4112 -0.
 -0.     -0.     -0.     -0.0069  0.     -0.     -0.      0.     -0.1174 -0.     -0.      0.6137 -0.      0.     -0.     -0.      0.      0.
  0.      0.     -0.     -0.     -0.     -0.     -0.     -0.      0.      0.    ]

diagonale matrice pesi W_249 (1 / max(|w|, eps)):
[9.8548e-01 1.0000e+08 1.0000e+08 1.0000e+08 1.0000e+08 1.0000e+08 1.0000e+08 1.0000e+08 1.0000e+08 1.0000e+08 7.0428e-01 1.0000e+08 1.0000e+08
 1.0000e+08 1.0000e+08 1.0000e+08 1.0000e+08 1.0000e+08 1.0000e+08 1.0000e+08 1.0000e+08 1.0000e+08 1.1761e+00 1.0678e+03 1.0000e+08 1.0000e+08
 1.0000e+08 1.0000e+08 1.0000e+08 1.0000e+08 1.0000e+08 1.0000e+08 1.0000e+08 1.0000e+08 1.0000e+08 1.0000e+08 5.9070e+03 1.0000e+08 1.0000e+08
 2.6197e+00 1.0000e+08 1.0000e+08 1.0000e+08 1.0000e+08 4.4094e+00 8.0399e-01 1.0000e+08 1.0000e+08 1.0000e+08 1.0000e+08 1.0000e+08 1.0000e+08
 1.0000e+08 1.1520e+00 1.0000e+08 1.0000e+08 1.0000e+08 1.0000e+08 1.0000e+08 1.0000e+08 1.0000e+08 1.0000e+08 1.0000e+08 1.0000e+08 1.0000e+08
 1.0000e+08 1.0000e+08 1.0000e+08 1.0000e+08 1.0000e+08 2.4317e+00 1.0000e+08 1.0000e+08 1.0000e+08 1.0000e+08 1.4486e+02 1.0000e+08 1.0000e+08
 1.0000e+08 1.0000e+08 8.5159e+00 1.0000e+08 1.0000e+08 1.6294e+00 1.0000e+08 1.0000e+08 1.0000e+08 1.0000e+08 1.0000e+08 1.0000e+08 1.0000e+08
 1.0000e+08 1.0000e+08 1.0000e+08 1.0000e+08 1.0000e+08 1.0000e+08 1.0000e+08 1.0000e+08 1.2136e+06]

matrice di sistema Q_249 (A + lambda * W_249):
[[       1.0985       -0.0922       -0.0173       -0.0403       -0.0275 ...        0.0648       -0.02          0.0741        0.0644       -0.0096]
 [      -0.0922 10000001.           -0.0832       -0.0403       -0.0328 ...       -0.0131        0.1748       -0.0006       -0.0396       -0.1098]
 [      -0.0173       -0.0832 10000001.           -0.0997       -0.02   ...       -0.0945        0.0139       -0.0721        0.0284        0.0155]
 [      -0.0403       -0.0403       -0.0997 10000001.           -0.1078 ...        0.1176       -0.0406        0.0293        0.0054       -0.037 ]
 [      -0.0275       -0.0328       -0.02         -0.1078 10000001.     ...       -0.0815        0.0502        0.084        -0.0457       -0.0797]
 ...
 [       0.0648       -0.0131       -0.0945        0.1176       -0.0815 ... 10000001.           -0.0458        0.0256       -0.0061       -0.0081]
 [      -0.02          0.1748        0.0139       -0.0406        0.0502 ...       -0.0458 10000001.           -0.0824       -0.0423        0.0548]
 [       0.0741       -0.0006       -0.0721        0.0293        0.084  ...        0.0256       -0.0824 10000001.           -0.0403        0.0028]
 [       0.0644       -0.0396        0.0284        0.0054       -0.0457 ...       -0.0061       -0.0423       -0.0403 10000001.            0.0801]
 [      -0.0096       -0.1098        0.0155       -0.037        -0.0797 ...       -0.0081        0.0548        0.0028        0.0801   121363.3935]]

------------------------------------------------------------

