algorithm,iteration,gap,record_gap,time_s
IRLS,0,4.231708e-01,4.231708e-01,0.000000e+00
IRLS,1,7.059999e-02,7.059999e-02,6.900000e-05
IRLS,2,2.484601e-02,2.484601e-02,1.239160e-04
IRLS,3,1.176563e-02,1.176563e-02,1.670410e-04
IRLS,4,6.450048e-03,6.450048e-03,2.078330e-04
IRLS,5,3.869830e-03,3.869830e-03,2.474160e-04
IRLS,6,2.473720e-03,2.473720e-03,2.866250e-04
IRLS,7,1.658620e-03,1.658620e-03,3.253750e-04
IRLS,8,1.155035e-03,1.155035e-03,3.639580e-04
IRLS,9,8.299416e-04,8.299416e-04,4.020830e-04
IRLS,10,6.124753e-04,6.124753e-04,4.404580e-04
IRLS,11,4.625903e-04,4.625903e-04,4.789160e-04
IRLS,12,3.565799e-04,3.565799e-04,5.172910e-04
IRLS,13,2.798754e-04,2.798754e-04,5.555000e-04
IRLS,14,2.232396e-04,2.232396e-04,5.932500e-04
IRLS,15,1.806555e-04,1.806555e-04,6.313330e-04
IRLS,16,1.481094e-04,1.481094e-04,6.692910e-04
IRLS,17,1.228654e-04,1.228654e-04,7.072500e-04
IRLS,18,1.030227e-04,1.030227e-04,7.451660e-04
IRLS,19,8.723552e-05,8.723552e-05,7.831660e-04
IRLS,20,7.453555e-05,7.453555e-05,8.208750e-04
IRLS,21,6.421577e-05,6.421577e-05,8.586660e-04
IRLS,22,5.575223e-05,5.575223e-05,8.963750e-04
IRLS,23,4.875146e-05,4.875146e-05,9.342080e-04
IRLS,24,4.291457e-05,4.291457e-05,9.718750e-04
IRLS,25,3.801229e-05,3.801229e-05,1.010166e-03
IRLS,26,3.386652e-05,3.386652e-05,1.047916e-03
IRLS,27,3.033800e-05,3.033800e-05,1.085208e-03
IRLS,28,2.731654e-05,2.731654e-05,1.123916e-03
IRLS,29,2.471447e-05,2.471447e-05,1.161375e-03
IRLS,30,2.246152e-05,2.246152e-05,1.199000e-03
IRLS,31,2.050081e-05,2.050081e-05,1.247000e-03
IRLS,32,1.878614e-05,1.878614e-05,1.284916e-03
IRLS,33,1.727965e-05,1.727965e-05,1.323041e-03
IRLS,34,1.595023e-05,1.595023e-05,1.360791e-03
IRLS,35,1.477227e-05,1.477227e-05,1.405583e-03
IRLS,36,1.372432e-05,1.372432e-05,1.443208e-03
IRLS,37,1.278840e-05,1.278840e-05,1.480916e-03
IRLS,38,1.194937e-05,1.194937e-05,1.518625e-03
IRLS,39,1.119465e-05,1.119465e-05,1.556125e-03
IRLS,40,1.051339e-05,1.051339e-05,1.594083e-03
IRLS,41,9.896467e-06,9.896467e-06,1.631708e-03
IRLS,42,9.336082e-06,9.336082e-06,1.668958e-03
IRLS,43,8.825542e-06,8.825542e-06,1.706541e-03
IRLS,44,8.359083e-06,8.359083e-06,1.743916e-03
IRLS,45,7.931732e-06,7.931732e-06,1.781333e-03
IRLS,46,7.539176e-06,7.539176e-06,1.819166e-03
IRLS,47,7.177667e-06,7.177667e-06,1.856833e-03
IRLS,48,6.843940e-06,6.843940e-06,1.894291e-03
IRLS,49,6.535243e-06,6.535243e-06,1.931833e-03
IRLS,50,6.248988e-06,6.248988e-06,1.969541e-03
IRLS,51,5.982917e-06,5.982917e-06,2.006791e-03
IRLS,52,5.735098e-06,5.735098e-06,2.044375e-03
IRLS,53,5.503822e-06,5.503822e-06,2.082125e-03
IRLS,54,5.287575e-06,5.287575e-06,2.119583e-03
IRLS,55,5.085010e-06,5.085010e-06,2.157375e-03
IRLS,56,4.894929e-06,4.894929e-06,2.195250e-03
IRLS,57,4.716262e-06,4.716262e-06,2.233291e-03
IRLS,58,4.548051e-06,4.548051e-06,2.271125e-03
IRLS,59,4.389441e-06,4.389441e-06,2.309041e-03
IRLS,60,4.239659e-06,4.239659e-06,2.346958e-03
IRLS,61,4.098014e-06,4.098014e-06,2.384583e-03
IRLS,62,3.963881e-06,3.963881e-06,2.422083e-03
IRLS,63,3.836701e-06,3.836701e-06,2.459666e-03
IRLS,64,3.715983e-06,3.715983e-06,2.497250e-03
IRLS,65,3.601257e-06,3.601257e-06,2.534541e-03
IRLS,66,3.492112e-06,3.492112e-06,2.572000e-03
IRLS,67,3.388120e-06,3.388120e-06,2.609416e-03
IRLS,68,3.288935e-06,3.288935e-06,2.646916e-03
IRLS,69,3.194240e-06,3.194240e-06,2.684333e-03
IRLS,70,3.103747e-06,3.103747e-06,2.722625e-03
IRLS,71,3.017189e-06,3.017189e-06,2.760458e-03
IRLS,72,2.934323e-06,2.934323e-06,2.797875e-03
IRLS,73,2.854924e-06,2.854924e-06,2.835583e-03
IRLS,74,2.778787e-06,2.778787e-06,2.872916e-03
IRLS,75,2.705719e-06,2.705719e-06,2.910291e-03
IRLS,76,2.635546e-06,2.635546e-06,2.948791e-03
IRLS,77,2.568104e-06,2.568104e-06,2.986458e-03
IRLS,78,2.503243e-06,2.503243e-06,3.024041e-03
IRLS,79,2.440822e-06,2.440822e-06,3.062000e-03
IRLS,80,2.380711e-06,2.380711e-06,3.099708e-03
IRLS,81,2.322791e-06,2.322791e-06,3.137666e-03
IRLS,82,2.266947e-06,2.266947e-06,3.176208e-03
IRLS,83,2.213076e-06,2.213076e-06,3.214541e-03
IRLS,84,2.161085e-06,2.161085e-06,3.255083e-03
IRLS,85,2.110890e-06,2.110890e-06,3.293166e-03
IRLS,86,2.062388e-06,2.062388e-06,3.331208e-03
IRLS,87,2.015501e-06,2.015501e-06,3.369375e-03
IRLS,88,1.970153e-06,1.970153e-06,3.407375e-03
IRLS,89,1.926275e-06,1.926275e-06,3.445500e-03
IRLS,90,1.883800e-06,1.883800e-06,3.483875e-03
IRLS,91,1.842666e-06,1.842666e-06,3.522458e-03
IRLS,92,1.802815e-06,1.802815e-06,3.560583e-03
IRLS,93,1.764192e-06,1.764192e-06,3.598458e-03
IRLS,94,1.726744e-06,1.726744e-06,3.636083e-03
IRLS,95,1.690422e-06,1.690422e-06,3.673500e-03
IRLS,96,1.655180e-06,1.655180e-06,3.711000e-03
IRLS,97,1.620974e-06,1.620974e-06,3.748708e-03
IRLS,98,1.587762e-06,1.587762e-06,3.786083e-03
IRLS,99,1.555506e-06,1.555506e-06,3.823541e-03
IRLS,100,1.524166e-06,1.524166e-06,3.861458e-03
SGPTL,1,4.231708e-01,4.231708e-01,0.000000e+00
SGPTL,2,3.240168e-01,3.240168e-01,2.545900e-05
SGPTL,3,2.620207e-01,2.620207e-01,6.020900e-05
SGPTL,4,2.123697e-01,2.123697e-01,8.395900e-05
SGPTL,5,1.886186e-01,1.886186e-01,1.046670e-04
SGPTL,6,1.598656e-01,1.598656e-01,1.257090e-04
SGPTL,7,1.379943e-01,1.379943e-01,1.457500e-04
SGPTL,8,1.225278e-01,1.225278e-01,1.642500e-04
SGPTL,9,1.078290e-01,1.078290e-01,1.836250e-04
SGPTL,10,9.236512e-02,9.236512e-02,2.031670e-04
SGPTL,11,8.264378e-02,8.264378e-02,2.208340e-04
SGPTL,12,7.192769e-02,7.192769e-02,2.400000e-04
SGPTL,13,6.618815e-02,6.618815e-02,2.597500e-04
SGPTL,14,5.999921e-02,5.999921e-02,2.772920e-04
SGPTL,15,5.503124e-02,5.503124e-02,2.963750e-04
SGPTL,16,4.754664e-02,4.754664e-02,3.150420e-04
SGPTL,17,4.175946e-02,4.175946e-02,3.327920e-04
SGPTL,18,3.871481e-02,3.871481e-02,3.520000e-04
SGPTL,19,3.947829e-02,3.871481e-02,3.710000e-04
SGPTL,20,4.154707e-02,3.871481e-02,3.885000e-04
SGPTL,21,4.083120e-02,3.871481e-02,4.072090e-04
SGPTL,22,4.348038e-02,3.871481e-02,4.258750e-04
SGPTL,23,4.690265e-02,3.871481e-02,4.435000e-04
SGPTL,24,4.941193e-02,3.871481e-02,4.622920e-04
SGPTL,25,5.662881e-02,3.871481e-02,4.812920e-04
SGPTL,26,6.429088e-02,3.871481e-02,4.988750e-04
SGPTL,27,7.152043e-02,3.871481e-02,5.174170e-04
SGPTL,28,7.933219e-02,3.871481e-02,5.363750e-04
SGPTL,29,8.575304e-02,3.871481e-02,5.542500e-04
SGPTL,30,1.005570e-01,3.871481e-02,5.729590e-04
SGPTL,31,1.242174e-01,3.871481e-02,5.915420e-04
SGPTL,32,1.763451e-01,3.871481e-02,6.092920e-04
SGPTL,33,2.453471e-01,3.871481e-02,6.285000e-04
SGPTL,34,3.871481e-02,3.871481e-02,6.483340e-04
SGPTL,35,5.367036e-02,3.871481e-02,6.686670e-04
SGPTL,36,9.832224e-02,3.871481e-02,6.880420e-04
SGPTL,37,1.286483e-01,3.871481e-02,7.067500e-04
SGPTL,38,1.668719e-01,3.871481e-02,7.242500e-04
SGPTL,39,2.027349e-01,3.871481e-02,7.428750e-04
SGPTL,40,2.226735e-01,3.871481e-02,7.612920e-04
SGPTL,41,2.273071e-01,3.871481e-02,7.790420e-04
SGPTL,42,2.281275e-01,3.871481e-02,7.979170e-04
SGPTL,43,2.271100e-01,3.871481e-02,8.163750e-04
SGPTL,44,2.541395e-01,3.871481e-02,8.336670e-04
SGPTL,45,3.871481e-02,3.871481e-02,8.532920e-04
SGPTL,46,4.639208e-02,3.871481e-02,8.689590e-04
SGPTL,47,7.959415e-02,3.871481e-02,8.873750e-04
SGPTL,48,9.723506e-02,3.871481e-02,9.056670e-04
SGPTL,49,1.224582e-01,3.871481e-02,9.241250e-04
SGPTL,50,1.455709e-01,3.871481e-02,9.413750e-04
SGPTL,51,1.570044e-01,3.871481e-02,9.597920e-04
SGPTL,52,1.627611e-01,3.871481e-02,9.775000e-04
SGPTL,53,1.619296e-01,3.871481e-02,9.957500e-04
SGPTL,54,1.610772e-01,3.871481e-02,1.014250e-03
SGPTL,55,1.618728e-01,3.871481e-02,1.032959e-03
SGPTL,56,1.634198e-01,3.871481e-02,1.050167e-03
SGPTL,57,1.693667e-01,3.871481e-02,1.068709e-03
SGPTL,58,1.741909e-01,3.871481e-02,1.087125e-03
SGPTL,59,1.791776e-01,3.871481e-02,1.110209e-03
SGPTL,60,1.816789e-01,3.871481e-02,1.128500e-03
SGPTL,61,1.876141e-01,3.871481e-02,1.147167e-03
SGPTL,62,1.834194e-01,3.871481e-02,1.166250e-03
SGPTL,63,1.699043e-01,3.871481e-02,1.184834e-03
SGPTL,64,1.474321e-01,3.871481e-02,1.203000e-03
SGPTL,65,1.361510e-01,3.871481e-02,1.221917e-03
SGPTL,66,1.264382e-01,3.871481e-02,1.241084e-03
SGPTL,67,1.156004e-01,3.871481e-02,1.258334e-03
SGPTL,68,1.074669e-01,3.871481e-02,1.335000e-03
SGPTL,69,1.004717e-01,3.871481e-02,1.365709e-03
SGPTL,70,9.100878e-02,3.871481e-02,1.388542e-03
SGPTL,71,8.807453e-02,3.871481e-02,1.409167e-03
SGPTL,72,8.843812e-02,3.871481e-02,1.428875e-03
SGPTL,73,9.852001e-02,3.871481e-02,1.448250e-03
SGPTL,74,1.041414e-01,3.871481e-02,1.467084e-03
SGPTL,75,1.023092e-01,3.871481e-02,1.486542e-03
SGPTL,76,1.000396e-01,3.871481e-02,1.505959e-03
SGPTL,77,1.022795e-01,3.871481e-02,1.525584e-03
SGPTL,78,1.079921e-01,3.871481e-02,1.544334e-03
SGPTL,79,1.167383e-01,3.871481e-02,1.563709e-03
SGPTL,80,1.106071e-01,3.871481e-02,1.583292e-03
SGPTL,81,1.210319e-01,3.871481e-02,1.602084e-03
SGPTL,82,1.190241e-01,3.871481e-02,1.620167e-03
SGPTL,83,1.252127e-01,3.871481e-02,1.639459e-03
SGPTL,84,1.399203e-01,3.871481e-02,1.658667e-03
SGPTL,85,1.451440e-01,3.871481e-02,1.677709e-03
SGPTL,86,1.477507e-01,3.871481e-02,1.695959e-03
SGPTL,87,1.461180e-01,3.871481e-02,1.715167e-03
SGPTL,88,1.431621e-01,3.871481e-02,1.734334e-03
SGPTL,89,1.387427e-01,3.871481e-02,1.753334e-03
SGPTL,90,1.361693e-01,3.871481e-02,1.771375e-03
SGPTL,91,1.370317e-01,3.871481e-02,1.790500e-03
SGPTL,92,1.460090e-01,3.871481e-02,1.809667e-03
SGPTL,93,1.564897e-01,3.871481e-02,1.828959e-03
SGPTL,94,1.531927e-01,3.871481e-02,1.847334e-03
SGPTL,95,1.441255e-01,3.871481e-02,1.866500e-03
SGPTL,96,1.356920e-01,3.871481e-02,1.885417e-03
SGPTL,97,1.325934e-01,3.871481e-02,1.904125e-03
SGPTL,98,1.487165e-01,3.871481e-02,1.922709e-03
SGPTL,99,7.004017e-02,3.871481e-02,1.939834e-03
SGPTL,100,6.307447e-02,3.871481e-02,1.957792e-03
SGPTL,101,6.524498e-02,3.871481e-02,1.976500e-03
SGPTL,102,7.416063e-02,3.871481e-02,1.995334e-03
SGPTL,103,8.612036e-02,3.871481e-02,2.012834e-03
SGPTL,104,9.874696e-02,3.871481e-02,2.031459e-03
SGPTL,105,1.025230e-01,3.871481e-02,2.050125e-03
SGPTL,106,1.074703e-01,3.871481e-02,2.077875e-03
SGPTL,107,1.129827e-01,3.871481e-02,2.096792e-03
SGPTL,108,1.182402e-01,3.871481e-02,2.114292e-03
SGPTL,109,1.200025e-01,3.871481e-02,2.134000e-03
SGPTL,110,1.258920e-01,3.871481e-02,2.157667e-03
SGPTL,111,1.214416e-01,3.871481e-02,2.174959e-03
SGPTL,112,1.155947e-01,3.871481e-02,2.193542e-03
SGPTL,113,1.183171e-01,3.871481e-02,2.212375e-03
SGPTL,114,1.232363e-01,3.871481e-02,2.229875e-03
SGPTL,115,1.347163e-01,3.871481e-02,2.248792e-03
SGPTL,116,1.485270e-01,3.871481e-02,2.267959e-03
SGPTL,117,1.707187e-01,3.871481e-02,2.285500e-03
SGPTL,118,1.794125e-01,3.871481e-02,2.304250e-03
SGPTL,119,1.680191e-01,3.871481e-02,2.323334e-03
SGPTL,120,1.466541e-01,3.871481e-02,2.340792e-03
SGPTL,121,1.330769e-01,3.871481e-02,2.359375e-03
SGPTL,122,1.180620e-01,3.871481e-02,2.379334e-03
SGPTL,123,1.065431e-01,3.871481e-02,2.397375e-03
SGPTL,124,9.347955e-02,3.871481e-02,2.414750e-03
SGPTL,125,8.799382e-02,3.871481e-02,2.433792e-03
SGPTL,126,9.142706e-02,3.871481e-02,2.453417e-03
SGPTL,127,9.422966e-02,3.871481e-02,2.472000e-03
SGPTL,128,1.012399e-01,3.871481e-02,2.489875e-03
SGPTL,129,1.052981e-01,3.871481e-02,2.510125e-03
SGPTL,130,1.065613e-01,3.871481e-02,2.529834e-03
SGPTL,131,1.112376e-01,3.871481e-02,2.548625e-03
SGPTL,132,1.031346e-01,3.871481e-02,2.566709e-03
SGPTL,133,9.973136e-02,3.871481e-02,2.585500e-03
SGPTL,134,1.015178e-01,3.871481e-02,2.604584e-03
SGPTL,135,9.847034e-02,3.871481e-02,2.623417e-03
SGPTL,136,9.027563e-02,3.871481e-02,2.641500e-03
SGPTL,137,9.330784e-02,3.871481e-02,2.660375e-03
SGPTL,138,9.601157e-02,3.871481e-02,2.679250e-03
SGPTL,139,1.042607e-01,3.871481e-02,2.696792e-03
SGPTL,140,1.143474e-01,3.871481e-02,2.715584e-03
SGPTL,141,1.313926e-01,3.871481e-02,2.734459e-03
SGPTL,142,1.412720e-01,3.871481e-02,2.751584e-03
SGPTL,143,1.226485e-01,3.871481e-02,2.770500e-03
SGPTL,144,1.232443e-01,3.871481e-02,2.789167e-03
SGPTL,145,1.285658e-01,3.871481e-02,2.807584e-03
SGPTL,146,1.173083e-01,3.871481e-02,2.826292e-03
SGPTL,147,1.088085e-01,3.871481e-02,2.843500e-03
SGPTL,148,1.197089e-01,3.871481e-02,2.862000e-03
SGPTL,149,1.204510e-01,3.871481e-02,2.881625e-03
SGPTL,150,1.165188e-01,3.871481e-02,2.899584e-03
SGPTL,151,1.220416e-01,3.871481e-02,2.918417e-03
SGPTL,152,1.154270e-01,3.871481e-02,2.936917e-03
SGPTL,153,1.084612e-01,3.871481e-02,2.954209e-03
SGPTL,154,1.090173e-01,3.871481e-02,2.972834e-03
SGPTL,155,1.058919e-01,3.871481e-02,2.991292e-03
SGPTL,156,1.032930e-01,3.871481e-02,3.008750e-03
SGPTL,157,1.162639e-01,3.871481e-02,3.027125e-03
SGPTL,158,1.141889e-01,3.871481e-02,3.045709e-03
SGPTL,159,1.017936e-01,3.871481e-02,3.063042e-03
SGPTL,160,1.172464e-01,3.871481e-02,3.081584e-03
SGPTL,161,1.133566e-01,3.871481e-02,3.100125e-03
SGPTL,162,1.067882e-01,3.871481e-02,3.117625e-03
SGPTL,163,1.065692e-01,3.871481e-02,3.136000e-03
SGPTL,164,1.126206e-01,3.871481e-02,3.154417e-03
SGPTL,165,1.186833e-01,3.871481e-02,3.172834e-03
SGPTL,166,1.238032e-01,3.871481e-02,3.191625e-03
SGPTL,167,1.254424e-01,3.871481e-02,3.208834e-03
SGPTL,168,1.197070e-01,3.871481e-02,3.227500e-03
SGPTL,169,1.138341e-01,3.871481e-02,3.246042e-03
SGPTL,170,1.131486e-01,3.871481e-02,3.263542e-03
SGPTL,171,1.165724e-01,3.871481e-02,3.282417e-03
SGPTL,172,1.129736e-01,3.871481e-02,3.301042e-03
SGPTL,173,1.175086e-01,3.871481e-02,3.319209e-03
SGPTL,174,1.159558e-01,3.871481e-02,3.338625e-03
SGPTL,175,1.154593e-01,3.871481e-02,3.357084e-03
SGPTL,176,1.047097e-01,3.871481e-02,3.374375e-03
SGPTL,177,1.087895e-01,3.871481e-02,3.393167e-03
SGPTL,178,1.153380e-01,3.871481e-02,3.412167e-03
SGPTL,179,6.798753e-02,3.871481e-02,3.428917e-03
SGPTL,180,6.370067e-02,3.871481e-02,3.447292e-03
SGPTL,181,6.455456e-02,3.871481e-02,3.465959e-03
SGPTL,182,6.381151e-02,3.871481e-02,3.484584e-03
SGPTL,183,6.300896e-02,3.871481e-02,3.502000e-03
SGPTL,184,6.854941e-02,3.871481e-02,3.520750e-03
SGPTL,185,7.509651e-02,3.871481e-02,3.539292e-03
SGPTL,186,7.751725e-02,3.871481e-02,3.556750e-03
SGPTL,187,8.084348e-02,3.871481e-02,3.575292e-03
SGPTL,188,8.116851e-02,3.871481e-02,3.593667e-03
SGPTL,189,8.022607e-02,3.871481e-02,3.611250e-03
SGPTL,190,8.133631e-02,3.871481e-02,3.629959e-03
SGPTL,191,8.124991e-02,3.871481e-02,3.648542e-03
SGPTL,192,8.237442e-02,3.871481e-02,3.665875e-03
SGPTL,193,8.933844e-02,3.871481e-02,3.684417e-03
SGPTL,194,9.429585e-02,3.871481e-02,3.703084e-03
SGPTL,195,9.382785e-02,3.871481e-02,3.720500e-03
SGPTL,196,8.941351e-02,3.871481e-02,3.738750e-03
SGPTL,197,8.590851e-02,3.871481e-02,3.757209e-03
SGPTL,198,8.967953e-02,3.871481e-02,3.774750e-03
SGPTL,199,9.921738e-02,3.871481e-02,3.793292e-03
SGPTL,200,9.821266e-02,3.871481e-02,3.811667e-03
SGPTL,201,1.014609e-01,3.871481e-02,3.830042e-03
SGPTL,202,1.176415e-01,3.871481e-02,3.851875e-03
SGPTL,203,1.174336e-01,3.871481e-02,3.870584e-03
SGPTL,204,1.011956e-01,3.871481e-02,3.887792e-03
SGPTL,205,9.317196e-02,3.871481e-02,3.906375e-03
SGPTL,206,8.498320e-02,3.871481e-02,3.924959e-03
SGPTL,207,8.343942e-02,3.871481e-02,3.942292e-03
SGPTL,208,8.320639e-02,3.871481e-02,3.960709e-03
SGPTL,209,8.068092e-02,3.871481e-02,3.979417e-03
SGPTL,210,7.167857e-02,3.871481e-02,3.996875e-03
SGPTL,211,6.652901e-02,3.871481e-02,4.015417e-03
SGPTL,212,6.834462e-02,3.871481e-02,4.033875e-03
SGPTL,213,7.348610e-02,3.871481e-02,4.051209e-03
SGPTL,214,7.473186e-02,3.871481e-02,4.069625e-03
SGPTL,215,7.477711e-02,3.871481e-02,4.088209e-03
SGPTL,216,7.586863e-02,3.871481e-02,4.105500e-03
SGPTL,217,7.746365e-02,3.871481e-02,4.123750e-03
SGPTL,218,7.902409e-02,3.871481e-02,4.141875e-03
SGPTL,219,7.794318e-02,3.871481e-02,4.159792e-03
SGPTL,220,8.373511e-02,3.871481e-02,4.178125e-03
SGPTL,221,8.875884e-02,3.871481e-02,4.196834e-03
SGPTL,222,8.931504e-02,3.871481e-02,4.214834e-03
SGPTL,223,8.513935e-02,3.871481e-02,4.233334e-03
SGPTL,224,7.823879e-02,3.871481e-02,4.251750e-03
SGPTL,225,7.942008e-02,3.871481e-02,4.269042e-03
SGPTL,226,8.089398e-02,3.871481e-02,4.287584e-03
SGPTL,227,8.663994e-02,3.871481e-02,4.306042e-03
SGPTL,228,9.240780e-02,3.871481e-02,4.323334e-03
SGPTL,229,8.569824e-02,3.871481e-02,4.341625e-03
SGPTL,230,7.821046e-02,3.871481e-02,4.360125e-03
SGPTL,231,7.903330e-02,3.871481e-02,4.377459e-03
SGPTL,232,7.709738e-02,3.871481e-02,4.395750e-03
SGPTL,233,7.260197e-02,3.871481e-02,4.417959e-03
SGPTL,234,7.897401e-02,3.871481e-02,4.439625e-03
SGPTL,235,8.227493e-02,3.871481e-02,4.457334e-03
SGPTL,236,8.775737e-02,3.871481e-02,4.475959e-03
SGPTL,237,7.745476e-02,3.871481e-02,4.494459e-03
SGPTL,238,7.699789e-02,3.871481e-02,4.512000e-03
SGPTL,239,8.972622e-02,3.871481e-02,4.530459e-03
SGPTL,240,9.433665e-02,3.871481e-02,4.548917e-03
SGPTL,241,9.391894e-02,3.871481e-02,4.566459e-03
SGPTL,242,9.078891e-02,3.871481e-02,4.585167e-03
SGPTL,243,8.411559e-02,3.871481e-02,4.603625e-03
SGPTL,244,7.259418e-02,3.871481e-02,4.621250e-03
SGPTL,245,7.183486e-02,3.871481e-02,4.639875e-03
SGPTL,246,7.714902e-02,3.871481e-02,4.658334e-03
SGPTL,247,8.295611e-02,3.871481e-02,4.675667e-03
SGPTL,248,8.230940e-02,3.871481e-02,4.694250e-03
SGPTL,249,8.582079e-02,3.871481e-02,4.713250e-03
SGPTL,250,9.835346e-02,3.871481e-02,4.730667e-03
SGPTL,251,1.029312e-01,3.871481e-02,4.749167e-03
SGPTL,252,9.734160e-02,3.871481e-02,4.767500e-03
SGPTL,253,9.285155e-02,3.871481e-02,4.785084e-03
SGPTL,254,8.117719e-02,3.871481e-02,4.804125e-03
SGPTL,255,7.472223e-02,3.871481e-02,4.822375e-03
SGPTL,256,7.895248e-02,3.871481e-02,4.839875e-03
SGPTL,257,8.282569e-02,3.871481e-02,4.858292e-03
SGPTL,258,8.282833e-02,3.871481e-02,4.876709e-03
SGPTL,259,5.519023e-02,3.871481e-02,4.892209e-03
SGPTL,260,4.419177e-02,3.871481e-02,4.910792e-03
SGPTL,261,3.933744e-02,3.871481e-02,4.929334e-03
SGPTL,262,4.112786e-02,3.871481e-02,4.946709e-03
SGPTL,263,4.218736e-02,3.871481e-02,4.965292e-03
SGPTL,264,4.453902e-02,3.871481e-02,4.983750e-03
SGPTL,265,4.805982e-02,3.871481e-02,5.001292e-03
SGPTL,266,4.758049e-02,3.871481e-02,5.019750e-03
SGPTL,267,4.803358e-02,3.871481e-02,5.038167e-03
SGPTL,268,4.791448e-02,3.871481e-02,5.055500e-03
SGPTL,269,4.727920e-02,3.871481e-02,5.074209e-03
SGPTL,270,4.872539e-02,3.871481e-02,5.092959e-03
SGPTL,271,4.752092e-02,3.871481e-02,5.110417e-03
SGPTL,272,4.451738e-02,3.871481e-02,5.128667e-03
SGPTL,273,4.233151e-02,3.871481e-02,5.146792e-03
SGPTL,274,4.041344e-02,3.871481e-02,5.164500e-03
SGPTL,275,3.972547e-02,3.871481e-02,5.182917e-03
SGPTL,276,3.918663e-02,3.871481e-02,5.201292e-03
SGPTL,277,3.976354e-02,3.871481e-02,5.218542e-03
SGPTL,278,3.999419e-02,3.871481e-02,5.236875e-03
SGPTL,279,4.212753e-02,3.871481e-02,5.255334e-03
SGPTL,280,4.421137e-02,3.871481e-02,5.272875e-03
SGPTL,281,4.851471e-02,3.871481e-02,5.291334e-03
SGPTL,282,5.302811e-02,3.871481e-02,5.309792e-03
SGPTL,283,5.883591e-02,3.871481e-02,5.327334e-03
SGPTL,284,6.519889e-02,3.871481e-02,5.345750e-03
SGPTL,285,7.161947e-02,3.871481e-02,5.364250e-03
SGPTL,286,6.918236e-02,3.871481e-02,5.381625e-03
SGPTL,287,6.864403e-02,3.871481e-02,5.400292e-03
SGPTL,288,6.637195e-02,3.871481e-02,5.418834e-03
SGPTL,289,6.434254e-02,3.871481e-02,5.436167e-03
SGPTL,290,6.248224e-02,3.871481e-02,5.454709e-03
SGPTL,291,5.805202e-02,3.871481e-02,5.473292e-03
SGPTL,292,6.089402e-02,3.871481e-02,5.490625e-03
SGPTL,293,5.975217e-02,3.871481e-02,5.509042e-03
SGPTL,294,6.014478e-02,3.871481e-02,5.527625e-03
SGPTL,295,6.226786e-02,3.871481e-02,5.545084e-03
SGPTL,296,5.952035e-02,3.871481e-02,5.563459e-03
SGPTL,297,5.660441e-02,3.871481e-02,5.582334e-03
SGPTL,298,5.624210e-02,3.871481e-02,5.599625e-03
SGPTL,299,5.481541e-02,3.871481e-02,5.618292e-03
SGPTL,300,5.448732e-02,3.871481e-02,5.637375e-03
SGPTL,301,5.262015e-02,3.871481e-02,5.655167e-03
SGPTL,302,5.265295e-02,3.871481e-02,5.673584e-03
SGPTL,303,5.199498e-02,3.871481e-02,5.692417e-03
SGPTL,304,5.218001e-02,3.871481e-02,5.709500e-03
SGPTL,305,5.482596e-02,3.871481e-02,5.727917e-03
SGPTL,306,5.548873e-02,3.871481e-02,5.746209e-03
SGPTL,307,5.066599e-02,3.871481e-02,5.764834e-03
SGPTL,308,5.226484e-02,3.871481e-02,5.783209e-03
SGPTL,309,5.297525e-02,3.871481e-02,5.803250e-03
SGPTL,310,5.110190e-02,3.871481e-02,5.825125e-03
SGPTL,311,5.059945e-02,3.871481e-02,5.843125e-03
SGPTL,312,5.197197e-02,3.871481e-02,5.861875e-03
SGPTL,313,5.429424e-02,3.871481e-02,5.880625e-03
SGPTL,314,5.663964e-02,3.871481e-02,5.897834e-03
SGPTL,315,5.547302e-02,3.871481e-02,5.917000e-03
SGPTL,316,5.539037e-02,3.871481e-02,5.935667e-03
SGPTL,317,5.782307e-02,3.871481e-02,5.953000e-03
SGPTL,318,5.844699e-02,3.871481e-02,5.972000e-03
SGPTL,319,5.532869e-02,3.871481e-02,5.990625e-03
SGPTL,320,5.793449e-02,3.871481e-02,6.008750e-03
SGPTL,321,5.652895e-02,3.871481e-02,6.027667e-03
SGPTL,322,5.679400e-02,3.871481e-02,6.046667e-03
SGPTL,323,5.617519e-02,3.871481e-02,6.064334e-03
SGPTL,324,5.118882e-02,3.871481e-02,6.083167e-03
SGPTL,325,5.273710e-02,3.871481e-02,6.101542e-03
SGPTL,326,5.443583e-02,3.871481e-02,6.119209e-03
SGPTL,327,6.005810e-02,3.871481e-02,6.138209e-03
SGPTL,328,5.701121e-02,3.871481e-02,6.157167e-03
SGPTL,329,5.419836e-02,3.871481e-02,6.175625e-03
SGPTL,330,5.515822e-02,3.871481e-02,6.194167e-03
SGPTL,331,5.376060e-02,3.871481e-02,6.211417e-03
SGPTL,332,5.643774e-02,3.871481e-02,6.230125e-03
SGPTL,333,5.902267e-02,3.871481e-02,6.248834e-03
SGPTL,334,5.956262e-02,3.871481e-02,6.266375e-03
SGPTL,335,5.769291e-02,3.871481e-02,6.285292e-03
SGPTL,336,5.516967e-02,3.871481e-02,6.304084e-03
SGPTL,337,5.667976e-02,3.871481e-02,6.322709e-03
SGPTL,338,5.646597e-02,3.871481e-02,6.341375e-03
SGPTL,339,3.583111e-02,3.583111e-02,6.358292e-03
SGPTL,340,2.804780e-02,2.804780e-02,6.376500e-03
SGPTL,341,3.362126e-02,2.804780e-02,6.395500e-03
SGPTL,342,5.824417e-02,2.804780e-02,6.414459e-03
SGPTL,343,1.002098e-01,2.804780e-02,6.433459e-03
SGPTL,344,1.487388e-01,2.804780e-02,6.451667e-03
SGPTL,345,1.857524e-01,2.804780e-02,6.470459e-03
SGPTL,346,2.254620e-01,2.804780e-02,6.489292e-03
SGPTL,347,2.804780e-02,2.804780e-02,6.507250e-03
SGPTL,348,3.973574e-02,2.804780e-02,6.523084e-03
SGPTL,349,7.059987e-02,2.804780e-02,6.542250e-03
SGPTL,350,1.151280e-01,2.804780e-02,6.559834e-03
SGPTL,351,1.492117e-01,2.804780e-02,6.578584e-03
SGPTL,352,1.763912e-01,2.804780e-02,6.597250e-03
SGPTL,353,2.042976e-01,2.804780e-02,6.616917e-03
SGPTL,354,2.444729e-01,2.804780e-02,6.638959e-03
SGPTL,355,2.804780e-02,2.804780e-02,6.658417e-03
SGPTL,356,3.578781e-02,2.804780e-02,6.673834e-03
SGPTL,357,5.594602e-02,2.804780e-02,6.691834e-03
SGPTL,358,8.694152e-02,2.804780e-02,6.710542e-03
SGPTL,359,1.120297e-01,2.804780e-02,6.729125e-03
SGPTL,360,1.309989e-01,2.804780e-02,6.746334e-03
SGPTL,361,1.474088e-01,2.804780e-02,6.767292e-03
SGPTL,362,1.548671e-01,2.804780e-02,6.786167e-03
SGPTL,363,1.724453e-01,2.804780e-02,6.803500e-03
SGPTL,364,1.910495e-01,2.804780e-02,6.822334e-03
SGPTL,365,2.101429e-01,2.804780e-02,6.841084e-03
SGPTL,366,2.260289e-01,2.804780e-02,6.858584e-03
SGPTL,367,2.273234e-01,2.804780e-02,6.877250e-03
SGPTL,368,2.063459e-01,2.804780e-02,6.896084e-03
SGPTL,369,1.667561e-01,2.804780e-02,6.913292e-03
SGPTL,370,1.405917e-01,2.804780e-02,6.932084e-03
SGPTL,371,1.174150e-01,2.804780e-02,6.950959e-03
SGPTL,372,1.080018e-01,2.804780e-02,6.968750e-03
SGPTL,373,9.838564e-02,2.804780e-02,6.987667e-03
SGPTL,374,8.786346e-02,2.804780e-02,7.006417e-03
SGPTL,375,8.049586e-02,2.804780e-02,7.025125e-03
SGPTL,376,8.032365e-02,2.804780e-02,7.043875e-03
SGPTL,377,8.694240e-02,2.804780e-02,7.062500e-03
SGPTL,378,8.934530e-02,2.804780e-02,7.080959e-03
SGPTL,379,8.721042e-02,2.804780e-02,7.099625e-03
SGPTL,380,8.864118e-02,2.804780e-02,7.118417e-03
SGPTL,381,9.779213e-02,2.804780e-02,7.135625e-03
SGPTL,382,1.018427e-01,2.804780e-02,7.154500e-03
SGPTL,383,9.389924e-02,2.804780e-02,7.173542e-03
SGPTL,384,8.419641e-02,2.804780e-02,7.192334e-03
SGPTL,385,7.785370e-02,2.804780e-02,7.234292e-03
SGPTL,386,7.868868e-02,2.804780e-02,7.255667e-03
SGPTL,387,8.352249e-02,2.804780e-02,7.275334e-03
SGPTL,388,8.930790e-02,2.804780e-02,7.294375e-03
SGPTL,389,9.648505e-02,2.804780e-02,7.313834e-03
SGPTL,390,1.023501e-01,2.804780e-02,7.331959e-03
SGPTL,391,1.121772e-01,2.804780e-02,7.350667e-03
SGPTL,392,1.151927e-01,2.804780e-02,7.369250e-03
SGPTL,393,1.236285e-01,2.804780e-02,7.386750e-03
SGPTL,394,1.333145e-01,2.804780e-02,7.405459e-03
SGPTL,395,1.289255e-01,2.804780e-02,7.424250e-03
SGPTL,396,1.164595e-01,2.804780e-02,7.441667e-03
SGPTL,397,1.100579e-01,2.804780e-02,7.460459e-03
SGPTL,398,1.042004e-01,2.804780e-02,7.479584e-03
SGPTL,399,1.068200e-01,2.804780e-02,7.496709e-03
SGPTL,400,1.156165e-01,2.804780e-02,7.515292e-03
SGPTL,401,1.204296e-01,2.804780e-02,7.536667e-03
SGPTL,402,1.186184e-01,2.804780e-02,7.558084e-03
SGPTL,403,1.273988e-01,2.804780e-02,7.577125e-03
SGPTL,404,1.355882e-01,2.804780e-02,7.596125e-03
SGPTL,405,1.317277e-01,2.804780e-02,7.615167e-03
SGPTL,406,1.193255e-01,2.804780e-02,7.633167e-03
SGPTL,407,1.061286e-01,2.804780e-02,7.652625e-03
SGPTL,408,1.043419e-01,2.804780e-02,7.671625e-03
SGPTL,409,1.031177e-01,2.804780e-02,7.689000e-03
SGPTL,410,9.667501e-02,2.804780e-02,7.707750e-03
SGPTL,411,9.828067e-02,2.804780e-02,7.726084e-03
SGPTL,412,1.042707e-01,2.804780e-02,7.744167e-03
SGPTL,413,1.117479e-01,2.804780e-02,7.762917e-03
SGPTL,414,1.135841e-01,2.804780e-02,7.781625e-03
SGPTL,415,1.223479e-01,2.804780e-02,7.799959e-03
SGPTL,416,1.216466e-01,2.804780e-02,7.818459e-03
SGPTL,417,1.168833e-01,2.804780e-02,7.837084e-03
SGPTL,418,1.058668e-01,2.804780e-02,7.854292e-03
SGPTL,419,9.292963e-02,2.804780e-02,7.872959e-03
SGPTL,420,8.964047e-02,2.804780e-02,7.891500e-03
SGPTL,421,6.611820e-02,2.804780e-02,7.907292e-03
SGPTL,422,6.602133e-02,2.804780e-02,7.925959e-03
SGPTL,423,6.169718e-02,2.804780e-02,7.944584e-03
SGPTL,424,6.407843e-02,2.804780e-02,7.962417e-03
SGPTL,425,6.645730e-02,2.804780e-02,7.980875e-03
SGPTL,426,7.285735e-02,2.804780e-02,7.999542e-03
SGPTL,427,7.875210e-02,2.804780e-02,8.016875e-03
SGPTL,428,8.629278e-02,2.804780e-02,8.035375e-03
SGPTL,429,9.426590e-02,2.804780e-02,8.053959e-03
SGPTL,430,9.864851e-02,2.804780e-02,8.071292e-03
SGPTL,431,1.027499e-01,2.804780e-02,8.089709e-03
SGPTL,432,1.040302e-01,2.804780e-02,8.108292e-03
SGPTL,433,1.020978e-01,2.804780e-02,8.125667e-03
SGPTL,434,1.033405e-01,2.804780e-02,8.144042e-03
SGPTL,435,1.022871e-01,2.804780e-02,8.162750e-03
SGPTL,436,1.094019e-01,2.804780e-02,8.180084e-03
SGPTL,437,1.139161e-01,2.804780e-02,8.198459e-03
SGPTL,438,1.114732e-01,2.804780e-02,8.216917e-03
SGPTL,439,1.118989e-01,2.804780e-02,8.234375e-03
SGPTL,440,1.177023e-01,2.804780e-02,8.252959e-03
SGPTL,441,1.316644e-01,2.804780e-02,8.271375e-03
SGPTL,442,1.224676e-01,2.804780e-02,8.288792e-03
SGPTL,443,1.088001e-01,2.804780e-02,8.307250e-03
SGPTL,444,1.047095e-01,2.804780e-02,8.325959e-03
SGPTL,445,1.026253e-01,2.804780e-02,8.343292e-03
SGPTL,446,8.795547e-02,2.804780e-02,8.361709e-03
SGPTL,447,7.943398e-02,2.804780e-02,8.380167e-03
SGPTL,448,7.653654e-02,2.804780e-02,8.397667e-03
SGPTL,449,7.358771e-02,2.804780e-02,8.416334e-03
SGPTL,450,7.550317e-02,2.804780e-02,8.434667e-03
SGPTL,451,8.235275e-02,2.804780e-02,8.452042e-03
SGPTL,452,8.540399e-02,2.804780e-02,8.470709e-03
SGPTL,453,8.193884e-02,2.804780e-02,8.489209e-03
SGPTL,454,7.767213e-02,2.804780e-02,8.506625e-03
SGPTL,455,8.014567e-02,2.804780e-02,8.525125e-03
SGPTL,456,8.529980e-02,2.804780e-02,8.543750e-03
SGPTL,457,8.798869e-02,2.804780e-02,8.564584e-03
SGPTL,458,9.034903e-02,2.804780e-02,8.583000e-03
SGPTL,459,9.832683e-02,2.804780e-02,8.601584e-03
SGPTL,460,1.102597e-01,2.804780e-02,8.619042e-03
SGPTL,461,9.888606e-02,2.804780e-02,8.637500e-03
SGPTL,462,9.707697e-02,2.804780e-02,8.655917e-03
SGPTL,463,8.404354e-02,2.804780e-02,8.673167e-03
SGPTL,464,7.847793e-02,2.804780e-02,8.691834e-03
SGPTL,465,8.356449e-02,2.804780e-02,8.710209e-03
SGPTL,466,8.569889e-02,2.804780e-02,8.727584e-03
SGPTL,467,8.963897e-02,2.804780e-02,8.746167e-03
SGPTL,468,9.909115e-02,2.804780e-02,8.764792e-03
SGPTL,469,1.002044e-01,2.804780e-02,8.782125e-03
SGPTL,470,9.653531e-02,2.804780e-02,8.800584e-03
SGPTL,471,9.292397e-02,2.804780e-02,8.819042e-03
SGPTL,472,9.127292e-02,2.804780e-02,8.836542e-03
SGPTL,473,8.623429e-02,2.804780e-02,8.855000e-03
SGPTL,474,8.663974e-02,2.804780e-02,8.873334e-03
SGPTL,475,8.671281e-02,2.804780e-02,8.897917e-03
SGPTL,476,8.945852e-02,2.804780e-02,8.916500e-03
SGPTL,477,9.147918e-02,2.804780e-02,8.935042e-03
SGPTL,478,9.929377e-02,2.804780e-02,8.952292e-03
SGPTL,479,9.731093e-02,2.804780e-02,8.970667e-03
SGPTL,480,9.972862e-02,2.804780e-02,8.989167e-03
SGPTL,481,9.853279e-02,2.804780e-02,9.006709e-03
SGPTL,482,1.052181e-01,2.804780e-02,9.025459e-03
SGPTL,483,1.016725e-01,2.804780e-02,9.044084e-03
SGPTL,484,9.575949e-02,2.804780e-02,9.068792e-03
SGPTL,485,1.007350e-01,2.804780e-02,9.087667e-03
SGPTL,486,9.760462e-02,2.804780e-02,9.104792e-03
SGPTL,487,9.211661e-02,2.804780e-02,9.123250e-03
SGPTL,488,8.894285e-02,2.804780e-02,9.144792e-03
SGPTL,489,9.266123e-02,2.804780e-02,9.164292e-03
SGPTL,490,9.049262e-02,2.804780e-02,9.182459e-03
SGPTL,491,8.576780e-02,2.804780e-02,9.201084e-03
SGPTL,492,8.301967e-02,2.804780e-02,9.219792e-03
SGPTL,493,8.179255e-02,2.804780e-02,9.237375e-03
SGPTL,494,7.826027e-02,2.804780e-02,9.255875e-03
SGPTL,495,8.484062e-02,2.804780e-02,9.274375e-03
SGPTL,496,9.480404e-02,2.804780e-02,9.291875e-03
SGPTL,497,1.018318e-01,2.804780e-02,9.310292e-03
SGPTL,498,1.057946e-01,2.804780e-02,9.328875e-03
SGPTL,499,1.059076e-01,2.804780e-02,9.346334e-03
SGPTL,500,1.029534e-01,2.804780e-02,9.364959e-03
SGPTL,501,5.162988e-02,2.804780e-02,9.381125e-03
SGPTL,502,4.583495e-02,2.804780e-02,9.399084e-03
SGPTL,503,4.334980e-02,2.804780e-02,9.417667e-03
SGPTL,504,4.624209e-02,2.804780e-02,9.436834e-03
SGPTL,505,5.164137e-02,2.804780e-02,9.454292e-03
SGPTL,506,6.052113e-02,2.804780e-02,9.472667e-03
SGPTL,507,6.717429e-02,2.804780e-02,9.491375e-03
SGPTL,508,7.664308e-02,2.804780e-02,9.508792e-03
SGPTL,509,8.098274e-02,2.804780e-02,9.527209e-03
SGPTL,510,8.314445e-02,2.804780e-02,9.545750e-03
SGPTL,511,8.733543e-02,2.804780e-02,9.563250e-03
SGPTL,512,9.166758e-02,2.804780e-02,9.581792e-03
SGPTL,513,8.958404e-02,2.804780e-02,9.600167e-03
SGPTL,514,8.472233e-02,2.804780e-02,9.617584e-03
SGPTL,515,8.522012e-02,2.804780e-02,9.636667e-03
SGPTL,516,8.905670e-02,2.804780e-02,9.655209e-03
SGPTL,517,9.060847e-02,2.804780e-02,9.672417e-03
SGPTL,518,9.364691e-02,2.804780e-02,9.690875e-03
SGPTL,519,9.976529e-02,2.804780e-02,9.709292e-03
SGPTL,520,9.444284e-02,2.804780e-02,9.726709e-03
SGPTL,521,9.659989e-02,2.804780e-02,9.748292e-03
SGPTL,522,9.243482e-02,2.804780e-02,9.766875e-03
SGPTL,523,8.957929e-02,2.804780e-02,9.791875e-03
SGPTL,524,8.829959e-02,2.804780e-02,9.808959e-03
SGPTL,525,8.109573e-02,2.804780e-02,9.827667e-03
SGPTL,526,7.221665e-02,2.804780e-02,9.846084e-03
SGPTL,527,6.771353e-02,2.804780e-02,9.863667e-03
SGPTL,528,6.392497e-02,2.804780e-02,9.882334e-03
SGPTL,529,6.131450e-02,2.804780e-02,9.901000e-03
SGPTL,530,5.997398e-02,2.804780e-02,9.918334e-03
SGPTL,531,5.977097e-02,2.804780e-02,9.936959e-03
SGPTL,532,6.705622e-02,2.804780e-02,9.955375e-03
SGPTL,533,6.700163e-02,2.804780e-02,9.972834e-03
SGPTL,534,6.901429e-02,2.804780e-02,9.991375e-03
SGPTL,535,6.807403e-02,2.804780e-02,1.000983e-02
SGPTL,536,7.458093e-02,2.804780e-02,1.002729e-02
SGPTL,537,8.039989e-02,2.804780e-02,1.004579e-02
SGPTL,538,7.525733e-02,2.804780e-02,1.006421e-02
SGPTL,539,7.571142e-02,2.804780e-02,1.008267e-02
SGPTL,540,8.411678e-02,2.804780e-02,1.010142e-02
SGPTL,541,7.895475e-02,2.804780e-02,1.011967e-02
SGPTL,542,8.012207e-02,2.804780e-02,1.013804e-02
SGPTL,543,8.041803e-02,2.804780e-02,1.015496e-02
SGPTL,544,8.264242e-02,2.804780e-02,1.017350e-02
SGPTL,545,8.095012e-02,2.804780e-02,1.019175e-02
SGPTL,546,7.653660e-02,2.804780e-02,1.020917e-02
SGPTL,547,7.338754e-02,2.804780e-02,1.022762e-02
SGPTL,548,7.329381e-02,2.804780e-02,1.024625e-02
SGPTL,549,7.092687e-02,2.804780e-02,1.026375e-02
SGPTL,550,6.647752e-02,2.804780e-02,1.028217e-02
SGPTL,551,6.450685e-02,2.804780e-02,1.030083e-02
SGPTL,552,6.953567e-02,2.804780e-02,1.031842e-02
SGPTL,553,7.436837e-02,2.804780e-02,1.033696e-02
SGPTL,554,7.507378e-02,2.804780e-02,1.035537e-02
SGPTL,555,8.210971e-02,2.804780e-02,1.037275e-02
SGPTL,556,7.917117e-02,2.804780e-02,1.039121e-02
SGPTL,557,8.120285e-02,2.804780e-02,1.040971e-02
SGPTL,558,7.505730e-02,2.804780e-02,1.042708e-02
SGPTL,559,7.427420e-02,2.804780e-02,1.044554e-02
SGPTL,560,7.322626e-02,2.804780e-02,1.046404e-02
SGPTL,561,7.381714e-02,2.804780e-02,1.048154e-02
SGPTL,562,7.714131e-02,2.804780e-02,1.049975e-02
SGPTL,563,7.492588e-02,2.804780e-02,1.051808e-02
SGPTL,564,7.476283e-02,2.804780e-02,1.053604e-02
SGPTL,565,7.616851e-02,2.804780e-02,1.055454e-02
SGPTL,566,7.600654e-02,2.804780e-02,1.057304e-02
SGPTL,567,7.514538e-02,2.804780e-02,1.059046e-02
SGPTL,568,7.861508e-02,2.804780e-02,1.060887e-02
SGPTL,569,8.467475e-02,2.804780e-02,1.062746e-02
SGPTL,570,8.355689e-02,2.804780e-02,1.064488e-02
SGPTL,571,7.897146e-02,2.804780e-02,1.066329e-02
SGPTL,572,7.399410e-02,2.804780e-02,1.068213e-02
SGPTL,573,7.478459e-02,2.804780e-02,1.069954e-02
SGPTL,574,7.649697e-02,2.804780e-02,1.071792e-02
SGPTL,575,7.695759e-02,2.804780e-02,1.073662e-02
SGPTL,576,7.450786e-02,2.804780e-02,1.075408e-02
SGPTL,577,7.446190e-02,2.804780e-02,1.077262e-02
SGPTL,578,7.306876e-02,2.804780e-02,1.079121e-02
SGPTL,579,7.716528e-02,2.804780e-02,1.080863e-02
SGPTL,580,7.575660e-02,2.804780e-02,1.082704e-02
SGPTL,581,4.527691e-02,2.804780e-02,1.084279e-02
SGPTL,582,3.550019e-02,2.804780e-02,1.086092e-02
SGPTL,583,3.320759e-02,2.804780e-02,1.087946e-02
SGPTL,584,3.633329e-02,2.804780e-02,1.089792e-02
SGPTL,585,3.855996e-02,2.804780e-02,1.091525e-02
SGPTL,586,4.424529e-02,2.804780e-02,1.093367e-02
SGPTL,587,4.553277e-02,2.804780e-02,1.095225e-02
SGPTL,588,4.769860e-02,2.804780e-02,1.096975e-02
SGPTL,589,4.876170e-02,2.804780e-02,1.098804e-02
SGPTL,590,5.193300e-02,2.804780e-02,1.100667e-02
SGPTL,591,5.489429e-02,2.804780e-02,1.102408e-02
SGPTL,592,5.554723e-02,2.804780e-02,1.104250e-02
SGPTL,593,5.734625e-02,2.804780e-02,1.106450e-02
SGPTL,594,5.525077e-02,2.804780e-02,1.108654e-02
SGPTL,595,5.401686e-02,2.804780e-02,1.110388e-02
SGPTL,596,5.632856e-02,2.804780e-02,1.112254e-02
SGPTL,597,6.248977e-02,2.804780e-02,1.114079e-02
SGPTL,598,6.878756e-02,2.804780e-02,1.115812e-02
SGPTL,599,7.004197e-02,2.804780e-02,1.117646e-02
SGPTL,600,6.929801e-02,2.804780e-02,1.119508e-02
SGPTL,601,7.443671e-02,2.804780e-02,1.121258e-02
SGPTL,602,7.452009e-02,2.804780e-02,1.123108e-02
SGPTL,603,6.888795e-02,2.804780e-02,1.124971e-02
SGPTL,604,6.476747e-02,2.804780e-02,1.126721e-02
SGPTL,605,6.385889e-02,2.804780e-02,1.128571e-02
SGPTL,606,6.044241e-02,2.804780e-02,1.130754e-02
SGPTL,607,6.247280e-02,2.804780e-02,1.132650e-02
SGPTL,608,6.189108e-02,2.804780e-02,1.134504e-02
SGPTL,609,5.753678e-02,2.804780e-02,1.137654e-02
SGPTL,610,5.507989e-02,2.804780e-02,1.140158e-02
SGPTL,611,5.601983e-02,2.804780e-02,1.142117e-02
SGPTL,612,5.911163e-02,2.804780e-02,1.144012e-02
SGPTL,613,5.600740e-02,2.804780e-02,1.146537e-02
SGPTL,614,5.338368e-02,2.804780e-02,1.148587e-02
SGPTL,615,5.023037e-02,2.804780e-02,1.150479e-02
SGPTL,616,5.247746e-02,2.804780e-02,1.153383e-02
SGPTL,617,5.523040e-02,2.804780e-02,1.155279e-02
SGPTL,618,5.542972e-02,2.804780e-02,1.157154e-02
SGPTL,619,6.020077e-02,2.804780e-02,1.158908e-02
SGPTL,620,5.898230e-02,2.804780e-02,1.160792e-02
SGPTL,621,5.958649e-02,2.804780e-02,1.162683e-02
SGPTL,622,5.370543e-02,2.804780e-02,1.164417e-02
SGPTL,623,4.703662e-02,2.804780e-02,1.166288e-02
SGPTL,624,5.053449e-02,2.804780e-02,1.168154e-02
SGPTL,625,4.947782e-02,2.804780e-02,1.169871e-02
SGPTL,626,5.325998e-02,2.804780e-02,1.171729e-02
SGPTL,627,5.268699e-02,2.804780e-02,1.173587e-02
SGPTL,628,5.489488e-02,2.804780e-02,1.175292e-02
SGPTL,629,6.357028e-02,2.804780e-02,1.177212e-02
SGPTL,630,6.593797e-02,2.804780e-02,1.179079e-02
SGPTL,631,6.055354e-02,2.804780e-02,1.180783e-02
SGPTL,632,5.874157e-02,2.804780e-02,1.182621e-02
SGPTL,633,6.400917e-02,2.804780e-02,1.184462e-02
SGPTL,634,6.819975e-02,2.804780e-02,1.186225e-02
SGPTL,635,6.538578e-02,2.804780e-02,1.188062e-02
SGPTL,636,6.067772e-02,2.804780e-02,1.189908e-02
SGPTL,637,5.766151e-02,2.804780e-02,1.191646e-02
SGPTL,638,5.379362e-02,2.804780e-02,1.193496e-02
SGPTL,639,5.412459e-02,2.804780e-02,1.195317e-02
SGPTL,640,5.090263e-02,2.804780e-02,1.197050e-02
SGPTL,641,4.822267e-02,2.804780e-02,1.198867e-02
SGPTL,642,5.412055e-02,2.804780e-02,1.200675e-02
SGPTL,643,6.059099e-02,2.804780e-02,1.202437e-02
SGPTL,644,6.198910e-02,2.804780e-02,1.204267e-02
SGPTL,645,6.114281e-02,2.804780e-02,1.206092e-02
SGPTL,646,5.758159e-02,2.804780e-02,1.207817e-02
SGPTL,647,5.588342e-02,2.804780e-02,1.209646e-02
SGPTL,648,4.977832e-02,2.804780e-02,1.211467e-02
SGPTL,649,4.899060e-02,2.804780e-02,1.213246e-02
SGPTL,650,4.902118e-02,2.804780e-02,1.215079e-02
SGPTL,651,5.403519e-02,2.804780e-02,1.216925e-02
SGPTL,652,5.515558e-02,2.804780e-02,1.218650e-02
SGPTL,653,5.893709e-02,2.804780e-02,1.220487e-02
SGPTL,654,6.240920e-02,2.804780e-02,1.222304e-02
SGPTL,655,6.132672e-02,2.804780e-02,1.224096e-02
SGPTL,656,5.886555e-02,2.804780e-02,1.225929e-02
SGPTL,657,5.643184e-02,2.804780e-02,1.227758e-02
SGPTL,658,5.347908e-02,2.804780e-02,1.229483e-02
SGPTL,659,5.261272e-02,2.804780e-02,1.231325e-02
SGPTL,660,5.436143e-02,2.804780e-02,1.233138e-02
SGPTL,661,3.586632e-02,2.804780e-02,1.234675e-02
SGPTL,662,3.189434e-02,2.804780e-02,1.236508e-02
SGPTL,663,2.961421e-02,2.804780e-02,1.238358e-02
SGPTL,664,2.783981e-02,2.783981e-02,1.240129e-02
SGPTL,665,2.892119e-02,2.783981e-02,1.241979e-02
SGPTL,666,2.855736e-02,2.783981e-02,1.243817e-02
SGPTL,667,2.816432e-02,2.783981e-02,1.245554e-02
SGPTL,668,2.964754e-02,2.783981e-02,1.247400e-02
SGPTL,669,3.066809e-02,2.783981e-02,1.249254e-02
SGPTL,670,3.098019e-02,2.783981e-02,1.250971e-02
SGPTL,671,3.205194e-02,2.783981e-02,1.252800e-02
SGPTL,672,3.155623e-02,2.783981e-02,1.254600e-02
SGPTL,673,3.105357e-02,2.783981e-02,1.256396e-02
SGPTL,674,3.077352e-02,2.783981e-02,1.258250e-02
SGPTL,675,3.103268e-02,2.783981e-02,1.260079e-02
SGPTL,676,3.157720e-02,2.783981e-02,1.261800e-02
SGPTL,677,3.161481e-02,2.783981e-02,1.263629e-02
SGPTL,678,3.286070e-02,2.783981e-02,1.265404e-02
SGPTL,679,3.327223e-02,2.783981e-02,1.267192e-02
SGPTL,680,3.445521e-02,2.783981e-02,1.269013e-02
SGPTL,681,3.554199e-02,2.783981e-02,1.270838e-02
SGPTL,682,3.618987e-02,2.783981e-02,1.272571e-02
SGPTL,683,3.936342e-02,2.783981e-02,1.274413e-02
SGPTL,684,4.133603e-02,2.783981e-02,1.276246e-02
SGPTL,685,4.521481e-02,2.783981e-02,1.277975e-02
SGPTL,686,4.782189e-02,2.783981e-02,1.279808e-02
SGPTL,687,4.764225e-02,2.783981e-02,1.281588e-02
SGPTL,688,4.887411e-02,2.783981e-02,1.283375e-02
SGPTL,689,4.716944e-02,2.783981e-02,1.285208e-02
SGPTL,690,4.499242e-02,2.783981e-02,1.287042e-02
SGPTL,691,4.284570e-02,2.783981e-02,1.288771e-02
SGPTL,692,4.309773e-02,2.783981e-02,1.290608e-02
SGPTL,693,4.224954e-02,2.783981e-02,1.292446e-02
SGPTL,694,4.243279e-02,2.783981e-02,1.294167e-02
SGPTL,695,4.416658e-02,2.783981e-02,1.295992e-02
SGPTL,696,4.518170e-02,2.783981e-02,1.297812e-02
SGPTL,697,4.256802e-02,2.783981e-02,1.299583e-02
SGPTL,698,4.132422e-02,2.783981e-02,1.301404e-02
SGPTL,699,3.639648e-02,2.783981e-02,1.303246e-02
SGPTL,700,3.584469e-02,2.783981e-02,1.304950e-02
SGPTL,701,3.597188e-02,2.783981e-02,1.306783e-02
SGPTL,702,3.641630e-02,2.783981e-02,1.308567e-02
SGPTL,703,3.563446e-02,2.783981e-02,1.310346e-02
SGPTL,704,3.628523e-02,2.783981e-02,1.312175e-02
SGPTL,705,3.892323e-02,2.783981e-02,1.314013e-02
SGPTL,706,3.899767e-02,2.783981e-02,1.315721e-02
SGPTL,707,4.027799e-02,2.783981e-02,1.317550e-02
SGPTL,708,3.620538e-02,2.783981e-02,1.319333e-02
SGPTL,709,3.469535e-02,2.783981e-02,1.321083e-02
SGPTL,710,3.157356e-02,2.783981e-02,1.322913e-02
SGPTL,711,3.153403e-02,2.783981e-02,1.324725e-02
SGPTL,712,3.431482e-02,2.783981e-02,1.326492e-02
SGPTL,713,3.438651e-02,2.783981e-02,1.328325e-02
SGPTL,714,3.421174e-02,2.783981e-02,1.330129e-02
SGPTL,715,3.647685e-02,2.783981e-02,1.331842e-02
SGPTL,716,4.041883e-02,2.783981e-02,1.333654e-02
SGPTL,717,4.747257e-02,2.783981e-02,1.335467e-02
SGPTL,718,4.434245e-02,2.783981e-02,1.337225e-02
SGPTL,719,4.216544e-02,2.783981e-02,1.339063e-02
SGPTL,720,3.655025e-02,2.783981e-02,1.340875e-02
SGPTL,721,3.344805e-02,2.783981e-02,1.342596e-02
SGPTL,722,3.409260e-02,2.783981e-02,1.344408e-02
SGPTL,723,3.555335e-02,2.783981e-02,1.346225e-02
SGPTL,724,3.520746e-02,2.783981e-02,1.347988e-02
SGPTL,725,3.585792e-02,2.783981e-02,1.349821e-02
SGPTL,726,3.656517e-02,2.783981e-02,1.351642e-02
SGPTL,727,3.765842e-02,2.783981e-02,1.353358e-02
SGPTL,728,3.850394e-02,2.783981e-02,1.355163e-02
SGPTL,729,3.828374e-02,2.783981e-02,1.356983e-02
SGPTL,730,3.927544e-02,2.783981e-02,1.358767e-02
SGPTL,731,3.944545e-02,2.783981e-02,1.360600e-02
SGPTL,732,3.960594e-02,2.783981e-02,1.362425e-02
SGPTL,733,3.976335e-02,2.783981e-02,1.364146e-02
SGPTL,734,3.971320e-02,2.783981e-02,1.365958e-02
SGPTL,735,3.691982e-02,2.783981e-02,1.367775e-02
SGPTL,736,3.758068e-02,2.783981e-02,1.369554e-02
SGPTL,737,3.873713e-02,2.783981e-02,1.371375e-02
SGPTL,738,3.900839e-02,2.783981e-02,1.373196e-02
SGPTL,739,3.739594e-02,2.783981e-02,1.374921e-02
SGPTL,740,3.536908e-02,2.783981e-02,1.376758e-02
SGPTL,741,3.579493e-02,2.783981e-02,1.378442e-02
SGPTL,742,3.671588e-02,2.783981e-02,1.380208e-02
SGPTL,743,3.599058e-02,2.783981e-02,1.382246e-02
SGPTL,744,3.624097e-02,2.783981e-02,1.384100e-02
SGPTL,745,2.536753e-02,2.536753e-02,1.385688e-02
SGPTL,746,2.181201e-02,2.181201e-02,1.387496e-02
SGPTL,747,1.930042e-02,1.930042e-02,1.389371e-02
SGPTL,748,1.818107e-02,1.818107e-02,1.391221e-02
SGPTL,749,1.822551e-02,1.818107e-02,1.392958e-02
SGPTL,750,1.736631e-02,1.736631e-02,1.394825e-02
SGPTL,751,1.667976e-02,1.667976e-02,1.396675e-02
SGPTL,752,1.599623e-02,1.599623e-02,1.398433e-02
SGPTL,753,1.522377e-02,1.522377e-02,1.400271e-02
SGPTL,754,1.525203e-02,1.522377e-02,1.402129e-02
SGPTL,755,1.527037e-02,1.522377e-02,1.403867e-02
SGPTL,756,1.488626e-02,1.488626e-02,1.405742e-02
SGPTL,757,1.432398e-02,1.432398e-02,1.407596e-02
SGPTL,758,1.367193e-02,1.367193e-02,1.409342e-02
SGPTL,759,1.292400e-02,1.292400e-02,1.411196e-02
SGPTL,760,1.246759e-02,1.246759e-02,1.413071e-02
SGPTL,761,1.300194e-02,1.246759e-02,1.414979e-02
SGPTL,762,1.677980e-02,1.246759e-02,1.417129e-02
SGPTL,763,2.739853e-02,1.246759e-02,1.418979e-02
SGPTL,764,4.233109e-02,1.246759e-02,1.420704e-02
SGPTL,765,6.652898e-02,1.246759e-02,1.422546e-02
SGPTL,766,9.005368e-02,1.246759e-02,1.424383e-02
SGPTL,767,9.329116e-02,1.246759e-02,1.426129e-02
SGPTL,768,1.153506e-01,1.246759e-02,1.427967e-02
SGPTL,769,1.357536e-01,1.246759e-02,1.429792e-02
SGPTL,770,1.372377e-01,1.246759e-02,1.431521e-02
SGPTL,771,1.292269e-01,1.246759e-02,1.433358e-02
SGPTL,772,1.204405e-01,1.246759e-02,1.435142e-02
SGPTL,773,1.037249e-01,1.246759e-02,1.436925e-02
SGPTL,774,1.017689e-01,1.246759e-02,1.438758e-02
SGPTL,775,9.414539e-02,1.246759e-02,1.440600e-02
SGPTL,776,8.972755e-02,1.246759e-02,1.442329e-02
SGPTL,777,8.416014e-02,1.246759e-02,1.444171e-02
SGPTL,778,8.015440e-02,1.246759e-02,1.446021e-02
SGPTL,779,8.343518e-02,1.246759e-02,1.447746e-02
SGPTL,780,8.174350e-02,1.246759e-02,1.449604e-02
SGPTL,781,8.415915e-02,1.246759e-02,1.451454e-02
SGPTL,782,9.138370e-02,1.246759e-02,1.453192e-02
SGPTL,783,8.692213e-02,1.246759e-02,1.455021e-02
SGPTL,784,8.970475e-02,1.246759e-02,1.456858e-02
SGPTL,785,9.774118e-02,1.246759e-02,1.458583e-02
SGPTL,786,9.080770e-02,1.246759e-02,1.460425e-02
SGPTL,787,9.459134e-02,1.246759e-02,1.462271e-02
SGPTL,788,9.293990e-02,1.246759e-02,1.464012e-02
SGPTL,789,9.198769e-02,1.246759e-02,1.465850e-02
SGPTL,790,9.545898e-02,1.246759e-02,1.467625e-02
SGPTL,791,9.946754e-02,1.246759e-02,1.469425e-02
SGPTL,792,1.015710e-01,1.246759e-02,1.471246e-02
SGPTL,793,1.013951e-01,1.246759e-02,1.473063e-02
SGPTL,794,9.498828e-02,1.246759e-02,1.474788e-02
SGPTL,795,8.194825e-02,1.246759e-02,1.476625e-02
SGPTL,796,8.036423e-02,1.246759e-02,1.478475e-02
SGPTL,797,7.962196e-02,1.246759e-02,1.480208e-02
SGPTL,798,8.356980e-02,1.246759e-02,1.482046e-02
SGPTL,799,8.338664e-02,1.246759e-02,1.483896e-02
SGPTL,800,8.549220e-02,1.246759e-02,1.485642e-02
SGPTL,801,9.245794e-02,1.246759e-02,1.487475e-02
SGPTL,802,8.963335e-02,1.246759e-02,1.489242e-02
SGPTL,803,9.431437e-02,1.246759e-02,1.491033e-02
SGPTL,804,9.844497e-02,1.246759e-02,1.492875e-02
SGPTL,805,9.896302e-02,1.246759e-02,1.494696e-02
SGPTL,806,9.861369e-02,1.246759e-02,1.496425e-02
SGPTL,807,9.513956e-02,1.246759e-02,1.498262e-02
SGPTL,808,8.919690e-02,1.246759e-02,1.500104e-02
SGPTL,809,8.283904e-02,1.246759e-02,1.501829e-02
SGPTL,810,8.133886e-02,1.246759e-02,1.503671e-02
SGPTL,811,7.707771e-02,1.246759e-02,1.505454e-02
SGPTL,812,7.782801e-02,1.246759e-02,1.507250e-02
SGPTL,813,8.000407e-02,1.246759e-02,1.509100e-02
SGPTL,814,8.697056e-02,1.246759e-02,1.510937e-02
SGPTL,815,8.995549e-02,1.246759e-02,1.512654e-02
SGPTL,816,9.501706e-02,1.246759e-02,1.514496e-02
SGPTL,817,9.628508e-02,1.246759e-02,1.516317e-02
SGPTL,818,1.000699e-01,1.246759e-02,1.518058e-02
SGPTL,819,9.502286e-02,1.246759e-02,1.519908e-02
SGPTL,820,1.005958e-01,1.246759e-02,1.521746e-02
SGPTL,821,9.663554e-02,1.246759e-02,1.523487e-02
SGPTL,822,8.899336e-02,1.246759e-02,1.525317e-02
SGPTL,823,8.775306e-02,1.246759e-02,1.527100e-02
SGPTL,824,8.635353e-02,1.246759e-02,1.528892e-02
SGPTL,825,8.583262e-02,1.246759e-02,1.530738e-02
SGPTL,826,8.508940e-02,1.246759e-02,1.532567e-02
SGPTL,827,9.000688e-02,1.246759e-02,1.534292e-02
SGPTL,828,9.281948e-02,1.246759e-02,1.536129e-02
SGPTL,829,9.126548e-02,1.246759e-02,1.537908e-02
SGPTL,830,9.431999e-02,1.246759e-02,1.539708e-02
SGPTL,831,9.756122e-02,1.246759e-02,1.541546e-02
SGPTL,832,9.643836e-02,1.246759e-02,1.543392e-02
SGPTL,833,9.522277e-02,1.246759e-02,1.545104e-02
SGPTL,834,9.978338e-02,1.246759e-02,1.546933e-02
SGPTL,835,9.408444e-02,1.246759e-02,1.548725e-02
SGPTL,836,8.792237e-02,1.246759e-02,1.550513e-02
SGPTL,837,8.793297e-02,1.246759e-02,1.552358e-02
SGPTL,838,9.747271e-02,1.246759e-02,1.554192e-02
SGPTL,839,1.064266e-01,1.246759e-02,1.555917e-02
SGPTL,840,9.961649e-02,1.246759e-02,1.557762e-02
SGPTL,841,5.751276e-02,1.246759e-02,1.559325e-02
SGPTL,842,5.069380e-02,1.246759e-02,1.561108e-02
SGPTL,843,4.873692e-02,1.246759e-02,1.562950e-02
SGPTL,844,5.026152e-02,1.246759e-02,1.564796e-02
SGPTL,845,5.232210e-02,1.246759e-02,1.566533e-02
SGPTL,846,5.869846e-02,1.246759e-02,1.568371e-02
SGPTL,847,6.699790e-02,1.246759e-02,1.570225e-02
SGPTL,848,7.758245e-02,1.246759e-02,1.571963e-02
SGPTL,849,8.796483e-02,1.246759e-02,1.573804e-02
SGPTL,850,9.451552e-02,1.246759e-02,1.575579e-02
SGPTL,851,1.002869e-01,1.246759e-02,1.577371e-02
SGPTL,852,1.054333e-01,1.246759e-02,1.579212e-02
SGPTL,853,1.118305e-01,1.246759e-02,1.581042e-02
SGPTL,854,1.166831e-01,1.246759e-02,1.582750e-02
SGPTL,855,1.186481e-01,1.246759e-02,1.584588e-02
SGPTL,856,1.230527e-01,1.246759e-02,1.586387e-02
SGPTL,857,1.343809e-01,1.246759e-02,1.588137e-02
SGPTL,858,1.206365e-01,1.246759e-02,1.589971e-02
SGPTL,859,1.090364e-01,1.246759e-02,1.591800e-02
SGPTL,860,9.914282e-02,1.246759e-02,1.593579e-02
SGPTL,861,9.176093e-02,1.246759e-02,1.595742e-02
SGPTL,862,8.484844e-02,1.246759e-02,1.597867e-02
SGPTL,863,8.347316e-02,1.246759e-02,1.599588e-02
SGPTL,864,8.107747e-02,1.246759e-02,1.601437e-02
SGPTL,865,7.743503e-02,1.246759e-02,1.603287e-02
SGPTL,866,8.093898e-02,1.246759e-02,1.605017e-02
SGPTL,867,8.180796e-02,1.246759e-02,1.606879e-02
SGPTL,868,7.649934e-02,1.246759e-02,1.608733e-02
SGPTL,869,7.585312e-02,1.246759e-02,1.610550e-02
SGPTL,870,7.642866e-02,1.246759e-02,1.612388e-02
SGPTL,871,7.729512e-02,1.246759e-02,1.614429e-02
SGPTL,872,7.722200e-02,1.246759e-02,1.616292e-02
SGPTL,873,7.118432e-02,1.246759e-02,1.618104e-02
SGPTL,874,6.524374e-02,1.246759e-02,1.619946e-02
SGPTL,875,6.374375e-02,1.246759e-02,1.621825e-02
SGPTL,876,6.717063e-02,1.246759e-02,1.623529e-02
SGPTL,877,7.314580e-02,1.246759e-02,1.625375e-02
SGPTL,878,7.868474e-02,1.246759e-02,1.627208e-02
SGPTL,879,8.357565e-02,1.246759e-02,1.628917e-02
SGPTL,880,8.993602e-02,1.246759e-02,1.630767e-02
SGPTL,881,8.908466e-02,1.246759e-02,1.632604e-02
SGPTL,882,9.835038e-02,1.246759e-02,1.634313e-02
SGPTL,883,9.700289e-02,1.246759e-02,1.636179e-02
SGPTL,884,1.013594e-01,1.246759e-02,1.638038e-02
SGPTL,885,9.027625e-02,1.246759e-02,1.639754e-02
SGPTL,886,8.758281e-02,1.246759e-02,1.641617e-02
SGPTL,887,8.167585e-02,1.246759e-02,1.643475e-02
SGPTL,888,8.020589e-02,1.246759e-02,1.645192e-02
SGPTL,889,7.534167e-02,1.246759e-02,1.647042e-02
SGPTL,890,7.485185e-02,1.246759e-02,1.648896e-02
SGPTL,891,7.512728e-02,1.246759e-02,1.650617e-02
SGPTL,892,7.558539e-02,1.246759e-02,1.652479e-02
SGPTL,893,7.788595e-02,1.246759e-02,1.654342e-02
SGPTL,894,7.746512e-02,1.246759e-02,1.656042e-02
SGPTL,895,8.232717e-02,1.246759e-02,1.657904e-02
SGPTL,896,8.734165e-02,1.246759e-02,1.659767e-02
SGPTL,897,9.253936e-02,1.246759e-02,1.661492e-02
SGPTL,898,8.914772e-02,1.246759e-02,1.663350e-02
SGPTL,899,9.611786e-02,1.246759e-02,1.665233e-02
SGPTL,900,9.456119e-02,1.246759e-02,1.666954e-02
SGPTL,901,8.877965e-02,1.246759e-02,1.668817e-02
SGPTL,902,8.658008e-02,1.246759e-02,1.670662e-02
SGPTL,903,8.862956e-02,1.246759e-02,1.672367e-02
SGPTL,904,9.046655e-02,1.246759e-02,1.674233e-02
SGPTL,905,8.646038e-02,1.246759e-02,1.676083e-02
SGPTL,906,8.477624e-02,1.246759e-02,1.677792e-02
SGPTL,907,9.069398e-02,1.246759e-02,1.679663e-02
SGPTL,908,8.778036e-02,1.246759e-02,1.681517e-02
SGPTL,909,8.508116e-02,1.246759e-02,1.683238e-02
SGPTL,910,8.228495e-02,1.246759e-02,1.685112e-02
SGPTL,911,8.459619e-02,1.246759e-02,1.686967e-02
SGPTL,912,8.830500e-02,1.246759e-02,1.688692e-02
SGPTL,913,8.803692e-02,1.246759e-02,1.690571e-02
SGPTL,914,8.917291e-02,1.246759e-02,1.692425e-02
SGPTL,915,9.089698e-02,1.246759e-02,1.694158e-02
SGPTL,916,8.685448e-02,1.246759e-02,1.696004e-02
SGPTL,917,7.978273e-02,1.246759e-02,1.697850e-02
SGPTL,918,8.292591e-02,1.246759e-02,1.699567e-02
SGPTL,919,8.363033e-02,1.246759e-02,1.701425e-02
SGPTL,920,8.091900e-02,1.246759e-02,1.703271e-02
SGPTL,921,4.498251e-02,1.246759e-02,1.704771e-02
SGPTL,922,4.034891e-02,1.246759e-02,1.706654e-02
SGPTL,923,4.117632e-02,1.246759e-02,1.708533e-02
SGPTL,924,4.059709e-02,1.246759e-02,1.710254e-02
SGPTL,925,4.548781e-02,1.246759e-02,1.712125e-02
SGPTL,926,5.439006e-02,1.246759e-02,1.714000e-02
SGPTL,927,6.380086e-02,1.246759e-02,1.715712e-02
SGPTL,928,6.978206e-02,1.246759e-02,1.717567e-02
SGPTL,929,7.127687e-02,1.246759e-02,1.719433e-02
SGPTL,930,7.028595e-02,1.246759e-02,1.721158e-02
SGPTL,931,7.190091e-02,1.246759e-02,1.723021e-02
SGPTL,932,7.906894e-02,1.246759e-02,1.724904e-02
SGPTL,933,8.337789e-02,1.246759e-02,1.726775e-02
SGPTL,934,8.046661e-02,1.246759e-02,1.728562e-02
SGPTL,935,8.005141e-02,1.246759e-02,1.730433e-02
SGPTL,936,8.436312e-02,1.246759e-02,1.732304e-02
SGPTL,937,9.117684e-02,1.246759e-02,1.734000e-02
SGPTL,938,1.007418e-01,1.246759e-02,1.735867e-02
SGPTL,939,1.061128e-01,1.246759e-02,1.737729e-02
SGPTL,940,9.983740e-02,1.246759e-02,1.739442e-02
SGPTL,941,8.747698e-02,1.246759e-02,1.741321e-02
SGPTL,942,7.941444e-02,1.246759e-02,1.743192e-02
SGPTL,943,7.606819e-02,1.246759e-02,1.745113e-02
SGPTL,944,7.374501e-02,1.246759e-02,1.746875e-02
SGPTL,945,7.052940e-02,1.246759e-02,1.748729e-02
SGPTL,946,6.768291e-02,1.246759e-02,1.750550e-02
SGPTL,947,7.346083e-02,1.246759e-02,1.752325e-02
SGPTL,948,7.649442e-02,1.246759e-02,1.754162e-02
SGPTL,949,7.597283e-02,1.246759e-02,1.756021e-02
SGPTL,950,7.652450e-02,1.246759e-02,1.757771e-02
SGPTL,951,6.699623e-02,1.246759e-02,1.759621e-02
SGPTL,952,5.815252e-02,1.246759e-02,1.761467e-02
SGPTL,953,5.361353e-02,1.246759e-02,1.763183e-02
SGPTL,954,5.905679e-02,1.246759e-02,1.765033e-02
SGPTL,955,6.354055e-02,1.246759e-02,1.766887e-02
SGPTL,956,6.538221e-02,1.246759e-02,1.768642e-02
SGPTL,957,6.577986e-02,1.246759e-02,1.770496e-02
SGPTL,958,6.875655e-02,1.246759e-02,1.772371e-02
SGPTL,959,7.365236e-02,1.246759e-02,1.774133e-02
SGPTL,960,7.726979e-02,1.246759e-02,1.775996e-02
SGPTL,961,8.267731e-02,1.246759e-02,1.777842e-02
SGPTL,962,7.603425e-02,1.246759e-02,1.779583e-02
SGPTL,963,6.505173e-02,1.246759e-02,1.781425e-02
SGPTL,964,6.472797e-02,1.246759e-02,1.783267e-02
SGPTL,965,6.796221e-02,1.246759e-02,1.785021e-02
SGPTL,966,7.209928e-02,1.246759e-02,1.786858e-02
SGPTL,967,7.511470e-02,1.246759e-02,1.788696e-02
SGPTL,968,7.843755e-02,1.246759e-02,1.790446e-02
SGPTL,969,7.929580e-02,1.246759e-02,1.792283e-02
SGPTL,970,6.814671e-02,1.246759e-02,1.794133e-02
SGPTL,971,7.249937e-02,1.246759e-02,1.795867e-02
SGPTL,972,7.184844e-02,1.246759e-02,1.797708e-02
SGPTL,973,7.420251e-02,1.246759e-02,1.799937e-02
SGPTL,974,8.161722e-02,1.246759e-02,1.802267e-02
SGPTL,975,7.827480e-02,1.246759e-02,1.804129e-02
SGPTL,976,7.121226e-02,1.246759e-02,1.805925e-02
SGPTL,977,6.539442e-02,1.246759e-02,1.807792e-02
SGPTL,978,6.179234e-02,1.246759e-02,1.809671e-02
SGPTL,979,6.138594e-02,1.246759e-02,1.811412e-02
SGPTL,980,6.348035e-02,1.246759e-02,1.813275e-02
SGPTL,981,6.503438e-02,1.246759e-02,1.815075e-02
SGPTL,982,7.335557e-02,1.246759e-02,1.816904e-02
SGPTL,983,8.170562e-02,1.246759e-02,1.818633e-02
SGPTL,984,8.740865e-02,1.246759e-02,1.820463e-02
SGPTL,985,8.689736e-02,1.246759e-02,1.822313e-02
SGPTL,986,8.187859e-02,1.246759e-02,1.824058e-02
SGPTL,987,7.703331e-02,1.246759e-02,1.825912e-02
SGPTL,988,6.401401e-02,1.246759e-02,1.827779e-02
SGPTL,989,5.768857e-02,1.246759e-02,1.829517e-02
SGPTL,990,5.467781e-02,1.246759e-02,1.831383e-02
SGPTL,991,5.088487e-02,1.246759e-02,1.833225e-02
SGPTL,992,5.083597e-02,1.246759e-02,1.834975e-02
SGPTL,993,5.733944e-02,1.246759e-02,1.836808e-02
SGPTL,994,7.240730e-02,1.246759e-02,1.838675e-02
SGPTL,995,7.780094e-02,1.246759e-02,1.840408e-02
SGPTL,996,7.448664e-02,1.246759e-02,1.842271e-02
SGPTL,997,7.157069e-02,1.246759e-02,1.844104e-02
SGPTL,998,6.395937e-02,1.246759e-02,1.846071e-02
SGPTL,999,6.320501e-02,1.246759e-02,1.847954e-02
SGPTL,1000,6.293680e-02,1.246759e-02,1.849821e-02
SGPTL,1001,4.593586e-02,1.246759e-02,1.851342e-02
SGPTL,1002,3.871233e-02,1.246759e-02,1.853204e-02
SGPTL,1003,3.604026e-02,1.246759e-02,1.855062e-02
SGPTL,1004,3.906259e-02,1.246759e-02,1.856808e-02
SGPTL,1005,4.081492e-02,1.246759e-02,1.858679e-02
SGPTL,1006,4.511748e-02,1.246759e-02,1.860542e-02
SGPTL,1007,4.849705e-02,1.246759e-02,1.862275e-02
SGPTL,1008,5.157029e-02,1.246759e-02,1.864137e-02
SGPTL,1009,5.587520e-02,1.246759e-02,1.866025e-02
SGPTL,1010,5.933425e-02,1.246759e-02,1.867758e-02
SGPTL,1011,6.294934e-02,1.246759e-02,1.869604e-02
SGPTL,1012,6.318879e-02,1.246759e-02,1.871458e-02
SGPTL,1013,5.945180e-02,1.246759e-02,1.873208e-02
SGPTL,1014,5.836377e-02,1.246759e-02,1.875071e-02
SGPTL,1015,6.115652e-02,1.246759e-02,1.877004e-02
SGPTL,1016,6.350010e-02,1.246759e-02,1.878742e-02
SGPTL,1017,6.602498e-02,1.246759e-02,1.880600e-02
SGPTL,1018,7.197361e-02,1.246759e-02,1.882304e-02
SGPTL,1019,8.167868e-02,1.246759e-02,1.884175e-02
SGPTL,1020,8.276188e-02,1.246759e-02,1.886033e-02
SGPTL,1021,8.031490e-02,1.246759e-02,1.887779e-02
SGPTL,1022,7.758369e-02,1.246759e-02,1.889633e-02
SGPTL,1023,7.587246e-02,1.246759e-02,1.891500e-02
SGPTL,1024,6.918618e-02,1.246759e-02,1.893242e-02
SGPTL,1025,6.291175e-02,1.246759e-02,1.895100e-02
SGPTL,1026,6.113875e-02,1.246759e-02,1.896967e-02
SGPTL,1027,5.930991e-02,1.246759e-02,1.898696e-02
SGPTL,1028,5.712856e-02,1.246759e-02,1.900554e-02
SGPTL,1029,5.696374e-02,1.246759e-02,1.902412e-02
SGPTL,1030,5.762146e-02,1.246759e-02,1.904150e-02
SGPTL,1031,5.814341e-02,1.246759e-02,1.906000e-02
SGPTL,1032,5.377883e-02,1.246759e-02,1.907896e-02
SGPTL,1033,5.349812e-02,1.246759e-02,1.909637e-02
SGPTL,1034,5.436515e-02,1.246759e-02,1.911500e-02
SGPTL,1035,5.279237e-02,1.246759e-02,1.913362e-02
SGPTL,1036,5.614766e-02,1.246759e-02,1.915083e-02
SGPTL,1037,5.637719e-02,1.246759e-02,1.916942e-02
SGPTL,1038,5.519824e-02,1.246759e-02,1.918800e-02
SGPTL,1039,5.289406e-02,1.246759e-02,1.920546e-02
SGPTL,1040,5.327641e-02,1.246759e-02,1.922396e-02
SGPTL,1041,5.918458e-02,1.246759e-02,1.924258e-02
SGPTL,1042,6.136666e-02,1.246759e-02,1.926004e-02
SGPTL,1043,6.510823e-02,1.246759e-02,1.927858e-02
SGPTL,1044,6.444124e-02,1.246759e-02,1.929712e-02
SGPTL,1045,6.243391e-02,1.246759e-02,1.931467e-02
SGPTL,1046,6.374918e-02,1.246759e-02,1.933337e-02
SGPTL,1047,6.508226e-02,1.246759e-02,1.935192e-02
SGPTL,1048,6.335268e-02,1.246759e-02,1.936929e-02
SGPTL,1049,6.411962e-02,1.246759e-02,1.938800e-02
SGPTL,1050,6.394856e-02,1.246759e-02,1.940625e-02
SGPTL,1051,6.532678e-02,1.246759e-02,1.942354e-02
SGPTL,1052,6.089480e-02,1.246759e-02,1.944208e-02
SGPTL,1053,5.897086e-02,1.246759e-02,1.946050e-02
SGPTL,1054,5.734285e-02,1.246759e-02,1.947783e-02
SGPTL,1055,5.436026e-02,1.246759e-02,1.949633e-02
SGPTL,1056,5.277711e-02,1.246759e-02,1.951492e-02
SGPTL,1057,5.036614e-02,1.246759e-02,1.953237e-02
SGPTL,1058,5.476792e-02,1.246759e-02,1.955096e-02
SGPTL,1059,5.486331e-02,1.246759e-02,1.956975e-02
SGPTL,1060,5.421996e-02,1.246759e-02,1.958692e-02
SGPTL,1061,5.718469e-02,1.246759e-02,1.960562e-02
SGPTL,1062,6.018642e-02,1.246759e-02,1.962442e-02
SGPTL,1063,6.755504e-02,1.246759e-02,1.964158e-02
SGPTL,1064,6.440246e-02,1.246759e-02,1.966108e-02
SGPTL,1065,6.149766e-02,1.246759e-02,1.967925e-02
SGPTL,1066,6.013797e-02,1.246759e-02,1.969775e-02
SGPTL,1067,5.296115e-02,1.246759e-02,1.971650e-02
SGPTL,1068,6.008840e-02,1.246759e-02,1.973379e-02
SGPTL,1069,5.917438e-02,1.246759e-02,1.975258e-02
SGPTL,1070,5.105062e-02,1.246759e-02,1.977117e-02
SGPTL,1071,5.284570e-02,1.246759e-02,1.978846e-02
SGPTL,1072,5.905932e-02,1.246759e-02,1.980704e-02
SGPTL,1073,6.108104e-02,1.246759e-02,1.982554e-02
SGPTL,1074,6.193057e-02,1.246759e-02,1.984312e-02
SGPTL,1075,6.419386e-02,1.246759e-02,1.986154e-02
SGPTL,1076,6.475218e-02,1.246759e-02,1.988017e-02
SGPTL,1077,6.632096e-02,1.246759e-02,1.989758e-02
SGPTL,1078,6.109401e-02,1.246759e-02,1.991600e-02
SGPTL,1079,5.826538e-02,1.246759e-02,1.993479e-02
SGPTL,1080,5.879132e-02,1.246759e-02,1.995317e-02
SGPTL,1081,3.662086e-02,1.246759e-02,1.996875e-02
SGPTL,1082,3.275614e-02,1.246759e-02,1.998658e-02
SGPTL,1083,3.647376e-02,1.246759e-02,2.000508e-02
SGPTL,1084,3.750206e-02,1.246759e-02,2.002379e-02
SGPTL,1085,3.976630e-02,1.246759e-02,2.004125e-02
SGPTL,1086,4.328063e-02,1.246759e-02,2.006000e-02
SGPTL,1087,4.486414e-02,1.246759e-02,2.007904e-02
SGPTL,1088,4.700371e-02,1.246759e-02,2.009783e-02
SGPTL,1089,5.045532e-02,1.246759e-02,2.011600e-02
SGPTL,1090,5.054329e-02,1.246759e-02,2.013446e-02
SGPTL,1091,4.946747e-02,1.246759e-02,2.015292e-02
SGPTL,1092,4.685023e-02,1.246759e-02,2.017050e-02
SGPTL,1093,4.690113e-02,1.246759e-02,2.018921e-02
SGPTL,1094,4.638244e-02,1.246759e-02,2.020762e-02
SGPTL,1095,4.371020e-02,1.246759e-02,2.022513e-02
SGPTL,1096,4.468210e-02,1.246759e-02,2.024358e-02
SGPTL,1097,4.473153e-02,1.246759e-02,2.026200e-02
SGPTL,1098,4.587559e-02,1.246759e-02,2.027946e-02
SGPTL,1099,4.726016e-02,1.246759e-02,2.029804e-02
SGPTL,1100,4.807935e-02,1.246759e-02,2.031662e-02
SGPTL,1101,4.769832e-02,1.246759e-02,2.033421e-02
SGPTL,1102,4.964784e-02,1.246759e-02,2.035304e-02
SGPTL,1103,4.831371e-02,1.246759e-02,2.037150e-02
SGPTL,1104,4.757858e-02,1.246759e-02,2.038871e-02
SGPTL,1105,4.994172e-02,1.246759e-02,2.040725e-02
SGPTL,1106,5.105548e-02,1.246759e-02,2.042504e-02
SGPTL,1107,5.328733e-02,1.246759e-02,2.044288e-02
SGPTL,1108,5.723637e-02,1.246759e-02,2.046133e-02
SGPTL,1109,5.640838e-02,1.246759e-02,2.047963e-02
SGPTL,1110,5.645738e-02,1.246759e-02,2.049683e-02
SGPTL,1111,5.605060e-02,1.246759e-02,2.051542e-02
SGPTL,1112,5.384140e-02,1.246759e-02,2.053367e-02
SGPTL,1113,5.372636e-02,1.246759e-02,2.055125e-02
SGPTL,1114,5.280163e-02,1.246759e-02,2.056958e-02
SGPTL,1115,5.220563e-02,1.246759e-02,2.058800e-02
SGPTL,1116,5.031538e-02,1.246759e-02,2.060546e-02
SGPTL,1117,4.702458e-02,1.246759e-02,2.062400e-02
SGPTL,1118,4.388291e-02,1.246759e-02,2.064171e-02
SGPTL,1119,4.263622e-02,1.246759e-02,2.065983e-02
SGPTL,1120,4.369527e-02,1.246759e-02,2.067837e-02
SGPTL,1121,4.362181e-02,1.246759e-02,2.069658e-02
SGPTL,1122,4.468768e-02,1.246759e-02,2.071383e-02
SGPTL,1123,4.601298e-02,1.246759e-02,2.073225e-02
SGPTL,1124,4.732674e-02,1.246759e-02,2.075054e-02
SGPTL,1125,4.523938e-02,1.246759e-02,2.076796e-02
SGPTL,1126,4.378177e-02,1.246759e-02,2.078875e-02
SGPTL,1127,4.591567e-02,1.246759e-02,2.080721e-02
SGPTL,1128,4.856598e-02,1.246759e-02,2.082475e-02
SGPTL,1129,4.996189e-02,1.246759e-02,2.084342e-02
SGPTL,1130,5.190563e-02,1.246759e-02,2.086158e-02
SGPTL,1131,4.817530e-02,1.246759e-02,2.087900e-02
SGPTL,1132,4.759275e-02,1.246759e-02,2.089754e-02
SGPTL,1133,4.768879e-02,1.246759e-02,2.091579e-02
SGPTL,1134,4.711081e-02,1.246759e-02,2.093329e-02
SGPTL,1135,4.300710e-02,1.246759e-02,2.095167e-02
SGPTL,1136,4.223495e-02,1.246759e-02,2.097004e-02
SGPTL,1137,4.161183e-02,1.246759e-02,2.098737e-02
SGPTL,1138,4.283958e-02,1.246759e-02,2.100583e-02
SGPTL,1139,4.716903e-02,1.246759e-02,2.102421e-02
SGPTL,1140,4.852095e-02,1.246759e-02,2.104175e-02
SGPTL,1141,4.854977e-02,1.246759e-02,2.106021e-02
SGPTL,1142,4.879306e-02,1.246759e-02,2.107846e-02
SGPTL,1143,5.335853e-02,1.246759e-02,2.109592e-02
SGPTL,1144,5.240624e-02,1.246759e-02,2.111429e-02
SGPTL,1145,4.698169e-02,1.246759e-02,2.113221e-02
SGPTL,1146,4.658903e-02,1.246759e-02,2.115021e-02
SGPTL,1147,4.810615e-02,1.246759e-02,2.116863e-02
SGPTL,1148,4.546027e-02,1.246759e-02,2.118712e-02
SGPTL,1149,4.586906e-02,1.246759e-02,2.120446e-02
SGPTL,1150,4.771585e-02,1.246759e-02,2.122296e-02
SGPTL,1151,4.924177e-02,1.246759e-02,2.124137e-02
SGPTL,1152,5.048041e-02,1.246759e-02,2.125888e-02
SGPTL,1153,4.750912e-02,1.246759e-02,2.127717e-02
SGPTL,1154,4.610922e-02,1.246759e-02,2.129496e-02
SGPTL,1155,4.569095e-02,1.246759e-02,2.131296e-02
SGPTL,1156,4.875801e-02,1.246759e-02,2.133158e-02
SGPTL,1157,4.815848e-02,1.246759e-02,2.134983e-02
SGPTL,1158,5.234267e-02,1.246759e-02,2.136704e-02
SGPTL,1159,4.757219e-02,1.246759e-02,2.138946e-02
SGPTL,1160,4.724608e-02,1.246759e-02,2.140783e-02
SGPTL,1161,3.222782e-02,1.246759e-02,2.142288e-02
SGPTL,1162,2.895612e-02,1.246759e-02,2.144125e-02
SGPTL,1163,2.808633e-02,1.246759e-02,2.145975e-02
SGPTL,1164,2.629297e-02,1.246759e-02,2.147721e-02
SGPTL,1165,2.691045e-02,1.246759e-02,2.149550e-02
SGPTL,1166,2.732383e-02,1.246759e-02,2.151392e-02
SGPTL,1167,2.961886e-02,1.246759e-02,2.153133e-02
SGPTL,1168,3.310351e-02,1.246759e-02,2.154967e-02
SGPTL,1169,3.570817e-02,1.246759e-02,2.156783e-02
SGPTL,1170,3.605309e-02,1.246759e-02,2.158579e-02
SGPTL,1171,3.625707e-02,1.246759e-02,2.160429e-02
SGPTL,1172,3.702433e-02,1.246759e-02,2.162262e-02
SGPTL,1173,3.770568e-02,1.246759e-02,2.163983e-02
SGPTL,1174,3.901582e-02,1.246759e-02,2.165821e-02
SGPTL,1175,3.632018e-02,1.246759e-02,2.167667e-02
SGPTL,1176,3.471570e-02,1.246759e-02,2.169404e-02
SGPTL,1177,3.462092e-02,1.246759e-02,2.171233e-02
SGPTL,1178,3.431176e-02,1.246759e-02,2.173012e-02
SGPTL,1179,3.389488e-02,1.246759e-02,2.174825e-02
SGPTL,1180,3.593491e-02,1.246759e-02,2.176675e-02
SGPTL,1181,4.007157e-02,1.246759e-02,2.178517e-02
SGPTL,1182,4.070698e-02,1.246759e-02,2.180229e-02
SGPTL,1183,4.197338e-02,1.246759e-02,2.182058e-02
SGPTL,1184,4.859223e-02,1.246759e-02,2.183879e-02
SGPTL,1185,5.349409e-02,1.246759e-02,2.185546e-02
SGPTL,1186,5.026251e-02,1.246759e-02,2.187279e-02
SGPTL,1187,4.688989e-02,1.246759e-02,2.189125e-02
SGPTL,1188,4.339549e-02,1.246759e-02,2.190954e-02
SGPTL,1189,4.213911e-02,1.246759e-02,2.192675e-02
SGPTL,1190,4.193565e-02,1.246759e-02,2.194542e-02
SGPTL,1191,4.102124e-02,1.246759e-02,2.196383e-02
SGPTL,1192,3.974158e-02,1.246759e-02,2.198108e-02
SGPTL,1193,4.204406e-02,1.246759e-02,2.199958e-02
SGPTL,1194,4.525659e-02,1.246759e-02,2.201725e-02
SGPTL,1195,4.824120e-02,1.246759e-02,2.203529e-02
SGPTL,1196,4.514358e-02,1.246759e-02,2.205383e-02
SGPTL,1197,4.266061e-02,1.246759e-02,2.207229e-02
SGPTL,1198,3.994026e-02,1.246759e-02,2.208938e-02
SGPTL,1199,3.779649e-02,1.246759e-02,2.210775e-02
SGPTL,1200,3.418823e-02,1.246759e-02,2.212617e-02
SGPTL,1201,3.372025e-02,1.246759e-02,2.215004e-02
SGPTL,1202,3.380526e-02,1.246759e-02,2.216946e-02
SGPTL,1203,3.574683e-02,1.246759e-02,2.218812e-02
SGPTL,1204,3.691588e-02,1.246759e-02,2.220675e-02
SGPTL,1205,3.791228e-02,1.246759e-02,2.222558e-02
SGPTL,1206,3.774567e-02,1.246759e-02,2.224258e-02
SGPTL,1207,3.891449e-02,1.246759e-02,2.226112e-02
SGPTL,1208,4.036594e-02,1.246759e-02,2.227954e-02
SGPTL,1209,3.899707e-02,1.246759e-02,2.229704e-02
SGPTL,1210,4.192899e-02,1.246759e-02,2.231546e-02
SGPTL,1211,4.482741e-02,1.246759e-02,2.233388e-02
SGPTL,1212,4.250988e-02,1.246759e-02,2.235133e-02
SGPTL,1213,4.219006e-02,1.246759e-02,2.236983e-02
SGPTL,1214,4.452644e-02,1.246759e-02,2.238850e-02
SGPTL,1215,4.092200e-02,1.246759e-02,2.240587e-02
SGPTL,1216,4.152657e-02,1.246759e-02,2.242429e-02
SGPTL,1217,4.582278e-02,1.246759e-02,2.244262e-02
SGPTL,1218,4.346564e-02,1.246759e-02,2.245996e-02
SGPTL,1219,4.004528e-02,1.246759e-02,2.247837e-02
SGPTL,1220,4.117761e-02,1.246759e-02,2.249675e-02
SGPTL,1221,4.109345e-02,1.246759e-02,2.251421e-02
SGPTL,1222,4.115392e-02,1.246759e-02,2.253263e-02
SGPTL,1223,4.157363e-02,1.246759e-02,2.255058e-02
SGPTL,1224,4.227563e-02,1.246759e-02,2.256887e-02
SGPTL,1225,4.139730e-02,1.246759e-02,2.258737e-02
SGPTL,1226,4.114659e-02,1.246759e-02,2.260583e-02
SGPTL,1227,4.312312e-02,1.246759e-02,2.262308e-02
SGPTL,1228,4.130351e-02,1.246759e-02,2.264142e-02
SGPTL,1229,3.976369e-02,1.246759e-02,2.265983e-02
SGPTL,1230,4.080533e-02,1.246759e-02,2.267712e-02
SGPTL,1231,3.985606e-02,1.246759e-02,2.269554e-02
SGPTL,1232,4.075116e-02,1.246759e-02,2.271383e-02
SGPTL,1233,3.831546e-02,1.246759e-02,2.273133e-02
SGPTL,1234,3.966034e-02,1.246759e-02,2.274963e-02
SGPTL,1235,4.227140e-02,1.246759e-02,2.276808e-02
SGPTL,1236,4.020093e-02,1.246759e-02,2.278567e-02
SGPTL,1237,3.833031e-02,1.246759e-02,2.280404e-02
SGPTL,1238,3.672181e-02,1.246759e-02,2.282187e-02
SGPTL,1239,3.584754e-02,1.246759e-02,2.284000e-02
SGPTL,1240,3.906485e-02,1.246759e-02,2.285837e-02
SGPTL,1241,2.541543e-02,1.246759e-02,2.287404e-02
SGPTL,1242,2.173905e-02,1.246759e-02,2.289204e-02
SGPTL,1243,2.061856e-02,1.246759e-02,2.291075e-02
SGPTL,1244,2.006472e-02,1.246759e-02,2.292921e-02
SGPTL,1245,1.940541e-02,1.246759e-02,2.295250e-02
SGPTL,1246,2.071856e-02,1.246759e-02,2.297617e-02
SGPTL,1247,2.090903e-02,1.246759e-02,2.299475e-02
SGPTL,1248,2.250060e-02,1.246759e-02,2.301329e-02
SGPTL,1249,2.458042e-02,1.246759e-02,2.303075e-02
SGPTL,1250,2.491201e-02,1.246759e-02,2.304925e-02
SGPTL,1251,2.523502e-02,1.246759e-02,2.306767e-02
SGPTL,1252,2.518972e-02,1.246759e-02,2.308508e-02
SGPTL,1253,2.515413e-02,1.246759e-02,2.310554e-02
SGPTL,1254,2.419081e-02,1.246759e-02,2.312413e-02
SGPTL,1255,2.261561e-02,1.246759e-02,2.314133e-02
SGPTL,1256,2.158953e-02,1.246759e-02,2.315996e-02
SGPTL,1257,2.034456e-02,1.246759e-02,2.317825e-02
SGPTL,1258,1.982490e-02,1.246759e-02,2.319554e-02
SGPTL,1259,2.093307e-02,1.246759e-02,2.321404e-02
SGPTL,1260,2.237431e-02,1.246759e-02,2.323250e-02
SGPTL,1261,2.300808e-02,1.246759e-02,2.324979e-02
SGPTL,1262,2.418595e-02,1.246759e-02,2.326825e-02
SGPTL,1263,2.656208e-02,1.246759e-02,2.328654e-02
SGPTL,1264,3.021713e-02,1.246759e-02,2.330388e-02
SGPTL,1265,3.378448e-02,1.246759e-02,2.332225e-02
SGPTL,1266,3.546456e-02,1.246759e-02,2.334054e-02
SGPTL,1267,3.537033e-02,1.246759e-02,2.335892e-02
SGPTL,1268,3.339143e-02,1.246759e-02,2.337758e-02
SGPTL,1269,3.147465e-02,1.246759e-02,2.339525e-02
SGPTL,1270,2.908133e-02,1.246759e-02,2.341400e-02
SGPTL,1271,2.754707e-02,1.246759e-02,2.343258e-02
SGPTL,1272,2.835871e-02,1.246759e-02,2.344975e-02
SGPTL,1273,2.888025e-02,1.246759e-02,2.346842e-02
SGPTL,1274,3.040683e-02,1.246759e-02,2.348708e-02
SGPTL,1275,3.112941e-02,1.246759e-02,2.362296e-02
SGPTL,1276,3.119712e-02,1.246759e-02,2.369775e-02
SGPTL,1277,3.083722e-02,1.246759e-02,2.372208e-02
SGPTL,1278,2.831455e-02,1.246759e-02,2.374350e-02
SGPTL,1279,2.808935e-02,1.246759e-02,2.376354e-02
SGPTL,1280,2.618645e-02,1.246759e-02,2.378242e-02
SGPTL,1281,2.548943e-02,1.246759e-02,2.380213e-02
SGPTL,1282,2.727265e-02,1.246759e-02,2.382142e-02
SGPTL,1283,2.827172e-02,1.246759e-02,2.384075e-02
SGPTL,1284,2.833693e-02,1.246759e-02,2.385942e-02
SGPTL,1285,2.744428e-02,1.246759e-02,2.387887e-02
SGPTL,1286,2.742847e-02,1.246759e-02,2.389821e-02
SGPTL,1287,2.914535e-02,1.246759e-02,2.391650e-02
SGPTL,1288,2.899094e-02,1.246759e-02,2.393579e-02
SGPTL,1289,2.701927e-02,1.246759e-02,2.395508e-02
SGPTL,1290,2.834916e-02,1.246759e-02,2.397404e-02
SGPTL,1291,2.823214e-02,1.246759e-02,2.399208e-02
SGPTL,1292,2.749230e-02,1.246759e-02,2.401129e-02
SGPTL,1293,2.867442e-02,1.246759e-02,2.403050e-02
SGPTL,1294,2.847961e-02,1.246759e-02,2.404942e-02
SGPTL,1295,2.803330e-02,1.246759e-02,2.406767e-02
SGPTL,1296,2.661998e-02,1.246759e-02,2.408667e-02
SGPTL,1297,2.527365e-02,1.246759e-02,2.410575e-02
SGPTL,1298,2.276493e-02,1.246759e-02,2.412467e-02
SGPTL,1299,2.326982e-02,1.246759e-02,2.414292e-02
SGPTL,1300,2.361809e-02,1.246759e-02,2.416183e-02
SGPTL,1301,2.536289e-02,1.246759e-02,2.418083e-02
SGPTL,1302,2.688715e-02,1.246759e-02,2.419987e-02
SGPTL,1303,2.865557e-02,1.246759e-02,2.421796e-02
SGPTL,1304,2.885213e-02,1.246759e-02,2.423692e-02
SGPTL,1305,3.044754e-02,1.246759e-02,2.425587e-02
SGPTL,1306,2.961765e-02,1.246759e-02,2.427329e-02
SGPTL,1307,2.960073e-02,1.246759e-02,2.429246e-02
SGPTL,1308,2.841223e-02,1.246759e-02,2.431150e-02
SGPTL,1309,2.601774e-02,1.246759e-02,2.432908e-02
SGPTL,1310,2.577903e-02,1.246759e-02,2.434825e-02
SGPTL,1311,2.534877e-02,1.246759e-02,2.436733e-02
SGPTL,1312,2.587845e-02,1.246759e-02,2.438650e-02
SGPTL,1313,2.566573e-02,1.246759e-02,2.440450e-02
SGPTL,1314,2.833215e-02,1.246759e-02,2.442329e-02
SGPTL,1315,3.147934e-02,1.246759e-02,2.444229e-02
SGPTL,1316,3.267919e-02,1.246759e-02,2.445962e-02
SGPTL,1317,2.993011e-02,1.246759e-02,2.447875e-02
SGPTL,1318,2.977916e-02,1.246759e-02,2.449787e-02
SGPTL,1319,2.640656e-02,1.246759e-02,2.451688e-02
SGPTL,1320,2.392300e-02,1.246759e-02,2.453479e-02
SGPTL,1321,1.685669e-02,1.246759e-02,2.455400e-02
SGPTL,1322,1.498478e-02,1.246759e-02,2.457358e-02
SGPTL,1323,1.451701e-02,1.246759e-02,2.459267e-02
SGPTL,1324,1.427247e-02,1.246759e-02,2.461079e-02
SGPTL,1325,1.402784e-02,1.246759e-02,2.462983e-02
SGPTL,1326,1.412853e-02,1.246759e-02,2.464875e-02
SGPTL,1327,1.370463e-02,1.246759e-02,2.466625e-02
SGPTL,1328,1.360017e-02,1.246759e-02,2.468512e-02
SGPTL,1329,1.375234e-02,1.246759e-02,2.470400e-02
SGPTL,1330,1.387142e-02,1.246759e-02,2.472133e-02
SGPTL,1331,1.395777e-02,1.246759e-02,2.474037e-02
SGPTL,1332,1.369431e-02,1.246759e-02,2.476200e-02
SGPTL,1333,1.384566e-02,1.246759e-02,2.478037e-02
SGPTL,1334,1.346772e-02,1.246759e-02,2.479850e-02
SGPTL,1335,1.351359e-02,1.246759e-02,2.481704e-02
SGPTL,1336,1.351557e-02,1.246759e-02,2.483583e-02
SGPTL,1337,1.331819e-02,1.246759e-02,2.485308e-02
SGPTL,1338,1.291800e-02,1.246759e-02,2.487175e-02
SGPTL,1339,1.293650e-02,1.246759e-02,2.489046e-02
SGPTL,1340,1.245441e-02,1.245441e-02,2.490992e-02
SGPTL,1341,1.144365e-02,1.144365e-02,2.493013e-02
SGPTL,1342,1.086929e-02,1.086929e-02,2.494896e-02
SGPTL,1343,1.056750e-02,1.056750e-02,2.496812e-02
SGPTL,1344,1.053426e-02,1.053426e-02,2.498729e-02
SGPTL,1345,1.077225e-02,1.053426e-02,2.500621e-02
SGPTL,1346,1.073665e-02,1.053426e-02,2.502433e-02
SGPTL,1347,1.072039e-02,1.053426e-02,2.504317e-02
SGPTL,1348,1.091118e-02,1.053426e-02,2.506200e-02
SGPTL,1349,1.107232e-02,1.053426e-02,2.507908e-02
SGPTL,1350,1.127712e-02,1.053426e-02,2.509788e-02
SGPTL,1351,1.127953e-02,1.053426e-02,2.511662e-02
SGPTL,1352,1.108866e-02,1.053426e-02,2.513387e-02
SGPTL,1353,1.093366e-02,1.053426e-02,2.515279e-02
SGPTL,1354,1.083489e-02,1.053426e-02,2.517167e-02
SGPTL,1355,1.034163e-02,1.034163e-02,2.518904e-02
SGPTL,1356,1.157299e-02,1.034163e-02,2.520804e-02
SGPTL,1357,1.160995e-02,1.034163e-02,2.522725e-02
SGPTL,1358,1.124544e-02,1.034163e-02,2.524600e-02
SGPTL,1359,1.062569e-02,1.034163e-02,2.526387e-02
SGPTL,1360,1.122098e-02,1.034163e-02,2.528258e-02
SGPTL,1361,1.219988e-02,1.034163e-02,2.530125e-02
SGPTL,1362,1.322580e-02,1.034163e-02,2.531871e-02
SGPTL,1363,1.376765e-02,1.034163e-02,2.533750e-02
SGPTL,1364,1.312503e-02,1.034163e-02,2.535608e-02
SGPTL,1365,1.332635e-02,1.034163e-02,2.537362e-02
SGPTL,1366,1.306640e-02,1.034163e-02,2.539237e-02
SGPTL,1367,1.329124e-02,1.034163e-02,2.541096e-02
SGPTL,1368,1.327938e-02,1.034163e-02,2.542842e-02
SGPTL,1369,1.327284e-02,1.034163e-02,2.544687e-02
SGPTL,1370,1.239881e-02,1.034163e-02,2.546558e-02
SGPTL,1371,1.183906e-02,1.034163e-02,2.548329e-02
SGPTL,1372,1.206053e-02,1.034163e-02,2.550183e-02
SGPTL,1373,1.294235e-02,1.034163e-02,2.552046e-02
SGPTL,1374,1.370567e-02,1.034163e-02,2.553808e-02
SGPTL,1375,1.292969e-02,1.034163e-02,2.555662e-02
SGPTL,1376,1.234240e-02,1.034163e-02,2.557542e-02
SGPTL,1377,1.300934e-02,1.034163e-02,2.559300e-02
SGPTL,1378,1.298725e-02,1.034163e-02,2.561154e-02
SGPTL,1379,1.236399e-02,1.034163e-02,2.563008e-02
SGPTL,1380,1.198951e-02,1.034163e-02,2.564758e-02
SGPTL,1381,1.263213e-02,1.034163e-02,2.568271e-02
SGPTL,1382,1.318694e-02,1.034163e-02,2.570212e-02
SGPTL,1383,1.296404e-02,1.034163e-02,2.572104e-02
SGPTL,1384,1.315092e-02,1.034163e-02,2.573842e-02
SGPTL,1385,1.324623e-02,1.034163e-02,2.575700e-02
SGPTL,1386,1.337122e-02,1.034163e-02,2.577550e-02
SGPTL,1387,1.376825e-02,1.034163e-02,2.579287e-02
SGPTL,1388,1.314372e-02,1.034163e-02,2.581146e-02
SGPTL,1389,1.349109e-02,1.034163e-02,2.583008e-02
SGPTL,1390,1.465405e-02,1.034163e-02,2.584754e-02
SGPTL,1391,1.526327e-02,1.034163e-02,2.586604e-02
SGPTL,1392,1.487775e-02,1.034163e-02,2.588479e-02
SGPTL,1393,1.431680e-02,1.034163e-02,2.590229e-02
SGPTL,1394,1.397966e-02,1.034163e-02,2.592087e-02
SGPTL,1395,1.366187e-02,1.034163e-02,2.593937e-02
SGPTL,1396,1.382509e-02,1.034163e-02,2.595679e-02
SGPTL,1397,1.445594e-02,1.034163e-02,2.597517e-02
SGPTL,1398,1.303019e-02,1.034163e-02,2.599383e-02
SGPTL,1399,1.194594e-02,1.034163e-02,2.601133e-02
SGPTL,1400,1.254196e-02,1.034163e-02,2.603017e-02
SGPTL,1401,1.352097e-02,1.034163e-02,2.604875e-02
SGPTL,1402,1.419420e-02,1.034163e-02,2.606629e-02
SGPTL,1403,1.398065e-02,1.034163e-02,2.608483e-02
SGPTL,1404,1.348099e-02,1.034163e-02,2.610346e-02
SGPTL,1405,1.245496e-02,1.034163e-02,2.612892e-02
SGPTL,1406,1.226876e-02,1.034163e-02,2.615687e-02
SGPTL,1407,1.165377e-02,1.034163e-02,2.617579e-02
SGPTL,1408,1.183959e-02,1.034163e-02,2.619329e-02
SGPTL,1409,1.182275e-02,1.034163e-02,2.621200e-02
SGPTL,1410,1.341397e-02,1.034163e-02,2.623025e-02
SGPTL,1411,1.453653e-02,1.034163e-02,2.624887e-02
SGPTL,1412,1.456797e-02,1.034163e-02,2.626750e-02
SGPTL,1413,1.391819e-02,1.034163e-02,2.628542e-02
SGPTL,1414,1.385041e-02,1.034163e-02,2.630387e-02
SGPTL,1415,1.451617e-02,1.034163e-02,2.632221e-02
SGPTL,1416,1.361405e-02,1.034163e-02,2.633954e-02
SGPTL,1417,1.319746e-02,1.034163e-02,2.635800e-02
SGPTL,1418,1.271551e-02,1.034163e-02,2.637675e-02
SGPTL,1419,1.288165e-02,1.034163e-02,2.639408e-02
SGPTL,1420,1.368174e-02,1.034163e-02,2.641275e-02
SGPTL,1421,1.274626e-02,1.034163e-02,2.643137e-02
SGPTL,1422,1.379040e-02,1.034163e-02,2.644887e-02
SGPTL,1423,1.417064e-02,1.034163e-02,2.646758e-02
SGPTL,1424,1.383193e-02,1.034163e-02,2.648650e-02
SGPTL,1425,1.366834e-02,1.034163e-02,2.650362e-02
SGPTL,1426,1.393966e-02,1.034163e-02,2.652237e-02
SGPTL,1427,1.502266e-02,1.034163e-02,2.654104e-02
SGPTL,1428,1.523733e-02,1.034163e-02,2.655842e-02
SGPTL,1429,1.555365e-02,1.034163e-02,2.657692e-02
SGPTL,1430,1.560506e-02,1.034163e-02,2.659542e-02
SGPTL,1431,1.543269e-02,1.034163e-02,2.661271e-02
SGPTL,1432,1.428821e-02,1.034163e-02,2.663142e-02
SGPTL,1433,1.284723e-02,1.034163e-02,2.664983e-02
SGPTL,1434,1.316129e-02,1.034163e-02,2.666725e-02
SGPTL,1435,1.423113e-02,1.034163e-02,2.668579e-02
SGPTL,1436,9.925212e-03,9.925212e-03,2.670221e-02
SGPTL,1437,7.976332e-03,7.976332e-03,2.672071e-02
SGPTL,1438,7.289569e-03,7.289569e-03,2.673967e-02
SGPTL,1439,6.804405e-03,6.804405e-03,2.675850e-02
SGPTL,1440,6.535784e-03,6.535784e-03,2.677579e-02
SGPTL,1441,6.966478e-03,6.535784e-03,2.679454e-02
SGPTL,1442,8.491437e-03,6.535784e-03,2.681308e-02
SGPTL,1443,1.175832e-02,6.535784e-03,2.683063e-02
SGPTL,1444,1.653708e-02,6.535784e-03,2.684938e-02
SGPTL,1445,2.093359e-02,6.535784e-03,2.686692e-02
SGPTL,1446,2.517984e-02,6.535784e-03,2.688546e-02
SGPTL,1447,2.832588e-02,6.535784e-03,2.690421e-02
SGPTL,1448,3.417933e-02,6.535784e-03,2.692171e-02
SGPTL,1449,4.105922e-02,6.535784e-03,2.694017e-02
SGPTL,1450,4.753293e-02,6.535784e-03,2.695871e-02
SGPTL,1451,6.225163e-02,6.535784e-03,2.697625e-02
SGPTL,1452,6.930586e-02,6.535784e-03,2.699467e-02
SGPTL,1453,7.040108e-02,6.535784e-03,2.701321e-02
SGPTL,1454,6.784967e-02,6.535784e-03,2.703067e-02
SGPTL,1455,6.502593e-02,6.535784e-03,2.704921e-02
SGPTL,1456,6.429811e-02,6.535784e-03,2.706775e-02
SGPTL,1457,6.449402e-02,6.535784e-03,2.708512e-02
SGPTL,1458,6.223056e-02,6.535784e-03,2.710354e-02
SGPTL,1459,5.661100e-02,6.535784e-03,2.712208e-02
SGPTL,1460,5.547075e-02,6.535784e-03,2.713983e-02
SGPTL,1461,5.366800e-02,6.535784e-03,2.715842e-02
SGPTL,1462,5.110373e-02,6.535784e-03,2.717692e-02
SGPTL,1463,4.916602e-02,6.535784e-03,2.719442e-02
SGPTL,1464,4.735905e-02,6.535784e-03,2.721288e-02
SGPTL,1465,4.700238e-02,6.535784e-03,2.723133e-02
SGPTL,1466,4.642708e-02,6.535784e-03,2.724875e-02
SGPTL,1467,4.774437e-02,6.535784e-03,2.726733e-02
SGPTL,1468,4.902863e-02,6.535784e-03,2.728587e-02
SGPTL,1469,4.749207e-02,6.535784e-03,2.730333e-02
SGPTL,1470,4.483802e-02,6.535784e-03,2.732175e-02
SGPTL,1471,4.428689e-02,6.535784e-03,2.734029e-02
SGPTL,1472,4.806764e-02,6.535784e-03,2.735783e-02
SGPTL,1473,4.866190e-02,6.535784e-03,2.737617e-02
SGPTL,1474,4.645581e-02,6.535784e-03,2.739454e-02
SGPTL,1475,4.430436e-02,6.535784e-03,2.741200e-02
SGPTL,1476,4.454037e-02,6.535784e-03,2.743046e-02
SGPTL,1477,4.351160e-02,6.535784e-03,2.744888e-02
SGPTL,1478,4.822266e-02,6.535784e-03,2.746637e-02
SGPTL,1479,5.009727e-02,6.535784e-03,2.748479e-02
SGPTL,1480,4.848020e-02,6.535784e-03,2.750317e-02
SGPTL,1481,4.639603e-02,6.535784e-03,2.752071e-02
SGPTL,1482,4.631613e-02,6.535784e-03,2.753925e-02
SGPTL,1483,5.384756e-02,6.535784e-03,2.755775e-02
SGPTL,1484,6.095301e-02,6.535784e-03,2.757504e-02
SGPTL,1485,5.564959e-02,6.535784e-03,2.759321e-02
SGPTL,1486,5.425760e-02,6.535784e-03,2.761138e-02
SGPTL,1487,5.049313e-02,6.535784e-03,2.762933e-02
SGPTL,1488,4.657876e-02,6.535784e-03,2.764758e-02
SGPTL,1489,4.240098e-02,6.535784e-03,2.766612e-02
SGPTL,1490,4.183202e-02,6.535784e-03,2.768337e-02
SGPTL,1491,4.306944e-02,6.535784e-03,2.770187e-02
SGPTL,1492,4.633748e-02,6.535784e-03,2.772017e-02
SGPTL,1493,5.469759e-02,6.535784e-03,2.773779e-02
SGPTL,1494,5.908967e-02,6.535784e-03,2.775621e-02
SGPTL,1495,5.396351e-02,6.535784e-03,2.777487e-02
SGPTL,1496,4.909843e-02,6.535784e-03,2.779225e-02
SGPTL,1497,5.002887e-02,6.535784e-03,2.781071e-02
SGPTL,1498,4.992576e-02,6.535784e-03,2.782925e-02
SGPTL,1499,4.584389e-02,6.535784e-03,2.784671e-02
SGPTL,1500,4.535720e-02,6.535784e-03,2.786504e-02
SGPTL,1501,4.433830e-02,6.535784e-03,2.788346e-02
SGPTL,1502,4.354751e-02,6.535784e-03,2.790096e-02
SGPTL,1503,4.668163e-02,6.535784e-03,2.791946e-02
SGPTL,1504,5.458259e-02,6.535784e-03,2.793817e-02
SGPTL,1505,5.572023e-02,6.535784e-03,2.795567e-02
SGPTL,1506,5.037341e-02,6.535784e-03,2.797446e-02
SGPTL,1507,4.380508e-02,6.535784e-03,2.799296e-02
SGPTL,1508,4.306095e-02,6.535784e-03,2.801350e-02
SGPTL,1509,3.900135e-02,6.535784e-03,2.803238e-02
SGPTL,1510,3.890610e-02,6.535784e-03,2.805092e-02
SGPTL,1511,3.730945e-02,6.535784e-03,2.806821e-02
SGPTL,1512,3.763980e-02,6.535784e-03,2.808650e-02
SGPTL,1513,3.723762e-02,6.535784e-03,2.810479e-02
SGPTL,1514,4.056536e-02,6.535784e-03,2.812283e-02
SGPTL,1515,4.344041e-02,6.535784e-03,2.814129e-02
SGPTL,1516,4.715408e-02,6.535784e-03,2.815971e-02
SGPTL,1517,4.866025e-02,6.535784e-03,2.817708e-02
SGPTL,1518,4.925167e-02,6.535784e-03,2.819525e-02
SGPTL,1519,4.860805e-02,6.535784e-03,2.821383e-02
SGPTL,1520,4.524741e-02,6.535784e-03,2.823133e-02
SGPTL,1521,3.279565e-02,6.535784e-03,2.824700e-02
SGPTL,1522,2.925211e-02,6.535784e-03,2.826383e-02
SGPTL,1523,2.594413e-02,6.535784e-03,2.828233e-02
SGPTL,1524,2.528818e-02,6.535784e-03,2.830079e-02
SGPTL,1525,2.575839e-02,6.535784e-03,2.831821e-02
SGPTL,1526,2.713498e-02,6.535784e-03,2.833667e-02
SGPTL,1527,2.772875e-02,6.535784e-03,2.835525e-02
SGPTL,1528,2.742614e-02,6.535784e-03,2.837258e-02
SGPTL,1529,2.796571e-02,6.535784e-03,2.839100e-02
SGPTL,1530,2.835235e-02,6.535784e-03,2.840950e-02
SGPTL,1531,2.920767e-02,6.535784e-03,2.842679e-02
SGPTL,1532,3.102784e-02,6.535784e-03,2.844517e-02
SGPTL,1533,3.257985e-02,6.535784e-03,2.846321e-02
SGPTL,1534,3.440622e-02,6.535784e-03,2.848079e-02
SGPTL,1535,3.865505e-02,6.535784e-03,2.849925e-02
SGPTL,1536,4.161214e-02,6.535784e-03,2.851767e-02
SGPTL,1537,4.259256e-02,6.535784e-03,2.853475e-02
SGPTL,1538,4.428936e-02,6.535784e-03,2.855313e-02
SGPTL,1539,4.488054e-02,6.535784e-03,2.857150e-02
SGPTL,1540,4.595952e-02,6.535784e-03,2.858867e-02
SGPTL,1541,4.321464e-02,6.535784e-03,2.860679e-02
SGPTL,1542,4.292111e-02,6.535784e-03,2.862504e-02
SGPTL,1543,4.274076e-02,6.535784e-03,2.864296e-02
SGPTL,1544,4.284920e-02,6.535784e-03,2.866137e-02
SGPTL,1545,4.221979e-02,6.535784e-03,2.867979e-02
SGPTL,1546,4.307327e-02,6.535784e-03,2.869688e-02
SGPTL,1547,4.668208e-02,6.535784e-03,2.871533e-02
SGPTL,1548,4.795720e-02,6.535784e-03,2.873358e-02
SGPTL,1549,4.552977e-02,6.535784e-03,2.875079e-02
SGPTL,1550,4.596578e-02,6.535784e-03,2.876925e-02
SGPTL,1551,4.330119e-02,6.535784e-03,2.878779e-02
SGPTL,1552,3.875569e-02,6.535784e-03,2.880525e-02
SGPTL,1553,3.652128e-02,6.535784e-03,2.882337e-02
SGPTL,1554,3.681615e-02,6.535784e-03,2.884150e-02
SGPTL,1555,3.762488e-02,6.535784e-03,2.885921e-02
SGPTL,1556,3.829880e-02,6.535784e-03,2.887767e-02
SGPTL,1557,3.980450e-02,6.535784e-03,2.889608e-02
SGPTL,1558,3.805747e-02,6.535784e-03,2.891321e-02
SGPTL,1559,3.689050e-02,6.535784e-03,2.893158e-02
SGPTL,1560,3.744247e-02,6.535784e-03,2.894996e-02
SGPTL,1561,3.752568e-02,6.535784e-03,2.896725e-02
SGPTL,1562,3.467221e-02,6.535784e-03,2.898583e-02
SGPTL,1563,3.088404e-02,6.535784e-03,2.900425e-02
SGPTL,1564,3.203499e-02,6.535784e-03,2.902175e-02
SGPTL,1565,3.444580e-02,6.535784e-03,2.904012e-02
SGPTL,1566,3.520362e-02,6.535784e-03,2.905858e-02
SGPTL,1567,3.693436e-02,6.535784e-03,2.907600e-02
SGPTL,1568,3.872394e-02,6.535784e-03,2.909433e-02
SGPTL,1569,3.946400e-02,6.535784e-03,2.911267e-02
SGPTL,1570,4.191139e-02,6.535784e-03,2.913008e-02
SGPTL,1571,4.072485e-02,6.535784e-03,2.914846e-02
SGPTL,1572,4.010398e-02,6.535784e-03,2.916646e-02
SGPTL,1573,3.884042e-02,6.535784e-03,2.918437e-02
SGPTL,1574,3.665110e-02,6.535784e-03,2.920271e-02
SGPTL,1575,3.907762e-02,6.535784e-03,2.922112e-02
SGPTL,1576,4.274544e-02,6.535784e-03,2.923833e-02
SGPTL,1577,4.444131e-02,6.535784e-03,2.925658e-02
SGPTL,1578,4.651073e-02,6.535784e-03,2.927492e-02
SGPTL,1579,4.939860e-02,6.535784e-03,2.929237e-02
SGPTL,1580,4.259586e-02,6.535784e-03,2.931088e-02
SGPTL,1581,4.314038e-02,6.535784e-03,2.932933e-02
SGPTL,1582,4.182905e-02,6.535784e-03,2.934675e-02
SGPTL,1583,4.135572e-02,6.535784e-03,2.936508e-02
SGPTL,1584,4.268197e-02,6.535784e-03,2.938333e-02
SGPTL,1585,4.348848e-02,6.535784e-03,2.940146e-02
SGPTL,1586,4.200982e-02,6.535784e-03,2.942042e-02
SGPTL,1587,4.143019e-02,6.535784e-03,2.943892e-02
SGPTL,1588,4.078803e-02,6.535784e-03,2.945613e-02
SGPTL,1589,3.864640e-02,6.535784e-03,2.947442e-02
SGPTL,1590,3.984242e-02,6.535784e-03,2.949308e-02
SGPTL,1591,4.106486e-02,6.535784e-03,2.951037e-02
SGPTL,1592,4.084675e-02,6.535784e-03,2.952875e-02
SGPTL,1593,4.551402e-02,6.535784e-03,2.954708e-02
SGPTL,1594,4.564735e-02,6.535784e-03,2.956454e-02
SGPTL,1595,4.439802e-02,6.535784e-03,2.958292e-02
SGPTL,1596,4.066534e-02,6.535784e-03,2.960096e-02
SGPTL,1597,4.516904e-02,6.535784e-03,2.961837e-02
SGPTL,1598,4.456779e-02,6.535784e-03,2.963679e-02
SGPTL,1599,4.548374e-02,6.535784e-03,2.965492e-02
SGPTL,1600,4.448814e-02,6.535784e-03,2.967250e-02
SGPTL,1601,2.685884e-02,6.535784e-03,2.968825e-02
SGPTL,1602,2.407223e-02,6.535784e-03,2.970679e-02
SGPTL,1603,2.335476e-02,6.535784e-03,2.972471e-02
SGPTL,1604,2.388347e-02,6.535784e-03,2.974308e-02
SGPTL,1605,2.460475e-02,6.535784e-03,2.976171e-02
SGPTL,1606,2.541782e-02,6.535784e-03,2.977912e-02
SGPTL,1607,2.683315e-02,6.535784e-03,2.979775e-02
SGPTL,1608,2.806018e-02,6.535784e-03,2.981600e-02
SGPTL,1609,2.964856e-02,6.535784e-03,2.983346e-02
SGPTL,1610,3.107009e-02,6.535784e-03,2.985187e-02
SGPTL,1611,3.066120e-02,6.535784e-03,2.986975e-02
SGPTL,1612,3.139375e-02,6.535784e-03,2.988787e-02
SGPTL,1613,3.322186e-02,6.535784e-03,2.990621e-02
SGPTL,1614,3.327539e-02,6.535784e-03,2.992454e-02
SGPTL,1615,3.330577e-02,6.535784e-03,2.994296e-02
SGPTL,1616,3.510157e-02,6.535784e-03,2.996004e-02
SGPTL,1617,3.664758e-02,6.535784e-03,2.997854e-02
SGPTL,1618,3.831234e-02,6.535784e-03,2.999683e-02
SGPTL,1619,3.930862e-02,6.535784e-03,3.001517e-02
SGPTL,1620,4.098527e-02,6.535784e-03,3.003354e-02
SGPTL,1621,4.215218e-02,6.535784e-03,3.005192e-02
SGPTL,1622,4.330523e-02,6.535784e-03,3.006887e-02
SGPTL,1623,4.354307e-02,6.535784e-03,3.008721e-02
SGPTL,1624,4.148503e-02,6.535784e-03,3.010500e-02
SGPTL,1625,4.156680e-02,6.535784e-03,3.012304e-02
SGPTL,1626,3.873623e-02,6.535784e-03,3.014125e-02
SGPTL,1627,3.603419e-02,6.535784e-03,3.015992e-02
SGPTL,1628,3.921365e-02,6.535784e-03,3.017729e-02
SGPTL,1629,4.134163e-02,6.535784e-03,3.019571e-02
SGPTL,1630,4.195525e-02,6.535784e-03,3.021425e-02
SGPTL,1631,4.186104e-02,6.535784e-03,3.023179e-02
SGPTL,1632,4.481223e-02,6.535784e-03,3.025021e-02
SGPTL,1633,4.282155e-02,6.535784e-03,3.026862e-02
SGPTL,1634,4.148126e-02,6.535784e-03,3.028592e-02
SGPTL,1635,3.612570e-02,6.535784e-03,3.030425e-02
SGPTL,1636,3.053640e-02,6.535784e-03,3.033071e-02
SGPTL,1637,2.941287e-02,6.535784e-03,3.034933e-02
SGPTL,1638,2.770169e-02,6.535784e-03,3.036658e-02
SGPTL,1639,2.635277e-02,6.535784e-03,3.038521e-02
SGPTL,1640,2.709285e-02,6.535784e-03,3.040354e-02
SGPTL,1641,2.872456e-02,6.535784e-03,3.042092e-02
SGPTL,1642,2.936903e-02,6.535784e-03,3.043921e-02
SGPTL,1643,3.029279e-02,6.535784e-03,3.045783e-02
SGPTL,1644,3.390731e-02,6.535784e-03,3.047525e-02
SGPTL,1645,3.722220e-02,6.535784e-03,3.049362e-02
SGPTL,1646,3.864802e-02,6.535784e-03,3.051142e-02
SGPTL,1647,3.531463e-02,6.535784e-03,3.052954e-02
SGPTL,1648,3.265104e-02,6.535784e-03,3.054796e-02
SGPTL,1649,3.525144e-02,6.535784e-03,3.056638e-02
SGPTL,1650,3.519590e-02,6.535784e-03,3.058350e-02
SGPTL,1651,3.323270e-02,6.535784e-03,3.060192e-02
SGPTL,1652,3.581227e-02,6.535784e-03,3.061971e-02
SGPTL,1653,4.132946e-02,6.535784e-03,3.063767e-02
SGPTL,1654,4.563584e-02,6.535784e-03,3.065600e-02
SGPTL,1655,4.138415e-02,6.535784e-03,3.067446e-02
SGPTL,1656,4.082025e-02,6.535784e-03,3.069163e-02
SGPTL,1657,3.819651e-02,6.535784e-03,3.070992e-02
SGPTL,1658,3.629967e-02,6.535784e-03,3.072775e-02
SGPTL,1659,3.788498e-02,6.535784e-03,3.074546e-02
SGPTL,1660,3.445641e-02,6.535784e-03,3.076379e-02
SGPTL,1661,3.133483e-02,6.535784e-03,3.078188e-02
SGPTL,1662,3.319101e-02,6.535784e-03,3.079967e-02
SGPTL,1663,3.274136e-02,6.535784e-03,3.081825e-02
SGPTL,1664,3.245866e-02,6.535784e-03,3.083667e-02
SGPTL,1665,3.331891e-02,6.535784e-03,3.085392e-02
SGPTL,1666,3.451036e-02,6.535784e-03,3.087229e-02
SGPTL,1667,3.567693e-02,6.535784e-03,3.089088e-02
SGPTL,1668,3.715525e-02,6.535784e-03,3.090817e-02
SGPTL,1669,3.673420e-02,6.535784e-03,3.092654e-02
SGPTL,1670,3.805950e-02,6.535784e-03,3.094483e-02
SGPTL,1671,4.173268e-02,6.535784e-03,3.096246e-02
SGPTL,1672,3.889226e-02,6.535784e-03,3.098092e-02
SGPTL,1673,3.528259e-02,6.535784e-03,3.099933e-02
SGPTL,1674,3.374918e-02,6.535784e-03,3.101683e-02
SGPTL,1675,3.294329e-02,6.535784e-03,3.103529e-02
SGPTL,1676,3.242261e-02,6.535784e-03,3.105379e-02
SGPTL,1677,3.121073e-02,6.535784e-03,3.107121e-02
SGPTL,1678,2.972119e-02,6.535784e-03,3.108946e-02
SGPTL,1679,3.018350e-02,6.535784e-03,3.110775e-02
SGPTL,1680,3.139807e-02,6.535784e-03,3.112567e-02
SGPTL,1681,2.103161e-02,6.535784e-03,3.114113e-02
SGPTL,1682,2.082067e-02,6.535784e-03,3.115808e-02
SGPTL,1683,2.195339e-02,6.535784e-03,3.117667e-02
SGPTL,1684,2.283100e-02,6.535784e-03,3.119504e-02
SGPTL,1685,2.298921e-02,6.535784e-03,3.121225e-02
SGPTL,1686,2.440377e-02,6.535784e-03,3.123050e-02
SGPTL,1687,2.595160e-02,6.535784e-03,3.124863e-02
SGPTL,1688,2.622670e-02,6.535784e-03,3.126662e-02
SGPTL,1689,2.616756e-02,6.535784e-03,3.128492e-02
SGPTL,1690,2.717607e-02,6.535784e-03,3.130321e-02
SGPTL,1691,2.880082e-02,6.535784e-03,3.132038e-02
SGPTL,1692,2.936429e-02,6.535784e-03,3.133892e-02
SGPTL,1693,2.768373e-02,6.535784e-03,3.135717e-02
SGPTL,1694,2.708565e-02,6.535784e-03,3.137450e-02
SGPTL,1695,2.642711e-02,6.535784e-03,3.139296e-02
SGPTL,1696,2.600976e-02,6.535784e-03,3.141079e-02
SGPTL,1697,2.520877e-02,6.535784e-03,3.142867e-02
SGPTL,1698,2.551390e-02,6.535784e-03,3.144708e-02
SGPTL,1699,2.681655e-02,6.535784e-03,3.146554e-02
SGPTL,1700,2.737454e-02,6.535784e-03,3.148271e-02
SGPTL,1701,2.862427e-02,6.535784e-03,3.150112e-02
SGPTL,1702,2.854396e-02,6.535784e-03,3.151963e-02
SGPTL,1703,3.008321e-02,6.535784e-03,3.153708e-02
SGPTL,1704,3.182235e-02,6.535784e-03,3.155554e-02
SGPTL,1705,3.087711e-02,6.535784e-03,3.157317e-02
SGPTL,1706,2.975944e-02,6.535784e-03,3.159112e-02
SGPTL,1707,3.020846e-02,6.535784e-03,3.160950e-02
SGPTL,1708,3.160205e-02,6.535784e-03,3.162796e-02
SGPTL,1709,3.106521e-02,6.535784e-03,3.164500e-02
SGPTL,1710,3.149989e-02,6.535784e-03,3.166333e-02
SGPTL,1711,3.422986e-02,6.535784e-03,3.168146e-02
SGPTL,1712,3.533265e-02,6.535784e-03,3.169937e-02
SGPTL,1713,3.408157e-02,6.535784e-03,3.171746e-02
SGPTL,1714,3.216998e-02,6.535784e-03,3.173567e-02
SGPTL,1715,3.161145e-02,6.535784e-03,3.175287e-02
SGPTL,1716,3.129234e-02,6.535784e-03,3.177125e-02
SGPTL,1717,3.310615e-02,6.535784e-03,3.178900e-02
SGPTL,1718,3.149445e-02,6.535784e-03,3.180687e-02
SGPTL,1719,2.825989e-02,6.535784e-03,3.182517e-02
SGPTL,1720,2.926535e-02,6.535784e-03,3.184354e-02
SGPTL,1721,2.935936e-02,6.535784e-03,3.186075e-02
SGPTL,1722,3.013021e-02,6.535784e-03,3.187912e-02
SGPTL,1723,3.108288e-02,6.535784e-03,3.189671e-02
SGPTL,1724,3.012038e-02,6.535784e-03,3.191463e-02
SGPTL,1725,2.896972e-02,6.535784e-03,3.193288e-02
SGPTL,1726,2.763903e-02,6.535784e-03,3.195125e-02
SGPTL,1727,2.640496e-02,6.535784e-03,3.196871e-02
SGPTL,1728,2.794577e-02,6.535784e-03,3.198721e-02
SGPTL,1729,2.913269e-02,6.535784e-03,3.200487e-02
SGPTL,1730,3.057995e-02,6.535784e-03,3.202275e-02
SGPTL,1731,2.968459e-02,6.535784e-03,3.204108e-02
SGPTL,1732,3.117149e-02,6.535784e-03,3.205938e-02
SGPTL,1733,3.212265e-02,6.535784e-03,3.207650e-02
SGPTL,1734,3.282592e-02,6.535784e-03,3.209471e-02
SGPTL,1735,3.142430e-02,6.535784e-03,3.211292e-02
SGPTL,1736,3.105702e-02,6.535784e-03,3.213067e-02
SGPTL,1737,3.021834e-02,6.535784e-03,3.214896e-02
SGPTL,1738,2.986676e-02,6.535784e-03,3.216721e-02
SGPTL,1739,2.903835e-02,6.535784e-03,3.218442e-02
SGPTL,1740,2.895788e-02,6.535784e-03,3.220258e-02
SGPTL,1741,2.964158e-02,6.535784e-03,3.222075e-02
SGPTL,1742,2.803326e-02,6.535784e-03,3.223829e-02
SGPTL,1743,2.880311e-02,6.535784e-03,3.225642e-02
SGPTL,1744,2.959137e-02,6.535784e-03,3.227483e-02
SGPTL,1745,2.973315e-02,6.535784e-03,3.229200e-02
SGPTL,1746,3.238392e-02,6.535784e-03,3.231029e-02
SGPTL,1747,3.312989e-02,6.535784e-03,3.232875e-02
SGPTL,1748,3.086115e-02,6.535784e-03,3.234721e-02
SGPTL,1749,2.993488e-02,6.535784e-03,3.236567e-02
SGPTL,1750,3.046022e-02,6.535784e-03,3.238283e-02
SGPTL,1751,3.091718e-02,6.535784e-03,3.240125e-02
SGPTL,1752,3.146056e-02,6.535784e-03,3.241904e-02
SGPTL,1753,2.965888e-02,6.535784e-03,3.243688e-02
SGPTL,1754,2.806070e-02,6.535784e-03,3.245512e-02
SGPTL,1755,3.005401e-02,6.535784e-03,3.247337e-02
SGPTL,1756,3.238749e-02,6.535784e-03,3.249046e-02
SGPTL,1757,3.042530e-02,6.535784e-03,3.250879e-02
SGPTL,1758,2.912907e-02,6.535784e-03,3.252696e-02
SGPTL,1759,2.820028e-02,6.535784e-03,3.254471e-02
SGPTL,1760,2.950319e-02,6.535784e-03,3.256292e-02
SGPTL,1761,2.059520e-02,6.535784e-03,3.257854e-02
SGPTL,1762,1.866561e-02,6.535784e-03,3.259629e-02
SGPTL,1763,1.756647e-02,6.535784e-03,3.261812e-02
SGPTL,1764,1.732840e-02,6.535784e-03,3.263708e-02
SGPTL,1765,1.682029e-02,6.535784e-03,3.265437e-02
SGPTL,1766,1.754284e-02,6.535784e-03,3.267288e-02
SGPTL,1767,1.733961e-02,6.535784e-03,3.269146e-02
SGPTL,1768,1.683002e-02,6.535784e-03,3.270871e-02
SGPTL,1769,1.662067e-02,6.535784e-03,3.272712e-02
SGPTL,1770,1.659212e-02,6.535784e-03,3.274483e-02
SGPTL,1771,1.649432e-02,6.535784e-03,3.276271e-02
SGPTL,1772,1.678518e-02,6.535784e-03,3.278121e-02
SGPTL,1773,1.694618e-02,6.535784e-03,3.279937e-02
SGPTL,1774,1.714328e-02,6.535784e-03,3.281663e-02
SGPTL,1775,1.758571e-02,6.535784e-03,3.283496e-02
SGPTL,1776,1.797589e-02,6.535784e-03,3.285275e-02
SGPTL,1777,1.867224e-02,6.535784e-03,3.287054e-02
SGPTL,1778,1.957039e-02,6.535784e-03,3.288883e-02
SGPTL,1779,1.924023e-02,6.535784e-03,3.290712e-02
SGPTL,1780,2.007089e-02,6.535784e-03,3.292421e-02
SGPTL,1781,1.939232e-02,6.535784e-03,3.294254e-02
SGPTL,1782,1.859576e-02,6.535784e-03,3.296071e-02
SGPTL,1783,1.952977e-02,6.535784e-03,3.297854e-02
SGPTL,1784,2.086540e-02,6.535784e-03,3.299688e-02
SGPTL,1785,2.247239e-02,6.535784e-03,3.301521e-02
SGPTL,1786,2.369215e-02,6.535784e-03,3.303233e-02
SGPTL,1787,2.291556e-02,6.535784e-03,3.305088e-02
SGPTL,1788,2.293022e-02,6.535784e-03,3.306867e-02
SGPTL,1789,2.459768e-02,6.535784e-03,3.309288e-02
SGPTL,1790,2.597612e-02,6.535784e-03,3.311804e-02
SGPTL,1791,2.383038e-02,6.535784e-03,3.313700e-02
SGPTL,1792,2.355315e-02,6.535784e-03,3.315538e-02
SGPTL,1793,2.388186e-02,6.535784e-03,3.317271e-02
SGPTL,1794,2.406496e-02,6.535784e-03,3.319133e-02
SGPTL,1795,2.535657e-02,6.535784e-03,3.320979e-02
SGPTL,1796,2.378597e-02,6.535784e-03,3.322708e-02
SGPTL,1797,2.421012e-02,6.535784e-03,3.324550e-02
SGPTL,1798,2.333373e-02,6.535784e-03,3.326312e-02
SGPTL,1799,2.225606e-02,6.535784e-03,3.328108e-02
SGPTL,1800,2.374656e-02,6.535784e-03,3.329946e-02
SGPTL,1801,2.311513e-02,6.535784e-03,3.331771e-02
SGPTL,1802,2.204131e-02,6.535784e-03,3.333496e-02
SGPTL,1803,2.268233e-02,6.535784e-03,3.335367e-02
SGPTL,1804,2.361776e-02,6.535784e-03,3.337183e-02
SGPTL,1805,2.393522e-02,6.535784e-03,3.338917e-02
SGPTL,1806,2.307408e-02,6.535784e-03,3.340754e-02
SGPTL,1807,2.298575e-02,6.535784e-03,3.342533e-02
SGPTL,1808,2.375461e-02,6.535784e-03,3.344321e-02
SGPTL,1809,2.143222e-02,6.535784e-03,3.346167e-02
SGPTL,1810,2.117800e-02,6.535784e-03,3.348000e-02
SGPTL,1811,2.136481e-02,6.535784e-03,3.349742e-02
SGPTL,1812,2.215366e-02,6.535784e-03,3.352542e-02
SGPTL,1813,2.104551e-02,6.535784e-03,3.354483e-02
SGPTL,1814,2.160233e-02,6.535784e-03,3.356338e-02
SGPTL,1815,2.044795e-02,6.535784e-03,3.358058e-02
SGPTL,1816,2.021804e-02,6.535784e-03,3.359862e-02
SGPTL,1817,2.067954e-02,6.535784e-03,3.361650e-02
SGPTL,1818,1.941950e-02,6.535784e-03,3.363413e-02
SGPTL,1819,2.059344e-02,6.535784e-03,3.365242e-02
SGPTL,1820,2.354392e-02,6.535784e-03,3.367088e-02
SGPTL,1821,2.527567e-02,6.535784e-03,3.368813e-02
SGPTL,1822,2.373725e-02,6.535784e-03,3.370662e-02
SGPTL,1823,2.113434e-02,6.535784e-03,3.372433e-02
SGPTL,1824,2.082560e-02,6.535784e-03,3.374283e-02
SGPTL,1825,2.022985e-02,6.535784e-03,3.376129e-02
SGPTL,1826,2.178565e-02,6.535784e-03,3.377862e-02
SGPTL,1827,2.176867e-02,6.535784e-03,3.379696e-02
SGPTL,1828,2.073061e-02,6.535784e-03,3.381504e-02
SGPTL,1829,1.865322e-02,6.535784e-03,3.383296e-02
SGPTL,1830,1.813144e-02,6.535784e-03,3.385129e-02
SGPTL,1831,1.931660e-02,6.535784e-03,3.386979e-02
SGPTL,1832,2.104552e-02,6.535784e-03,3.388696e-02
SGPTL,1833,2.261956e-02,6.535784e-03,3.390521e-02
SGPTL,1834,2.296884e-02,6.535784e-03,3.392350e-02
SGPTL,1835,2.206234e-02,6.535784e-03,3.394138e-02
SGPTL,1836,2.174536e-02,6.535784e-03,3.395958e-02
SGPTL,1837,2.139298e-02,6.535784e-03,3.397779e-02
SGPTL,1838,2.252662e-02,6.535784e-03,3.399596e-02
SGPTL,1839,2.230195e-02,6.535784e-03,3.401417e-02
SGPTL,1840,2.077889e-02,6.535784e-03,3.403233e-02
SGPTL,1841,1.568065e-02,6.535784e-03,3.404729e-02
SGPTL,1842,1.341472e-02,6.535784e-03,3.406571e-02
SGPTL,1843,1.291320e-02,6.535784e-03,3.408408e-02
SGPTL,1844,1.229082e-02,6.535784e-03,3.410133e-02
SGPTL,1845,1.225093e-02,6.535784e-03,3.411937e-02
SGPTL,1846,1.164203e-02,6.535784e-03,3.413746e-02
SGPTL,1847,1.185029e-02,6.535784e-03,3.415512e-02
SGPTL,1848,1.204358e-02,6.535784e-03,3.417337e-02
SGPTL,1849,1.207475e-02,6.535784e-03,3.419154e-02
SGPTL,1850,1.206433e-02,6.535784e-03,3.420867e-02
SGPTL,1851,1.219907e-02,6.535784e-03,3.422700e-02
SGPTL,1852,1.215587e-02,6.535784e-03,3.424533e-02
SGPTL,1853,1.201580e-02,6.535784e-03,3.426188e-02
SGPTL,1854,1.152446e-02,6.535784e-03,3.427937e-02
SGPTL,1855,1.138941e-02,6.535784e-03,3.429767e-02
SGPTL,1856,1.145492e-02,6.535784e-03,3.431538e-02
SGPTL,1857,1.137208e-02,6.535784e-03,3.433354e-02
SGPTL,1858,1.130164e-02,6.535784e-03,3.435433e-02
SGPTL,1859,1.146764e-02,6.535784e-03,3.437258e-02
SGPTL,1860,1.169452e-02,6.535784e-03,3.439046e-02
SGPTL,1861,1.159198e-02,6.535784e-03,3.440863e-02
SGPTL,1862,1.139826e-02,6.535784e-03,3.442687e-02
SGPTL,1863,1.119176e-02,6.535784e-03,3.444400e-02
SGPTL,1864,1.109261e-02,6.535784e-03,3.446229e-02
SGPTL,1865,1.164011e-02,6.535784e-03,3.448029e-02
SGPTL,1866,1.268510e-02,6.535784e-03,3.449783e-02
SGPTL,1867,1.270012e-02,6.535784e-03,3.451604e-02
SGPTL,1868,1.166151e-02,6.535784e-03,3.453400e-02
SGPTL,1869,1.089992e-02,6.535784e-03,3.455133e-02
SGPTL,1870,1.093578e-02,6.535784e-03,3.457058e-02
SGPTL,1871,1.059044e-02,6.535784e-03,3.458892e-02
SGPTL,1872,1.121388e-02,6.535784e-03,3.460612e-02
SGPTL,1873,1.179601e-02,6.535784e-03,3.462437e-02
SGPTL,1874,1.222079e-02,6.535784e-03,3.464246e-02
SGPTL,1875,1.327947e-02,6.535784e-03,3.465992e-02
SGPTL,1876,1.364477e-02,6.535784e-03,3.467817e-02
SGPTL,1877,1.530439e-02,6.535784e-03,3.469612e-02
SGPTL,1878,1.428825e-02,6.535784e-03,3.471367e-02
SGPTL,1879,1.472844e-02,6.535784e-03,3.473208e-02
SGPTL,1880,1.444730e-02,6.535784e-03,3.475008e-02
SGPTL,1881,1.234369e-02,6.535784e-03,3.476742e-02
SGPTL,1882,1.110824e-02,6.535784e-03,3.478571e-02
SGPTL,1883,1.095317e-02,6.535784e-03,3.480396e-02
SGPTL,1884,1.076038e-02,6.535784e-03,3.482121e-02
SGPTL,1885,1.060192e-02,6.535784e-03,3.483925e-02
SGPTL,1886,1.190059e-02,6.535784e-03,3.485729e-02
SGPTL,1887,1.236567e-02,6.535784e-03,3.487467e-02
SGPTL,1888,1.285976e-02,6.535784e-03,3.489562e-02
SGPTL,1889,1.347460e-02,6.535784e-03,3.491379e-02
SGPTL,1890,1.347618e-02,6.535784e-03,3.493171e-02
SGPTL,1891,1.442567e-02,6.535784e-03,3.495379e-02
SGPTL,1892,1.437667e-02,6.535784e-03,3.497208e-02
SGPTL,1893,1.446730e-02,6.535784e-03,3.498917e-02
SGPTL,1894,1.499386e-02,6.535784e-03,3.500754e-02
SGPTL,1895,1.464059e-02,6.535784e-03,3.502596e-02
SGPTL,1896,1.373851e-02,6.535784e-03,3.504313e-02
SGPTL,1897,1.316856e-02,6.535784e-03,3.506379e-02
SGPTL,1898,1.287727e-02,6.535784e-03,3.508471e-02
SGPTL,1899,1.132082e-02,6.535784e-03,3.510325e-02
SGPTL,1900,1.127401e-02,6.535784e-03,3.512092e-02
SGPTL,1901,1.214119e-02,6.535784e-03,3.513921e-02
SGPTL,1902,1.220609e-02,6.535784e-03,3.515729e-02
SGPTL,1903,1.284293e-02,6.535784e-03,3.517467e-02
SGPTL,1904,1.290493e-02,6.535784e-03,3.519296e-02
SGPTL,1905,1.346756e-02,6.535784e-03,3.521096e-02
SGPTL,1906,1.376568e-02,6.535784e-03,3.523138e-02
SGPTL,1907,1.410714e-02,6.535784e-03,3.524975e-02
SGPTL,1908,1.305197e-02,6.535784e-03,3.526813e-02
SGPTL,1909,1.193384e-02,6.535784e-03,3.528504e-02
SGPTL,1910,1.069455e-02,6.535784e-03,3.530329e-02
SGPTL,1911,1.014598e-02,6.535784e-03,3.532121e-02
SGPTL,1912,1.073240e-02,6.535784e-03,3.533888e-02
SGPTL,1913,1.111351e-02,6.535784e-03,3.535712e-02
SGPTL,1914,1.031905e-02,6.535784e-03,3.537517e-02
SGPTL,1915,1.033812e-02,6.535784e-03,3.539250e-02
SGPTL,1916,1.003557e-02,6.535784e-03,3.541050e-02
SGPTL,1917,1.090718e-02,6.535784e-03,3.542808e-02
SGPTL,1918,1.169786e-02,6.535784e-03,3.544604e-02
SGPTL,1919,1.236125e-02,6.535784e-03,3.546433e-02
SGPTL,1920,1.207594e-02,6.535784e-03,3.548250e-02
SGPTL,1921,8.499668e-03,6.535784e-03,3.549758e-02
SGPTL,1922,8.526622e-03,6.535784e-03,3.551850e-02
SGPTL,1923,8.383059e-03,6.535784e-03,3.554196e-02
SGPTL,1924,7.956777e-03,6.535784e-03,3.556071e-02
SGPTL,1925,8.005832e-03,6.535784e-03,3.557771e-02
SGPTL,1926,7.757442e-03,6.535784e-03,3.559608e-02
SGPTL,1927,7.663012e-03,6.535784e-03,3.561425e-02
SGPTL,1928,7.544826e-03,6.535784e-03,3.563208e-02
SGPTL,1929,7.585872e-03,6.535784e-03,3.565042e-02
SGPTL,1930,7.760856e-03,6.535784e-03,3.566862e-02
SGPTL,1931,7.684330e-03,6.535784e-03,3.568563e-02
SGPTL,1932,7.377823e-03,6.535784e-03,3.570383e-02
SGPTL,1933,7.038638e-03,6.535784e-03,3.572187e-02
SGPTL,1934,6.656052e-03,6.535784e-03,3.573912e-02
SGPTL,1935,6.320958e-03,6.320958e-03,3.575867e-02
SGPTL,1936,6.178019e-03,6.178019e-03,3.577738e-02
SGPTL,1937,6.099382e-03,6.099382e-03,3.579458e-02
SGPTL,1938,6.108219e-03,6.099382e-03,3.581550e-02
SGPTL,1939,5.938154e-03,5.938154e-03,3.583417e-02
SGPTL,1940,5.816057e-03,5.816057e-03,3.585150e-02
SGPTL,1941,5.559336e-03,5.559336e-03,3.587000e-02
SGPTL,1942,5.132037e-03,5.132037e-03,3.588846e-02
SGPTL,1943,4.908857e-03,4.908857e-03,3.590608e-02
SGPTL,1944,4.819405e-03,4.819405e-03,3.592454e-02
SGPTL,1945,4.761236e-03,4.761236e-03,3.594546e-02
SGPTL,1946,4.750411e-03,4.750411e-03,3.596225e-02
SGPTL,1947,4.717339e-03,4.717339e-03,3.598079e-02
SGPTL,1948,4.663037e-03,4.663037e-03,3.599921e-02
SGPTL,1949,4.609892e-03,4.609892e-03,3.601925e-02
SGPTL,1950,4.379468e-03,4.379468e-03,3.603767e-02
SGPTL,1951,4.261434e-03,4.261434e-03,3.605608e-02
SGPTL,1952,4.274510e-03,4.261434e-03,3.607346e-02
SGPTL,1953,4.112688e-03,4.112688e-03,3.609467e-02
SGPTL,1954,4.135167e-03,4.112688e-03,3.611304e-02
SGPTL,1955,3.934143e-03,3.934143e-03,3.613033e-02
SGPTL,1956,3.762982e-03,3.762982e-03,3.614879e-02
SGPTL,1957,3.568664e-03,3.568664e-03,3.616725e-02
SGPTL,1958,3.443404e-03,3.443404e-03,3.618467e-02
SGPTL,1959,3.343544e-03,3.343544e-03,3.620304e-02
SGPTL,1960,3.343198e-03,3.343198e-03,3.622162e-02
SGPTL,1961,3.371160e-03,3.343198e-03,3.623908e-02
SGPTL,1962,3.237115e-03,3.237115e-03,3.625754e-02
SGPTL,1963,3.285023e-03,3.237115e-03,3.627604e-02
SGPTL,1964,4.212928e-03,3.237115e-03,3.629304e-02
SGPTL,1965,5.925454e-03,3.237115e-03,3.631125e-02
SGPTL,1966,9.131816e-03,3.237115e-03,3.632887e-02
SGPTL,1967,1.339038e-02,3.237115e-03,3.634738e-02
SGPTL,1968,1.615582e-02,3.237115e-03,3.636546e-02
SGPTL,1969,1.818712e-02,3.237115e-03,3.638296e-02
SGPTL,1970,2.033044e-02,3.237115e-03,3.640108e-02
SGPTL,1971,2.227706e-02,3.237115e-03,3.641954e-02
SGPTL,1972,2.568700e-02,3.237115e-03,3.644150e-02
SGPTL,1973,2.978939e-02,3.237115e-03,3.645821e-02
SGPTL,1974,3.235588e-02,3.237115e-03,3.647671e-02
SGPTL,1975,3.226774e-02,3.237115e-03,3.649417e-02
SGPTL,1976,3.692715e-02,3.237115e-03,3.651254e-02
SGPTL,1977,3.707527e-02,3.237115e-03,3.655025e-02
SGPTL,1978,3.922176e-02,3.237115e-03,3.656900e-02
SGPTL,1979,3.632741e-02,3.237115e-03,3.658733e-02
SGPTL,1980,3.834009e-02,3.237115e-03,3.660462e-02
SGPTL,1981,3.705767e-02,3.237115e-03,3.662296e-02
SGPTL,1982,3.720372e-02,3.237115e-03,3.664079e-02
SGPTL,1983,3.590697e-02,3.237115e-03,3.665871e-02
SGPTL,1984,3.094061e-02,3.237115e-03,3.667729e-02
SGPTL,1985,3.066337e-02,3.237115e-03,3.669562e-02
SGPTL,1986,2.977712e-02,3.237115e-03,3.671283e-02
SGPTL,1987,3.079799e-02,3.237115e-03,3.673121e-02
SGPTL,1988,3.112196e-02,3.237115e-03,3.674921e-02
SGPTL,1989,3.499238e-02,3.237115e-03,3.676738e-02
SGPTL,1990,3.362219e-02,3.237115e-03,3.678562e-02
SGPTL,1991,3.684656e-02,3.237115e-03,3.680404e-02
SGPTL,1992,3.557095e-02,3.237115e-03,3.682117e-02
SGPTL,1993,3.856805e-02,3.237115e-03,3.683950e-02
SGPTL,1994,3.909025e-02,3.237115e-03,3.685758e-02
SGPTL,1995,3.690679e-02,3.237115e-03,3.687538e-02
SGPTL,1996,3.507808e-02,3.237115e-03,3.689379e-02
SGPTL,1997,3.528853e-02,3.237115e-03,3.691196e-02
SGPTL,1998,3.402424e-02,3.237115e-03,3.692912e-02
SGPTL,1999,3.148404e-02,3.237115e-03,3.694754e-02
SGPTL,2000,3.125796e-02,3.237115e-03,3.696579e-02
SGPTL,2001,3.156951e-02,3.237115e-03,3.698308e-02
SGPTL,2002,2.997164e-02,3.237115e-03,3.700150e-02
SGPTL,2003,3.086912e-02,3.237115e-03,3.701992e-02
SGPTL,2004,3.416976e-02,3.237115e-03,3.703725e-02
SGPTL,2005,3.410873e-02,3.237115e-03,3.705542e-02
SGPTL,2006,3.337181e-02,3.237115e-03,3.707333e-02
SGPTL,2007,3.311757e-02,3.237115e-03,3.709096e-02
SGPTL,2008,3.387317e-02,3.237115e-03,3.710938e-02
SGPTL,2009,3.551922e-02,3.237115e-03,3.712750e-02
SGPTL,2010,3.585019e-02,3.237115e-03,3.714529e-02
SGPTL,2011,3.743078e-02,3.237115e-03,3.716371e-02
SGPTL,2012,3.576672e-02,3.237115e-03,3.718225e-02
SGPTL,2013,3.367192e-02,3.237115e-03,3.719942e-02
SGPTL,2014,3.317119e-02,3.237115e-03,3.721779e-02
SGPTL,2015,3.382326e-02,3.237115e-03,3.723558e-02
SGPTL,2016,3.291147e-02,3.237115e-03,3.725358e-02
SGPTL,2017,3.383530e-02,3.237115e-03,3.728008e-02
SGPTL,2018,3.366445e-02,3.237115e-03,3.731217e-02
SGPTL,2019,3.675241e-02,3.237115e-03,3.733092e-02
SGPTL,2020,3.844895e-02,3.237115e-03,3.735075e-02
SGPTL,2021,3.966411e-02,3.237115e-03,3.736921e-02
SGPTL,2022,3.671021e-02,3.237115e-03,3.738754e-02
SGPTL,2023,3.410976e-02,3.237115e-03,3.740479e-02
SGPTL,2024,3.364450e-02,3.237115e-03,3.742300e-02
SGPTL,2025,3.310103e-02,3.237115e-03,3.744154e-02
SGPTL,2026,3.176224e-02,3.237115e-03,3.745883e-02
SGPTL,2027,3.041845e-02,3.237115e-03,3.747725e-02
SGPTL,2028,2.986456e-02,3.237115e-03,3.749558e-02
SGPTL,2029,3.053426e-02,3.237115e-03,3.751296e-02
SGPTL,2030,3.124587e-02,3.237115e-03,3.753125e-02
SGPTL,2031,3.542092e-02,3.237115e-03,3.754904e-02
SGPTL,2032,3.940802e-02,3.237115e-03,3.756700e-02
SGPTL,2033,4.103441e-02,3.237115e-03,3.758521e-02
SGPTL,2034,3.935543e-02,3.237115e-03,3.760358e-02
SGPTL,2035,3.584498e-02,3.237115e-03,3.762079e-02
SGPTL,2036,3.251020e-02,3.237115e-03,3.764250e-02
SGPTL,2037,3.025677e-02,3.237115e-03,3.766088e-02
SGPTL,2038,2.925308e-02,3.237115e-03,3.767912e-02
SGPTL,2039,3.149488e-02,3.237115e-03,3.769746e-02
SGPTL,2040,3.147063e-02,3.237115e-03,3.771525e-02
SGPTL,2041,3.226303e-02,3.237115e-03,3.773308e-02
SGPTL,2042,3.167537e-02,3.237115e-03,3.775400e-02
SGPTL,2043,2.390156e-02,3.237115e-03,3.776967e-02
SGPTL,2044,1.799390e-02,3.237115e-03,3.778733e-02
SGPTL,2045,1.867314e-02,3.237115e-03,3.780550e-02
SGPTL,2046,1.943214e-02,3.237115e-03,3.782367e-02
SGPTL,2047,2.225015e-02,3.237115e-03,3.784142e-02
SGPTL,2048,2.415776e-02,3.237115e-03,3.785987e-02
SGPTL,2049,2.592714e-02,3.237115e-03,3.787817e-02
SGPTL,2050,2.707258e-02,3.237115e-03,3.789529e-02
SGPTL,2051,2.810208e-02,3.237115e-03,3.791392e-02
SGPTL,2052,2.878048e-02,3.237115e-03,3.793208e-02
SGPTL,2053,2.785935e-02,3.237115e-03,3.795012e-02
SGPTL,2054,2.725783e-02,3.237115e-03,3.796792e-02
SGPTL,2055,2.573915e-02,3.237115e-03,3.798621e-02
SGPTL,2056,2.504895e-02,3.237115e-03,3.800471e-02
SGPTL,2057,2.442761e-02,3.237115e-03,3.802167e-02
SGPTL,2058,2.424192e-02,3.237115e-03,3.803987e-02
SGPTL,2059,2.492425e-02,3.237115e-03,3.805779e-02
SGPTL,2060,2.515478e-02,3.237115e-03,3.807533e-02
SGPTL,2061,2.486274e-02,3.237115e-03,3.809350e-02
SGPTL,2062,2.651243e-02,3.237115e-03,3.811138e-02
SGPTL,2063,2.622700e-02,3.237115e-03,3.813088e-02
SGPTL,2064,2.678752e-02,3.237115e-03,3.814925e-02
SGPTL,2065,2.822148e-02,3.237115e-03,3.816696e-02
SGPTL,2066,2.885960e-02,3.237115e-03,3.818483e-02
SGPTL,2067,2.998692e-02,3.237115e-03,3.820392e-02
SGPTL,2068,2.991145e-02,3.237115e-03,3.822221e-02
SGPTL,2069,2.876516e-02,3.237115e-03,3.823938e-02
SGPTL,2070,2.867888e-02,3.237115e-03,3.826033e-02
SGPTL,2071,3.106853e-02,3.237115e-03,3.827850e-02
SGPTL,2072,3.160512e-02,3.237115e-03,3.829558e-02
SGPTL,2073,3.357787e-02,3.237115e-03,3.831383e-02
SGPTL,2074,3.190491e-02,3.237115e-03,3.833163e-02
SGPTL,2075,3.103417e-02,3.237115e-03,3.834958e-02
SGPTL,2076,2.909997e-02,3.237115e-03,3.836812e-02
SGPTL,2077,2.835124e-02,3.237115e-03,3.838617e-02
SGPTL,2078,2.834726e-02,3.237115e-03,3.840321e-02
SGPTL,2079,2.850047e-02,3.237115e-03,3.842154e-02
SGPTL,2080,2.812494e-02,3.237115e-03,3.843967e-02
SGPTL,2081,2.923976e-02,3.237115e-03,3.845750e-02
SGPTL,2082,2.925150e-02,3.237115e-03,3.847579e-02
SGPTL,2083,2.883448e-02,3.237115e-03,3.849396e-02
SGPTL,2084,2.807344e-02,3.237115e-03,3.851117e-02
SGPTL,2085,3.037504e-02,3.237115e-03,3.852925e-02
SGPTL,2086,3.111441e-02,3.237115e-03,3.854729e-02
SGPTL,2087,3.206430e-02,3.237115e-03,3.856483e-02
SGPTL,2088,3.207644e-02,3.237115e-03,3.858325e-02
SGPTL,2089,3.064872e-02,3.237115e-03,3.860117e-02
SGPTL,2090,2.893966e-02,3.237115e-03,3.862008e-02
SGPTL,2091,2.548714e-02,3.237115e-03,3.863833e-02
SGPTL,2092,2.530564e-02,3.237115e-03,3.865646e-02
SGPTL,2093,2.594600e-02,3.237115e-03,3.867358e-02
SGPTL,2094,2.639876e-02,3.237115e-03,3.869171e-02
SGPTL,2095,2.560103e-02,3.237115e-03,3.871000e-02
SGPTL,2096,2.672181e-02,3.237115e-03,3.872771e-02
SGPTL,2097,2.543304e-02,3.237115e-03,3.874604e-02
SGPTL,2098,2.692946e-02,3.237115e-03,3.876400e-02
SGPTL,2099,2.867879e-02,3.237115e-03,3.878117e-02
SGPTL,2100,3.079201e-02,3.237115e-03,3.879946e-02
SGPTL,2101,3.050331e-02,3.237115e-03,3.881737e-02
SGPTL,2102,2.990366e-02,3.237115e-03,3.883487e-02
SGPTL,2103,2.993051e-02,3.237115e-03,3.885317e-02
SGPTL,2104,2.916440e-02,3.237115e-03,3.887108e-02
SGPTL,2105,2.799443e-02,3.237115e-03,3.888863e-02
SGPTL,2106,3.019987e-02,3.237115e-03,3.890679e-02
SGPTL,2107,3.127628e-02,3.237115e-03,3.892512e-02
SGPTL,2108,3.139913e-02,3.237115e-03,3.894242e-02
SGPTL,2109,3.103032e-02,3.237115e-03,3.896067e-02
SGPTL,2110,3.204740e-02,3.237115e-03,3.897850e-02
SGPTL,2111,3.079199e-02,3.237115e-03,3.899592e-02
SGPTL,2112,3.072088e-02,3.237115e-03,3.901412e-02
SGPTL,2113,2.970116e-02,3.237115e-03,3.903475e-02
SGPTL,2114,2.886520e-02,3.237115e-03,3.905183e-02
SGPTL,2115,2.744888e-02,3.237115e-03,3.907017e-02
SGPTL,2116,2.607912e-02,3.237115e-03,3.908792e-02
SGPTL,2117,2.670689e-02,3.237115e-03,3.910567e-02
SGPTL,2118,2.730004e-02,3.237115e-03,3.912392e-02
SGPTL,2119,2.814487e-02,3.237115e-03,3.914204e-02
SGPTL,2120,2.866364e-02,3.237115e-03,3.915933e-02
SGPTL,2121,2.895044e-02,3.237115e-03,3.917750e-02
SGPTL,2122,3.031100e-02,3.237115e-03,3.919525e-02
SGPTL,2123,1.758957e-02,3.237115e-03,3.921050e-02
SGPTL,2124,1.869713e-02,3.237115e-03,3.922867e-02
SGPTL,2125,1.804197e-02,3.237115e-03,3.924683e-02
SGPTL,2126,1.887188e-02,3.237115e-03,3.926417e-02
SGPTL,2127,1.985952e-02,3.237115e-03,3.928250e-02
SGPTL,2128,2.038675e-02,3.237115e-03,3.930050e-02
SGPTL,2129,2.102025e-02,3.237115e-03,3.931821e-02
SGPTL,2130,2.173329e-02,3.237115e-03,3.933646e-02
SGPTL,2131,2.264410e-02,3.237115e-03,3.935475e-02
SGPTL,2132,2.326138e-02,3.237115e-03,3.937200e-02
SGPTL,2133,2.308185e-02,3.237115e-03,3.939000e-02
SGPTL,2134,2.326098e-02,3.237115e-03,3.940804e-02
SGPTL,2135,2.412077e-02,3.237115e-03,3.942563e-02
SGPTL,2136,2.429753e-02,3.237115e-03,3.944371e-02
SGPTL,2137,2.348455e-02,3.237115e-03,3.946187e-02
SGPTL,2138,2.230117e-02,3.237115e-03,3.947942e-02
SGPTL,2139,2.177894e-02,3.237115e-03,3.950017e-02
SGPTL,2140,2.192033e-02,3.237115e-03,3.951846e-02
SGPTL,2141,2.311904e-02,3.237115e-03,3.953817e-02
SGPTL,2142,2.543646e-02,3.237115e-03,3.955629e-02
SGPTL,2143,2.555509e-02,3.237115e-03,3.957458e-02
SGPTL,2144,2.522057e-02,3.237115e-03,3.959158e-02
SGPTL,2145,2.544930e-02,3.237115e-03,3.960996e-02
SGPTL,2146,2.792946e-02,3.237115e-03,3.963054e-02
SGPTL,2147,2.788986e-02,3.237115e-03,3.964779e-02
SGPTL,2148,2.571074e-02,3.237115e-03,3.966637e-02
SGPTL,2149,2.861132e-02,3.237115e-03,3.968454e-02
SGPTL,2150,3.026967e-02,3.237115e-03,3.970192e-02
SGPTL,2151,3.086075e-02,3.237115e-03,3.972021e-02
SGPTL,2152,3.050816e-02,3.237115e-03,3.973863e-02
SGPTL,2153,2.819801e-02,3.237115e-03,3.975592e-02
SGPTL,2154,2.944732e-02,3.237115e-03,3.977675e-02
SGPTL,2155,2.860517e-02,3.237115e-03,3.979512e-02
SGPTL,2156,2.733095e-02,3.237115e-03,3.981233e-02
SGPTL,2157,2.700613e-02,3.237115e-03,3.983067e-02
SGPTL,2158,2.502336e-02,3.237115e-03,3.984842e-02
SGPTL,2159,2.395789e-02,3.237115e-03,3.986654e-02
SGPTL,2160,2.518237e-02,3.237115e-03,3.988479e-02
SGPTL,2161,2.832441e-02,3.237115e-03,3.990304e-02
SGPTL,2162,2.999369e-02,3.237115e-03,3.992025e-02
SGPTL,2163,2.685830e-02,3.237115e-03,3.993833e-02
SGPTL,2164,2.583364e-02,3.237115e-03,3.995562e-02
SGPTL,2165,2.517269e-02,3.237115e-03,3.997383e-02
SGPTL,2166,2.598956e-02,3.237115e-03,3.999158e-02
SGPTL,2167,2.673738e-02,3.237115e-03,4.000971e-02
SGPTL,2168,2.799060e-02,3.237115e-03,4.002787e-02
SGPTL,2169,2.449826e-02,3.237115e-03,4.004638e-02
SGPTL,2170,2.441584e-02,3.237115e-03,4.006354e-02
SGPTL,2171,2.492540e-02,3.237115e-03,4.008171e-02
SGPTL,2172,2.566675e-02,3.237115e-03,4.009979e-02
SGPTL,2173,2.255644e-02,3.237115e-03,4.011733e-02
SGPTL,2174,2.166511e-02,3.237115e-03,4.013563e-02
SGPTL,2175,2.173085e-02,3.237115e-03,4.015379e-02
SGPTL,2176,2.349529e-02,3.237115e-03,4.017133e-02
SGPTL,2177,2.190594e-02,3.237115e-03,4.018963e-02
SGPTL,2178,2.123125e-02,3.237115e-03,4.020800e-02
SGPTL,2179,2.208521e-02,3.237115e-03,4.022529e-02
SGPTL,2180,2.259605e-02,3.237115e-03,4.024354e-02
SGPTL,2181,2.359915e-02,3.237115e-03,4.026158e-02
SGPTL,2182,2.444086e-02,3.237115e-03,4.027962e-02
SGPTL,2183,2.355971e-02,3.237115e-03,4.029800e-02
SGPTL,2184,2.528768e-02,3.237115e-03,4.031621e-02
SGPTL,2185,2.598323e-02,3.237115e-03,4.033354e-02
SGPTL,2186,2.575713e-02,3.237115e-03,4.035183e-02
SGPTL,2187,2.512148e-02,3.237115e-03,4.036992e-02
SGPTL,2188,2.420191e-02,3.237115e-03,4.038738e-02
SGPTL,2189,2.476602e-02,3.237115e-03,4.040563e-02
SGPTL,2190,2.380956e-02,3.237115e-03,4.042358e-02
SGPTL,2191,2.383135e-02,3.237115e-03,4.044108e-02
SGPTL,2192,2.706519e-02,3.237115e-03,4.045942e-02
SGPTL,2193,2.714908e-02,3.237115e-03,4.047933e-02
SGPTL,2194,2.771553e-02,3.237115e-03,4.049717e-02
SGPTL,2195,2.584956e-02,3.237115e-03,4.051542e-02
SGPTL,2196,2.518178e-02,3.237115e-03,4.053379e-02
SGPTL,2197,2.257251e-02,3.237115e-03,4.055100e-02
SGPTL,2198,2.320726e-02,3.237115e-03,4.056925e-02
SGPTL,2199,2.393148e-02,3.237115e-03,4.058725e-02
SGPTL,2200,2.419413e-02,3.237115e-03,4.060471e-02
SGPTL,2201,2.451143e-02,3.237115e-03,4.062304e-02
SGPTL,2202,2.525490e-02,3.237115e-03,4.064313e-02
SGPTL,2203,1.791850e-02,3.237115e-03,4.066183e-02
SGPTL,2204,1.582324e-02,3.237115e-03,4.067888e-02
SGPTL,2205,1.574847e-02,3.237115e-03,4.069708e-02
SGPTL,2206,1.602886e-02,3.237115e-03,4.071425e-02
SGPTL,2207,1.625661e-02,3.237115e-03,4.073254e-02
SGPTL,2208,1.671293e-02,3.237115e-03,4.075067e-02
SGPTL,2209,1.712146e-02,3.237115e-03,4.076833e-02
SGPTL,2210,1.771461e-02,3.237115e-03,4.078675e-02
SGPTL,2211,1.844855e-02,3.237115e-03,4.080504e-02
SGPTL,2212,1.904124e-02,3.237115e-03,4.082313e-02
SGPTL,2213,1.860216e-02,3.237115e-03,4.084150e-02
SGPTL,2214,1.845073e-02,3.237115e-03,4.085983e-02
SGPTL,2215,1.759196e-02,3.237115e-03,4.087708e-02
SGPTL,2216,1.735771e-02,3.237115e-03,4.089554e-02
SGPTL,2217,1.670606e-02,3.237115e-03,4.091400e-02
SGPTL,2218,1.634389e-02,3.237115e-03,4.093137e-02
SGPTL,2219,1.627381e-02,3.237115e-03,4.094946e-02
SGPTL,2220,1.659820e-02,3.237115e-03,4.096762e-02
SGPTL,2221,1.641754e-02,3.237115e-03,4.098546e-02
SGPTL,2222,1.735116e-02,3.237115e-03,4.100362e-02
SGPTL,2223,1.865641e-02,3.237115e-03,4.102221e-02
SGPTL,2224,1.961680e-02,3.237115e-03,4.103946e-02
SGPTL,2225,2.045092e-02,3.237115e-03,4.105775e-02
SGPTL,2226,2.195165e-02,3.237115e-03,4.107625e-02
SGPTL,2227,2.114078e-02,3.237115e-03,4.109400e-02
SGPTL,2228,2.232884e-02,3.237115e-03,4.111258e-02
SGPTL,2229,2.267413e-02,3.237115e-03,4.113104e-02
SGPTL,2230,2.483380e-02,3.237115e-03,4.114833e-02
SGPTL,2231,2.574764e-02,3.237115e-03,4.116663e-02
SGPTL,2232,2.376750e-02,3.237115e-03,4.118504e-02
SGPTL,2233,2.301892e-02,3.237115e-03,4.120287e-02
SGPTL,2234,2.426002e-02,3.237115e-03,4.122133e-02
SGPTL,2235,2.520146e-02,3.237115e-03,4.123975e-02
SGPTL,2236,2.428744e-02,3.237115e-03,4.125725e-02
SGPTL,2237,2.487593e-02,3.237115e-03,4.127542e-02
SGPTL,2238,2.793351e-02,3.237115e-03,4.129321e-02
SGPTL,2239,2.695764e-02,3.237115e-03,4.131108e-02
SGPTL,2240,2.412622e-02,3.237115e-03,4.132958e-02
SGPTL,2241,2.106639e-02,3.237115e-03,4.134817e-02
SGPTL,2242,1.988609e-02,3.237115e-03,4.136538e-02
SGPTL,2243,2.132175e-02,3.237115e-03,4.138387e-02
SGPTL,2244,2.204565e-02,3.237115e-03,4.140242e-02
SGPTL,2245,2.318076e-02,3.237115e-03,4.141983e-02
SGPTL,2246,2.222448e-02,3.237115e-03,4.143837e-02
SGPTL,2247,2.195240e-02,3.237115e-03,4.145663e-02
SGPTL,2248,2.341292e-02,3.237115e-03,4.147404e-02
SGPTL,2249,2.462952e-02,3.237115e-03,4.149233e-02
SGPTL,2250,2.361655e-02,3.237115e-03,4.151046e-02
SGPTL,2251,2.201138e-02,3.237115e-03,4.152821e-02
SGPTL,2252,2.100587e-02,3.237115e-03,4.154654e-02
SGPTL,2253,1.964770e-02,3.237115e-03,4.156508e-02
SGPTL,2254,1.875552e-02,3.237115e-03,4.158262e-02
SGPTL,2255,2.054304e-02,3.237115e-03,4.160104e-02
SGPTL,2256,2.130708e-02,3.237115e-03,4.161946e-02
SGPTL,2257,2.139805e-02,3.237115e-03,4.163692e-02
SGPTL,2258,2.281509e-02,3.237115e-03,4.165542e-02
SGPTL,2259,2.342209e-02,3.237115e-03,4.167404e-02
SGPTL,2260,2.217701e-02,3.237115e-03,4.169142e-02
SGPTL,2261,2.220606e-02,3.237115e-03,4.170979e-02
SGPTL,2262,2.110847e-02,3.237115e-03,4.172813e-02
SGPTL,2263,2.121291e-02,3.237115e-03,4.174542e-02
SGPTL,2264,2.106951e-02,3.237115e-03,4.176383e-02
SGPTL,2265,2.043735e-02,3.237115e-03,4.178217e-02
SGPTL,2266,2.072683e-02,3.237115e-03,4.179954e-02
SGPTL,2267,2.312396e-02,3.237115e-03,4.181808e-02
SGPTL,2268,2.670664e-02,3.237115e-03,4.183696e-02
SGPTL,2269,2.637498e-02,3.237115e-03,4.185429e-02
SGPTL,2270,2.523929e-02,3.237115e-03,4.187312e-02
SGPTL,2271,2.365520e-02,3.237115e-03,4.189154e-02
SGPTL,2272,2.303830e-02,3.237115e-03,4.190900e-02
SGPTL,2273,2.085238e-02,3.237115e-03,4.193104e-02
SGPTL,2274,2.030901e-02,3.237115e-03,4.195017e-02
SGPTL,2275,1.870150e-02,3.237115e-03,4.196738e-02
SGPTL,2276,1.780103e-02,3.237115e-03,4.198583e-02
SGPTL,2277,1.868789e-02,3.237115e-03,4.200429e-02
SGPTL,2278,2.065915e-02,3.237115e-03,4.202162e-02
SGPTL,2279,2.147763e-02,3.237115e-03,4.204004e-02
SGPTL,2280,2.202238e-02,3.237115e-03,4.205850e-02
SGPTL,2281,2.233297e-02,3.237115e-03,4.207588e-02
SGPTL,2282,2.140678e-02,3.237115e-03,4.209429e-02
SGPTL,2283,1.316895e-02,3.237115e-03,4.210992e-02
SGPTL,2284,1.147325e-02,3.237115e-03,4.212792e-02
SGPTL,2285,1.265284e-02,3.237115e-03,4.214608e-02
SGPTL,2286,1.283078e-02,3.237115e-03,4.216454e-02
SGPTL,2287,1.412658e-02,3.237115e-03,4.218171e-02
SGPTL,2288,1.471374e-02,3.237115e-03,4.220004e-02
SGPTL,2289,1.538887e-02,3.237115e-03,4.221858e-02
SGPTL,2290,1.557917e-02,3.237115e-03,4.223588e-02
SGPTL,2291,1.573072e-02,3.237115e-03,4.225446e-02
SGPTL,2292,1.509354e-02,3.237115e-03,4.227308e-02
SGPTL,2293,1.425853e-02,3.237115e-03,4.229050e-02
SGPTL,2294,1.391944e-02,3.237115e-03,4.230908e-02
SGPTL,2295,1.349809e-02,3.237115e-03,4.232658e-02
SGPTL,2296,1.309948e-02,3.237115e-03,4.234496e-02
SGPTL,2297,1.311846e-02,3.237115e-03,4.236321e-02
SGPTL,2298,1.318779e-02,3.237115e-03,4.238150e-02
SGPTL,2299,1.314940e-02,3.237115e-03,4.239979e-02
SGPTL,2300,1.293290e-02,3.237115e-03,4.241704e-02
SGPTL,2301,1.372145e-02,3.237115e-03,4.243529e-02
SGPTL,2302,1.395875e-02,3.237115e-03,4.245304e-02
SGPTL,2303,1.467810e-02,3.237115e-03,4.247100e-02
SGPTL,2304,1.566188e-02,3.237115e-03,4.248937e-02
SGPTL,2305,1.579899e-02,3.237115e-03,4.250767e-02
SGPTL,2306,1.661927e-02,3.237115e-03,4.252492e-02
SGPTL,2307,1.761266e-02,3.237115e-03,4.254342e-02
SGPTL,2308,1.825823e-02,3.237115e-03,4.256196e-02
SGPTL,2309,1.666560e-02,3.237115e-03,4.257962e-02
SGPTL,2310,1.643144e-02,3.237115e-03,4.259779e-02
SGPTL,2311,1.642216e-02,3.237115e-03,4.261567e-02
SGPTL,2312,1.621835e-02,3.237115e-03,4.263346e-02
SGPTL,2313,1.679019e-02,3.237115e-03,4.265192e-02
SGPTL,2314,1.741245e-02,3.237115e-03,4.267004e-02
SGPTL,2315,1.688593e-02,3.237115e-03,4.268721e-02
SGPTL,2316,1.735806e-02,3.237115e-03,4.270542e-02
SGPTL,2317,1.799444e-02,3.237115e-03,4.272362e-02
SGPTL,2318,1.936084e-02,3.237115e-03,4.274142e-02
SGPTL,2319,2.117074e-02,3.237115e-03,4.275979e-02
SGPTL,2320,1.865211e-02,3.237115e-03,4.277825e-02
SGPTL,2321,1.645786e-02,3.237115e-03,4.279542e-02
SGPTL,2322,1.609114e-02,3.237115e-03,4.281392e-02
SGPTL,2323,1.617559e-02,3.237115e-03,4.283237e-02
SGPTL,2324,1.602145e-02,3.237115e-03,4.284988e-02
SGPTL,2325,1.502300e-02,3.237115e-03,4.286837e-02
SGPTL,2326,1.560418e-02,3.237115e-03,4.288663e-02
SGPTL,2327,1.718145e-02,3.237115e-03,4.290412e-02
SGPTL,2328,1.892171e-02,3.237115e-03,4.292267e-02
SGPTL,2329,2.038582e-02,3.237115e-03,4.294100e-02
SGPTL,2330,2.025211e-02,3.237115e-03,4.295833e-02
SGPTL,2331,2.008619e-02,3.237115e-03,4.297688e-02
SGPTL,2332,1.833477e-02,3.237115e-03,4.299546e-02
SGPTL,2333,1.734007e-02,3.237115e-03,4.301354e-02
SGPTL,2334,1.538867e-02,3.237115e-03,4.303204e-02
SGPTL,2335,1.303859e-02,3.237115e-03,4.305058e-02
SGPTL,2336,1.282501e-02,3.237115e-03,4.306779e-02
SGPTL,2337,1.319871e-02,3.237115e-03,4.308612e-02
SGPTL,2338,1.322995e-02,3.237115e-03,4.310400e-02
SGPTL,2339,1.406544e-02,3.237115e-03,4.312208e-02
SGPTL,2340,1.569324e-02,3.237115e-03,4.314029e-02
SGPTL,2341,1.730914e-02,3.237115e-03,4.315854e-02
SGPTL,2342,1.852751e-02,3.237115e-03,4.317600e-02
SGPTL,2343,1.851749e-02,3.237115e-03,4.319442e-02
SGPTL,2344,1.591835e-02,3.237115e-03,4.321304e-02
SGPTL,2345,1.498070e-02,3.237115e-03,4.323046e-02
SGPTL,2346,1.508877e-02,3.237115e-03,4.324904e-02
SGPTL,2347,1.617962e-02,3.237115e-03,4.326733e-02
SGPTL,2348,1.811780e-02,3.237115e-03,4.328471e-02
SGPTL,2349,1.782076e-02,3.237115e-03,4.330325e-02
SGPTL,2350,1.774089e-02,3.237115e-03,4.332171e-02
SGPTL,2351,1.800582e-02,3.237115e-03,4.333925e-02
SGPTL,2352,1.873939e-02,3.237115e-03,4.335775e-02
SGPTL,2353,1.715257e-02,3.237115e-03,4.337604e-02
SGPTL,2354,1.478401e-02,3.237115e-03,4.339337e-02
SGPTL,2355,1.553988e-02,3.237115e-03,4.341517e-02
SGPTL,2356,1.745625e-02,3.237115e-03,4.343529e-02
SGPTL,2357,1.877249e-02,3.237115e-03,4.345367e-02
SGPTL,2358,1.882072e-02,3.237115e-03,4.347233e-02
SGPTL,2359,1.836250e-02,3.237115e-03,4.348987e-02
SGPTL,2360,1.670023e-02,3.237115e-03,4.350883e-02
SGPTL,2361,1.549920e-02,3.237115e-03,4.353192e-02
SGPTL,2362,1.474132e-02,3.237115e-03,4.355067e-02
SGPTL,2363,1.125619e-02,3.237115e-03,4.356563e-02
SGPTL,2364,1.043440e-02,3.237115e-03,4.358429e-02
SGPTL,2365,1.030880e-02,3.237115e-03,4.360283e-02
SGPTL,2366,1.071446e-02,3.237115e-03,4.362092e-02
SGPTL,2367,1.040607e-02,3.237115e-03,4.363983e-02
SGPTL,2368,9.996885e-03,3.237115e-03,4.365879e-02
SGPTL,2369,9.813322e-03,3.237115e-03,4.367696e-02
SGPTL,2370,9.791788e-03,3.237115e-03,4.369567e-02
SGPTL,2371,9.776458e-03,3.237115e-03,4.371442e-02
SGPTL,2372,9.697708e-03,3.237115e-03,4.373179e-02
SGPTL,2373,9.759498e-03,3.237115e-03,4.375050e-02
SGPTL,2374,9.490113e-03,3.237115e-03,4.376921e-02
SGPTL,2375,9.306434e-03,3.237115e-03,4.378625e-02
SGPTL,2376,9.414846e-03,3.237115e-03,4.380496e-02
SGPTL,2377,9.893931e-03,3.237115e-03,4.382375e-02
SGPTL,2378,9.873119e-03,3.237115e-03,4.384117e-02
SGPTL,2379,1.015802e-02,3.237115e-03,4.385975e-02
SGPTL,2380,1.020771e-02,3.237115e-03,4.387804e-02
SGPTL,2381,1.048735e-02,3.237115e-03,4.389621e-02
SGPTL,2382,1.055216e-02,3.237115e-03,4.391483e-02
SGPTL,2383,1.034424e-02,3.237115e-03,4.393358e-02
SGPTL,2384,1.083312e-02,3.237115e-03,4.395079e-02
SGPTL,2385,1.163944e-02,3.237115e-03,4.396975e-02
SGPTL,2386,1.137310e-02,3.237115e-03,4.398883e-02
SGPTL,2387,1.199973e-02,3.237115e-03,4.400762e-02
SGPTL,2388,1.277109e-02,3.237115e-03,4.402567e-02
SGPTL,2389,1.254249e-02,3.237115e-03,4.404450e-02
SGPTL,2390,1.243340e-02,3.237115e-03,4.406317e-02
SGPTL,2391,1.292170e-02,3.237115e-03,4.408117e-02
SGPTL,2392,1.325788e-02,3.237115e-03,4.409983e-02
SGPTL,2393,1.397328e-02,3.237115e-03,4.411850e-02
SGPTL,2394,1.311460e-02,3.237115e-03,4.413596e-02
SGPTL,2395,1.115151e-02,3.237115e-03,4.415454e-02
SGPTL,2396,1.016453e-02,3.237115e-03,4.417317e-02
SGPTL,2397,1.026692e-02,3.237115e-03,4.419037e-02
SGPTL,2398,1.042609e-02,3.237115e-03,4.420921e-02
SGPTL,2399,1.105318e-02,3.237115e-03,4.422804e-02
SGPTL,2400,1.110180e-02,3.237115e-03,4.424521e-02
SGPTL,2401,1.181083e-02,3.237115e-03,4.427008e-02
SGPTL,2402,1.235379e-02,3.237115e-03,4.428896e-02
SGPTL,2403,1.295361e-02,3.237115e-03,4.430796e-02
SGPTL,2404,1.291255e-02,3.237115e-03,4.432550e-02
SGPTL,2405,1.256052e-02,3.237115e-03,4.434438e-02
SGPTL,2406,1.236316e-02,3.237115e-03,4.436308e-02
SGPTL,2407,1.079292e-02,3.237115e-03,4.438133e-02
SGPTL,2408,1.074948e-02,3.237115e-03,4.440037e-02
SGPTL,2409,1.072127e-02,3.237115e-03,4.441921e-02
SGPTL,2410,1.054108e-02,3.237115e-03,4.443650e-02
SGPTL,2411,1.080715e-02,3.237115e-03,4.445521e-02
SGPTL,2412,1.125832e-02,3.237115e-03,4.447421e-02
SGPTL,2413,1.225276e-02,3.237115e-03,4.449183e-02
SGPTL,2414,1.384611e-02,3.237115e-03,4.451050e-02
SGPTL,2415,1.322343e-02,3.237115e-03,4.452967e-02
SGPTL,2416,1.304592e-02,3.237115e-03,4.454746e-02
SGPTL,2417,1.314845e-02,3.237115e-03,4.456667e-02
SGPTL,2418,1.264190e-02,3.237115e-03,4.458563e-02
SGPTL,2419,1.183713e-02,3.237115e-03,4.460421e-02
SGPTL,2420,1.261969e-02,3.237115e-03,4.468888e-02
SGPTL,2421,1.314739e-02,3.237115e-03,4.471725e-02
SGPTL,2422,1.253981e-02,3.237115e-03,4.473887e-02
SGPTL,2423,1.157382e-02,3.237115e-03,4.475937e-02
SGPTL,2424,1.141680e-02,3.237115e-03,4.477958e-02
SGPTL,2425,1.182426e-02,3.237115e-03,4.479829e-02
SGPTL,2426,1.232503e-02,3.237115e-03,4.481825e-02
SGPTL,2427,1.261438e-02,3.237115e-03,4.483783e-02
SGPTL,2428,1.207618e-02,3.237115e-03,4.485700e-02
SGPTL,2429,1.191373e-02,3.237115e-03,4.487554e-02
SGPTL,2430,1.206541e-02,3.237115e-03,4.489471e-02
SGPTL,2431,1.157793e-02,3.237115e-03,4.491408e-02
SGPTL,2432,1.188301e-02,3.237115e-03,4.493283e-02
SGPTL,2433,1.123471e-02,3.237115e-03,4.495196e-02
SGPTL,2434,1.088055e-02,3.237115e-03,4.496950e-02
SGPTL,2435,1.047396e-02,3.237115e-03,4.498858e-02
SGPTL,2436,1.018434e-02,3.237115e-03,4.500758e-02
SGPTL,2437,1.005663e-02,3.237115e-03,4.502496e-02
SGPTL,2438,1.066757e-02,3.237115e-03,4.504412e-02
SGPTL,2439,1.123558e-02,3.237115e-03,4.506292e-02
SGPTL,2440,1.136625e-02,3.237115e-03,4.508154e-02
SGPTL,2441,1.126808e-02,3.237115e-03,4.510013e-02
SGPTL,2442,1.153582e-02,3.237115e-03,4.511896e-02
SGPTL,2443,8.780681e-03,3.237115e-03,4.513642e-02
SGPTL,2444,7.692981e-03,3.237115e-03,4.515550e-02
SGPTL,2445,7.567426e-03,3.237115e-03,4.517421e-02
SGPTL,2446,7.063650e-03,3.237115e-03,4.519321e-02
SGPTL,2447,6.825855e-03,3.237115e-03,4.521050e-02
SGPTL,2448,6.821828e-03,3.237115e-03,4.522925e-02
SGPTL,2449,7.019777e-03,3.237115e-03,4.524817e-02
SGPTL,2450,7.080071e-03,3.237115e-03,4.526588e-02
SGPTL,2451,7.041971e-03,3.237115e-03,4.528458e-02
SGPTL,2452,6.902522e-03,3.237115e-03,4.530342e-02
SGPTL,2453,6.615889e-03,3.237115e-03,4.532092e-02
SGPTL,2454,6.455695e-03,3.237115e-03,4.533975e-02
SGPTL,2455,6.381192e-03,3.237115e-03,4.535817e-02
SGPTL,2456,6.305381e-03,3.237115e-03,4.537638e-02
SGPTL,2457,6.342475e-03,3.237115e-03,4.539492e-02
SGPTL,2458,6.141215e-03,3.237115e-03,4.541358e-02
SGPTL,2459,6.108340e-03,3.237115e-03,4.543117e-02
SGPTL,2460,5.960038e-03,3.237115e-03,4.545029e-02
SGPTL,2461,5.937687e-03,3.237115e-03,4.546929e-02
SGPTL,2462,5.793234e-03,3.237115e-03,4.548704e-02
SGPTL,2463,5.750385e-03,3.237115e-03,4.550592e-02
SGPTL,2464,5.831577e-03,3.237115e-03,4.552488e-02
SGPTL,2465,5.720382e-03,3.237115e-03,4.554254e-02
SGPTL,2466,5.656590e-03,3.237115e-03,4.556154e-02
SGPTL,2467,5.765353e-03,3.237115e-03,4.558062e-02
SGPTL,2468,5.980203e-03,3.237115e-03,4.559929e-02
SGPTL,2469,6.421263e-03,3.237115e-03,4.561800e-02
SGPTL,2470,6.676892e-03,3.237115e-03,4.563687e-02
SGPTL,2471,6.431215e-03,3.237115e-03,4.565425e-02
SGPTL,2472,5.787853e-03,3.237115e-03,4.567308e-02
SGPTL,2473,5.701683e-03,3.237115e-03,4.569196e-02
SGPTL,2474,5.374682e-03,3.237115e-03,4.570954e-02
SGPTL,2475,5.273335e-03,3.237115e-03,4.572842e-02
SGPTL,2476,5.240249e-03,3.237115e-03,4.574700e-02
SGPTL,2477,5.067376e-03,3.237115e-03,4.576517e-02
SGPTL,2478,4.984140e-03,3.237115e-03,4.578388e-02
SGPTL,2479,5.089172e-03,3.237115e-03,4.580267e-02
SGPTL,2480,5.627082e-03,3.237115e-03,4.582021e-02
SGPTL,2481,6.109647e-03,3.237115e-03,4.583900e-02
SGPTL,2482,6.374916e-03,3.237115e-03,4.585792e-02
SGPTL,2483,6.381476e-03,3.237115e-03,4.587625e-02
SGPTL,2484,6.595101e-03,3.237115e-03,4.589483e-02
SGPTL,2485,6.941343e-03,3.237115e-03,4.591233e-02
SGPTL,2486,6.701287e-03,3.237115e-03,4.593121e-02
SGPTL,2487,6.252678e-03,3.237115e-03,4.595013e-02
SGPTL,2488,6.100706e-03,3.237115e-03,4.596754e-02
SGPTL,2489,5.859857e-03,3.237115e-03,4.598633e-02
SGPTL,2490,5.644544e-03,3.237115e-03,4.600408e-02
SGPTL,2491,5.280799e-03,3.237115e-03,4.602271e-02
SGPTL,2492,4.874806e-03,3.237115e-03,4.604142e-02
SGPTL,2493,4.439158e-03,3.237115e-03,4.606017e-02
SGPTL,2494,4.515102e-03,3.237115e-03,4.607754e-02
SGPTL,2495,4.916753e-03,3.237115e-03,4.609621e-02
SGPTL,2496,5.243660e-03,3.237115e-03,4.611521e-02
SGPTL,2497,5.581853e-03,3.237115e-03,4.613296e-02
SGPTL,2498,6.077659e-03,3.237115e-03,4.615196e-02
SGPTL,2499,6.070950e-03,3.237115e-03,4.617100e-02
SGPTL,2500,5.921694e-03,3.237115e-03,4.618971e-02
SGPTL,2501,5.719924e-03,3.237115e-03,4.620858e-02
SGPTL,2502,5.258302e-03,3.237115e-03,4.622767e-02
SGPTL,2503,5.388870e-03,3.237115e-03,4.624658e-02
SGPTL,2504,5.588940e-03,3.237115e-03,4.626538e-02
SGPTL,2505,5.833821e-03,3.237115e-03,4.628413e-02
SGPTL,2506,6.391474e-03,3.237115e-03,4.630158e-02
SGPTL,2507,6.217534e-03,3.237115e-03,4.632038e-02
SGPTL,2508,6.432647e-03,3.237115e-03,4.633937e-02
SGPTL,2509,6.561957e-03,3.237115e-03,4.635704e-02
SGPTL,2510,6.445891e-03,3.237115e-03,4.637604e-02
SGPTL,2511,6.672642e-03,3.237115e-03,4.639500e-02
SGPTL,2512,6.705733e-03,3.237115e-03,4.641275e-02
SGPTL,2513,7.061216e-03,3.237115e-03,4.643142e-02
SGPTL,2514,6.713332e-03,3.237115e-03,4.645017e-02
SGPTL,2515,6.988860e-03,3.237115e-03,4.646846e-02
SGPTL,2516,6.781736e-03,3.237115e-03,4.648733e-02
SGPTL,2517,6.283131e-03,3.237115e-03,4.650446e-02
SGPTL,2518,6.268128e-03,3.237115e-03,4.652325e-02
SGPTL,2519,6.000375e-03,3.237115e-03,4.654225e-02
SGPTL,2520,6.134842e-03,3.237115e-03,4.655983e-02
SGPTL,2521,6.455358e-03,3.237115e-03,4.657838e-02
SGPTL,2522,6.172655e-03,3.237115e-03,4.659675e-02
SGPTL,2523,4.060927e-03,3.237115e-03,4.661242e-02
SGPTL,2524,3.645577e-03,3.237115e-03,4.663092e-02
SGPTL,2525,3.389403e-03,3.237115e-03,4.664963e-02
SGPTL,2526,3.255715e-03,3.237115e-03,4.666704e-02
SGPTL,2527,3.145449e-03,3.145449e-03,4.668733e-02
SGPTL,2528,3.021326e-03,3.021326e-03,4.671500e-02
SGPTL,2529,3.057009e-03,3.021326e-03,4.673454e-02
SGPTL,2530,3.000336e-03,3.000336e-03,4.675275e-02
SGPTL,2531,2.984001e-03,2.984001e-03,4.677162e-02
SGPTL,2532,2.948572e-03,2.948572e-03,4.679067e-02
SGPTL,2533,2.961857e-03,2.948572e-03,4.680792e-02
SGPTL,2534,2.897786e-03,2.897786e-03,4.682658e-02
SGPTL,2535,2.780107e-03,2.780107e-03,4.684529e-02
SGPTL,2536,2.706175e-03,2.706175e-03,4.686296e-02
SGPTL,2537,2.597270e-03,2.597270e-03,4.688196e-02
SGPTL,2538,2.447891e-03,2.447891e-03,4.689967e-02
SGPTL,2539,2.297992e-03,2.297992e-03,4.691867e-02
SGPTL,2540,2.109333e-03,2.109333e-03,4.693779e-02
SGPTL,2541,1.963490e-03,1.963490e-03,4.695546e-02
SGPTL,2542,1.842037e-03,1.842037e-03,4.697446e-02
SGPTL,2543,1.749553e-03,1.749553e-03,4.699333e-02
SGPTL,2544,1.632013e-03,1.632013e-03,4.701096e-02
SGPTL,2545,1.521127e-03,1.521127e-03,4.703004e-02
SGPTL,2546,1.570056e-03,1.521127e-03,4.704900e-02
SGPTL,2547,1.762543e-03,1.521127e-03,4.706654e-02
SGPTL,2548,2.255583e-03,1.521127e-03,4.708517e-02
SGPTL,2549,3.542605e-03,1.521127e-03,4.710396e-02
SGPTL,2550,4.639952e-03,1.521127e-03,4.712154e-02
SGPTL,2551,5.578077e-03,1.521127e-03,4.714017e-02
SGPTL,2552,6.823713e-03,1.521127e-03,4.715900e-02
SGPTL,2553,7.747468e-03,1.521127e-03,4.717637e-02
SGPTL,2554,8.207291e-03,1.521127e-03,4.719496e-02
SGPTL,2555,9.138651e-03,1.521127e-03,4.721342e-02
SGPTL,2556,1.140657e-02,1.521127e-03,4.723096e-02
SGPTL,2557,1.357345e-02,1.521127e-03,4.724917e-02
SGPTL,2558,1.749197e-02,1.521127e-03,4.726746e-02
SGPTL,2559,1.879417e-02,1.521127e-03,4.728542e-02
SGPTL,2560,2.159787e-02,1.521127e-03,4.730383e-02
SGPTL,2561,2.204358e-02,1.521127e-03,4.733437e-02
SGPTL,2562,2.350011e-02,1.521127e-03,4.736521e-02
SGPTL,2563,2.309018e-02,1.521127e-03,4.738467e-02
SGPTL,2564,2.407812e-02,1.521127e-03,4.740217e-02
SGPTL,2565,2.200587e-02,1.521127e-03,4.742079e-02
SGPTL,2566,2.165323e-02,1.521127e-03,4.743950e-02
SGPTL,2567,2.187996e-02,1.521127e-03,4.745704e-02
SGPTL,2568,2.061975e-02,1.521127e-03,4.747571e-02
SGPTL,2569,1.968621e-02,1.521127e-03,4.749417e-02
SGPTL,2570,2.076961e-02,1.521127e-03,4.751162e-02
SGPTL,2571,2.360225e-02,1.521127e-03,4.753013e-02
SGPTL,2572,2.427435e-02,1.521127e-03,4.754858e-02
SGPTL,2573,2.202251e-02,1.521127e-03,4.756608e-02
SGPTL,2574,2.087110e-02,1.521127e-03,4.758454e-02
SGPTL,2575,1.960402e-02,1.521127e-03,4.760271e-02
SGPTL,2576,2.059456e-02,1.521127e-03,4.762158e-02
SGPTL,2577,2.144812e-02,1.521127e-03,4.764033e-02
SGPTL,2578,2.129389e-02,1.521127e-03,4.765767e-02
SGPTL,2579,2.024555e-02,1.521127e-03,4.767638e-02
SGPTL,2580,2.052490e-02,1.521127e-03,4.769521e-02
SGPTL,2581,2.226871e-02,1.521127e-03,4.771279e-02
SGPTL,2582,2.215302e-02,1.521127e-03,4.773175e-02
SGPTL,2583,2.029333e-02,1.521127e-03,4.775050e-02
SGPTL,2584,1.849202e-02,1.521127e-03,4.776767e-02
SGPTL,2585,1.718348e-02,1.521127e-03,4.778646e-02
SGPTL,2586,1.641400e-02,1.521127e-03,4.780538e-02
SGPTL,2587,1.719729e-02,1.521127e-03,4.782300e-02
SGPTL,2588,1.752980e-02,1.521127e-03,4.784217e-02
SGPTL,2589,1.641680e-02,1.521127e-03,4.786092e-02
SGPTL,2590,1.657446e-02,1.521127e-03,4.787842e-02
SGPTL,2591,1.756861e-02,1.521127e-03,4.789708e-02
SGPTL,2592,1.839486e-02,1.521127e-03,4.791567e-02
SGPTL,2593,1.901448e-02,1.521127e-03,4.793283e-02
SGPTL,2594,1.908174e-02,1.521127e-03,4.795146e-02
SGPTL,2595,1.907532e-02,1.521127e-03,4.797013e-02
SGPTL,2596,2.086919e-02,1.521127e-03,4.798750e-02
SGPTL,2597,2.252744e-02,1.521127e-03,4.800621e-02
SGPTL,2598,2.120439e-02,1.521127e-03,4.802496e-02
SGPTL,2599,1.957824e-02,1.521127e-03,4.804208e-02
SGPTL,2600,2.029935e-02,1.521127e-03,4.806088e-02
SGPTL,2601,2.128715e-02,1.521127e-03,4.807987e-02
SGPTL,2602,2.004423e-02,1.521127e-03,4.809867e-02
SGPTL,2603,1.765787e-02,1.521127e-03,4.811662e-02
SGPTL,2604,1.626589e-02,1.521127e-03,4.813562e-02
SGPTL,2605,1.717790e-02,1.521127e-03,4.815437e-02
SGPTL,2606,1.791857e-02,1.521127e-03,4.817192e-02
SGPTL,2607,1.846700e-02,1.521127e-03,4.819088e-02
SGPTL,2608,1.825844e-02,1.521127e-03,4.820987e-02
SGPTL,2609,1.844817e-02,1.521127e-03,4.822867e-02
SGPTL,2610,1.761255e-02,1.521127e-03,4.824646e-02
SGPTL,2611,1.828283e-02,1.521127e-03,4.826521e-02
SGPTL,2612,1.935016e-02,1.521127e-03,4.828404e-02
SGPTL,2613,1.834846e-02,1.521127e-03,4.830117e-02
SGPTL,2614,1.940923e-02,1.521127e-03,4.831983e-02
SGPTL,2615,2.085504e-02,1.521127e-03,4.833837e-02
SGPTL,2616,2.065302e-02,1.521127e-03,4.835592e-02
SGPTL,2617,2.016419e-02,1.521127e-03,4.837475e-02
SGPTL,2618,1.949087e-02,1.521127e-03,4.839379e-02
SGPTL,2619,1.985897e-02,1.521127e-03,4.841129e-02
SGPTL,2620,1.958839e-02,1.521127e-03,4.843008e-02
SGPTL,2621,2.020152e-02,1.521127e-03,4.844892e-02
SGPTL,2622,1.909290e-02,1.521127e-03,4.846654e-02
SGPTL,2623,2.060280e-02,1.521127e-03,4.848504e-02
SGPTL,2624,2.104960e-02,1.521127e-03,4.850396e-02
SGPTL,2625,2.169225e-02,1.521127e-03,4.852150e-02
SGPTL,2626,1.286448e-02,1.521127e-03,4.853754e-02
SGPTL,2627,1.113934e-02,1.521127e-03,4.855633e-02
SGPTL,2628,1.054470e-02,1.521127e-03,4.857437e-02
SGPTL,2629,1.031816e-02,1.521127e-03,4.859333e-02
SGPTL,2630,1.026127e-02,1.521127e-03,4.861204e-02
SGPTL,2631,1.051844e-02,1.521127e-03,4.862929e-02
SGPTL,2632,1.143370e-02,1.521127e-03,4.864804e-02
SGPTL,2633,1.226217e-02,1.521127e-03,4.866667e-02
SGPTL,2634,1.252688e-02,1.521127e-03,4.868371e-02
SGPTL,2635,1.337984e-02,1.521127e-03,4.870271e-02
SGPTL,2636,1.406812e-02,1.521127e-03,4.872133e-02
SGPTL,2637,1.401687e-02,1.521127e-03,4.873854e-02
SGPTL,2638,1.383899e-02,1.521127e-03,4.875733e-02
SGPTL,2639,1.461442e-02,1.521127e-03,4.877621e-02
SGPTL,2640,1.497326e-02,1.521127e-03,4.879433e-02
SGPTL,2641,1.501216e-02,1.521127e-03,4.881325e-02
SGPTL,2642,1.422681e-02,1.521127e-03,4.883187e-02
SGPTL,2643,1.348272e-02,1.521127e-03,4.884983e-02
SGPTL,2644,1.401466e-02,1.521127e-03,4.886862e-02
SGPTL,2645,1.435056e-02,1.521127e-03,4.888738e-02
SGPTL,2646,1.530421e-02,1.521127e-03,4.890458e-02
SGPTL,2647,1.647905e-02,1.521127e-03,4.892333e-02
SGPTL,2648,1.797474e-02,1.521127e-03,4.894208e-02
SGPTL,2649,1.933026e-02,1.521127e-03,4.895946e-02
SGPTL,2650,2.152803e-02,1.521127e-03,4.897812e-02
SGPTL,2651,2.398482e-02,1.521127e-03,4.899662e-02
SGPTL,2652,2.369897e-02,1.521127e-03,4.901404e-02
SGPTL,2653,2.284409e-02,1.521127e-03,4.903279e-02
SGPTL,2654,2.139572e-02,1.521127e-03,4.905075e-02
SGPTL,2655,2.266402e-02,1.521127e-03,4.906883e-02
SGPTL,2656,2.132113e-02,1.521127e-03,4.909292e-02
SGPTL,2657,1.983031e-02,1.521127e-03,4.911217e-02
SGPTL,2658,1.938715e-02,1.521127e-03,4.912946e-02
SGPTL,2659,1.922866e-02,1.521127e-03,4.914838e-02
SGPTL,2660,1.989039e-02,1.521127e-03,4.916958e-02
SGPTL,2661,1.964104e-02,1.521127e-03,4.918862e-02
SGPTL,2662,1.943902e-02,1.521127e-03,4.920717e-02
SGPTL,2663,1.815564e-02,1.521127e-03,4.922579e-02
SGPTL,2664,1.863465e-02,1.521127e-03,4.924304e-02
SGPTL,2665,1.902925e-02,1.521127e-03,4.926196e-02
SGPTL,2666,1.804255e-02,1.521127e-03,4.928075e-02
SGPTL,2667,1.742122e-02,1.521127e-03,4.929850e-02
SGPTL,2668,1.733755e-02,1.521127e-03,4.931717e-02
SGPTL,2669,1.619949e-02,1.521127e-03,4.933563e-02
SGPTL,2670,1.613103e-02,1.521127e-03,4.935408e-02
SGPTL,2671,1.594455e-02,1.521127e-03,4.937292e-02
SGPTL,2672,1.618619e-02,1.521127e-03,4.939129e-02
SGPTL,2673,1.552952e-02,1.521127e-03,4.940929e-02
SGPTL,2674,1.558956e-02,1.521127e-03,4.942867e-02
SGPTL,2675,1.605108e-02,1.521127e-03,4.944758e-02
SGPTL,2676,1.548030e-02,1.521127e-03,4.946471e-02
SGPTL,2677,1.577355e-02,1.521127e-03,4.948371e-02
SGPTL,2678,1.661697e-02,1.521127e-03,4.950262e-02
SGPTL,2679,1.691807e-02,1.521127e-03,4.951983e-02
SGPTL,2680,1.714951e-02,1.521127e-03,4.953863e-02
SGPTL,2681,1.884806e-02,1.521127e-03,4.955725e-02
SGPTL,2682,2.218815e-02,1.521127e-03,4.957425e-02
SGPTL,2683,2.167883e-02,1.521127e-03,4.959296e-02
SGPTL,2684,2.107223e-02,1.521127e-03,4.961179e-02
SGPTL,2685,1.859402e-02,1.521127e-03,4.962896e-02
SGPTL,2686,1.624601e-02,1.521127e-03,4.964754e-02
SGPTL,2687,1.438011e-02,1.521127e-03,4.966625e-02
SGPTL,2688,1.431131e-02,1.521127e-03,4.968362e-02
SGPTL,2689,1.481629e-02,1.521127e-03,4.970242e-02
SGPTL,2690,1.435541e-02,1.521127e-03,4.972100e-02
SGPTL,2691,1.524641e-02,1.521127e-03,4.973833e-02
SGPTL,2692,1.603733e-02,1.521127e-03,4.975708e-02
SGPTL,2693,1.732122e-02,1.521127e-03,4.977592e-02
SGPTL,2694,1.738822e-02,1.521127e-03,4.979308e-02
SGPTL,2695,1.728394e-02,1.521127e-03,4.981192e-02
SGPTL,2696,1.760234e-02,1.521127e-03,4.983071e-02
SGPTL,2697,1.759732e-02,1.521127e-03,4.984987e-02
SGPTL,2698,1.683507e-02,1.521127e-03,4.986779e-02
SGPTL,2699,1.583142e-02,1.521127e-03,4.988637e-02
SGPTL,2700,1.546669e-02,1.521127e-03,4.990508e-02
SGPTL,2701,1.540078e-02,1.521127e-03,4.992271e-02
SGPTL,2702,1.588671e-02,1.521127e-03,4.994121e-02
SGPTL,2703,1.581349e-02,1.521127e-03,4.996000e-02
SGPTL,2704,1.729004e-02,1.521127e-03,4.997750e-02
SGPTL,2705,1.941085e-02,1.521127e-03,4.999650e-02
SGPTL,2706,1.082840e-02,1.521127e-03,5.001250e-02
SGPTL,2707,1.014759e-02,1.521127e-03,5.003146e-02
SGPTL,2708,1.009049e-02,1.521127e-03,5.005004e-02
SGPTL,2709,1.078060e-02,1.521127e-03,5.006754e-02
SGPTL,2710,1.056560e-02,1.521127e-03,5.008604e-02
SGPTL,2711,1.116478e-02,1.521127e-03,5.010454e-02
SGPTL,2712,1.223235e-02,1.521127e-03,5.012217e-02
SGPTL,2713,1.305987e-02,1.521127e-03,5.014054e-02
SGPTL,2714,1.367406e-02,1.521127e-03,5.015850e-02
SGPTL,2715,1.379632e-02,1.521127e-03,5.017775e-02
SGPTL,2716,1.371050e-02,1.521127e-03,5.019637e-02
SGPTL,2717,1.319660e-02,1.521127e-03,5.021513e-02
SGPTL,2718,1.256832e-02,1.521127e-03,5.023233e-02
SGPTL,2719,1.180790e-02,1.521127e-03,5.025087e-02
SGPTL,2720,1.136896e-02,1.521127e-03,5.026946e-02
SGPTL,2721,1.128918e-02,1.521127e-03,5.028692e-02
SGPTL,2722,1.150624e-02,1.521127e-03,5.030575e-02
SGPTL,2723,1.132246e-02,1.521127e-03,5.032437e-02
SGPTL,2724,1.106902e-02,1.521127e-03,5.034175e-02
SGPTL,2725,1.142021e-02,1.521127e-03,5.036050e-02
SGPTL,2726,1.254405e-02,1.521127e-03,5.037854e-02
SGPTL,2727,1.406300e-02,1.521127e-03,5.039708e-02
SGPTL,2728,1.469944e-02,1.521127e-03,5.041588e-02
SGPTL,2729,1.572939e-02,1.521127e-03,5.043467e-02
SGPTL,2730,1.762383e-02,1.521127e-03,5.045342e-02
SGPTL,2731,1.816776e-02,1.521127e-03,5.047046e-02
SGPTL,2732,1.741564e-02,1.521127e-03,5.048925e-02
SGPTL,2733,1.673090e-02,1.521127e-03,5.050779e-02
SGPTL,2734,1.477515e-02,1.521127e-03,5.052483e-02
SGPTL,2735,1.394001e-02,1.521127e-03,5.054362e-02
SGPTL,2736,1.306126e-02,1.521127e-03,5.056242e-02
SGPTL,2737,1.285388e-02,1.521127e-03,5.057937e-02
SGPTL,2738,1.334206e-02,1.521127e-03,5.059812e-02
SGPTL,2739,1.349922e-02,1.521127e-03,5.061658e-02
SGPTL,2740,1.340132e-02,1.521127e-03,5.063387e-02
SGPTL,2741,1.351638e-02,1.521127e-03,5.065242e-02
SGPTL,2742,1.358711e-02,1.521127e-03,5.067104e-02
SGPTL,2743,1.451283e-02,1.521127e-03,5.068808e-02
SGPTL,2744,1.408027e-02,1.521127e-03,5.070688e-02
SGPTL,2745,1.436779e-02,1.521127e-03,5.072600e-02
SGPTL,2746,1.451871e-02,1.521127e-03,5.074446e-02
SGPTL,2747,1.505281e-02,1.521127e-03,5.076287e-02
SGPTL,2748,1.560110e-02,1.521127e-03,5.078150e-02
SGPTL,2749,1.534254e-02,1.521127e-03,5.079996e-02
SGPTL,2750,1.523880e-02,1.521127e-03,5.081879e-02
SGPTL,2751,1.620451e-02,1.521127e-03,5.083742e-02
SGPTL,2752,1.488598e-02,1.521127e-03,5.085475e-02
SGPTL,2753,1.437655e-02,1.521127e-03,5.087337e-02
SGPTL,2754,1.500318e-02,1.521127e-03,5.089204e-02
SGPTL,2755,1.618143e-02,1.521127e-03,5.091054e-02
SGPTL,2756,1.674441e-02,1.521127e-03,5.092933e-02
SGPTL,2757,1.609675e-02,1.521127e-03,5.094642e-02
SGPTL,2758,1.591319e-02,1.521127e-03,5.096521e-02
SGPTL,2759,1.383769e-02,1.521127e-03,5.098404e-02
SGPTL,2760,1.362800e-02,1.521127e-03,5.100108e-02
SGPTL,2761,1.317159e-02,1.521127e-03,5.101971e-02
SGPTL,2762,1.277624e-02,1.521127e-03,5.103688e-02
SGPTL,2763,1.221405e-02,1.521127e-03,5.105579e-02
SGPTL,2764,1.239289e-02,1.521127e-03,5.107479e-02
SGPTL,2765,1.256910e-02,1.521127e-03,5.109367e-02
SGPTL,2766,1.272020e-02,1.521127e-03,5.111167e-02
SGPTL,2767,1.369642e-02,1.521127e-03,5.113058e-02
SGPTL,2768,1.448140e-02,1.521127e-03,5.114933e-02
SGPTL,2769,1.389011e-02,1.521127e-03,5.116796e-02
SGPTL,2770,1.451674e-02,1.521127e-03,5.118704e-02
SGPTL,2771,1.544660e-02,1.521127e-03,5.120554e-02
SGPTL,2772,1.690717e-02,1.521127e-03,5.122371e-02
SGPTL,2773,1.599625e-02,1.521127e-03,5.124288e-02
SGPTL,2774,1.442229e-02,1.521127e-03,5.126167e-02
SGPTL,2775,1.477992e-02,1.521127e-03,5.127896e-02
SGPTL,2776,1.504537e-02,1.521127e-03,5.129788e-02
SGPTL,2777,1.414231e-02,1.521127e-03,5.131650e-02
SGPTL,2778,1.164127e-02,1.521127e-03,5.133546e-02
SGPTL,2779,1.120010e-02,1.521127e-03,5.135342e-02
SGPTL,2780,1.180820e-02,1.521127e-03,5.137225e-02
SGPTL,2781,1.265948e-02,1.521127e-03,5.139117e-02
SGPTL,2782,1.396227e-02,1.521127e-03,5.140863e-02
SGPTL,2783,1.445249e-02,1.521127e-03,5.145079e-02
SGPTL,2784,1.483022e-02,1.521127e-03,5.147083e-02
SGPTL,2785,1.604608e-02,1.521127e-03,5.148979e-02
SGPTL,2786,9.890418e-03,1.521127e-03,5.150571e-02
SGPTL,2787,8.812274e-03,1.521127e-03,5.152458e-02
SGPTL,2788,9.213875e-03,1.521127e-03,5.155525e-02
SGPTL,2789,9.897083e-03,1.521127e-03,5.162888e-02
SGPTL,2790,9.613899e-03,1.521127e-03,5.165238e-02
SGPTL,2791,9.804442e-03,1.521127e-03,5.167225e-02
SGPTL,2792,1.036988e-02,1.521127e-03,5.169013e-02
SGPTL,2793,1.061878e-02,1.521127e-03,5.170904e-02
SGPTL,2794,1.092867e-02,1.521127e-03,5.172717e-02
SGPTL,2795,1.106669e-02,1.521127e-03,5.174571e-02
SGPTL,2796,1.102618e-02,1.521127e-03,5.176433e-02
SGPTL,2797,1.061493e-02,1.521127e-03,5.178292e-02
SGPTL,2798,9.957407e-03,1.521127e-03,5.180146e-02
SGPTL,2799,9.574566e-03,1.521127e-03,5.181996e-02
SGPTL,2800,9.596208e-03,1.521127e-03,5.183871e-02
SGPTL,2801,9.449031e-03,1.521127e-03,5.185754e-02
SGPTL,2802,9.148546e-03,1.521127e-03,5.187583e-02
SGPTL,2803,8.986276e-03,1.521127e-03,5.189404e-02
SGPTL,2804,9.047770e-03,1.521127e-03,5.191242e-02
SGPTL,2805,9.092041e-03,1.521127e-03,5.192967e-02
SGPTL,2806,9.126980e-03,1.521127e-03,5.194804e-02
SGPTL,2807,8.951197e-03,1.521127e-03,5.196596e-02
SGPTL,2808,8.984416e-03,1.521127e-03,5.198388e-02
SGPTL,2809,9.238793e-03,1.521127e-03,5.200229e-02
SGPTL,2810,9.441845e-03,1.521127e-03,5.202050e-02
SGPTL,2811,9.861319e-03,1.521127e-03,5.203775e-02
SGPTL,2812,1.076395e-02,1.521127e-03,5.205596e-02
SGPTL,2813,1.176275e-02,1.521127e-03,5.207463e-02
SGPTL,2814,1.328547e-02,1.521127e-03,5.209208e-02
SGPTL,2815,1.368716e-02,1.521127e-03,5.211050e-02
SGPTL,2816,1.342136e-02,1.521127e-03,5.212883e-02
SGPTL,2817,1.345785e-02,1.521127e-03,5.214629e-02
SGPTL,2818,1.248023e-02,1.521127e-03,5.216471e-02
SGPTL,2819,1.282419e-02,1.521127e-03,5.218308e-02
SGPTL,2820,1.274670e-02,1.521127e-03,5.220038e-02
SGPTL,2821,1.125099e-02,1.521127e-03,5.221896e-02
SGPTL,2822,1.140914e-02,1.521127e-03,5.223758e-02
SGPTL,2823,1.165227e-02,1.521127e-03,5.225596e-02
SGPTL,2824,1.113859e-02,1.521127e-03,5.227467e-02
SGPTL,2825,1.094398e-02,1.521127e-03,5.229329e-02
SGPTL,2826,1.214553e-02,1.521127e-03,5.231046e-02
SGPTL,2827,1.260198e-02,1.521127e-03,5.232900e-02
SGPTL,2828,1.340064e-02,1.521127e-03,5.234700e-02
SGPTL,2829,1.393887e-02,1.521127e-03,5.236504e-02
SGPTL,2830,1.276922e-02,1.521127e-03,5.238350e-02
SGPTL,2831,1.177423e-02,1.521127e-03,5.240225e-02
SGPTL,2832,1.133289e-02,1.521127e-03,5.241950e-02
SGPTL,2833,1.176094e-02,1.521127e-03,5.243808e-02
SGPTL,2834,1.191062e-02,1.521127e-03,5.245658e-02
SGPTL,2835,1.243899e-02,1.521127e-03,5.247404e-02
SGPTL,2836,1.201899e-02,1.521127e-03,5.249225e-02
SGPTL,2837,1.187613e-02,1.521127e-03,5.251054e-02
SGPTL,2838,1.018486e-02,1.521127e-03,5.252821e-02
SGPTL,2839,9.836416e-03,1.521127e-03,5.254654e-02
SGPTL,2840,9.306013e-03,1.521127e-03,5.256496e-02
SGPTL,2841,9.133673e-03,1.521127e-03,5.258275e-02
SGPTL,2842,9.893653e-03,1.521127e-03,5.260096e-02
SGPTL,2843,1.042956e-02,1.521127e-03,5.261904e-02
SGPTL,2844,1.059275e-02,1.521127e-03,5.263700e-02
SGPTL,2845,1.182879e-02,1.521127e-03,5.265542e-02
SGPTL,2846,1.268376e-02,1.521127e-03,5.267392e-02
SGPTL,2847,1.222788e-02,1.521127e-03,5.269125e-02
SGPTL,2848,1.181925e-02,1.521127e-03,5.270975e-02
SGPTL,2849,1.226481e-02,1.521127e-03,5.272817e-02
SGPTL,2850,1.175591e-02,1.521127e-03,5.274538e-02
SGPTL,2851,1.123064e-02,1.521127e-03,5.276375e-02
SGPTL,2852,1.147455e-02,1.521127e-03,5.278146e-02
SGPTL,2853,1.235344e-02,1.521127e-03,5.279946e-02
SGPTL,2854,1.181473e-02,1.521127e-03,5.281779e-02
SGPTL,2855,1.213590e-02,1.521127e-03,5.283600e-02
SGPTL,2856,1.198388e-02,1.521127e-03,5.285317e-02
SGPTL,2857,1.235103e-02,1.521127e-03,5.287158e-02
SGPTL,2858,1.209665e-02,1.521127e-03,5.288975e-02
SGPTL,2859,1.218688e-02,1.521127e-03,5.290762e-02
SGPTL,2860,1.219984e-02,1.521127e-03,5.292775e-02
SGPTL,2861,1.315037e-02,1.521127e-03,5.294617e-02
SGPTL,2862,1.328647e-02,1.521127e-03,5.296462e-02
SGPTL,2863,1.331045e-02,1.521127e-03,5.298279e-02
SGPTL,2864,1.177634e-02,1.521127e-03,5.300096e-02
SGPTL,2865,1.175924e-02,1.521127e-03,5.301946e-02
SGPTL,2866,8.264786e-03,1.521127e-03,5.303483e-02
SGPTL,2867,7.477141e-03,1.521127e-03,5.305304e-02
SGPTL,2868,7.005640e-03,1.521127e-03,5.307112e-02
SGPTL,2869,6.960387e-03,1.521127e-03,5.308904e-02
SGPTL,2870,6.794061e-03,1.521127e-03,5.310750e-02
SGPTL,2871,6.800617e-03,1.521127e-03,5.312592e-02
SGPTL,2872,6.552996e-03,1.521127e-03,5.314308e-02
SGPTL,2873,6.464677e-03,1.521127e-03,5.316146e-02
SGPTL,2874,6.853570e-03,1.521127e-03,5.318004e-02
SGPTL,2875,6.952240e-03,1.521127e-03,5.319738e-02
SGPTL,2876,7.142783e-03,1.521127e-03,5.321587e-02
SGPTL,2877,7.589388e-03,1.521127e-03,5.323429e-02
SGPTL,2878,7.479651e-03,1.521127e-03,5.325183e-02
SGPTL,2879,7.403677e-03,1.521127e-03,5.327025e-02
SGPTL,2880,7.468425e-03,1.521127e-03,5.328863e-02
SGPTL,2881,7.602579e-03,1.521127e-03,5.330592e-02
SGPTL,2882,7.792479e-03,1.521127e-03,5.332429e-02
SGPTL,2883,7.678831e-03,1.521127e-03,5.334279e-02
SGPTL,2884,7.326726e-03,1.521127e-03,5.336029e-02
SGPTL,2885,7.332857e-03,1.521127e-03,5.338937e-02
SGPTL,2886,7.520531e-03,1.521127e-03,5.341796e-02
SGPTL,2887,7.863365e-03,1.521127e-03,5.343675e-02
SGPTL,2888,7.778969e-03,1.521127e-03,5.345433e-02
SGPTL,2889,8.262224e-03,1.521127e-03,5.347292e-02
SGPTL,2890,8.272999e-03,1.521127e-03,5.349137e-02
SGPTL,2891,8.190947e-03,1.521127e-03,5.350875e-02
SGPTL,2892,7.716883e-03,1.521127e-03,5.352725e-02
SGPTL,2893,7.627516e-03,1.521127e-03,5.354562e-02
SGPTL,2894,7.521822e-03,1.521127e-03,5.356283e-02
SGPTL,2895,7.439951e-03,1.521127e-03,5.358108e-02
SGPTL,2896,7.547169e-03,1.521127e-03,5.359946e-02
SGPTL,2897,7.760232e-03,1.521127e-03,5.361729e-02
SGPTL,2898,8.569243e-03,1.521127e-03,5.363542e-02
SGPTL,2899,9.199465e-03,1.521127e-03,5.365354e-02
SGPTL,2900,9.376261e-03,1.521127e-03,5.367075e-02
SGPTL,2901,9.463170e-03,1.521127e-03,5.368879e-02
SGPTL,2902,9.752580e-03,1.521127e-03,5.370696e-02
SGPTL,2903,9.547834e-03,1.521127e-03,5.372458e-02
SGPTL,2904,8.791818e-03,1.521127e-03,5.374283e-02
SGPTL,2905,8.530288e-03,1.521127e-03,5.376154e-02
SGPTL,2906,8.649132e-03,1.521127e-03,5.377862e-02
SGPTL,2907,8.816443e-03,1.521127e-03,5.379696e-02
SGPTL,2908,9.364723e-03,1.521127e-03,5.381487e-02
SGPTL,2909,9.271237e-03,1.521127e-03,5.383267e-02
SGPTL,2910,9.272634e-03,1.521127e-03,5.385104e-02
SGPTL,2911,9.332110e-03,1.521127e-03,5.387267e-02
SGPTL,2912,9.086723e-03,1.521127e-03,5.389108e-02
SGPTL,2913,8.877219e-03,1.521127e-03,5.390871e-02
SGPTL,2914,8.315911e-03,1.521127e-03,5.392721e-02
SGPTL,2915,8.730537e-03,1.521127e-03,5.394525e-02
SGPTL,2916,9.003938e-03,1.521127e-03,5.396304e-02
SGPTL,2917,8.938416e-03,1.521127e-03,5.398150e-02
SGPTL,2918,9.246105e-03,1.521127e-03,5.399975e-02
SGPTL,2919,9.541907e-03,1.521127e-03,5.401758e-02
SGPTL,2920,9.008651e-03,1.521127e-03,5.403592e-02
SGPTL,2921,8.958564e-03,1.521127e-03,5.405437e-02
SGPTL,2922,8.943788e-03,1.521127e-03,5.407242e-02
SGPTL,2923,8.631012e-03,1.521127e-03,5.409083e-02
SGPTL,2924,7.896005e-03,1.521127e-03,5.410858e-02
SGPTL,2925,8.158322e-03,1.521127e-03,5.412717e-02
SGPTL,2926,9.014233e-03,1.521127e-03,5.414567e-02
SGPTL,2927,9.215533e-03,1.521127e-03,5.416283e-02
SGPTL,2928,8.826061e-03,1.521127e-03,5.418137e-02
SGPTL,2929,9.443081e-03,1.521127e-03,5.419962e-02
SGPTL,2930,8.458583e-03,1.521127e-03,5.421717e-02
SGPTL,2931,7.507741e-03,1.521127e-03,5.423558e-02
SGPTL,2932,7.629942e-03,1.521127e-03,5.425421e-02
SGPTL,2933,8.053209e-03,1.521127e-03,5.427146e-02
SGPTL,2934,8.186135e-03,1.521127e-03,5.428975e-02
SGPTL,2935,7.491497e-03,1.521127e-03,5.430812e-02
SGPTL,2936,6.910372e-03,1.521127e-03,5.432554e-02
SGPTL,2937,6.800017e-03,1.521127e-03,5.434413e-02
SGPTL,2938,7.268406e-03,1.521127e-03,5.436237e-02
SGPTL,2939,7.813858e-03,1.521127e-03,5.437950e-02
SGPTL,2940,7.882820e-03,1.521127e-03,5.439821e-02
SGPTL,2941,8.516739e-03,1.521127e-03,5.441675e-02
SGPTL,2942,8.788319e-03,1.521127e-03,5.443371e-02
SGPTL,2943,8.154868e-03,1.521127e-03,5.445225e-02
SGPTL,2944,7.628107e-03,1.521127e-03,5.447087e-02
SGPTL,2945,7.865630e-03,1.521127e-03,5.448783e-02
SGPTL,2946,6.557011e-03,1.521127e-03,5.450383e-02
SGPTL,2947,6.417916e-03,1.521127e-03,5.452192e-02
SGPTL,2948,5.951894e-03,1.521127e-03,5.453950e-02
SGPTL,2949,5.911587e-03,1.521127e-03,5.455808e-02
SGPTL,2950,6.186370e-03,1.521127e-03,5.457654e-02
SGPTL,2951,6.162086e-03,1.521127e-03,5.459342e-02
SGPTL,2952,6.385972e-03,1.521127e-03,5.461179e-02
SGPTL,2953,6.693518e-03,1.521127e-03,5.463017e-02
SGPTL,2954,6.668164e-03,1.521127e-03,5.465171e-02
SGPTL,2955,6.619116e-03,1.521127e-03,5.466904e-02
SGPTL,2956,6.695415e-03,1.521127e-03,5.468733e-02
SGPTL,2957,6.563327e-03,1.521127e-03,5.470612e-02
SGPTL,2958,6.432249e-03,1.521127e-03,5.472308e-02
SGPTL,2959,6.703268e-03,1.521127e-03,5.474163e-02
SGPTL,2960,6.601792e-03,1.521127e-03,5.476042e-02
SGPTL,2961,6.242342e-03,1.521127e-03,5.477933e-02
SGPTL,2962,6.111893e-03,1.521127e-03,5.479712e-02
SGPTL,2963,5.892224e-03,1.521127e-03,5.481571e-02
SGPTL,2964,5.616875e-03,1.521127e-03,5.483442e-02
SGPTL,2965,5.331328e-03,1.521127e-03,5.485158e-02
SGPTL,2966,5.132042e-03,1.521127e-03,5.487013e-02
SGPTL,2967,5.149115e-03,1.521127e-03,5.488837e-02
SGPTL,2968,5.173927e-03,1.521127e-03,5.490538e-02
SGPTL,2969,5.023160e-03,1.521127e-03,5.492383e-02
SGPTL,2970,4.739938e-03,1.521127e-03,5.494233e-02
SGPTL,2971,4.708934e-03,1.521127e-03,5.495950e-02
SGPTL,2972,4.731226e-03,1.521127e-03,5.497796e-02
SGPTL,2973,4.954862e-03,1.521127e-03,5.499579e-02
SGPTL,2974,4.986226e-03,1.521127e-03,5.501450e-02
SGPTL,2975,4.658760e-03,1.521127e-03,5.503333e-02
SGPTL,2976,4.399129e-03,1.521127e-03,5.505029e-02
SGPTL,2977,4.149363e-03,1.521127e-03,5.506888e-02
SGPTL,2978,4.563973e-03,1.521127e-03,5.508742e-02
SGPTL,2979,5.073215e-03,1.521127e-03,5.510433e-02
SGPTL,2980,5.177720e-03,1.521127e-03,5.512262e-02
SGPTL,2981,5.337360e-03,1.521127e-03,5.514129e-02
SGPTL,2982,5.871551e-03,1.521127e-03,5.515825e-02
SGPTL,2983,6.598669e-03,1.521127e-03,5.517650e-02
SGPTL,2984,6.260501e-03,1.521127e-03,5.519475e-02
SGPTL,2985,5.777432e-03,1.521127e-03,5.521200e-02
SGPTL,2986,5.076858e-03,1.521127e-03,5.523038e-02
SGPTL,2987,4.651605e-03,1.521127e-03,5.524883e-02
SGPTL,2988,4.371855e-03,1.521127e-03,5.526658e-02
SGPTL,2989,4.699275e-03,1.521127e-03,5.528496e-02
SGPTL,2990,4.999402e-03,1.521127e-03,5.530338e-02
SGPTL,2991,5.018698e-03,1.521127e-03,5.532033e-02
SGPTL,2992,4.732280e-03,1.521127e-03,5.533862e-02
SGPTL,2993,5.080349e-03,1.521127e-03,5.535717e-02
SGPTL,2994,5.141368e-03,1.521127e-03,5.537413e-02
SGPTL,2995,4.963890e-03,1.521127e-03,5.539267e-02
SGPTL,2996,4.875161e-03,1.521127e-03,5.541096e-02
SGPTL,2997,4.991276e-03,1.521127e-03,5.542813e-02
SGPTL,2998,5.316273e-03,1.521127e-03,5.544642e-02
SGPTL,2999,5.207618e-03,1.521127e-03,5.546496e-02
SGPTL,3000,5.512856e-03,1.521127e-03,5.548246e-02
SGPTL,3001,5.429482e-03,1.521127e-03,5.550133e-02
SGPTL,3002,5.304335e-03,1.521127e-03,5.551992e-02
SGPTL,3003,5.230577e-03,1.521127e-03,5.553721e-02
SGPTL,3004,5.389379e-03,1.521127e-03,5.555571e-02
SGPTL,3005,5.290509e-03,1.521127e-03,5.557433e-02
SGPTL,3006,5.144579e-03,1.521127e-03,5.559142e-02
SGPTL,3007,4.907734e-03,1.521127e-03,5.561004e-02
SGPTL,3008,5.106266e-03,1.521127e-03,5.562871e-02
SGPTL,3009,5.063102e-03,1.521127e-03,5.564608e-02
SGPTL,3010,5.057368e-03,1.521127e-03,5.566454e-02
SGPTL,3011,5.506997e-03,1.521127e-03,5.568346e-02
SGPTL,3012,5.532733e-03,1.521127e-03,5.570208e-02
SGPTL,3013,5.549083e-03,1.521127e-03,5.572008e-02
SGPTL,3014,5.560173e-03,1.521127e-03,5.573875e-02
SGPTL,3015,5.358643e-03,1.521127e-03,5.575746e-02
SGPTL,3016,5.474655e-03,1.521127e-03,5.577467e-02
SGPTL,3017,5.289944e-03,1.521127e-03,5.579321e-02
SGPTL,3018,5.438136e-03,1.521127e-03,5.581162e-02
SGPTL,3019,6.057589e-03,1.521127e-03,5.583088e-02
SGPTL,3020,5.967123e-03,1.521127e-03,5.584892e-02
SGPTL,3021,5.952216e-03,1.521127e-03,5.586729e-02
SGPTL,3022,5.832284e-03,1.521127e-03,5.588596e-02
SGPTL,3023,5.606076e-03,1.521127e-03,5.590279e-02
SGPTL,3024,5.947815e-03,1.521127e-03,5.591942e-02
SGPTL,3025,6.246388e-03,1.521127e-03,5.593758e-02
SGPTL,3026,4.100699e-03,1.521127e-03,5.595363e-02
SGPTL,3027,3.372479e-03,1.521127e-03,5.597150e-02
SGPTL,3028,3.177150e-03,1.521127e-03,5.598967e-02
SGPTL,3029,3.284403e-03,1.521127e-03,5.600800e-02
SGPTL,3030,3.302672e-03,1.521127e-03,5.602525e-02
SGPTL,3031,3.307655e-03,1.521127e-03,5.604346e-02
SGPTL,3032,3.364644e-03,1.521127e-03,5.606137e-02
SGPTL,3033,3.264626e-03,1.521127e-03,5.607908e-02
SGPTL,3034,3.259164e-03,1.521127e-03,5.609733e-02
SGPTL,3035,3.222103e-03,1.521127e-03,5.611554e-02
SGPTL,3036,3.296617e-03,1.521127e-03,5.613283e-02
SGPTL,3037,3.223086e-03,1.521127e-03,5.615108e-02
SGPTL,3038,3.066912e-03,1.521127e-03,5.617708e-02
SGPTL,3039,2.977811e-03,1.521127e-03,5.619621e-02
SGPTL,3040,2.914341e-03,1.521127e-03,5.621354e-02
SGPTL,3041,2.864985e-03,1.521127e-03,5.623183e-02
SGPTL,3042,2.797890e-03,1.521127e-03,5.625029e-02
SGPTL,3043,2.637477e-03,1.521127e-03,5.626763e-02
SGPTL,3044,2.627107e-03,1.521127e-03,5.628604e-02
SGPTL,3045,2.666518e-03,1.521127e-03,5.630450e-02
SGPTL,3046,2.692294e-03,1.521127e-03,5.632200e-02
SGPTL,3047,2.626673e-03,1.521127e-03,5.634054e-02
SGPTL,3048,2.529722e-03,1.521127e-03,5.635900e-02
SGPTL,3049,2.497623e-03,1.521127e-03,5.637642e-02
SGPTL,3050,2.456780e-03,1.521127e-03,5.639492e-02
SGPTL,3051,2.414280e-03,1.521127e-03,5.641325e-02
SGPTL,3052,2.268170e-03,1.521127e-03,5.643062e-02
SGPTL,3053,2.194612e-03,1.521127e-03,5.644875e-02
SGPTL,3054,2.097086e-03,1.521127e-03,5.646658e-02
SGPTL,3055,2.100041e-03,1.521127e-03,5.648467e-02
SGPTL,3056,2.066589e-03,1.521127e-03,5.650308e-02
SGPTL,3057,2.135189e-03,1.521127e-03,5.652171e-02
SGPTL,3058,2.171733e-03,1.521127e-03,5.653892e-02
SGPTL,3059,2.097922e-03,1.521127e-03,5.655725e-02
SGPTL,3060,2.049183e-03,1.521127e-03,5.657512e-02
SGPTL,3061,2.021299e-03,1.521127e-03,5.659317e-02
SGPTL,3062,1.936978e-03,1.521127e-03,5.661171e-02
SGPTL,3063,1.836006e-03,1.521127e-03,5.663000e-02
SGPTL,3064,1.912215e-03,1.521127e-03,5.664712e-02
SGPTL,3065,1.895656e-03,1.521127e-03,5.666542e-02
SGPTL,3066,1.881309e-03,1.521127e-03,5.668329e-02
SGPTL,3067,1.895617e-03,1.521127e-03,5.670121e-02
SGPTL,3068,1.915359e-03,1.521127e-03,5.671942e-02
SGPTL,3069,1.738110e-03,1.521127e-03,5.673779e-02
SGPTL,3070,1.609012e-03,1.521127e-03,5.675508e-02
SGPTL,3071,1.632678e-03,1.521127e-03,5.677329e-02
SGPTL,3072,1.612422e-03,1.521127e-03,5.679150e-02
SGPTL,3073,1.572994e-03,1.521127e-03,5.680921e-02
SGPTL,3074,1.527801e-03,1.521127e-03,5.682758e-02
SGPTL,3075,1.497371e-03,1.497371e-03,5.684771e-02
SGPTL,3076,1.506170e-03,1.497371e-03,5.686525e-02
SGPTL,3077,1.538012e-03,1.497371e-03,5.688429e-02
SGPTL,3078,1.519487e-03,1.497371e-03,5.690271e-02
SGPTL,3079,1.439806e-03,1.439806e-03,5.692013e-02
SGPTL,3080,1.437206e-03,1.437206e-03,5.693871e-02
SGPTL,3081,1.447637e-03,1.437206e-03,5.695700e-02
SGPTL,3082,1.522551e-03,1.437206e-03,5.697433e-02
SGPTL,3083,1.502052e-03,1.437206e-03,5.699262e-02
SGPTL,3084,1.451154e-03,1.437206e-03,5.701075e-02
SGPTL,3085,1.388060e-03,1.388060e-03,5.702842e-02
SGPTL,3086,1.358761e-03,1.358761e-03,5.704692e-02
SGPTL,3087,1.308990e-03,1.308990e-03,5.706517e-02
SGPTL,3088,1.321104e-03,1.308990e-03,5.708263e-02
SGPTL,3089,1.365679e-03,1.308990e-03,5.710117e-02
SGPTL,3090,1.458445e-03,1.308990e-03,5.711950e-02
SGPTL,3091,1.470487e-03,1.308990e-03,5.713675e-02
SGPTL,3092,1.439697e-03,1.308990e-03,5.715517e-02
SGPTL,3093,1.394982e-03,1.308990e-03,5.717362e-02
SGPTL,3094,1.319076e-03,1.308990e-03,5.719100e-02
SGPTL,3095,1.269157e-03,1.269157e-03,5.720933e-02
SGPTL,3096,1.256020e-03,1.256020e-03,5.722825e-02
SGPTL,3097,1.210736e-03,1.210736e-03,5.724571e-02
SGPTL,3098,1.200695e-03,1.200695e-03,5.726425e-02
SGPTL,3099,1.187310e-03,1.187310e-03,5.728262e-02
SGPTL,3100,1.193299e-03,1.187310e-03,5.730004e-02
SGPTL,3101,1.226062e-03,1.187310e-03,5.731821e-02
SGPTL,3102,1.323139e-03,1.187310e-03,5.733633e-02
SGPTL,3103,1.346230e-03,1.187310e-03,5.735387e-02
SGPTL,3104,1.355575e-03,1.187310e-03,5.737246e-02
SGPTL,3105,1.360731e-03,1.187310e-03,5.739058e-02
SGPTL,3106,1.266528e-03,1.187310e-03,5.740846e-02
SGPTL,3107,1.186442e-03,1.186442e-03,5.742717e-02
SGPTL,3108,1.162896e-03,1.162896e-03,5.744579e-02
SGPTL,3109,1.189425e-03,1.162896e-03,5.746304e-02
SGPTL,3110,1.209518e-03,1.162896e-03,5.748117e-02
SGPTL,3111,1.219266e-03,1.162896e-03,5.749929e-02
SGPTL,3112,1.237870e-03,1.162896e-03,5.751721e-02
SGPTL,3113,1.193612e-03,1.162896e-03,5.753546e-02
SGPTL,3114,1.249676e-03,1.162896e-03,5.755354e-02
SGPTL,3115,1.303009e-03,1.162896e-03,5.757062e-02
SGPTL,3116,1.316537e-03,1.162896e-03,5.758887e-02
SGPTL,3117,1.255763e-03,1.162896e-03,5.760696e-02
SGPTL,3118,1.209599e-03,1.162896e-03,5.762412e-02
SGPTL,3119,1.224657e-03,1.162896e-03,5.764221e-02
SGPTL,3120,1.204124e-03,1.162896e-03,5.766033e-02
SGPTL,3121,1.148977e-03,1.148977e-03,5.767817e-02
SGPTL,3122,1.146516e-03,1.146516e-03,5.769654e-02
SGPTL,3123,1.162679e-03,1.146516e-03,5.771500e-02
SGPTL,3124,1.208036e-03,1.146516e-03,5.773208e-02
SGPTL,3125,1.227924e-03,1.146516e-03,5.775025e-02
SGPTL,3126,1.159079e-03,1.146516e-03,5.776837e-02
SGPTL,3127,1.106239e-03,1.106239e-03,5.778608e-02
SGPTL,3128,1.075208e-03,1.075208e-03,5.780463e-02
SGPTL,3129,1.163447e-03,1.075208e-03,5.782242e-02
SGPTL,3130,1.249831e-03,1.075208e-03,5.784038e-02
SGPTL,3131,1.338603e-03,1.075208e-03,5.785863e-02
SGPTL,3132,1.411918e-03,1.075208e-03,5.787700e-02
SGPTL,3133,1.422784e-03,1.075208e-03,5.789433e-02
SGPTL,3134,1.452146e-03,1.075208e-03,5.791271e-02
SGPTL,3135,1.369076e-03,1.075208e-03,5.793096e-02
SGPTL,3136,1.363939e-03,1.075208e-03,5.794850e-02
SGPTL,3137,1.312664e-03,1.075208e-03,5.796654e-02
SGPTL,3138,1.265647e-03,1.075208e-03,5.798446e-02
SGPTL,3139,1.302967e-03,1.075208e-03,5.800179e-02
SGPTL,3140,1.284476e-03,1.075208e-03,5.802004e-02
SGPTL,3141,1.275560e-03,1.075208e-03,5.803829e-02
SGPTL,3142,1.270017e-03,1.075208e-03,5.805562e-02
SGPTL,3143,1.257434e-03,1.075208e-03,5.807392e-02
SGPTL,3144,1.258572e-03,1.075208e-03,5.809233e-02
SGPTL,3145,1.287297e-03,1.075208e-03,5.810979e-02
SGPTL,3146,1.257275e-03,1.075208e-03,5.812812e-02
SGPTL,3147,1.409183e-03,1.075208e-03,5.814592e-02
SGPTL,3148,1.625353e-03,1.075208e-03,5.816388e-02
SGPTL,3149,1.709672e-03,1.075208e-03,5.818196e-02
SGPTL,3150,1.914903e-03,1.075208e-03,5.820008e-02
SGPTL,3151,1.752784e-03,1.075208e-03,5.821725e-02
SGPTL,3152,1.548810e-03,1.075208e-03,5.823550e-02
SGPTL,3153,1.473428e-03,1.075208e-03,5.825333e-02
SGPTL,3154,1.448197e-03,1.075208e-03,5.827117e-02
SGPTL,3155,1.283252e-03,1.075208e-03,5.828921e-02
SGPTL,3156,1.223787e-03,1.075208e-03,5.830750e-02
SGPTL,3157,1.196187e-03,1.075208e-03,5.832467e-02
SGPTL,3158,1.189496e-03,1.075208e-03,5.834279e-02
SGPTL,3159,1.249650e-03,1.075208e-03,5.836063e-02
SGPTL,3160,1.302557e-03,1.075208e-03,5.837825e-02
SGPTL,3161,1.364241e-03,1.075208e-03,5.839621e-02
SGPTL,3162,1.347705e-03,1.075208e-03,5.841421e-02
SGPTL,3163,1.188481e-03,1.075208e-03,5.843254e-02
SGPTL,3164,1.165085e-03,1.075208e-03,5.845083e-02
SGPTL,3165,1.083715e-03,1.075208e-03,5.846887e-02
SGPTL,3166,1.112490e-03,1.075208e-03,5.849342e-02
SGPTL,3167,1.148487e-03,1.075208e-03,5.851183e-02
SGPTL,3168,1.157823e-03,1.075208e-03,5.852912e-02
SGPTL,3169,1.187526e-03,1.075208e-03,5.854762e-02
SGPTL,3170,1.274981e-03,1.075208e-03,5.856579e-02
SGPTL,3171,1.310031e-03,1.075208e-03,5.858292e-02
SGPTL,3172,1.212702e-03,1.075208e-03,5.860142e-02
SGPTL,3173,1.273282e-03,1.075208e-03,5.861904e-02
SGPTL,3174,1.242124e-03,1.075208e-03,5.863696e-02
SGPTL,3175,1.377177e-03,1.075208e-03,5.865529e-02
SGPTL,3176,1.490226e-03,1.075208e-03,5.867346e-02
SGPTL,3177,1.577261e-03,1.075208e-03,5.869071e-02
SGPTL,3178,1.526463e-03,1.075208e-03,5.870892e-02
SGPTL,3179,1.624185e-03,1.075208e-03,5.872667e-02
SGPTL,3180,1.607110e-03,1.075208e-03,5.874408e-02
SGPTL,3181,1.599482e-03,1.075208e-03,5.876233e-02
SGPTL,3182,1.505151e-03,1.075208e-03,5.878063e-02
SGPTL,3183,1.497975e-03,1.075208e-03,5.879775e-02
SGPTL,3184,1.381147e-03,1.075208e-03,5.881600e-02
SGPTL,3185,1.314030e-03,1.075208e-03,5.883379e-02
SGPTL,3186,1.278516e-03,1.075208e-03,5.885112e-02
SGPTL,3187,1.257096e-03,1.075208e-03,5.886917e-02
SGPTL,3188,1.341668e-03,1.075208e-03,5.888713e-02
SGPTL,3189,1.404354e-03,1.075208e-03,5.890467e-02
SGPTL,3190,1.385945e-03,1.075208e-03,5.892283e-02
SGPTL,3191,1.445989e-03,1.075208e-03,5.894075e-02
SGPTL,3192,1.487066e-03,1.075208e-03,5.895817e-02
SGPTL,3193,1.450333e-03,1.075208e-03,5.897629e-02
SGPTL,3194,1.419211e-03,1.075208e-03,5.899442e-02
SGPTL,3195,1.496335e-03,1.075208e-03,5.901162e-02
SGPTL,3196,1.538133e-03,1.075208e-03,5.902983e-02
SGPTL,3197,1.398114e-03,1.075208e-03,5.904783e-02
SGPTL,3198,1.378143e-03,1.075208e-03,5.906508e-02
SGPTL,3199,1.285275e-03,1.075208e-03,5.908275e-02
SGPTL,3200,1.343734e-03,1.075208e-03,5.910050e-02
SGPTL,3201,1.347616e-03,1.075208e-03,5.911850e-02
SGPTL,3202,1.433370e-03,1.075208e-03,5.913667e-02
SGPTL,3203,1.507488e-03,1.075208e-03,5.915375e-02
SGPTL,3204,1.564110e-03,1.075208e-03,5.917204e-02
SGPTL,3205,1.668043e-03,1.075208e-03,5.918987e-02
SGPTL,3206,1.621111e-03,1.075208e-03,5.920746e-02
SGPTL,3207,1.589322e-03,1.075208e-03,5.922571e-02
SGPTL,3208,1.649085e-03,1.075208e-03,5.924396e-02
SGPTL,3209,1.012024e-03,1.012024e-03,5.925983e-02
SGPTL,3210,7.964190e-04,7.964190e-04,5.927808e-02
SGPTL,3211,8.417927e-04,7.964190e-04,5.929687e-02
SGPTL,3212,1.442914e-03,7.964190e-04,5.931383e-02
SGPTL,3213,2.385324e-03,7.964190e-04,5.933200e-02
SGPTL,3214,3.272136e-03,7.964190e-04,5.935004e-02
SGPTL,3215,4.181158e-03,7.964190e-04,5.936746e-02
SGPTL,3216,5.031823e-03,7.964190e-04,5.938558e-02
SGPTL,3217,5.474178e-03,7.964190e-04,5.940367e-02
SGPTL,3218,6.034571e-03,7.964190e-04,5.942104e-02
SGPTL,3219,7.027664e-03,7.964190e-04,5.943925e-02
SGPTL,3220,8.453725e-03,7.964190e-04,5.945708e-02
SGPTL,3221,9.784707e-03,7.964190e-04,5.947442e-02
SGPTL,3222,9.818593e-03,7.964190e-04,5.949246e-02
SGPTL,3223,1.068359e-02,7.964190e-04,5.951075e-02
SGPTL,3224,1.169073e-02,7.964190e-04,5.952800e-02
SGPTL,3225,1.254240e-02,7.964190e-04,5.954596e-02
SGPTL,3226,1.346430e-02,7.964190e-04,5.956383e-02
SGPTL,3227,1.369276e-02,7.964190e-04,5.958133e-02
SGPTL,3228,1.423209e-02,7.964190e-04,5.959950e-02
SGPTL,3229,1.406436e-02,7.964190e-04,5.961725e-02
SGPTL,3230,1.503808e-02,7.964190e-04,5.963454e-02
SGPTL,3231,1.555407e-02,7.964190e-04,5.965267e-02
SGPTL,3232,1.508186e-02,7.964190e-04,5.967083e-02
SGPTL,3233,1.350095e-02,7.964190e-04,5.968804e-02
SGPTL,3234,1.361970e-02,7.964190e-04,5.970633e-02
SGPTL,3235,1.477530e-02,7.964190e-04,5.972433e-02
SGPTL,3236,1.457902e-02,7.964190e-04,5.974171e-02
SGPTL,3237,1.438959e-02,7.964190e-04,5.975979e-02
SGPTL,3238,1.415909e-02,7.964190e-04,5.977800e-02
SGPTL,3239,1.477008e-02,7.964190e-04,5.979512e-02
SGPTL,3240,1.388795e-02,7.964190e-04,5.981321e-02
SGPTL,3241,1.276551e-02,7.964190e-04,5.983117e-02
SGPTL,3242,1.233562e-02,7.964190e-04,5.984862e-02
SGPTL,3243,1.253995e-02,7.964190e-04,5.986696e-02
SGPTL,3244,1.283241e-02,7.964190e-04,5.988483e-02
SGPTL,3245,1.314739e-02,7.964190e-04,5.990212e-02
SGPTL,3246,1.405370e-02,7.964190e-04,5.992008e-02
SGPTL,3247,1.384939e-02,7.964190e-04,5.993817e-02
SGPTL,3248,1.430076e-02,7.964190e-04,5.995529e-02
SGPTL,3249,1.345782e-02,7.964190e-04,5.998433e-02
SGPTL,3250,1.275987e-02,7.964190e-04,6.003737e-02
SGPTL,3251,1.171924e-02,7.964190e-04,6.005588e-02
SGPTL,3252,1.149364e-02,7.964190e-04,6.007317e-02
SGPTL,3253,1.196997e-02,7.964190e-04,6.009137e-02
SGPTL,3254,1.197495e-02,7.964190e-04,6.010925e-02
SGPTL,3255,1.254042e-02,7.964190e-04,6.012708e-02
SGPTL,3256,1.226403e-02,7.964190e-04,6.014554e-02
SGPTL,3257,1.162424e-02,7.964190e-04,6.016396e-02
SGPTL,3258,1.164927e-02,7.964190e-04,6.018104e-02
SGPTL,3259,1.220146e-02,7.964190e-04,6.019929e-02
SGPTL,3260,1.234149e-02,7.964190e-04,6.021729e-02
SGPTL,3261,1.248350e-02,7.964190e-04,6.023479e-02
SGPTL,3262,1.154315e-02,7.964190e-04,6.025308e-02
SGPTL,3263,1.155343e-02,7.964190e-04,6.027108e-02
SGPTL,3264,1.106010e-02,7.964190e-04,6.028862e-02
SGPTL,3265,1.173129e-02,7.964190e-04,6.030708e-02
SGPTL,3266,1.162330e-02,7.964190e-04,6.032521e-02
SGPTL,3267,1.143754e-02,7.964190e-04,6.034246e-02
SGPTL,3268,1.259046e-02,7.964190e-04,6.036058e-02
SGPTL,3269,1.318871e-02,7.964190e-04,6.037842e-02
SGPTL,3270,1.397069e-02,7.964190e-04,6.039579e-02
SGPTL,3271,1.347523e-02,7.964190e-04,6.041396e-02
SGPTL,3272,1.343049e-02,7.964190e-04,6.043212e-02
SGPTL,3273,1.299451e-02,7.964190e-04,6.044929e-02
SGPTL,3274,1.213964e-02,7.964190e-04,6.046754e-02
SGPTL,3275,1.156604e-02,7.964190e-04,6.048562e-02
SGPTL,3276,1.184053e-02,7.964190e-04,6.050312e-02
SGPTL,3277,1.162429e-02,7.964190e-04,6.052133e-02
SGPTL,3278,1.146199e-02,7.964190e-04,6.053950e-02
SGPTL,3279,1.158776e-02,7.964190e-04,6.055667e-02
SGPTL,3280,1.203701e-02,7.964190e-04,6.057487e-02
SGPTL,3281,1.245439e-02,7.964190e-04,6.059254e-02
SGPTL,3282,1.295875e-02,7.964190e-04,6.061029e-02
SGPTL,3283,1.281650e-02,7.964190e-04,6.062858e-02
SGPTL,3284,1.259643e-02,7.964190e-04,6.064692e-02
SGPTL,3285,1.237981e-02,7.964190e-04,6.066400e-02
SGPTL,3286,1.136321e-02,7.964190e-04,6.068208e-02
SGPTL,3287,1.099131e-02,7.964190e-04,6.070012e-02
SGPTL,3288,1.072792e-02,7.964190e-04,6.071762e-02
SGPTL,3289,1.087579e-02,7.964190e-04,6.073587e-02
SGPTL,3290,1.136955e-02,7.964190e-04,6.075392e-02
SGPTL,3291,8.026365e-03,7.964190e-04,6.076883e-02
SGPTL,3292,8.136321e-03,7.964190e-04,6.078700e-02
SGPTL,3293,8.391699e-03,7.964190e-04,6.080779e-02
SGPTL,3294,8.823088e-03,7.964190e-04,6.082650e-02
SGPTL,3295,9.176457e-03,7.964190e-04,6.084429e-02
SGPTL,3296,9.582351e-03,7.964190e-04,6.086254e-02
SGPTL,3297,9.575077e-03,7.964190e-04,6.088083e-02
SGPTL,3298,9.488841e-03,7.964190e-04,6.089800e-02
SGPTL,3299,9.316750e-03,7.964190e-04,6.091617e-02
SGPTL,3300,9.000388e-03,7.964190e-04,6.093404e-02
SGPTL,3301,8.602244e-03,7.964190e-04,6.095146e-02
SGPTL,3302,8.536271e-03,7.964190e-04,6.096975e-02
SGPTL,3303,8.548002e-03,7.964190e-04,6.098796e-02
SGPTL,3304,8.504758e-03,7.964190e-04,6.100508e-02
SGPTL,3305,8.287923e-03,7.964190e-04,6.102321e-02
SGPTL,3306,8.231977e-03,7.964190e-04,6.104150e-02
SGPTL,3307,8.168437e-03,7.964190e-04,6.105929e-02
SGPTL,3308,8.403425e-03,7.964190e-04,6.107746e-02
SGPTL,3309,8.517607e-03,7.964190e-04,6.109542e-02
SGPTL,3310,8.427374e-03,7.964190e-04,6.111263e-02
SGPTL,3311,8.615080e-03,7.964190e-04,6.113075e-02
SGPTL,3312,8.512479e-03,7.964190e-04,6.114867e-02
SGPTL,3313,8.490385e-03,7.964190e-04,6.116604e-02
SGPTL,3314,8.304379e-03,7.964190e-04,6.118425e-02
SGPTL,3315,8.183937e-03,7.964190e-04,6.120233e-02
SGPTL,3316,8.531710e-03,7.964190e-04,6.122063e-02
SGPTL,3317,8.556030e-03,7.964190e-04,6.123892e-02
SGPTL,3318,8.622106e-03,7.964190e-04,6.125608e-02
SGPTL,3319,8.985354e-03,7.964190e-04,6.127450e-02
SGPTL,3320,8.573594e-03,7.964190e-04,6.129292e-02
SGPTL,3321,9.003100e-03,7.964190e-04,6.130979e-02
SGPTL,3322,1.006277e-02,7.964190e-04,6.132804e-02
SGPTL,3323,1.055381e-02,7.964190e-04,6.134571e-02
SGPTL,3324,1.092170e-02,7.964190e-04,6.136400e-02
SGPTL,3325,1.120807e-02,7.964190e-04,6.138204e-02
SGPTL,3326,1.058377e-02,7.964190e-04,6.139954e-02
SGPTL,3327,1.089893e-02,7.964190e-04,6.141779e-02
SGPTL,3328,1.127240e-02,7.964190e-04,6.143592e-02
SGPTL,3329,1.104554e-02,7.964190e-04,6.145342e-02
SGPTL,3330,1.046083e-02,7.964190e-04,6.147171e-02
SGPTL,3331,9.962674e-03,7.964190e-04,6.149008e-02
SGPTL,3332,9.980278e-03,7.964190e-04,6.150746e-02
SGPTL,3333,1.043844e-02,7.964190e-04,6.152567e-02
SGPTL,3334,1.003976e-02,7.964190e-04,6.154358e-02
SGPTL,3335,9.627792e-03,7.964190e-04,6.156096e-02
SGPTL,3336,1.054868e-02,7.964190e-04,6.157917e-02
SGPTL,3337,1.187275e-02,7.964190e-04,6.159696e-02
SGPTL,3338,1.330558e-02,7.964190e-04,6.161446e-02
SGPTL,3339,1.269804e-02,7.964190e-04,6.163283e-02
SGPTL,3340,1.239289e-02,7.964190e-04,6.165100e-02
SGPTL,3341,1.262872e-02,7.964190e-04,6.166862e-02
SGPTL,3342,1.150901e-02,7.964190e-04,6.168683e-02
SGPTL,3343,1.062813e-02,7.964190e-04,6.170504e-02
SGPTL,3344,1.024277e-02,7.964190e-04,6.172204e-02
SGPTL,3345,1.018806e-02,7.964190e-04,6.174025e-02
SGPTL,3346,9.915444e-03,7.964190e-04,6.175837e-02
SGPTL,3347,1.040717e-02,7.964190e-04,6.177612e-02
SGPTL,3348,1.053889e-02,7.964190e-04,6.179450e-02
SGPTL,3349,1.002376e-02,7.964190e-04,6.181263e-02
SGPTL,3350,1.089335e-02,7.964190e-04,6.182979e-02
SGPTL,3351,1.118387e-02,7.964190e-04,6.184800e-02
SGPTL,3352,1.104041e-02,7.964190e-04,6.186575e-02
SGPTL,3353,1.075204e-02,7.964190e-04,6.188321e-02
SGPTL,3354,1.029645e-02,7.964190e-04,6.190150e-02
SGPTL,3355,1.039260e-02,7.964190e-04,6.191942e-02
SGPTL,3356,9.907447e-03,7.964190e-04,6.193696e-02
SGPTL,3357,9.546403e-03,7.964190e-04,6.195525e-02
SGPTL,3358,9.048351e-03,7.964190e-04,6.197333e-02
SGPTL,3359,9.202134e-03,7.964190e-04,6.199083e-02
SGPTL,3360,9.361578e-03,7.964190e-04,6.200912e-02
SGPTL,3361,9.304371e-03,7.964190e-04,6.202729e-02
SGPTL,3362,9.550467e-03,7.964190e-04,6.204446e-02
SGPTL,3363,9.683492e-03,7.964190e-04,6.206283e-02
SGPTL,3364,9.854276e-03,7.964190e-04,6.208079e-02
SGPTL,3365,1.042473e-02,7.964190e-04,6.209825e-02
SGPTL,3366,1.064556e-02,7.964190e-04,6.211537e-02
SGPTL,3367,1.052739e-02,7.964190e-04,6.213325e-02
SGPTL,3368,1.047777e-02,7.964190e-04,6.215154e-02
SGPTL,3369,1.003079e-02,7.964190e-04,6.217000e-02
SGPTL,3370,1.040176e-02,7.964190e-04,6.218713e-02
SGPTL,3371,7.518322e-03,7.964190e-04,6.220292e-02
SGPTL,3372,7.284210e-03,7.964190e-04,6.222113e-02
SGPTL,3373,7.157774e-03,7.964190e-04,6.223875e-02
SGPTL,3374,7.302478e-03,7.964190e-04,6.225729e-02
SGPTL,3375,7.240166e-03,7.964190e-04,6.240413e-02
SGPTL,3376,7.053352e-03,7.964190e-04,6.242413e-02
SGPTL,3377,7.210461e-03,7.964190e-04,6.244158e-02
SGPTL,3378,7.732851e-03,7.964190e-04,6.245996e-02
SGPTL,3379,7.727040e-03,7.964190e-04,6.247813e-02
SGPTL,3380,7.693029e-03,7.964190e-04,6.249612e-02
SGPTL,3381,7.619056e-03,7.964190e-04,6.251417e-02
SGPTL,3382,7.357309e-03,7.964190e-04,6.253233e-02
SGPTL,3383,7.203062e-03,7.964190e-04,6.254971e-02
SGPTL,3384,7.314915e-03,7.964190e-04,6.256783e-02
SGPTL,3385,7.482291e-03,7.964190e-04,6.258571e-02
SGPTL,3386,7.730974e-03,7.964190e-04,6.260312e-02
SGPTL,3387,7.847145e-03,7.964190e-04,6.262108e-02
SGPTL,3388,7.698661e-03,7.964190e-04,6.263908e-02
SGPTL,3389,7.344827e-03,7.964190e-04,6.265662e-02
SGPTL,3390,7.184094e-03,7.964190e-04,6.267479e-02
SGPTL,3391,7.717538e-03,7.964190e-04,6.269271e-02
SGPTL,3392,7.950507e-03,7.964190e-04,6.271012e-02
SGPTL,3393,7.711837e-03,7.964190e-04,6.272833e-02
SGPTL,3394,7.635125e-03,7.964190e-04,6.274625e-02
SGPTL,3395,7.840870e-03,7.964190e-04,6.276367e-02
SGPTL,3396,7.839800e-03,7.964190e-04,6.278171e-02
SGPTL,3397,8.162268e-03,7.964190e-04,6.279967e-02
SGPTL,3398,8.226926e-03,7.964190e-04,6.281704e-02
SGPTL,3399,8.356786e-03,7.964190e-04,6.283500e-02
SGPTL,3400,8.253340e-03,7.964190e-04,6.285296e-02
SGPTL,3401,8.220819e-03,7.964190e-04,6.287038e-02
SGPTL,3402,8.553032e-03,7.964190e-04,6.288858e-02
SGPTL,3403,8.866583e-03,7.964190e-04,6.290642e-02
SGPTL,3404,8.882125e-03,7.964190e-04,6.292375e-02
SGPTL,3405,8.215441e-03,7.964190e-04,6.294187e-02
SGPTL,3406,8.623382e-03,7.964190e-04,6.295975e-02
SGPTL,3407,8.581721e-03,7.964190e-04,6.297717e-02
SGPTL,3408,8.903409e-03,7.964190e-04,6.299537e-02
SGPTL,3409,9.356011e-03,7.964190e-04,6.301350e-02
SGPTL,3410,9.462741e-03,7.964190e-04,6.303088e-02
SGPTL,3411,9.508114e-03,7.964190e-04,6.304908e-02
SGPTL,3412,9.331069e-03,7.964190e-04,6.306725e-02
SGPTL,3413,9.585606e-03,7.964190e-04,6.308471e-02
SGPTL,3414,9.004634e-03,7.964190e-04,6.310271e-02
SGPTL,3415,8.549704e-03,7.964190e-04,6.312075e-02
SGPTL,3416,8.319243e-03,7.964190e-04,6.313825e-02
SGPTL,3417,7.808159e-03,7.964190e-04,6.315621e-02
SGPTL,3418,8.273574e-03,7.964190e-04,6.317433e-02
SGPTL,3419,8.067187e-03,7.964190e-04,6.319154e-02
SGPTL,3420,8.817656e-03,7.964190e-04,6.320958e-02
SGPTL,3421,9.208429e-03,7.964190e-04,6.323096e-02
SGPTL,3422,9.431598e-03,7.964190e-04,6.324804e-02
SGPTL,3423,9.681468e-03,7.964190e-04,6.326633e-02
SGPTL,3424,1.030539e-02,7.964190e-04,6.328450e-02
SGPTL,3425,9.725388e-03,7.964190e-04,6.330204e-02
SGPTL,3426,8.650596e-03,7.964190e-04,6.332017e-02
SGPTL,3427,8.601154e-03,7.964190e-04,6.333837e-02
SGPTL,3428,8.817517e-03,7.964190e-04,6.335550e-02
SGPTL,3429,8.543909e-03,7.964190e-04,6.337367e-02
SGPTL,3430,8.566752e-03,7.964190e-04,6.339167e-02
SGPTL,3431,9.014890e-03,7.964190e-04,6.340904e-02
SGPTL,3432,9.146304e-03,7.964190e-04,6.342700e-02
SGPTL,3433,8.920750e-03,7.964190e-04,6.344504e-02
SGPTL,3434,8.710370e-03,7.964190e-04,6.346212e-02
SGPTL,3435,8.838026e-03,7.964190e-04,6.348017e-02
SGPTL,3436,9.006802e-03,7.964190e-04,6.349800e-02
SGPTL,3437,9.153301e-03,7.964190e-04,6.351542e-02
SGPTL,3438,8.510121e-03,7.964190e-04,6.353342e-02
SGPTL,3439,7.929238e-03,7.964190e-04,6.355167e-02
SGPTL,3440,7.067527e-03,7.964190e-04,6.356933e-02
SGPTL,3441,6.963227e-03,7.964190e-04,6.358737e-02
SGPTL,3442,7.189478e-03,7.964190e-04,6.360554e-02
SGPTL,3443,7.263884e-03,7.964190e-04,6.362300e-02
SGPTL,3444,7.749269e-03,7.964190e-04,6.364117e-02
SGPTL,3445,7.992727e-03,7.964190e-04,6.365933e-02
SGPTL,3446,7.813393e-03,7.964190e-04,6.367675e-02
SGPTL,3447,8.202939e-03,7.964190e-04,6.369492e-02
SGPTL,3448,8.483842e-03,7.964190e-04,6.371287e-02
SGPTL,3449,8.561475e-03,7.964190e-04,6.373021e-02
SGPTL,3450,9.004337e-03,7.964190e-04,6.374821e-02
SGPTL,3451,6.382363e-03,7.964190e-04,6.376362e-02
SGPTL,3452,5.665346e-03,7.964190e-04,6.378142e-02
SGPTL,3453,5.516908e-03,7.964190e-04,6.379958e-02
SGPTL,3454,5.425891e-03,7.964190e-04,6.381783e-02
SGPTL,3455,5.364873e-03,7.964190e-04,6.383492e-02
SGPTL,3456,5.496379e-03,7.964190e-04,6.385321e-02
SGPTL,3457,5.821999e-03,7.964190e-04,6.387133e-02
SGPTL,3458,6.061859e-03,7.964190e-04,6.388892e-02
SGPTL,3459,6.237257e-03,7.964190e-04,6.390700e-02
SGPTL,3460,6.304567e-03,7.964190e-04,6.392512e-02
SGPTL,3461,6.136272e-03,7.964190e-04,6.394225e-02
SGPTL,3462,6.072466e-03,7.964190e-04,6.396054e-02
SGPTL,3463,5.937595e-03,7.964190e-04,6.397825e-02
SGPTL,3464,6.034572e-03,7.964190e-04,6.399596e-02
SGPTL,3465,5.921479e-03,7.964190e-04,6.401408e-02
SGPTL,3466,5.708948e-03,7.964190e-04,6.403237e-02
SGPTL,3467,5.491032e-03,7.964190e-04,6.404954e-02
SGPTL,3468,5.268056e-03,7.964190e-04,6.406779e-02
SGPTL,3469,5.300080e-03,7.964190e-04,6.408558e-02
SGPTL,3470,5.336979e-03,7.964190e-04,6.410296e-02
SGPTL,3471,5.221337e-03,7.964190e-04,6.412100e-02
SGPTL,3472,5.564378e-03,7.964190e-04,6.413896e-02
SGPTL,3473,5.880328e-03,7.964190e-04,6.415642e-02
SGPTL,3474,6.199171e-03,7.964190e-04,6.417471e-02
SGPTL,3475,6.888768e-03,7.964190e-04,6.419262e-02
SGPTL,3476,7.486717e-03,7.964190e-04,6.420992e-02
SGPTL,3477,7.955640e-03,7.964190e-04,6.422808e-02
SGPTL,3478,7.555904e-03,7.964190e-04,6.424638e-02
SGPTL,3479,7.278184e-03,7.964190e-04,6.426346e-02
SGPTL,3480,7.538652e-03,7.964190e-04,6.428163e-02
SGPTL,3481,7.488422e-03,7.964190e-04,6.429954e-02
SGPTL,3482,6.995624e-03,7.964190e-04,6.431679e-02
SGPTL,3483,6.864546e-03,7.964190e-04,6.433504e-02
SGPTL,3484,7.077637e-03,7.964190e-04,6.435308e-02
SGPTL,3485,7.412700e-03,7.964190e-04,6.437033e-02
SGPTL,3486,7.589146e-03,7.964190e-04,6.438854e-02
SGPTL,3487,7.136026e-03,7.964190e-04,6.440638e-02
SGPTL,3488,6.865408e-03,7.964190e-04,6.442371e-02
SGPTL,3489,7.261374e-03,7.964190e-04,6.444175e-02
SGPTL,3490,7.536960e-03,7.964190e-04,6.446004e-02
SGPTL,3491,7.617440e-03,7.964190e-04,6.447729e-02
SGPTL,3492,6.922117e-03,7.964190e-04,6.449546e-02
SGPTL,3493,6.780952e-03,7.964190e-04,6.451338e-02
SGPTL,3494,6.858772e-03,7.964190e-04,6.453071e-02
SGPTL,3495,6.980853e-03,7.964190e-04,6.454883e-02
SGPTL,3496,6.870578e-03,7.964190e-04,6.456700e-02
SGPTL,3497,7.382982e-03,7.964190e-04,6.458437e-02
SGPTL,3498,7.356597e-03,7.964190e-04,6.460262e-02
SGPTL,3499,7.135538e-03,7.964190e-04,6.462083e-02
SGPTL,3500,7.555061e-03,7.964190e-04,6.463800e-02
SGPTL,3501,8.028184e-03,7.964190e-04,6.465608e-02
SGPTL,3502,7.591908e-03,7.964190e-04,6.467438e-02
SGPTL,3503,7.131612e-03,7.964190e-04,6.469192e-02
SGPTL,3504,7.604467e-03,7.964190e-04,6.471008e-02
SGPTL,3505,7.395583e-03,7.964190e-04,6.472829e-02
SGPTL,3506,6.686558e-03,7.964190e-04,6.474563e-02
SGPTL,3507,6.662625e-03,7.964190e-04,6.476379e-02
SGPTL,3508,6.474370e-03,7.964190e-04,6.478179e-02
SGPTL,3509,6.675448e-03,7.964190e-04,6.479925e-02
SGPTL,3510,6.841268e-03,7.964190e-04,6.481754e-02
SGPTL,3511,6.779300e-03,7.964190e-04,6.483554e-02
SGPTL,3512,6.513159e-03,7.964190e-04,6.485300e-02
SGPTL,3513,6.501504e-03,7.964190e-04,6.487121e-02
SGPTL,3514,7.123137e-03,7.964190e-04,6.488950e-02
SGPTL,3515,6.981634e-03,7.964190e-04,6.490654e-02
SGPTL,3516,6.973635e-03,7.964190e-04,6.492462e-02
SGPTL,3517,6.791111e-03,7.964190e-04,6.494904e-02
SGPTL,3518,6.836417e-03,7.964190e-04,6.496754e-02
SGPTL,3519,7.436159e-03,7.964190e-04,6.498467e-02
SGPTL,3520,7.789905e-03,7.964190e-04,6.500321e-02
SGPTL,3521,7.931753e-03,7.964190e-04,6.502150e-02
SGPTL,3522,7.252073e-03,7.964190e-04,6.503867e-02
SGPTL,3523,6.702980e-03,7.964190e-04,6.505725e-02
SGPTL,3524,6.734212e-03,7.964190e-04,6.507562e-02
SGPTL,3525,6.419203e-03,7.964190e-04,6.509292e-02
SGPTL,3526,6.120725e-03,7.964190e-04,6.511137e-02
SGPTL,3527,6.186402e-03,7.964190e-04,6.513004e-02
SGPTL,3528,6.073739e-03,7.964190e-04,6.514708e-02
SGPTL,3529,6.272320e-03,7.964190e-04,6.516608e-02
SGPTL,3530,6.038990e-03,7.964190e-04,6.518450e-02
SGPTL,3531,4.344772e-03,7.964190e-04,6.519929e-02
SGPTL,3532,4.187600e-03,7.964190e-04,6.521767e-02
SGPTL,3533,3.905377e-03,7.964190e-04,6.523612e-02
SGPTL,3534,3.889178e-03,7.964190e-04,6.525292e-02
SGPTL,3535,3.816309e-03,7.964190e-04,6.527125e-02
SGPTL,3536,4.133221e-03,7.964190e-04,6.528942e-02
SGPTL,3537,4.624306e-03,7.964190e-04,6.530658e-02
SGPTL,3538,4.779743e-03,7.964190e-04,6.532500e-02
SGPTL,3539,4.831466e-03,7.964190e-04,6.534358e-02
SGPTL,3540,4.971821e-03,7.964190e-04,6.536058e-02
SGPTL,3541,4.880765e-03,7.964190e-04,6.537904e-02
SGPTL,3542,4.907339e-03,7.964190e-04,6.539729e-02
SGPTL,3543,4.716600e-03,7.964190e-04,6.541433e-02
SGPTL,3544,4.381007e-03,7.964190e-04,6.543263e-02
SGPTL,3545,4.179209e-03,7.964190e-04,6.545108e-02
SGPTL,3546,4.112558e-03,7.964190e-04,6.546817e-02
SGPTL,3547,4.096418e-03,7.964190e-04,6.548658e-02
SGPTL,3548,4.029511e-03,7.964190e-04,6.551012e-02
SGPTL,3549,4.124082e-03,7.964190e-04,6.552913e-02
SGPTL,3550,4.027498e-03,7.964190e-04,6.554671e-02
SGPTL,3551,3.966296e-03,7.964190e-04,6.556508e-02
SGPTL,3552,3.856142e-03,7.964190e-04,6.558358e-02
SGPTL,3553,3.618793e-03,7.964190e-04,6.560050e-02
SGPTL,3554,3.741337e-03,7.964190e-04,6.561883e-02
SGPTL,3555,3.834088e-03,7.964190e-04,6.563713e-02
SGPTL,3556,3.943174e-03,7.964190e-04,6.565433e-02
SGPTL,3557,4.047591e-03,7.964190e-04,6.567271e-02
SGPTL,3558,4.064583e-03,7.964190e-04,6.569121e-02
SGPTL,3559,4.245179e-03,7.964190e-04,6.570817e-02
SGPTL,3560,4.523818e-03,7.964190e-04,6.572650e-02
SGPTL,3561,4.822863e-03,7.964190e-04,6.574487e-02
SGPTL,3562,4.709402e-03,7.964190e-04,6.576183e-02
SGPTL,3563,4.477755e-03,7.964190e-04,6.578017e-02
SGPTL,3564,4.163185e-03,7.964190e-04,6.579858e-02
SGPTL,3565,4.172483e-03,7.964190e-04,6.581554e-02
SGPTL,3566,4.305018e-03,7.964190e-04,6.583379e-02
SGPTL,3567,4.294897e-03,7.964190e-04,6.585204e-02
SGPTL,3568,4.807236e-03,7.964190e-04,6.586900e-02
SGPTL,3569,4.901912e-03,7.964190e-04,6.588733e-02
SGPTL,3570,4.991878e-03,7.964190e-04,6.590592e-02
SGPTL,3571,4.385370e-03,7.964190e-04,6.592283e-02
SGPTL,3572,4.104484e-03,7.964190e-04,6.594137e-02
SGPTL,3573,4.128926e-03,7.964190e-04,6.595971e-02
SGPTL,3574,4.009936e-03,7.964190e-04,6.597675e-02
SGPTL,3575,3.982659e-03,7.964190e-04,6.599529e-02
SGPTL,3576,3.958600e-03,7.964190e-04,6.601367e-02
SGPTL,3577,3.972762e-03,7.964190e-04,6.603054e-02
SGPTL,3578,4.317437e-03,7.964190e-04,6.604887e-02
SGPTL,3579,4.725838e-03,7.964190e-04,6.606713e-02
SGPTL,3580,4.644854e-03,7.964190e-04,6.608392e-02
SGPTL,3581,4.640638e-03,7.964190e-04,6.610242e-02
SGPTL,3582,4.561342e-03,7.964190e-04,6.612075e-02
SGPTL,3583,4.706908e-03,7.964190e-04,6.613767e-02
SGPTL,3584,4.689593e-03,7.964190e-04,6.615612e-02
SGPTL,3585,4.506948e-03,7.964190e-04,6.617446e-02
SGPTL,3586,4.631906e-03,7.964190e-04,6.619138e-02
SGPTL,3587,4.782405e-03,7.964190e-04,6.620975e-02
SGPTL,3588,5.071947e-03,7.964190e-04,6.622804e-02
SGPTL,3589,5.362509e-03,7.964190e-04,6.624504e-02
SGPTL,3590,5.404434e-03,7.964190e-04,6.626333e-02
SGPTL,3591,5.555669e-03,7.964190e-04,6.628171e-02
SGPTL,3592,5.248979e-03,7.964190e-04,6.629862e-02
SGPTL,3593,4.757317e-03,7.964190e-04,6.631692e-02
SGPTL,3594,4.637016e-03,7.964190e-04,6.633525e-02
SGPTL,3595,4.549533e-03,7.964190e-04,6.635321e-02
SGPTL,3596,4.168168e-03,7.964190e-04,6.637400e-02
SGPTL,3597,4.105059e-03,7.964190e-04,6.639229e-02
SGPTL,3598,4.152461e-03,7.964190e-04,6.640917e-02
SGPTL,3599,3.935542e-03,7.964190e-04,6.642762e-02
SGPTL,3600,3.816798e-03,7.964190e-04,6.644596e-02
SGPTL,3601,3.831982e-03,7.964190e-04,6.646279e-02
SGPTL,3602,4.134174e-03,7.964190e-04,6.648108e-02
SGPTL,3603,4.495206e-03,7.964190e-04,6.649896e-02
SGPTL,3604,4.456866e-03,7.964190e-04,6.652212e-02
SGPTL,3605,5.020682e-03,7.964190e-04,6.654025e-02
SGPTL,3606,5.617090e-03,7.964190e-04,6.655804e-02
SGPTL,3607,5.921784e-03,7.964190e-04,6.657638e-02
SGPTL,3608,5.308527e-03,7.964190e-04,6.659458e-02
SGPTL,3609,4.854411e-03,7.964190e-04,6.661162e-02
SGPTL,3610,4.693672e-03,7.964190e-04,6.662996e-02
SGPTL,3611,3.396815e-03,7.964190e-04,6.664567e-02
SGPTL,3612,3.190920e-03,7.964190e-04,6.666325e-02
SGPTL,3613,3.272639e-03,7.964190e-04,6.668162e-02
SGPTL,3614,3.158094e-03,7.964190e-04,6.670008e-02
SGPTL,3615,3.115462e-03,7.964190e-04,6.671712e-02
SGPTL,3616,3.216979e-03,7.964190e-04,6.673542e-02
SGPTL,3617,3.335795e-03,7.964190e-04,6.675363e-02
SGPTL,3618,3.322062e-03,7.964190e-04,6.677067e-02
SGPTL,3619,3.325457e-03,7.964190e-04,6.678900e-02
SGPTL,3620,3.396739e-03,7.964190e-04,6.680763e-02
SGPTL,3621,3.387848e-03,7.964190e-04,6.682462e-02
SGPTL,3622,3.334402e-03,7.964190e-04,6.684321e-02
SGPTL,3623,3.191997e-03,7.964190e-04,6.686175e-02
SGPTL,3624,3.036296e-03,7.964190e-04,6.687883e-02
SGPTL,3625,2.887146e-03,7.964190e-04,6.689742e-02
SGPTL,3626,2.732946e-03,7.964190e-04,6.691617e-02
SGPTL,3627,2.671864e-03,7.964190e-04,6.693321e-02
SGPTL,3628,2.698839e-03,7.964190e-04,6.695183e-02
SGPTL,3629,2.778219e-03,7.964190e-04,6.697029e-02
SGPTL,3630,2.811849e-03,7.964190e-04,6.698733e-02
SGPTL,3631,2.796250e-03,7.964190e-04,6.700583e-02
SGPTL,3632,2.708155e-03,7.964190e-04,6.702425e-02
SGPTL,3633,2.680828e-03,7.964190e-04,6.704112e-02
SGPTL,3634,2.673950e-03,7.964190e-04,6.705962e-02
SGPTL,3635,2.631161e-03,7.964190e-04,6.707825e-02
SGPTL,3636,2.545065e-03,7.964190e-04,6.709512e-02
SGPTL,3637,2.557513e-03,7.964190e-04,6.711333e-02
SGPTL,3638,2.681799e-03,7.964190e-04,6.713167e-02
SGPTL,3639,2.843596e-03,7.964190e-04,6.714908e-02
SGPTL,3640,2.741495e-03,7.964190e-04,6.716758e-02
SGPTL,3641,2.753152e-03,7.964190e-04,6.718587e-02
SGPTL,3642,2.655756e-03,7.964190e-04,6.720287e-02
SGPTL,3643,2.613706e-03,7.964190e-04,6.722138e-02
SGPTL,3644,2.621720e-03,7.964190e-04,6.724000e-02
SGPTL,3645,2.620077e-03,7.964190e-04,6.725687e-02
SGPTL,3646,2.570582e-03,7.964190e-04,6.727554e-02
SGPTL,3647,2.563098e-03,7.964190e-04,6.729400e-02
SGPTL,3648,2.649729e-03,7.964190e-04,6.731117e-02
SGPTL,3649,2.772699e-03,7.964190e-04,6.732942e-02
SGPTL,3650,2.997362e-03,7.964190e-04,6.734796e-02
SGPTL,3651,3.003330e-03,7.964190e-04,6.736508e-02
SGPTL,3652,3.028130e-03,7.964190e-04,6.738354e-02
SGPTL,3653,2.853031e-03,7.964190e-04,6.740179e-02
SGPTL,3654,2.641638e-03,7.964190e-04,6.741896e-02
SGPTL,3655,2.466100e-03,7.964190e-04,6.743725e-02
SGPTL,3656,2.628427e-03,7.964190e-04,6.745583e-02
SGPTL,3657,2.746475e-03,7.964190e-04,6.747379e-02
SGPTL,3658,2.721794e-03,7.964190e-04,6.749229e-02
SGPTL,3659,2.573485e-03,7.964190e-04,6.751067e-02
SGPTL,3660,2.430760e-03,7.964190e-04,6.752763e-02
SGPTL,3661,2.530761e-03,7.964190e-04,6.755629e-02
SGPTL,3662,2.715499e-03,7.964190e-04,6.758504e-02
SGPTL,3663,2.861098e-03,7.964190e-04,6.760367e-02
SGPTL,3664,2.877050e-03,7.964190e-04,6.762092e-02
SGPTL,3665,3.018281e-03,7.964190e-04,6.763917e-02
SGPTL,3666,2.729229e-03,7.964190e-04,6.765771e-02
SGPTL,3667,2.595111e-03,7.964190e-04,6.767475e-02
SGPTL,3668,2.511293e-03,7.964190e-04,6.769321e-02
SGPTL,3669,2.413178e-03,7.964190e-04,6.771146e-02
SGPTL,3670,2.327562e-03,7.964190e-04,6.772862e-02
SGPTL,3671,2.367725e-03,7.964190e-04,6.774683e-02
SGPTL,3672,2.256367e-03,7.964190e-04,6.776542e-02
SGPTL,3673,2.169294e-03,7.964190e-04,6.778233e-02
SGPTL,3674,2.188037e-03,7.964190e-04,6.780075e-02
SGPTL,3675,2.422173e-03,7.964190e-04,6.781900e-02
SGPTL,3676,2.535961e-03,7.964190e-04,6.784358e-02
SGPTL,3677,2.399772e-03,7.964190e-04,6.786229e-02
SGPTL,3678,2.559613e-03,7.964190e-04,6.788079e-02
SGPTL,3679,2.728718e-03,7.964190e-04,6.789783e-02
SGPTL,3680,2.623568e-03,7.964190e-04,6.791621e-02
SGPTL,3681,2.643141e-03,7.964190e-04,6.793471e-02
SGPTL,3682,2.722362e-03,7.964190e-04,6.795171e-02
SGPTL,3683,2.840366e-03,7.964190e-04,6.797013e-02
SGPTL,3684,2.890563e-03,7.964190e-04,6.798854e-02
SGPTL,3685,2.974439e-03,7.964190e-04,6.801083e-02
SGPTL,3686,2.882299e-03,7.964190e-04,6.802812e-02
SGPTL,3687,2.836492e-03,7.964190e-04,6.804650e-02
SGPTL,3688,2.710517e-03,7.964190e-04,6.806496e-02
SGPTL,3689,2.667416e-03,7.964190e-04,6.808200e-02
SGPTL,3690,2.814815e-03,7.964190e-04,6.810054e-02
SGPTL,3691,1.795301e-03,7.964190e-04,6.811633e-02
SGPTL,3692,1.596614e-03,7.964190e-04,6.813392e-02
SGPTL,3693,1.514825e-03,7.964190e-04,6.815462e-02
SGPTL,3694,1.424686e-03,7.964190e-04,6.817271e-02
SGPTL,3695,1.388183e-03,7.964190e-04,6.818967e-02
SGPTL,3696,1.362820e-03,7.964190e-04,6.820792e-02
SGPTL,3697,1.311098e-03,7.964190e-04,6.822633e-02
SGPTL,3698,1.341171e-03,7.964190e-04,6.824325e-02
SGPTL,3699,1.330488e-03,7.964190e-04,6.826158e-02
SGPTL,3700,1.324379e-03,7.964190e-04,6.827996e-02
SGPTL,3701,1.337368e-03,7.964190e-04,6.829683e-02
SGPTL,3702,1.314864e-03,7.964190e-04,6.831517e-02
SGPTL,3703,1.287487e-03,7.964190e-04,6.833375e-02
SGPTL,3704,1.281147e-03,7.964190e-04,6.835071e-02
SGPTL,3705,1.266568e-03,7.964190e-04,6.836900e-02
SGPTL,3706,1.238000e-03,7.964190e-04,6.838733e-02
SGPTL,3707,1.192654e-03,7.964190e-04,6.840412e-02
SGPTL,3708,1.132337e-03,7.964190e-04,6.842237e-02
SGPTL,3709,1.078699e-03,7.964190e-04,6.844063e-02
SGPTL,3710,1.022840e-03,7.964190e-04,6.845767e-02
SGPTL,3711,9.572506e-04,7.964190e-04,6.847621e-02
SGPTL,3712,9.803801e-04,7.964190e-04,6.849454e-02
SGPTL,3713,1.049211e-03,7.964190e-04,6.851162e-02
SGPTL,3714,1.043828e-03,7.964190e-04,6.852996e-02
SGPTL,3715,1.041304e-03,7.964190e-04,6.854829e-02
SGPTL,3716,9.891174e-04,7.964190e-04,6.856621e-02
SGPTL,3717,9.598116e-04,7.964190e-04,6.858421e-02
SGPTL,3718,9.693495e-04,7.964190e-04,6.860117e-02
SGPTL,3719,9.781334e-04,7.964190e-04,6.861917e-02
SGPTL,3720,1.002737e-03,7.964190e-04,6.863700e-02
SGPTL,3721,9.672178e-04,7.964190e-04,6.865425e-02
SGPTL,3722,9.298547e-04,7.964190e-04,6.867242e-02
SGPTL,3723,8.946512e-04,7.964190e-04,6.869004e-02
SGPTL,3724,8.893312e-04,7.964190e-04,6.870762e-02
SGPTL,3725,8.609194e-04,7.964190e-04,6.872558e-02
SGPTL,3726,8.386160e-04,7.964190e-04,6.874367e-02
SGPTL,3727,8.049757e-04,7.964190e-04,6.876083e-02
SGPTL,3728,7.522671e-04,7.522671e-04,6.878138e-02
SGPTL,3729,7.418331e-04,7.418331e-04,6.880308e-02
SGPTL,3730,7.518452e-04,7.418331e-04,6.882133e-02
SGPTL,3731,7.560321e-04,7.418331e-04,6.884050e-02
SGPTL,3732,7.351364e-04,7.351364e-04,6.885867e-02
SGPTL,3733,7.125144e-04,7.125144e-04,6.887679e-02
SGPTL,3734,6.834919e-04,6.834919e-04,6.889450e-02
SGPTL,3735,6.834678e-04,6.834678e-04,6.891279e-02
SGPTL,3736,7.018550e-04,6.834678e-04,6.893083e-02
SGPTL,3737,7.122086e-04,6.834678e-04,6.895033e-02
SGPTL,3738,6.802605e-04,6.802605e-04,6.896858e-02
SGPTL,3739,6.960091e-04,6.802605e-04,6.898617e-02
SGPTL,3740,6.965226e-04,6.802605e-04,6.900383e-02
SGPTL,3741,6.819409e-04,6.802605e-04,6.902454e-02
SGPTL,3742,6.607112e-04,6.607112e-04,6.904267e-02
SGPTL,3743,5.978062e-04,5.978062e-04,6.905996e-02
SGPTL,3744,5.857977e-04,5.857977e-04,6.907833e-02
SGPTL,3745,5.524871e-04,5.524871e-04,6.909604e-02
SGPTL,3746,5.286278e-04,5.286278e-04,6.911400e-02
SGPTL,3747,5.179914e-04,5.179914e-04,6.913242e-02
SGPTL,3748,5.272167e-04,5.179914e-04,6.915058e-02
SGPTL,3749,5.361273e-04,5.179914e-04,6.916762e-02
SGPTL,3750,5.440647e-04,5.179914e-04,6.918808e-02
SGPTL,3751,5.081652e-04,5.081652e-04,6.920650e-02
SGPTL,3752,4.710731e-04,4.710731e-04,6.922342e-02
SGPTL,3753,4.805952e-04,4.710731e-04,6.924167e-02
SGPTL,3754,4.833566e-04,4.710731e-04,6.925933e-02
SGPTL,3755,5.031593e-04,4.710731e-04,6.927717e-02
SGPTL,3756,4.941577e-04,4.710731e-04,6.929538e-02
SGPTL,3757,4.965797e-04,4.710731e-04,6.931354e-02
SGPTL,3758,4.908475e-04,4.710731e-04,6.933079e-02
SGPTL,3759,4.717314e-04,4.710731e-04,6.934883e-02
SGPTL,3760,4.441481e-04,4.441481e-04,6.936708e-02
SGPTL,3761,4.177730e-04,4.177730e-04,6.938471e-02
SGPTL,3762,3.941177e-04,3.941177e-04,6.940292e-02
SGPTL,3763,4.741405e-04,3.941177e-04,6.942100e-02
SGPTL,3764,7.258061e-04,3.941177e-04,6.943825e-02
SGPTL,3765,1.106325e-03,3.941177e-04,6.945646e-02
SGPTL,3766,1.551536e-03,3.941177e-04,6.947467e-02
SGPTL,3767,1.770183e-03,3.941177e-04,6.949287e-02
SGPTL,3768,2.140621e-03,3.941177e-04,6.951121e-02
SGPTL,3769,2.796081e-03,3.941177e-04,6.952925e-02
SGPTL,3770,3.417093e-03,3.941177e-04,6.954650e-02
SGPTL,3771,4.017533e-03,3.941177e-04,6.956342e-02
SGPTL,3772,3.726142e-03,3.941177e-04,6.958187e-02
SGPTL,3773,4.064492e-03,3.941177e-04,6.960054e-02
SGPTL,3774,4.481200e-03,3.941177e-04,6.961738e-02
SGPTL,3775,4.823228e-03,3.941177e-04,6.963550e-02
SGPTL,3776,4.970436e-03,3.941177e-04,6.965300e-02
SGPTL,3777,5.433194e-03,3.941177e-04,6.967083e-02
SGPTL,3778,6.011626e-03,3.941177e-04,6.968908e-02
SGPTL,3779,6.041581e-03,3.941177e-04,6.970742e-02
SGPTL,3780,6.260781e-03,3.941177e-04,6.972458e-02
SGPTL,3781,6.255820e-03,3.941177e-04,6.974283e-02
SGPTL,3782,6.462708e-03,3.941177e-04,6.976050e-02
SGPTL,3783,6.744647e-03,3.941177e-04,6.977842e-02
SGPTL,3784,7.151811e-03,3.941177e-04,6.979658e-02
SGPTL,3785,7.192508e-03,3.941177e-04,6.981475e-02
SGPTL,3786,6.594066e-03,3.941177e-04,6.983188e-02
SGPTL,3787,6.155712e-03,3.941177e-04,6.985154e-02
SGPTL,3788,5.953199e-03,3.941177e-04,6.986963e-02
SGPTL,3789,6.056286e-03,3.941177e-04,6.988833e-02
SGPTL,3790,5.962143e-03,3.941177e-04,6.990642e-02
SGPTL,3791,6.140013e-03,3.941177e-04,6.992425e-02
SGPTL,3792,6.575010e-03,3.941177e-04,6.994158e-02
SGPTL,3793,7.555714e-03,3.941177e-04,6.995979e-02
SGPTL,3794,8.232682e-03,3.941177e-04,6.997767e-02
SGPTL,3795,8.775582e-03,3.941177e-04,6.999504e-02
SGPTL,3796,9.471152e-03,3.941177e-04,7.001321e-02
SGPTL,3797,1.062089e-02,3.941177e-04,7.003113e-02
SGPTL,3798,9.043257e-03,3.941177e-04,7.005062e-02
SGPTL,3799,7.755704e-03,3.941177e-04,7.006896e-02
SGPTL,3800,7.642316e-03,3.941177e-04,7.008667e-02
SGPTL,3801,7.939710e-03,3.941177e-04,7.010450e-02
SGPTL,3802,8.209358e-03,3.941177e-04,7.012258e-02
SGPTL,3803,8.456431e-03,3.941177e-04,7.014408e-02
SGPTL,3804,8.535693e-03,3.941177e-04,7.016258e-02
SGPTL,3805,8.512950e-03,3.941177e-04,7.018062e-02
SGPTL,3806,1.007887e-02,3.941177e-04,7.019850e-02
SGPTL,3807,9.737873e-03,3.941177e-04,7.021667e-02
SGPTL,3808,9.168106e-03,3.941177e-04,7.023492e-02
SGPTL,3809,9.347520e-03,3.941177e-04,7.025250e-02
SGPTL,3810,9.125076e-03,3.941177e-04,7.027025e-02
SGPTL,3811,8.470017e-03,3.941177e-04,7.028833e-02
SGPTL,3812,8.495889e-03,3.941177e-04,7.030667e-02
SGPTL,3813,8.571866e-03,3.941177e-04,7.032371e-02
SGPTL,3814,8.478388e-03,3.941177e-04,7.034204e-02
SGPTL,3815,8.078338e-03,3.941177e-04,7.035971e-02
SGPTL,3816,8.044736e-03,3.941177e-04,7.037746e-02
SGPTL,3817,8.049796e-03,3.941177e-04,7.039808e-02
SGPTL,3818,8.330059e-03,3.941177e-04,7.041625e-02
SGPTL,3819,9.078740e-03,3.941177e-04,7.043321e-02
SGPTL,3820,9.045280e-03,3.941177e-04,7.045133e-02
SGPTL,3821,8.164861e-03,3.941177e-04,7.046958e-02
SGPTL,3822,8.142413e-03,3.941177e-04,7.048708e-02
SGPTL,3823,8.660678e-03,3.941177e-04,7.050529e-02
SGPTL,3824,8.659617e-03,3.941177e-04,7.052329e-02
SGPTL,3825,9.049612e-03,3.941177e-04,7.054029e-02
SGPTL,3826,9.398794e-03,3.941177e-04,7.055833e-02
SGPTL,3827,9.560544e-03,3.941177e-04,7.057892e-02
SGPTL,3828,9.584981e-03,3.941177e-04,7.059571e-02
SGPTL,3829,9.549528e-03,3.941177e-04,7.061396e-02
SGPTL,3830,9.644248e-03,3.941177e-04,7.063396e-02
SGPTL,3831,9.165043e-03,3.941177e-04,7.065167e-02
SGPTL,3832,8.154201e-03,3.941177e-04,7.066979e-02
SGPTL,3833,8.451422e-03,3.941177e-04,7.068779e-02
SGPTL,3834,9.333859e-03,3.941177e-04,7.070500e-02
SGPTL,3835,1.022264e-02,3.941177e-04,7.072325e-02
SGPTL,3836,9.123786e-03,3.941177e-04,7.074083e-02
SGPTL,3837,8.982337e-03,3.941177e-04,7.075862e-02
SGPTL,3838,9.134141e-03,3.941177e-04,7.077667e-02
SGPTL,3839,8.586386e-03,3.941177e-04,7.079450e-02
SGPTL,3840,8.609564e-03,3.941177e-04,7.081171e-02
SGPTL,3841,8.420795e-03,3.941177e-04,7.082992e-02
SGPTL,3842,8.658998e-03,3.941177e-04,7.084758e-02
SGPTL,3843,5.852283e-03,3.941177e-04,7.086283e-02
SGPTL,3844,4.848137e-03,3.941177e-04,7.088104e-02
SGPTL,3845,4.866987e-03,3.941177e-04,7.089904e-02
SGPTL,3846,5.067548e-03,3.941177e-04,7.091608e-02
SGPTL,3847,5.364936e-03,3.941177e-04,7.093417e-02
SGPTL,3848,5.418804e-03,3.941177e-04,7.095208e-02
SGPTL,3849,5.786252e-03,3.941177e-04,7.096958e-02
SGPTL,3850,5.903750e-03,3.941177e-04,7.098796e-02
SGPTL,3851,6.011584e-03,3.941177e-04,7.100612e-02
SGPTL,3852,6.087530e-03,3.941177e-04,7.102396e-02
SGPTL,3853,6.242288e-03,3.941177e-04,7.104221e-02
SGPTL,3854,6.306699e-03,3.941177e-04,7.106050e-02
SGPTL,3855,6.377600e-03,3.941177e-04,7.107737e-02
SGPTL,3856,6.213735e-03,3.941177e-04,7.109550e-02
SGPTL,3857,5.830484e-03,3.941177e-04,7.111350e-02
SGPTL,3858,5.756876e-03,3.941177e-04,7.113108e-02
SGPTL,3859,5.524970e-03,3.941177e-04,7.114933e-02
SGPTL,3860,5.425974e-03,3.941177e-04,7.116754e-02
SGPTL,3861,5.516825e-03,3.941177e-04,7.118446e-02
SGPTL,3862,5.679776e-03,3.941177e-04,7.120250e-02
SGPTL,3863,5.646551e-03,3.941177e-04,7.122054e-02
SGPTL,3864,5.727702e-03,3.941177e-04,7.123808e-02
SGPTL,3865,5.913133e-03,3.941177e-04,7.125617e-02
SGPTL,3866,6.001883e-03,3.941177e-04,7.127442e-02
SGPTL,3867,5.939536e-03,3.941177e-04,7.129146e-02
SGPTL,3868,6.341176e-03,3.941177e-04,7.130975e-02
SGPTL,3869,6.865167e-03,3.941177e-04,7.132771e-02
SGPTL,3870,6.590705e-03,3.941177e-04,7.134521e-02
SGPTL,3871,6.037137e-03,3.941177e-04,7.136583e-02
SGPTL,3872,5.429687e-03,3.941177e-04,7.138396e-02
SGPTL,3873,5.510554e-03,3.941177e-04,7.140088e-02
SGPTL,3874,5.779597e-03,3.941177e-04,7.141908e-02
SGPTL,3875,6.203372e-03,3.941177e-04,7.143733e-02
SGPTL,3876,6.702189e-03,3.941177e-04,7.145521e-02
SGPTL,3877,7.211509e-03,3.941177e-04,7.147363e-02
SGPTL,3878,7.213017e-03,3.941177e-04,7.149192e-02
SGPTL,3879,7.078960e-03,3.941177e-04,7.150900e-02
SGPTL,3880,7.336585e-03,3.941177e-04,7.152713e-02
SGPTL,3881,7.805068e-03,3.941177e-04,7.154508e-02
SGPTL,3882,7.858621e-03,3.941177e-04,7.156483e-02
SGPTL,3883,7.861321e-03,3.941177e-04,7.158296e-02
SGPTL,3884,7.822152e-03,3.941177e-04,7.160108e-02
SGPTL,3885,7.291609e-03,3.941177e-04,7.161858e-02
SGPTL,3886,7.332391e-03,3.941177e-04,7.163667e-02
SGPTL,3887,7.456626e-03,3.941177e-04,7.165496e-02
SGPTL,3888,7.496448e-03,3.941177e-04,7.167208e-02
SGPTL,3889,7.372466e-03,3.941177e-04,7.169021e-02
SGPTL,3890,7.321148e-03,3.941177e-04,7.171133e-02
SGPTL,3891,7.720635e-03,3.941177e-04,7.172812e-02
SGPTL,3892,7.565117e-03,3.941177e-04,7.174633e-02
SGPTL,3893,7.417795e-03,3.941177e-04,7.176425e-02
SGPTL,3894,7.495895e-03,3.941177e-04,7.178183e-02
SGPTL,3895,7.457250e-03,3.941177e-04,7.180004e-02
SGPTL,3896,8.295484e-03,3.941177e-04,7.181812e-02
SGPTL,3897,8.585356e-03,3.941177e-04,7.183562e-02
SGPTL,3898,8.324172e-03,3.941177e-04,7.185388e-02
SGPTL,3899,7.850216e-03,3.941177e-04,7.187200e-02
SGPTL,3900,7.741694e-03,3.941177e-04,7.188908e-02
SGPTL,3901,7.550245e-03,3.941177e-04,7.190708e-02
SGPTL,3902,7.694211e-03,3.941177e-04,7.192521e-02
SGPTL,3903,7.620316e-03,3.941177e-04,7.194250e-02
SGPTL,3904,7.077395e-03,3.941177e-04,7.196067e-02
SGPTL,3905,6.855567e-03,3.941177e-04,7.197879e-02
SGPTL,3906,6.879183e-03,3.941177e-04,7.199612e-02
SGPTL,3907,7.005913e-03,3.941177e-04,7.201417e-02
SGPTL,3908,6.943267e-03,3.941177e-04,7.203221e-02
SGPTL,3909,6.961366e-03,3.941177e-04,7.204962e-02
SGPTL,3910,6.800835e-03,3.941177e-04,7.206783e-02
SGPTL,3911,6.578530e-03,3.941177e-04,7.208571e-02
SGPTL,3912,6.817624e-03,3.941177e-04,7.210517e-02
SGPTL,3913,7.052649e-03,3.941177e-04,7.212617e-02
SGPTL,3914,7.142677e-03,3.941177e-04,7.214429e-02
SGPTL,3915,7.713232e-03,3.941177e-04,7.216150e-02
SGPTL,3916,7.903402e-03,3.941177e-04,7.217975e-02
SGPTL,3917,8.059121e-03,3.941177e-04,7.220012e-02
SGPTL,3918,8.080922e-03,3.941177e-04,7.221733e-02
SGPTL,3919,7.704775e-03,3.941177e-04,7.223579e-02
SGPTL,3920,7.446755e-03,3.941177e-04,7.225446e-02
SGPTL,3921,7.349239e-03,3.941177e-04,7.227242e-02
SGPTL,3922,7.012797e-03,3.941177e-04,7.229917e-02
SGPTL,3923,4.858804e-03,3.941177e-04,7.231479e-02
SGPTL,3924,4.446703e-03,3.941177e-04,7.233258e-02
SGPTL,3925,3.863418e-03,3.941177e-04,7.235075e-02
SGPTL,3926,3.776123e-03,3.941177e-04,7.236875e-02
SGPTL,3927,3.749404e-03,3.941177e-04,7.238596e-02
SGPTL,3928,3.898437e-03,3.941177e-04,7.241025e-02
SGPTL,3929,3.811997e-03,3.941177e-04,7.242837e-02
SGPTL,3930,3.788905e-03,3.941177e-04,7.244642e-02
SGPTL,3931,3.744672e-03,3.941177e-04,7.246862e-02
SGPTL,3932,3.879548e-03,3.941177e-04,7.248692e-02
SGPTL,3933,4.035165e-03,3.941177e-04,7.250471e-02
SGPTL,3934,4.235467e-03,3.941177e-04,7.252513e-02
SGPTL,3935,4.254928e-03,3.941177e-04,7.254333e-02
SGPTL,3936,4.403811e-03,3.941177e-04,7.256167e-02
SGPTL,3937,4.553227e-03,3.941177e-04,7.257858e-02
SGPTL,3938,4.713808e-03,3.941177e-04,7.259654e-02
SGPTL,3939,4.868284e-03,3.941177e-04,7.261450e-02
SGPTL,3940,5.103152e-03,3.941177e-04,7.263213e-02
SGPTL,3941,5.084391e-03,3.941177e-04,7.265038e-02
SGPTL,3942,5.401331e-03,3.941177e-04,7.266721e-02
SGPTL,3943,5.728361e-03,3.941177e-04,7.268554e-02
SGPTL,3944,5.895999e-03,3.941177e-04,7.270338e-02
SGPTL,3945,6.112317e-03,3.941177e-04,7.272112e-02
SGPTL,3946,6.203716e-03,3.941177e-04,7.273933e-02
SGPTL,3947,5.962009e-03,3.941177e-04,7.275750e-02
SGPTL,3948,6.443768e-03,3.941177e-04,7.277458e-02
SGPTL,3949,6.537923e-03,3.941177e-04,7.279279e-02
SGPTL,3950,6.375888e-03,3.941177e-04,7.281067e-02
SGPTL,3951,6.045821e-03,3.941177e-04,7.282804e-02
SGPTL,3952,6.022389e-03,3.941177e-04,7.284604e-02
SGPTL,3953,6.070874e-03,3.941177e-04,7.286412e-02
SGPTL,3954,6.380802e-03,3.941177e-04,7.288154e-02
SGPTL,3955,6.884630e-03,3.941177e-04,7.289946e-02
SGPTL,3956,6.454189e-03,3.941177e-04,7.291733e-02
SGPTL,3957,6.478789e-03,3.941177e-04,7.293463e-02
SGPTL,3958,6.863837e-03,3.941177e-04,7.295271e-02
SGPTL,3959,6.615923e-03,3.941177e-04,7.297100e-02
SGPTL,3960,6.326579e-03,3.941177e-04,7.298825e-02
SGPTL,3961,6.306940e-03,3.941177e-04,7.300654e-02
SGPTL,3962,6.553383e-03,3.941177e-04,7.302442e-02
SGPTL,3963,6.898391e-03,3.941177e-04,7.304196e-02
SGPTL,3964,6.616818e-03,3.941177e-04,7.306017e-02
SGPTL,3965,6.221516e-03,3.941177e-04,7.307817e-02
SGPTL,3966,6.264479e-03,3.941177e-04,7.309554e-02
SGPTL,3967,6.504717e-03,3.941177e-04,7.311358e-02
SGPTL,3968,6.663513e-03,3.941177e-04,7.313192e-02
SGPTL,3969,6.392727e-03,3.941177e-04,7.314908e-02
SGPTL,3970,6.269789e-03,3.941177e-04,7.316729e-02
SGPTL,3971,6.781421e-03,3.941177e-04,7.318517e-02
SGPTL,3972,6.910090e-03,3.941177e-04,7.320296e-02
SGPTL,3973,6.853622e-03,3.941177e-04,7.322133e-02
SGPTL,3974,6.685460e-03,3.941177e-04,7.323921e-02
SGPTL,3975,6.443141e-03,3.941177e-04,7.325650e-02
SGPTL,3976,5.954977e-03,3.941177e-04,7.327462e-02
SGPTL,3977,5.812501e-03,3.941177e-04,7.329242e-02
SGPTL,3978,5.867608e-03,3.941177e-04,7.331033e-02
SGPTL,3979,5.919300e-03,3.941177e-04,7.332854e-02
SGPTL,3980,6.013963e-03,3.941177e-04,7.334658e-02
SGPTL,3981,6.343748e-03,3.941177e-04,7.336363e-02
SGPTL,3982,6.957174e-03,3.941177e-04,7.338217e-02
SGPTL,3983,7.461589e-03,3.941177e-04,7.339983e-02
SGPTL,3984,7.153412e-03,3.941177e-04,7.341779e-02
SGPTL,3985,6.948960e-03,3.941177e-04,7.343587e-02
SGPTL,3986,6.289410e-03,3.941177e-04,7.345396e-02
SGPTL,3987,6.321060e-03,3.941177e-04,7.347125e-02
SGPTL,3988,6.284959e-03,3.941177e-04,7.348900e-02
SGPTL,3989,6.119631e-03,3.941177e-04,7.350692e-02
SGPTL,3990,5.967056e-03,3.941177e-04,7.352421e-02
SGPTL,3991,6.124488e-03,3.941177e-04,7.354225e-02
SGPTL,3992,5.818893e-03,3.941177e-04,7.356029e-02
SGPTL,3993,5.933481e-03,3.941177e-04,7.357746e-02
SGPTL,3994,5.797656e-03,3.941177e-04,7.359550e-02
SGPTL,3995,5.781155e-03,3.941177e-04,7.361333e-02
SGPTL,3996,5.690687e-03,3.941177e-04,7.363063e-02
SGPTL,3997,5.708238e-03,3.941177e-04,7.364871e-02
SGPTL,3998,5.981078e-03,3.941177e-04,7.366683e-02
SGPTL,3999,6.022485e-03,3.941177e-04,7.368379e-02
SGPTL,4000,6.110282e-03,3.941177e-04,7.370196e-02
SGPTL,4001,6.057826e-03,3.941177e-04,7.372004e-02
SGPTL,4002,6.011537e-03,3.941177e-04,7.373746e-02
SGPTL,4003,3.880413e-03,3.941177e-04,7.375292e-02
SGPTL,4004,3.549551e-03,3.941177e-04,7.377100e-02
SGPTL,4005,3.564639e-03,3.941177e-04,7.378883e-02
SGPTL,4006,3.261016e-03,3.941177e-04,7.380696e-02
SGPTL,4007,3.225457e-03,3.941177e-04,7.382533e-02
SGPTL,4008,3.170165e-03,3.941177e-04,7.384250e-02
SGPTL,4009,3.358525e-03,3.941177e-04,7.386054e-02
SGPTL,4010,3.569972e-03,3.941177e-04,7.387858e-02
SGPTL,4011,3.735244e-03,3.941177e-04,7.389592e-02
SGPTL,4012,3.683567e-03,3.941177e-04,7.391404e-02
SGPTL,4013,3.703719e-03,3.941177e-04,7.393196e-02
SGPTL,4014,3.780126e-03,3.941177e-04,7.394946e-02
SGPTL,4015,3.952569e-03,3.941177e-04,7.396775e-02
SGPTL,4016,4.119577e-03,3.941177e-04,7.398579e-02
SGPTL,4017,4.103655e-03,3.941177e-04,7.400317e-02
SGPTL,4018,4.008796e-03,3.941177e-04,7.402129e-02
SGPTL,4019,3.867235e-03,3.941177e-04,7.403908e-02
SGPTL,4020,3.806888e-03,3.941177e-04,7.405650e-02
SGPTL,4021,3.682303e-03,3.941177e-04,7.407454e-02
SGPTL,4022,3.568162e-03,3.941177e-04,7.409283e-02
SGPTL,4023,3.609326e-03,3.941177e-04,7.410996e-02
SGPTL,4024,3.800955e-03,3.941177e-04,7.412800e-02
SGPTL,4025,4.187565e-03,3.941177e-04,7.414600e-02
SGPTL,4026,4.404982e-03,3.941177e-04,7.416362e-02
SGPTL,4027,4.560756e-03,3.941177e-04,7.418171e-02
SGPTL,4028,4.586758e-03,3.941177e-04,7.419979e-02
SGPTL,4029,4.960336e-03,3.941177e-04,7.421708e-02
SGPTL,4030,4.722963e-03,3.941177e-04,7.423521e-02
SGPTL,4031,4.266399e-03,3.941177e-04,7.425529e-02
SGPTL,4032,4.138652e-03,3.941177e-04,7.427300e-02
SGPTL,4033,4.106418e-03,3.941177e-04,7.429100e-02
SGPTL,4034,4.245833e-03,3.941177e-04,7.430908e-02
SGPTL,4035,4.540715e-03,3.941177e-04,7.432633e-02
SGPTL,4036,4.877023e-03,3.941177e-04,7.434450e-02
SGPTL,4037,5.279648e-03,3.941177e-04,7.436433e-02
SGPTL,4038,5.543933e-03,3.941177e-04,7.438192e-02
SGPTL,4039,5.272240e-03,3.941177e-04,7.440008e-02
SGPTL,4040,5.258929e-03,3.941177e-04,7.441833e-02
SGPTL,4041,5.248584e-03,3.941177e-04,7.443542e-02
SGPTL,4042,5.101523e-03,3.941177e-04,7.445350e-02
SGPTL,4043,4.977542e-03,3.941177e-04,7.447146e-02
SGPTL,4044,4.741539e-03,3.941177e-04,7.448896e-02
SGPTL,4045,4.682273e-03,3.941177e-04,7.450704e-02
SGPTL,4046,4.722945e-03,3.941177e-04,7.452542e-02
SGPTL,4047,5.110432e-03,3.941177e-04,7.454329e-02
SGPTL,4048,5.231162e-03,3.941177e-04,7.456138e-02
SGPTL,4049,5.203966e-03,3.941177e-04,7.457946e-02
SGPTL,4050,5.250103e-03,3.941177e-04,7.459779e-02
SGPTL,4051,5.038181e-03,3.941177e-04,7.461612e-02
SGPTL,4052,4.872921e-03,3.941177e-04,7.463383e-02
SGPTL,4053,4.821580e-03,3.941177e-04,7.465183e-02
SGPTL,4054,4.890239e-03,3.941177e-04,7.467012e-02
SGPTL,4055,4.839124e-03,3.941177e-04,7.468721e-02
SGPTL,4056,4.719639e-03,3.941177e-04,7.470567e-02
SGPTL,4057,5.082267e-03,3.941177e-04,7.472338e-02
SGPTL,4058,5.029280e-03,3.941177e-04,7.474383e-02
SGPTL,4059,4.957429e-03,3.941177e-04,7.476254e-02
SGPTL,4060,5.056192e-03,3.941177e-04,7.478125e-02
SGPTL,4061,4.993065e-03,3.941177e-04,7.479833e-02
SGPTL,4062,4.623105e-03,3.941177e-04,7.481717e-02
SGPTL,4063,4.399948e-03,3.941177e-04,7.483537e-02
SGPTL,4064,4.505004e-03,3.941177e-04,7.485238e-02
SGPTL,4065,4.713470e-03,3.941177e-04,7.487071e-02
SGPTL,4066,4.857667e-03,3.941177e-04,7.488908e-02
SGPTL,4067,5.616520e-03,3.941177e-04,7.490617e-02
SGPTL,4068,6.032395e-03,3.941177e-04,7.503908e-02
SGPTL,4069,5.405733e-03,3.941177e-04,7.506329e-02
SGPTL,4070,5.417979e-03,3.941177e-04,7.508475e-02
SGPTL,4071,5.276314e-03,3.941177e-04,7.510421e-02
SGPTL,4072,5.016946e-03,3.941177e-04,7.512342e-02
SGPTL,4073,4.953411e-03,3.941177e-04,7.514088e-02
SGPTL,4074,4.889518e-03,3.941177e-04,7.515983e-02
SGPTL,4075,4.848020e-03,3.941177e-04,7.517871e-02
SGPTL,4076,4.840204e-03,3.941177e-04,7.519742e-02
SGPTL,4077,5.113106e-03,3.941177e-04,7.521592e-02
SGPTL,4078,5.254908e-03,3.941177e-04,7.523454e-02
SGPTL,4079,5.600398e-03,3.941177e-04,7.525200e-02
SGPTL,4080,5.822548e-03,3.941177e-04,7.527067e-02
SGPTL,4081,5.343804e-03,3.941177e-04,7.528917e-02
SGPTL,4082,4.600873e-03,3.941177e-04,7.530875e-02
SGPTL,4083,3.367407e-03,3.941177e-04,7.532504e-02
SGPTL,4084,3.157408e-03,3.941177e-04,7.534354e-02
SGPTL,4085,3.262572e-03,3.941177e-04,7.536296e-02
SGPTL,4086,3.030999e-03,3.941177e-04,7.538179e-02
SGPTL,4087,3.021141e-03,3.941177e-04,7.540029e-02
SGPTL,4088,3.044016e-03,3.941177e-04,7.541746e-02
SGPTL,4089,3.065546e-03,3.941177e-04,7.543579e-02
SGPTL,4090,3.115167e-03,3.941177e-04,7.545429e-02
SGPTL,4091,3.342790e-03,3.941177e-04,7.547179e-02
SGPTL,4092,3.464637e-03,3.941177e-04,7.549025e-02
SGPTL,4093,3.445231e-03,3.941177e-04,7.550808e-02
SGPTL,4094,3.152105e-03,3.941177e-04,7.552596e-02
SGPTL,4095,2.972223e-03,3.941177e-04,7.554429e-02
SGPTL,4096,2.872923e-03,3.941177e-04,7.556262e-02
SGPTL,4097,2.804339e-03,3.941177e-04,7.557987e-02
SGPTL,4098,2.679946e-03,3.941177e-04,7.559817e-02
SGPTL,4099,2.643235e-03,3.941177e-04,7.561633e-02
SGPTL,4100,2.589889e-03,3.941177e-04,7.563404e-02
SGPTL,4101,2.638229e-03,3.941177e-04,7.565250e-02
SGPTL,4102,2.813296e-03,3.941177e-04,7.567092e-02
SGPTL,4103,2.967602e-03,3.941177e-04,7.568804e-02
SGPTL,4104,3.081708e-03,3.941177e-04,7.570617e-02
SGPTL,4105,3.092376e-03,3.941177e-04,7.572425e-02
SGPTL,4106,3.034937e-03,3.941177e-04,7.574187e-02
SGPTL,4107,3.098861e-03,3.941177e-04,7.576013e-02
SGPTL,4108,3.206913e-03,3.941177e-04,7.577825e-02
SGPTL,4109,3.203141e-03,3.941177e-04,7.579604e-02
SGPTL,4110,3.265310e-03,3.941177e-04,7.581437e-02
SGPTL,4111,3.323116e-03,3.941177e-04,7.583246e-02
SGPTL,4112,3.442331e-03,3.941177e-04,7.584962e-02
SGPTL,4113,3.294855e-03,3.941177e-04,7.586792e-02
SGPTL,4114,3.128724e-03,3.941177e-04,7.588608e-02
SGPTL,4115,3.206265e-03,3.941177e-04,7.590371e-02
SGPTL,4116,3.282277e-03,3.941177e-04,7.592200e-02
SGPTL,4117,3.648505e-03,3.941177e-04,7.594042e-02
SGPTL,4118,3.829445e-03,3.941177e-04,7.595779e-02
SGPTL,4119,3.744037e-03,3.941177e-04,7.597617e-02
SGPTL,4120,3.637953e-03,3.941177e-04,7.599425e-02
SGPTL,4121,3.801303e-03,3.941177e-04,7.601196e-02
SGPTL,4122,3.863566e-03,3.941177e-04,7.603021e-02
SGPTL,4123,3.514852e-03,3.941177e-04,7.604842e-02
SGPTL,4124,3.714011e-03,3.941177e-04,7.606558e-02
SGPTL,4125,3.793214e-03,3.941177e-04,7.608725e-02
SGPTL,4126,3.555455e-03,3.941177e-04,7.610604e-02
SGPTL,4127,3.213241e-03,3.941177e-04,7.612337e-02
SGPTL,4128,2.911136e-03,3.941177e-04,7.614179e-02
SGPTL,4129,2.887209e-03,3.941177e-04,7.615954e-02
SGPTL,4130,2.882499e-03,3.941177e-04,7.617750e-02
SGPTL,4131,3.090482e-03,3.941177e-04,7.619583e-02
SGPTL,4132,3.255359e-03,3.941177e-04,7.621408e-02
SGPTL,4133,3.465896e-03,3.941177e-04,7.623142e-02
SGPTL,4134,3.749161e-03,3.941177e-04,7.624996e-02
SGPTL,4135,4.011847e-03,3.941177e-04,7.626871e-02
SGPTL,4136,3.841258e-03,3.941177e-04,7.628596e-02
SGPTL,4137,3.351899e-03,3.941177e-04,7.630521e-02
SGPTL,4138,3.243849e-03,3.941177e-04,7.632300e-02
SGPTL,4139,3.203373e-03,3.941177e-04,7.634129e-02
SGPTL,4140,3.045681e-03,3.941177e-04,7.635971e-02
SGPTL,4141,3.048529e-03,3.941177e-04,7.637688e-02
SGPTL,4142,3.025633e-03,3.941177e-04,7.639521e-02
SGPTL,4143,3.123616e-03,3.941177e-04,7.641304e-02
SGPTL,4144,3.485281e-03,3.941177e-04,7.643083e-02
SGPTL,4145,3.707317e-03,3.941177e-04,7.644908e-02
SGPTL,4146,4.059605e-03,3.941177e-04,7.646742e-02
SGPTL,4147,4.171089e-03,3.941177e-04,7.648462e-02
SGPTL,4148,4.297932e-03,3.941177e-04,7.650279e-02
SGPTL,4149,3.941899e-03,3.941177e-04,7.652087e-02
SGPTL,4150,3.424356e-03,3.941177e-04,7.653842e-02
SGPTL,4151,3.163917e-03,3.941177e-04,7.655667e-02
SGPTL,4152,3.056079e-03,3.941177e-04,7.657483e-02
SGPTL,4153,3.261531e-03,3.941177e-04,7.659188e-02
SGPTL,4154,3.317589e-03,3.941177e-04,7.661029e-02
SGPTL,4155,3.466772e-03,3.941177e-04,7.662804e-02
SGPTL,4156,3.684669e-03,3.941177e-04,7.664596e-02
SGPTL,4157,3.982150e-03,3.941177e-04,7.666437e-02
SGPTL,4158,4.218656e-03,3.941177e-04,7.668271e-02
SGPTL,4159,4.389518e-03,3.941177e-04,7.669988e-02
SGPTL,4160,3.933045e-03,3.941177e-04,7.671804e-02
SGPTL,4161,3.692413e-03,3.941177e-04,7.673604e-02
SGPTL,4162,3.435489e-03,3.941177e-04,7.675354e-02
SGPTL,4163,2.699690e-03,3.941177e-04,7.676937e-02
SGPTL,4164,2.498195e-03,3.941177e-04,7.678775e-02
SGPTL,4165,2.400154e-03,3.941177e-04,7.680533e-02
SGPTL,4166,2.356438e-03,3.941177e-04,7.682375e-02
SGPTL,4167,2.329452e-03,3.941177e-04,7.684183e-02
SGPTL,4168,2.522221e-03,3.941177e-04,7.685971e-02
SGPTL,4169,2.730577e-03,3.941177e-04,7.687796e-02
SGPTL,4170,2.828702e-03,3.941177e-04,7.689642e-02
SGPTL,4171,2.834929e-03,3.941177e-04,7.691350e-02
SGPTL,4172,2.753086e-03,3.941177e-04,7.693179e-02
SGPTL,4173,2.578259e-03,3.941177e-04,7.695017e-02
SGPTL,4174,2.502612e-03,3.941177e-04,7.696758e-02
SGPTL,4175,2.368454e-03,3.941177e-04,7.698587e-02
SGPTL,4176,2.195386e-03,3.941177e-04,7.700367e-02
SGPTL,4177,2.047997e-03,3.941177e-04,7.702142e-02
SGPTL,4178,1.961757e-03,3.941177e-04,7.703963e-02
SGPTL,4179,1.886639e-03,3.941177e-04,7.705800e-02
SGPTL,4180,1.837327e-03,3.941177e-04,7.707517e-02
SGPTL,4181,1.834478e-03,3.941177e-04,7.709350e-02
SGPTL,4182,1.880115e-03,3.941177e-04,7.711154e-02
SGPTL,4183,1.911475e-03,3.941177e-04,7.712900e-02
SGPTL,4184,2.032625e-03,3.941177e-04,7.714742e-02
SGPTL,4185,2.128911e-03,3.941177e-04,7.716537e-02
SGPTL,4186,2.148109e-03,3.941177e-04,7.718904e-02
SGPTL,4187,2.238859e-03,3.941177e-04,7.720792e-02
SGPTL,4188,2.416320e-03,3.941177e-04,7.722662e-02
SGPTL,4189,2.696655e-03,3.941177e-04,7.724375e-02
SGPTL,4190,2.539022e-03,3.941177e-04,7.726225e-02
SGPTL,4191,2.295580e-03,3.941177e-04,7.728054e-02
SGPTL,4192,2.240153e-03,3.941177e-04,7.729783e-02
SGPTL,4193,2.209771e-03,3.941177e-04,7.731608e-02
SGPTL,4194,1.993389e-03,3.941177e-04,7.733429e-02
SGPTL,4195,1.854265e-03,3.941177e-04,7.735196e-02
SGPTL,4196,1.857393e-03,3.941177e-04,7.737050e-02
SGPTL,4197,1.834727e-03,3.941177e-04,7.738875e-02
SGPTL,4198,1.921075e-03,3.941177e-04,7.740621e-02
SGPTL,4199,2.103128e-03,3.941177e-04,7.742450e-02
SGPTL,4200,2.221704e-03,3.941177e-04,7.744275e-02
SGPTL,4201,2.384701e-03,3.941177e-04,7.745996e-02
SGPTL,4202,2.582523e-03,3.941177e-04,7.747850e-02
SGPTL,4203,2.676595e-03,3.941177e-04,7.749671e-02
SGPTL,4204,2.583295e-03,3.941177e-04,7.751412e-02
SGPTL,4205,2.666322e-03,3.941177e-04,7.753242e-02
SGPTL,4206,2.601347e-03,3.941177e-04,7.755075e-02
SGPTL,4207,2.357757e-03,3.941177e-04,7.756846e-02
SGPTL,4208,2.198588e-03,3.941177e-04,7.758679e-02
SGPTL,4209,2.120523e-03,3.941177e-04,7.760496e-02
SGPTL,4210,2.213708e-03,3.941177e-04,7.762221e-02
SGPTL,4211,2.177409e-03,3.941177e-04,7.764054e-02
SGPTL,4212,2.248054e-03,3.941177e-04,7.765867e-02
SGPTL,4213,2.256253e-03,3.941177e-04,7.767621e-02
SGPTL,4214,2.281612e-03,3.941177e-04,7.769467e-02
SGPTL,4215,2.252030e-03,3.941177e-04,7.771304e-02
SGPTL,4216,2.141328e-03,3.941177e-04,7.773021e-02
SGPTL,4217,2.210687e-03,3.941177e-04,7.774858e-02
SGPTL,4218,2.283807e-03,3.941177e-04,7.776642e-02
SGPTL,4219,2.333199e-03,3.941177e-04,7.778433e-02
SGPTL,4220,2.397422e-03,3.941177e-04,7.780267e-02
SGPTL,4221,2.508543e-03,3.941177e-04,7.782096e-02
SGPTL,4222,2.595127e-03,3.941177e-04,7.783829e-02
SGPTL,4223,2.676642e-03,3.941177e-04,7.785679e-02
SGPTL,4224,2.641853e-03,3.941177e-04,7.787525e-02
SGPTL,4225,2.525190e-03,3.941177e-04,7.789267e-02
SGPTL,4226,2.384990e-03,3.941177e-04,7.791129e-02
SGPTL,4227,2.268572e-03,3.941177e-04,7.793229e-02
SGPTL,4228,2.198353e-03,3.941177e-04,7.795092e-02
SGPTL,4229,2.119660e-03,3.941177e-04,7.796938e-02
SGPTL,4230,2.230432e-03,3.941177e-04,7.798787e-02
SGPTL,4231,2.357601e-03,3.941177e-04,7.800487e-02
SGPTL,4232,2.142297e-03,3.941177e-04,7.802321e-02
SGPTL,4233,2.096927e-03,3.941177e-04,7.804121e-02
SGPTL,4234,2.234872e-03,3.941177e-04,7.805887e-02
SGPTL,4235,2.315668e-03,3.941177e-04,7.807700e-02
SGPTL,4236,2.461186e-03,3.941177e-04,7.809517e-02
SGPTL,4237,2.559047e-03,3.941177e-04,7.811271e-02
SGPTL,4238,2.408421e-03,3.941177e-04,7.813108e-02
SGPTL,4239,2.204858e-03,3.941177e-04,7.814925e-02
SGPTL,4240,2.151040e-03,3.941177e-04,7.816654e-02
SGPTL,4241,2.285482e-03,3.941177e-04,7.818471e-02
SGPTL,4242,2.268142e-03,3.941177e-04,7.820296e-02
SGPTL,4243,1.563063e-03,3.941177e-04,7.821858e-02
SGPTL,4244,1.539145e-03,3.941177e-04,7.823704e-02
SGPTL,4245,1.580508e-03,3.941177e-04,7.825437e-02
SGPTL,4246,1.578103e-03,3.941177e-04,7.827275e-02
SGPTL,4247,1.695602e-03,3.941177e-04,7.829038e-02
SGPTL,4248,1.666587e-03,3.941177e-04,7.830867e-02
SGPTL,4249,1.646677e-03,3.941177e-04,7.832696e-02
SGPTL,4250,1.608425e-03,3.941177e-04,7.834396e-02
SGPTL,4251,1.602086e-03,3.941177e-04,7.836213e-02
SGPTL,4252,1.592710e-03,3.941177e-04,7.838033e-02
SGPTL,4253,1.585438e-03,3.941177e-04,7.839796e-02
SGPTL,4254,1.542694e-03,3.941177e-04,7.841621e-02
SGPTL,4255,1.498901e-03,3.941177e-04,7.843475e-02
SGPTL,4256,1.440429e-03,3.941177e-04,7.845196e-02
SGPTL,4257,1.368753e-03,3.941177e-04,7.847025e-02
SGPTL,4258,1.298679e-03,3.941177e-04,7.848837e-02
SGPTL,4259,1.257756e-03,3.941177e-04,7.850596e-02
SGPTL,4260,1.209508e-03,3.941177e-04,7.852433e-02
SGPTL,4261,1.185776e-03,3.941177e-04,7.854237e-02
SGPTL,4262,1.205837e-03,3.941177e-04,7.855946e-02
SGPTL,4263,1.202416e-03,3.941177e-04,7.857737e-02
SGPTL,4264,1.191182e-03,3.941177e-04,7.859533e-02
SGPTL,4265,1.207606e-03,3.941177e-04,7.861271e-02
SGPTL,4266,1.223518e-03,3.941177e-04,7.863100e-02
SGPTL,4267,1.217854e-03,3.941177e-04,7.864913e-02
SGPTL,4268,1.248587e-03,3.941177e-04,7.866654e-02
SGPTL,4269,1.307415e-03,3.941177e-04,7.868467e-02
SGPTL,4270,1.397398e-03,3.941177e-04,7.870283e-02
SGPTL,4271,1.428826e-03,3.941177e-04,7.872021e-02
SGPTL,4272,1.429537e-03,3.941177e-04,7.873825e-02
SGPTL,4273,1.344313e-03,3.941177e-04,7.875633e-02
SGPTL,4274,1.259694e-03,3.941177e-04,7.877396e-02
SGPTL,4275,1.262456e-03,3.941177e-04,7.879221e-02
SGPTL,4276,1.237492e-03,3.941177e-04,7.881046e-02
SGPTL,4277,1.179384e-03,3.941177e-04,7.882762e-02
SGPTL,4278,1.165132e-03,3.941177e-04,7.884596e-02
SGPTL,4279,1.155868e-03,3.941177e-04,7.886425e-02
SGPTL,4280,1.177818e-03,3.941177e-04,7.888150e-02
SGPTL,4281,1.161950e-03,3.941177e-04,7.889975e-02
SGPTL,4282,1.184294e-03,3.941177e-04,7.891767e-02
SGPTL,4283,1.210810e-03,3.941177e-04,7.893504e-02
SGPTL,4284,1.158455e-03,3.941177e-04,7.895342e-02
SGPTL,4285,1.199901e-03,3.941177e-04,7.897129e-02
SGPTL,4286,1.239405e-03,3.941177e-04,7.898871e-02
SGPTL,4287,1.307972e-03,3.941177e-04,7.900692e-02
SGPTL,4288,1.341945e-03,3.941177e-04,7.902513e-02
SGPTL,4289,1.121222e-03,3.941177e-04,7.904229e-02
SGPTL,4290,1.099920e-03,3.941177e-04,7.906067e-02
SGPTL,4291,1.136315e-03,3.941177e-04,7.907858e-02
SGPTL,4292,1.246329e-03,3.941177e-04,7.909612e-02
SGPTL,4293,1.254141e-03,3.941177e-04,7.911425e-02
SGPTL,4294,1.206794e-03,3.941177e-04,7.913212e-02
SGPTL,4295,1.142021e-03,3.941177e-04,7.914958e-02
SGPTL,4296,1.152283e-03,3.941177e-04,7.916783e-02
SGPTL,4297,1.151158e-03,3.941177e-04,7.918579e-02
SGPTL,4298,9.570615e-04,3.941177e-04,7.920329e-02
SGPTL,4299,9.634214e-04,3.941177e-04,7.922154e-02
SGPTL,4300,1.040906e-03,3.941177e-04,7.923946e-02
SGPTL,4301,1.029396e-03,3.941177e-04,7.925679e-02
SGPTL,4302,1.018122e-03,3.941177e-04,7.927487e-02
SGPTL,4303,9.962246e-04,3.941177e-04,7.929308e-02
SGPTL,4304,9.931105e-04,3.941177e-04,7.931017e-02
SGPTL,4305,9.713382e-04,3.941177e-04,7.932833e-02
SGPTL,4306,1.083101e-03,3.941177e-04,7.934633e-02
SGPTL,4307,1.128242e-03,3.941177e-04,7.936429e-02
SGPTL,4308,1.153528e-03,3.941177e-04,7.938237e-02
SGPTL,4309,1.219831e-03,3.941177e-04,7.940033e-02
SGPTL,4310,1.158537e-03,3.941177e-04,7.941788e-02
SGPTL,4311,1.107069e-03,3.941177e-04,7.943613e-02
SGPTL,4312,1.088368e-03,3.941177e-04,7.945425e-02
SGPTL,4313,1.044294e-03,3.941177e-04,7.947817e-02
SGPTL,4314,1.017710e-03,3.941177e-04,7.949717e-02
SGPTL,4315,1.046341e-03,3.941177e-04,7.951546e-02
SGPTL,4316,1.070974e-03,3.941177e-04,7.953250e-02
SGPTL,4317,1.075683e-03,3.941177e-04,7.955083e-02
SGPTL,4318,1.098636e-03,3.941177e-04,7.956888e-02
SGPTL,4319,1.106298e-03,3.941177e-04,7.958650e-02
SGPTL,4320,1.124927e-03,3.941177e-04,7.960458e-02
SGPTL,4321,1.126654e-03,3.941177e-04,7.962300e-02
SGPTL,4322,1.111461e-03,3.941177e-04,7.964000e-02
SGPTL,4323,8.120064e-04,3.941177e-04,7.965550e-02
SGPTL,4324,6.840888e-04,3.941177e-04,7.967229e-02
SGPTL,4325,6.658061e-04,3.941177e-04,7.969054e-02
SGPTL,4326,6.587154e-04,3.941177e-04,7.970862e-02
SGPTL,4327,6.361672e-04,3.941177e-04,7.972633e-02
SGPTL,4328,6.124412e-04,3.941177e-04,7.974471e-02
SGPTL,4329,5.981631e-04,3.941177e-04,7.976296e-02
SGPTL,4330,5.913755e-04,3.941177e-04,7.978008e-02
SGPTL,4331,5.974848e-04,3.941177e-04,7.979833e-02
SGPTL,4332,5.993275e-04,3.941177e-04,7.981638e-02
SGPTL,4333,5.953444e-04,3.941177e-04,7.983392e-02
SGPTL,4334,5.783675e-04,3.941177e-04,7.985229e-02
SGPTL,4335,5.463445e-04,3.941177e-04,7.987042e-02
SGPTL,4336,5.283438e-04,3.941177e-04,7.988754e-02
SGPTL,4337,5.316661e-04,3.941177e-04,7.990571e-02
SGPTL,4338,5.306096e-04,3.941177e-04,7.992392e-02
SGPTL,4339,5.141600e-04,3.941177e-04,7.994158e-02
SGPTL,4340,4.923391e-04,3.941177e-04,7.995983e-02
SGPTL,4341,4.635985e-04,3.941177e-04,7.997804e-02
SGPTL,4342,4.441824e-04,3.941177e-04,7.999517e-02
SGPTL,4343,4.322047e-04,3.941177e-04,8.001346e-02
SGPTL,4344,4.267305e-04,3.941177e-04,8.003142e-02
SGPTL,4345,4.232329e-04,3.941177e-04,8.004879e-02
SGPTL,4346,4.169672e-04,3.941177e-04,8.006704e-02
SGPTL,4347,4.084958e-04,3.941177e-04,8.008525e-02
SGPTL,4348,3.888349e-04,3.888349e-04,8.010383e-02
SGPTL,4349,3.767247e-04,3.767247e-04,8.012329e-02
SGPTL,4350,3.712691e-04,3.712691e-04,8.014200e-02
SGPTL,4351,3.663444e-04,3.663444e-04,8.015938e-02
SGPTL,4352,3.613651e-04,3.613651e-04,8.017787e-02
SGPTL,4353,3.427009e-04,3.427009e-04,8.019612e-02
SGPTL,4354,3.347943e-04,3.347943e-04,8.021375e-02
SGPTL,4355,3.426238e-04,3.347943e-04,8.023213e-02
SGPTL,4356,3.506422e-04,3.347943e-04,8.025063e-02
SGPTL,4357,3.454602e-04,3.347943e-04,8.026775e-02
SGPTL,4358,3.159988e-04,3.159988e-04,8.028612e-02
SGPTL,4359,2.772979e-04,2.772979e-04,8.030413e-02
SGPTL,4360,2.515869e-04,2.515869e-04,8.032212e-02
SGPTL,4361,2.307092e-04,2.307092e-04,8.034050e-02
SGPTL,4362,2.167771e-04,2.167771e-04,8.035913e-02
SGPTL,4363,2.045234e-04,2.045234e-04,8.037621e-02
SGPTL,4364,1.924803e-04,1.924803e-04,8.039458e-02
SGPTL,4365,1.872848e-04,1.872848e-04,8.041321e-02
SGPTL,4366,2.157592e-04,1.872848e-04,8.043154e-02
SGPTL,4367,2.820157e-04,1.872848e-04,8.044967e-02
SGPTL,4368,3.749589e-04,1.872848e-04,8.046679e-02
SGPTL,4369,5.302365e-04,1.872848e-04,8.048492e-02
SGPTL,4370,6.999798e-04,1.872848e-04,8.050296e-02
SGPTL,4371,7.216832e-04,1.872848e-04,8.052104e-02
SGPTL,4372,8.250633e-04,1.872848e-04,8.053925e-02
SGPTL,4373,9.720743e-04,1.872848e-04,8.055742e-02
SGPTL,4374,1.232435e-03,1.872848e-04,8.057454e-02
SGPTL,4375,1.650906e-03,1.872848e-04,8.059279e-02
SGPTL,4376,2.046276e-03,1.872848e-04,8.061067e-02
SGPTL,4377,2.394225e-03,1.872848e-04,8.062813e-02
SGPTL,4378,2.608435e-03,1.872848e-04,8.064654e-02
SGPTL,4379,2.621536e-03,1.872848e-04,8.066462e-02
SGPTL,4380,2.738030e-03,1.872848e-04,8.068279e-02
SGPTL,4381,2.751657e-03,1.872848e-04,8.070079e-02
SGPTL,4382,3.019758e-03,1.872848e-04,8.071908e-02
SGPTL,4383,3.181202e-03,1.872848e-04,8.073625e-02
SGPTL,4384,3.052056e-03,1.872848e-04,8.075454e-02
SGPTL,4385,3.369987e-03,1.872848e-04,8.077258e-02
SGPTL,4386,3.326619e-03,1.872848e-04,8.079013e-02
SGPTL,4387,3.163074e-03,1.872848e-04,8.080825e-02
SGPTL,4388,3.041949e-03,1.872848e-04,8.082629e-02
SGPTL,4389,2.876505e-03,1.872848e-04,8.084383e-02
SGPTL,4390,2.873638e-03,1.872848e-04,8.086217e-02
SGPTL,4391,2.890071e-03,1.872848e-04,8.088050e-02
SGPTL,4392,2.943291e-03,1.872848e-04,8.089763e-02
SGPTL,4393,3.097510e-03,1.872848e-04,8.091554e-02
SGPTL,4394,3.433153e-03,1.872848e-04,8.093371e-02
SGPTL,4395,3.879906e-03,1.872848e-04,8.095146e-02
SGPTL,4396,4.076298e-03,1.872848e-04,8.096983e-02
SGPTL,4397,3.852154e-03,1.872848e-04,8.098817e-02
SGPTL,4398,3.712170e-03,1.872848e-04,8.100533e-02
SGPTL,4399,3.734201e-03,1.872848e-04,8.102362e-02
SGPTL,4400,3.698181e-03,1.872848e-04,8.104175e-02
SGPTL,4401,3.759192e-03,1.872848e-04,8.105950e-02
SGPTL,4402,4.235038e-03,1.872848e-04,8.107771e-02
SGPTL,4403,4.645924e-03,1.872848e-04,8.109608e-02
SGPTL,4404,4.695162e-03,1.872848e-04,8.111337e-02
SGPTL,4405,4.574939e-03,1.872848e-04,8.113142e-02
SGPTL,4406,4.641361e-03,1.872848e-04,8.114954e-02
SGPTL,4407,4.982219e-03,1.872848e-04,8.116713e-02
SGPTL,4408,4.709131e-03,1.872848e-04,8.118525e-02
SGPTL,4409,4.451600e-03,1.872848e-04,8.120321e-02
SGPTL,4410,4.814050e-03,1.872848e-04,8.122046e-02
SGPTL,4411,5.019077e-03,1.872848e-04,8.123879e-02
SGPTL,4412,5.591273e-03,1.872848e-04,8.125675e-02
SGPTL,4413,5.267191e-03,1.872848e-04,8.127425e-02
SGPTL,4414,5.274097e-03,1.872848e-04,8.129242e-02
SGPTL,4415,5.310694e-03,1.872848e-04,8.131062e-02
SGPTL,4416,5.700309e-03,1.872848e-04,8.132779e-02
SGPTL,4417,5.630974e-03,1.872848e-04,8.134583e-02
SGPTL,4418,5.056910e-03,1.872848e-04,8.136400e-02
SGPTL,4419,4.960075e-03,1.872848e-04,8.138200e-02
SGPTL,4420,4.918535e-03,1.872848e-04,8.140017e-02
SGPTL,4421,4.926028e-03,1.872848e-04,8.141838e-02
SGPTL,4422,4.593150e-03,1.872848e-04,8.143575e-02
SGPTL,4423,4.452600e-03,1.872848e-04,8.145383e-02
SGPTL,4424,4.840619e-03,1.872848e-04,8.147183e-02
SGPTL,4425,5.225739e-03,1.872848e-04,8.148937e-02
SGPTL,4426,5.467611e-03,1.872848e-04,8.150779e-02
SGPTL,4427,5.210158e-03,1.872848e-04,8.152583e-02
SGPTL,4428,5.098559e-03,1.872848e-04,8.154333e-02
SGPTL,4429,4.888998e-03,1.872848e-04,8.156142e-02
SGPTL,4430,4.727628e-03,1.872848e-04,8.157992e-02
SGPTL,4431,4.385019e-03,1.872848e-04,8.159700e-02
SGPTL,4432,4.084115e-03,1.872848e-04,8.161517e-02
SGPTL,4433,4.105808e-03,1.872848e-04,8.163321e-02
SGPTL,4434,4.090153e-03,1.872848e-04,8.165075e-02
SGPTL,4435,4.114134e-03,1.872848e-04,8.166900e-02
SGPTL,4436,4.107905e-03,1.872848e-04,8.168704e-02
SGPTL,4437,4.638304e-03,1.872848e-04,8.170450e-02
SGPTL,4438,5.100768e-03,1.872848e-04,8.172275e-02
SGPTL,4439,5.555782e-03,1.872848e-04,8.174108e-02
SGPTL,4440,5.571459e-03,1.872848e-04,8.175829e-02
SGPTL,4441,5.468106e-03,1.872848e-04,8.178183e-02
SGPTL,4442,4.729432e-03,1.872848e-04,8.180050e-02
SGPTL,4443,4.290140e-03,1.872848e-04,8.181771e-02
SGPTL,4444,4.206525e-03,1.872848e-04,8.183608e-02
SGPTL,4445,4.008544e-03,1.872848e-04,8.185442e-02
SGPTL,4446,2.900560e-03,1.872848e-04,8.186962e-02
SGPTL,4447,2.778200e-03,1.872848e-04,8.188804e-02
SGPTL,4448,2.929044e-03,1.872848e-04,8.190629e-02
SGPTL,4449,2.945042e-03,1.872848e-04,8.192350e-02
SGPTL,4450,2.912377e-03,1.872848e-04,8.194175e-02
SGPTL,4451,3.046987e-03,1.872848e-04,8.195954e-02
SGPTL,4452,3.160772e-03,1.872848e-04,8.197750e-02
SGPTL,4453,3.199118e-03,1.872848e-04,8.199567e-02
SGPTL,4454,3.251917e-03,1.872848e-04,8.201383e-02
SGPTL,4455,3.261822e-03,1.872848e-04,8.203117e-02
SGPTL,4456,3.278157e-03,1.872848e-04,8.204917e-02
SGPTL,4457,3.391997e-03,1.872848e-04,8.206721e-02
SGPTL,4458,3.450986e-03,1.872848e-04,8.208475e-02
SGPTL,4459,3.478403e-03,1.872848e-04,8.210275e-02
SGPTL,4460,3.481510e-03,1.872848e-04,8.212075e-02
SGPTL,4461,3.393440e-03,1.872848e-04,8.213888e-02
SGPTL,4462,3.314576e-03,1.872848e-04,8.215729e-02
SGPTL,4463,3.257562e-03,1.872848e-04,8.217425e-02
SGPTL,4464,3.233081e-03,1.872848e-04,8.219258e-02
SGPTL,4465,3.335348e-03,1.872848e-04,8.221092e-02
SGPTL,4466,3.511335e-03,1.872848e-04,8.222796e-02
SGPTL,4467,3.363676e-03,1.872848e-04,8.224638e-02
SGPTL,4468,3.451125e-03,1.872848e-04,8.226333e-02
SGPTL,4469,3.332343e-03,1.872848e-04,8.228154e-02
SGPTL,4470,3.331792e-03,1.872848e-04,8.230000e-02
SGPTL,4471,3.550844e-03,1.872848e-04,8.231692e-02
SGPTL,4472,3.885756e-03,1.872848e-04,8.233529e-02
SGPTL,4473,4.238039e-03,1.872848e-04,8.235396e-02
SGPTL,4474,4.171292e-03,1.872848e-04,8.237112e-02
SGPTL,4475,4.213591e-03,1.872848e-04,8.239008e-02
SGPTL,4476,4.282831e-03,1.872848e-04,8.240858e-02
SGPTL,4477,4.070833e-03,1.872848e-04,8.242554e-02
SGPTL,4478,3.856354e-03,1.872848e-04,8.244400e-02
SGPTL,4479,3.817624e-03,1.872848e-04,8.246258e-02
SGPTL,4480,4.000993e-03,1.872848e-04,8.247975e-02
SGPTL,4481,4.017651e-03,1.872848e-04,8.249808e-02
SGPTL,4482,4.206691e-03,1.872848e-04,8.251667e-02
SGPTL,4483,4.362183e-03,1.872848e-04,8.253375e-02
SGPTL,4484,4.470225e-03,1.872848e-04,8.255200e-02
SGPTL,4485,4.249986e-03,1.872848e-04,8.257058e-02
SGPTL,4486,4.071575e-03,1.872848e-04,8.258762e-02
SGPTL,4487,4.049811e-03,1.872848e-04,8.260600e-02
SGPTL,4488,4.104474e-03,1.872848e-04,8.262446e-02
SGPTL,4489,3.976052e-03,1.872848e-04,8.264296e-02
SGPTL,4490,4.193010e-03,1.872848e-04,8.266013e-02
SGPTL,4491,4.151623e-03,1.872848e-04,8.267875e-02
SGPTL,4492,4.122771e-03,1.872848e-04,8.269754e-02
SGPTL,4493,4.242995e-03,1.872848e-04,8.271442e-02
SGPTL,4494,4.300556e-03,1.872848e-04,8.273283e-02
SGPTL,4495,4.246751e-03,1.872848e-04,8.275150e-02
SGPTL,4496,4.399265e-03,1.872848e-04,8.276858e-02
SGPTL,4497,4.118825e-03,1.872848e-04,8.278721e-02
SGPTL,4498,3.965252e-03,1.872848e-04,8.280562e-02
SGPTL,4499,3.837656e-03,1.872848e-04,8.282279e-02
SGPTL,4500,3.676879e-03,1.872848e-04,8.284100e-02
SGPTL,4501,3.866181e-03,1.872848e-04,8.285921e-02
SGPTL,4502,3.837094e-03,1.872848e-04,8.287625e-02
SGPTL,4503,3.979947e-03,1.872848e-04,8.289483e-02
SGPTL,4504,3.885867e-03,1.872848e-04,8.291338e-02
SGPTL,4505,3.889069e-03,1.872848e-04,8.293037e-02
SGPTL,4506,3.902011e-03,1.872848e-04,8.294892e-02
SGPTL,4507,4.123306e-03,1.872848e-04,8.296742e-02
SGPTL,4508,4.342930e-03,1.872848e-04,8.298446e-02
SGPTL,4509,4.174436e-03,1.872848e-04,8.300308e-02
SGPTL,4510,3.937346e-03,1.872848e-04,8.302158e-02
SGPTL,4511,3.987612e-03,1.872848e-04,8.303867e-02
SGPTL,4512,4.217852e-03,1.872848e-04,8.305708e-02
SGPTL,4513,4.299544e-03,1.872848e-04,8.307550e-02
SGPTL,4514,4.086898e-03,1.872848e-04,8.309258e-02
SGPTL,4515,4.239471e-03,1.872848e-04,8.311104e-02
SGPTL,4516,4.408698e-03,1.872848e-04,8.312946e-02
SGPTL,4517,4.268984e-03,1.872848e-04,8.314654e-02
SGPTL,4518,4.185905e-03,1.872848e-04,8.316517e-02
SGPTL,4519,4.402390e-03,1.872848e-04,8.318383e-02
SGPTL,4520,4.222535e-03,1.872848e-04,8.320075e-02
SGPTL,4521,4.144977e-03,1.872848e-04,8.321887e-02
SGPTL,4522,3.915027e-03,1.872848e-04,8.323637e-02
SGPTL,4523,4.170243e-03,1.872848e-04,8.325467e-02
SGPTL,4524,4.368698e-03,1.872848e-04,8.327183e-02
SGPTL,4525,4.718589e-03,1.872848e-04,8.328996e-02
SGPTL,4526,3.044666e-03,1.872848e-04,8.330542e-02
SGPTL,4527,2.594927e-03,1.872848e-04,8.332329e-02
SGPTL,4528,2.629251e-03,1.872848e-04,8.334167e-02
SGPTL,4529,2.633220e-03,1.872848e-04,8.335992e-02
SGPTL,4530,2.738781e-03,1.872848e-04,8.337717e-02
SGPTL,4531,2.825734e-03,1.872848e-04,8.339538e-02
SGPTL,4532,2.947178e-03,1.872848e-04,8.341333e-02
SGPTL,4533,2.936290e-03,1.872848e-04,8.343067e-02
SGPTL,4534,2.945798e-03,1.872848e-04,8.344871e-02
SGPTL,4535,3.044785e-03,1.872848e-04,8.346679e-02
SGPTL,4536,3.029301e-03,1.872848e-04,8.348437e-02
SGPTL,4537,2.990549e-03,1.872848e-04,8.350254e-02
SGPTL,4538,2.915215e-03,1.872848e-04,8.352079e-02
SGPTL,4539,2.959281e-03,1.872848e-04,8.353792e-02
SGPTL,4540,2.815433e-03,1.872848e-04,8.355596e-02
SGPTL,4541,2.612206e-03,1.872848e-04,8.357400e-02
SGPTL,4542,2.519490e-03,1.872848e-04,8.359129e-02
SGPTL,4543,2.465160e-03,1.872848e-04,8.360942e-02
SGPTL,4544,2.354587e-03,1.872848e-04,8.362737e-02
SGPTL,4545,2.361532e-03,1.872848e-04,8.364479e-02
SGPTL,4546,2.302898e-03,1.872848e-04,8.366317e-02
SGPTL,4547,2.317970e-03,1.872848e-04,8.368154e-02
SGPTL,4548,2.380900e-03,1.872848e-04,8.369967e-02
SGPTL,4549,2.435650e-03,1.872848e-04,8.371833e-02
SGPTL,4550,2.542658e-03,1.872848e-04,8.373692e-02
SGPTL,4551,2.630275e-03,1.872848e-04,8.375533e-02
SGPTL,4552,2.690276e-03,1.872848e-04,8.377367e-02
SGPTL,4553,2.877214e-03,1.872848e-04,8.379138e-02
SGPTL,4554,3.133491e-03,1.872848e-04,8.380963e-02
SGPTL,4555,3.206855e-03,1.872848e-04,8.382779e-02
SGPTL,4556,3.530520e-03,1.872848e-04,8.384504e-02
SGPTL,4557,3.477053e-03,1.872848e-04,8.386333e-02
SGPTL,4558,3.352920e-03,1.872848e-04,8.388171e-02
SGPTL,4559,3.241408e-03,1.872848e-04,8.389896e-02
SGPTL,4560,3.193940e-03,1.872848e-04,8.391737e-02
SGPTL,4561,3.255685e-03,1.872848e-04,8.393492e-02
SGPTL,4562,3.136730e-03,1.872848e-04,8.395275e-02
SGPTL,4563,3.149624e-03,1.872848e-04,8.397075e-02
SGPTL,4564,2.927302e-03,1.872848e-04,8.398900e-02
SGPTL,4565,2.940346e-03,1.872848e-04,8.400617e-02
SGPTL,4566,2.872135e-03,1.872848e-04,8.402450e-02
SGPTL,4567,3.038654e-03,1.872848e-04,8.404225e-02
SGPTL,4568,3.194863e-03,1.872848e-04,8.406350e-02
SGPTL,4569,3.215326e-03,1.872848e-04,8.408196e-02
SGPTL,4570,3.188043e-03,1.872848e-04,8.410013e-02
SGPTL,4571,3.158932e-03,1.872848e-04,8.411750e-02
SGPTL,4572,3.307863e-03,1.872848e-04,8.413575e-02
SGPTL,4573,3.194829e-03,1.872848e-04,8.415358e-02
SGPTL,4574,2.947735e-03,1.872848e-04,8.417137e-02
SGPTL,4575,2.996819e-03,1.872848e-04,8.418954e-02
SGPTL,4576,3.032758e-03,1.872848e-04,8.420775e-02
SGPTL,4577,2.916239e-03,1.872848e-04,8.422492e-02
SGPTL,4578,2.937461e-03,1.872848e-04,8.424304e-02
SGPTL,4579,3.220522e-03,1.872848e-04,8.426104e-02
SGPTL,4580,3.408380e-03,1.872848e-04,8.427854e-02
SGPTL,4581,3.459755e-03,1.872848e-04,8.429692e-02
SGPTL,4582,3.250930e-03,1.872848e-04,8.431504e-02
SGPTL,4583,2.894578e-03,1.872848e-04,8.433300e-02
SGPTL,4584,2.914054e-03,1.872848e-04,8.435138e-02
SGPTL,4585,2.853869e-03,1.872848e-04,8.436958e-02
SGPTL,4586,2.921090e-03,1.872848e-04,8.438692e-02
SGPTL,4587,3.045993e-03,1.872848e-04,8.440500e-02
SGPTL,4588,3.245883e-03,1.872848e-04,8.442313e-02
SGPTL,4589,3.154471e-03,1.872848e-04,8.444100e-02
SGPTL,4590,3.236500e-03,1.872848e-04,8.445942e-02
SGPTL,4591,3.390898e-03,1.872848e-04,8.447775e-02
SGPTL,4592,3.376385e-03,1.872848e-04,8.449517e-02
SGPTL,4593,3.159907e-03,1.872848e-04,8.451354e-02
SGPTL,4594,3.064650e-03,1.872848e-04,8.453133e-02
SGPTL,4595,3.012294e-03,1.872848e-04,8.454954e-02
SGPTL,4596,3.072378e-03,1.872848e-04,8.456804e-02
SGPTL,4597,3.107898e-03,1.872848e-04,8.458646e-02
SGPTL,4598,3.646309e-03,1.872848e-04,8.460358e-02
SGPTL,4599,3.549340e-03,1.872848e-04,8.462183e-02
SGPTL,4600,3.475942e-03,1.872848e-04,8.463971e-02
SGPTL,4601,3.216847e-03,1.872848e-04,8.465783e-02
SGPTL,4602,2.910086e-03,1.872848e-04,8.467625e-02
SGPTL,4603,2.849181e-03,1.872848e-04,8.469458e-02
SGPTL,4604,2.914355e-03,1.872848e-04,8.471208e-02
SGPTL,4605,3.013471e-03,1.872848e-04,8.473033e-02
SGPTL,4606,2.342262e-03,1.872848e-04,8.474604e-02
SGPTL,4607,2.285609e-03,1.872848e-04,8.476387e-02
SGPTL,4608,2.382895e-03,1.872848e-04,8.478217e-02
SGPTL,4609,2.453862e-03,1.872848e-04,8.480067e-02
SGPTL,4610,2.575367e-03,1.872848e-04,8.481775e-02
SGPTL,4611,2.832454e-03,1.872848e-04,8.483625e-02
SGPTL,4612,2.986604e-03,1.872848e-04,8.485450e-02
SGPTL,4613,2.915924e-03,1.872848e-04,8.487200e-02
SGPTL,4614,2.844897e-03,1.872848e-04,8.489292e-02
SGPTL,4615,2.787627e-03,1.872848e-04,8.491104e-02
SGPTL,4616,2.738002e-03,1.872848e-04,8.492950e-02
SGPTL,4617,2.711760e-03,1.872848e-04,8.495188e-02
SGPTL,4618,2.684997e-03,1.872848e-04,8.497087e-02
SGPTL,4619,2.673584e-03,1.872848e-04,8.498921e-02
SGPTL,4620,2.701637e-03,1.872848e-04,8.500679e-02
SGPTL,4621,2.676556e-03,1.872848e-04,8.502533e-02
SGPTL,4622,2.598611e-03,1.872848e-04,8.504358e-02
SGPTL,4623,2.544812e-03,1.872848e-04,8.506104e-02
SGPTL,4624,2.476619e-03,1.872848e-04,8.507971e-02
SGPTL,4625,2.400472e-03,1.872848e-04,8.509833e-02
SGPTL,4626,2.396032e-03,1.872848e-04,8.511617e-02
SGPTL,4627,2.331937e-03,1.872848e-04,8.513492e-02
SGPTL,4628,2.284606e-03,1.872848e-04,8.515408e-02
SGPTL,4629,2.171126e-03,1.872848e-04,8.517300e-02
SGPTL,4630,2.099645e-03,1.872848e-04,8.519138e-02
SGPTL,4631,2.067945e-03,1.872848e-04,8.521021e-02
SGPTL,4632,2.107376e-03,1.872848e-04,8.522879e-02
SGPTL,4633,2.061181e-03,1.872848e-04,8.524717e-02
SGPTL,4634,2.065332e-03,1.872848e-04,8.526604e-02
SGPTL,4635,2.164991e-03,1.872848e-04,8.528458e-02
SGPTL,4636,2.426840e-03,1.872848e-04,8.530254e-02
SGPTL,4637,2.512566e-03,1.872848e-04,8.532133e-02
SGPTL,4638,2.527550e-03,1.872848e-04,8.534062e-02
SGPTL,4639,2.508420e-03,1.872848e-04,8.535900e-02
SGPTL,4640,2.559759e-03,1.872848e-04,8.537758e-02
SGPTL,4641,2.431698e-03,1.872848e-04,8.539500e-02
SGPTL,4642,2.558148e-03,1.872848e-04,8.541379e-02
SGPTL,4643,2.587358e-03,1.872848e-04,8.543137e-02
SGPTL,4644,2.563499e-03,1.872848e-04,8.545033e-02
SGPTL,4645,2.554244e-03,1.872848e-04,8.547046e-02
SGPTL,4646,2.613702e-03,1.872848e-04,8.548929e-02
SGPTL,4647,2.735560e-03,1.872848e-04,8.550742e-02
SGPTL,4648,2.887284e-03,1.872848e-04,8.552583e-02
SGPTL,4649,2.741670e-03,1.872848e-04,8.554454e-02
SGPTL,4650,2.789862e-03,1.872848e-04,8.556183e-02
SGPTL,4651,2.864214e-03,1.872848e-04,8.558050e-02
SGPTL,4652,2.832042e-03,1.872848e-04,8.559933e-02
SGPTL,4653,2.805616e-03,1.872848e-04,8.561746e-02
SGPTL,4654,2.724832e-03,1.872848e-04,8.563646e-02
SGPTL,4655,2.652409e-03,1.872848e-04,8.565525e-02
SGPTL,4656,2.668144e-03,1.872848e-04,8.567225e-02
SGPTL,4657,2.868616e-03,1.872848e-04,8.569117e-02
SGPTL,4658,2.750821e-03,1.872848e-04,8.570971e-02
SGPTL,4659,2.693504e-03,1.872848e-04,8.572804e-02
SGPTL,4660,2.604385e-03,1.872848e-04,8.574646e-02
SGPTL,4661,2.443434e-03,1.872848e-04,8.576546e-02
SGPTL,4662,2.491336e-03,1.872848e-04,8.578463e-02
SGPTL,4663,2.518410e-03,1.872848e-04,8.580271e-02
SGPTL,4664,2.683093e-03,1.872848e-04,8.582167e-02
SGPTL,4665,2.652089e-03,1.872848e-04,8.584050e-02
SGPTL,4666,2.714273e-03,1.872848e-04,8.585858e-02
SGPTL,4667,2.569698e-03,1.872848e-04,8.587750e-02
SGPTL,4668,2.655524e-03,1.872848e-04,8.589646e-02
SGPTL,4669,2.781594e-03,1.872848e-04,8.591413e-02
SGPTL,4670,2.674297e-03,1.872848e-04,8.593317e-02
SGPTL,4671,2.821783e-03,1.872848e-04,8.595154e-02
SGPTL,4672,2.702659e-03,1.872848e-04,8.597042e-02
SGPTL,4673,2.599731e-03,1.872848e-04,8.598900e-02
SGPTL,4674,2.417041e-03,1.872848e-04,8.600742e-02
SGPTL,4675,2.196932e-03,1.872848e-04,8.602587e-02
SGPTL,4676,2.306817e-03,1.872848e-04,8.604346e-02
SGPTL,4677,2.323809e-03,1.872848e-04,8.606221e-02
SGPTL,4678,2.527563e-03,1.872848e-04,8.608079e-02
SGPTL,4679,2.456791e-03,1.872848e-04,8.609833e-02
SGPTL,4680,2.588119e-03,1.872848e-04,8.611696e-02
SGPTL,4681,2.617772e-03,1.872848e-04,8.613554e-02
SGPTL,4682,2.453522e-03,1.872848e-04,8.615379e-02
SGPTL,4683,2.212347e-03,1.872848e-04,8.617196e-02
SGPTL,4684,2.240007e-03,1.872848e-04,8.619029e-02
SGPTL,4685,2.132243e-03,1.872848e-04,8.620888e-02
SGPTL,4686,1.565526e-03,1.872848e-04,8.622454e-02
SGPTL,4687,1.360046e-03,1.872848e-04,8.624146e-02
SGPTL,4688,1.448141e-03,1.872848e-04,8.625992e-02
SGPTL,4689,1.522105e-03,1.872848e-04,8.627796e-02
SGPTL,4690,1.478273e-03,1.872848e-04,8.629638e-02
SGPTL,4691,1.467212e-03,1.872848e-04,8.631475e-02
SGPTL,4692,1.549582e-03,1.872848e-04,8.633313e-02
SGPTL,4693,1.563435e-03,1.872848e-04,8.635167e-02
SGPTL,4694,1.545570e-03,1.872848e-04,8.637000e-02
SGPTL,4695,1.498530e-03,1.872848e-04,8.638854e-02
SGPTL,4696,1.478673e-03,1.872848e-04,8.640937e-02
SGPTL,4697,1.431142e-03,1.872848e-04,8.642850e-02
SGPTL,4698,1.372338e-03,1.872848e-04,8.644708e-02
SGPTL,4699,1.306770e-03,1.872848e-04,8.646454e-02
SGPTL,4700,1.307859e-03,1.872848e-04,8.648321e-02
SGPTL,4701,1.355275e-03,1.872848e-04,8.650162e-02
SGPTL,4702,1.397545e-03,1.872848e-04,8.651892e-02
SGPTL,4703,1.419213e-03,1.872848e-04,8.653708e-02
SGPTL,4704,1.426541e-03,1.872848e-04,8.655583e-02
SGPTL,4705,1.382607e-03,1.872848e-04,8.657342e-02
SGPTL,4706,1.371849e-03,1.872848e-04,8.659175e-02
SGPTL,4707,1.446739e-03,1.872848e-04,8.661033e-02
SGPTL,4708,1.460689e-03,1.872848e-04,8.662767e-02
SGPTL,4709,1.445939e-03,1.872848e-04,8.664608e-02
SGPTL,4710,1.466588e-03,1.872848e-04,8.666421e-02
SGPTL,4711,1.488324e-03,1.872848e-04,8.668217e-02
SGPTL,4712,1.520473e-03,1.872848e-04,8.670046e-02
SGPTL,4713,1.582173e-03,1.872848e-04,8.671746e-02
SGPTL,4714,1.750331e-03,1.872848e-04,8.673596e-02
SGPTL,4715,1.871517e-03,1.872848e-04,8.675446e-02
SGPTL,4716,1.977118e-03,1.872848e-04,8.677179e-02
SGPTL,4717,2.030747e-03,1.872848e-04,8.678992e-02
SGPTL,4718,1.968417e-03,1.872848e-04,8.680796e-02
SGPTL,4719,2.013878e-03,1.872848e-04,8.682562e-02
SGPTL,4720,2.039353e-03,1.872848e-04,8.684412e-02
SGPTL,4721,1.955501e-03,1.872848e-04,8.686267e-02
SGPTL,4722,1.940442e-03,1.872848e-04,8.688008e-02
SGPTL,4723,1.889223e-03,1.872848e-04,8.689846e-02
SGPTL,4724,1.847792e-03,1.872848e-04,8.691679e-02
SGPTL,4725,1.742311e-03,1.872848e-04,8.693421e-02
SGPTL,4726,1.726818e-03,1.872848e-04,8.695242e-02
SGPTL,4727,1.877068e-03,1.872848e-04,8.697067e-02
SGPTL,4728,1.891301e-03,1.872848e-04,8.698837e-02
SGPTL,4729,1.956694e-03,1.872848e-04,8.700650e-02
SGPTL,4730,2.034875e-03,1.872848e-04,8.702487e-02
SGPTL,4731,2.082269e-03,1.872848e-04,8.704271e-02
SGPTL,4732,2.127307e-03,1.872848e-04,8.706129e-02
SGPTL,4733,2.208586e-03,1.872848e-04,8.707979e-02
SGPTL,4734,2.185991e-03,1.872848e-04,8.709717e-02
SGPTL,4735,2.138112e-03,1.872848e-04,8.711546e-02
SGPTL,4736,2.107813e-03,1.872848e-04,8.713329e-02
SGPTL,4737,1.967062e-03,1.872848e-04,8.715108e-02
SGPTL,4738,1.948611e-03,1.872848e-04,8.716933e-02
SGPTL,4739,1.908730e-03,1.872848e-04,8.718775e-02
SGPTL,4740,1.803154e-03,1.872848e-04,8.720496e-02
SGPTL,4741,1.721873e-03,1.872848e-04,8.722312e-02
SGPTL,4742,1.709943e-03,1.872848e-04,8.724104e-02
SGPTL,4743,1.704305e-03,1.872848e-04,8.725896e-02
SGPTL,4744,1.807272e-03,1.872848e-04,8.727742e-02
SGPTL,4745,1.864915e-03,1.872848e-04,8.729579e-02
SGPTL,4746,1.893946e-03,1.872848e-04,8.731304e-02
SGPTL,4747,1.797703e-03,1.872848e-04,8.733142e-02
SGPTL,4748,1.678941e-03,1.872848e-04,8.734979e-02
SGPTL,4749,1.666181e-03,1.872848e-04,8.736692e-02
SGPTL,4750,1.622038e-03,1.872848e-04,8.738525e-02
SGPTL,4751,1.579841e-03,1.872848e-04,8.740633e-02
SGPTL,4752,1.591484e-03,1.872848e-04,8.742350e-02
SGPTL,4753,1.541224e-03,1.872848e-04,8.744175e-02
SGPTL,4754,1.539175e-03,1.872848e-04,8.745912e-02
SGPTL,4755,1.539536e-03,1.872848e-04,8.747750e-02
SGPTL,4756,1.571858e-03,1.872848e-04,8.749587e-02
SGPTL,4757,1.547858e-03,1.872848e-04,8.751325e-02
SGPTL,4758,1.491470e-03,1.872848e-04,8.753179e-02
SGPTL,4759,1.566174e-03,1.872848e-04,8.755021e-02
SGPTL,4760,1.618420e-03,1.872848e-04,8.756762e-02
SGPTL,4761,1.632996e-03,1.872848e-04,8.758612e-02
SGPTL,4762,1.670921e-03,1.872848e-04,8.760471e-02
SGPTL,4763,1.843606e-03,1.872848e-04,8.762317e-02
SGPTL,4764,1.866922e-03,1.872848e-04,8.764183e-02
SGPTL,4765,1.783266e-03,1.872848e-04,8.765900e-02
SGPTL,4766,1.200307e-03,1.872848e-04,8.767496e-02
SGPTL,4767,1.138704e-03,1.872848e-04,8.769338e-02
SGPTL,4768,1.112272e-03,1.872848e-04,8.771146e-02
SGPTL,4769,1.070436e-03,1.872848e-04,8.773000e-02
SGPTL,4770,1.212542e-03,1.872848e-04,8.774846e-02
SGPTL,4771,1.324586e-03,1.872848e-04,8.776571e-02
SGPTL,4772,1.401950e-03,1.872848e-04,8.778429e-02
SGPTL,4773,1.422736e-03,1.872848e-04,8.780225e-02
SGPTL,4774,1.448395e-03,1.872848e-04,8.782075e-02
SGPTL,4775,1.425277e-03,1.872848e-04,8.783929e-02
SGPTL,4776,1.376840e-03,1.872848e-04,8.785638e-02
SGPTL,4777,1.358478e-03,1.872848e-04,8.787467e-02
SGPTL,4778,1.336142e-03,1.872848e-04,8.789258e-02
SGPTL,4779,1.267970e-03,1.872848e-04,8.791054e-02
SGPTL,4780,1.184531e-03,1.872848e-04,8.792871e-02
SGPTL,4781,1.143302e-03,1.872848e-04,8.794758e-02
SGPTL,4782,1.126624e-03,1.872848e-04,8.796567e-02
SGPTL,4783,1.121585e-03,1.872848e-04,8.798421e-02
SGPTL,4784,1.064864e-03,1.872848e-04,8.800275e-02
SGPTL,4785,1.021762e-03,1.872848e-04,8.802121e-02
SGPTL,4786,9.790258e-04,1.872848e-04,8.803971e-02
SGPTL,4787,9.415889e-04,1.872848e-04,8.805662e-02
SGPTL,4788,9.447464e-04,1.872848e-04,8.807504e-02
SGPTL,4789,9.777754e-04,1.872848e-04,8.809312e-02
SGPTL,4790,1.018489e-03,1.872848e-04,8.811129e-02
SGPTL,4791,1.054577e-03,1.872848e-04,8.812842e-02
SGPTL,4792,1.118004e-03,1.872848e-04,8.814717e-02
SGPTL,4793,1.211608e-03,1.872848e-04,8.816612e-02
SGPTL,4794,1.216550e-03,1.872848e-04,8.818387e-02
SGPTL,4795,1.213710e-03,1.872848e-04,8.820287e-02
SGPTL,4796,1.213620e-03,1.872848e-04,8.822171e-02
SGPTL,4797,1.210830e-03,1.872848e-04,8.824058e-02
SGPTL,4798,1.260482e-03,1.872848e-04,8.826279e-02
SGPTL,4799,1.329455e-03,1.872848e-04,8.828271e-02
SGPTL,4800,1.295140e-03,1.872848e-04,8.830137e-02
SGPTL,4801,1.268092e-03,1.872848e-04,8.831933e-02
SGPTL,4802,1.255793e-03,1.872848e-04,8.833792e-02
SGPTL,4803,1.296238e-03,1.872848e-04,8.835658e-02
SGPTL,4804,1.278508e-03,1.872848e-04,8.837425e-02
SGPTL,4805,1.237106e-03,1.872848e-04,8.839267e-02
SGPTL,4806,1.228683e-03,1.872848e-04,8.841112e-02
SGPTL,4807,1.172959e-03,1.872848e-04,8.842867e-02
SGPTL,4808,1.192104e-03,1.872848e-04,8.844696e-02
SGPTL,4809,1.148915e-03,1.872848e-04,8.846500e-02
SGPTL,4810,1.131347e-03,1.872848e-04,8.848308e-02
SGPTL,4811,1.128130e-03,1.872848e-04,8.850129e-02
SGPTL,4812,1.091621e-03,1.872848e-04,8.851954e-02
SGPTL,4813,1.093951e-03,1.872848e-04,8.853721e-02
SGPTL,4814,1.087409e-03,1.872848e-04,8.855583e-02
SGPTL,4815,1.139135e-03,1.872848e-04,8.857425e-02
SGPTL,4816,1.082062e-03,1.872848e-04,8.859150e-02
SGPTL,4817,1.079838e-03,1.872848e-04,8.861017e-02
SGPTL,4818,1.084821e-03,1.872848e-04,8.862846e-02
SGPTL,4819,1.057262e-03,1.872848e-04,8.864596e-02
SGPTL,4820,1.051282e-03,1.872848e-04,8.866429e-02
SGPTL,4821,1.014539e-03,1.872848e-04,8.868200e-02
SGPTL,4822,1.075645e-03,1.872848e-04,8.869983e-02
SGPTL,4823,1.098139e-03,1.872848e-04,8.872358e-02
SGPTL,4824,1.165630e-03,1.872848e-04,8.874233e-02
SGPTL,4825,1.314894e-03,1.872848e-04,8.876092e-02
SGPTL,4826,1.384206e-03,1.872848e-04,8.877804e-02
SGPTL,4827,1.286519e-03,1.872848e-04,8.879646e-02
SGPTL,4828,1.273370e-03,1.872848e-04,8.881442e-02
SGPTL,4829,1.246235e-03,1.872848e-04,8.883233e-02
SGPTL,4830,1.283110e-03,1.872848e-04,8.885067e-02
SGPTL,4831,1.254909e-03,1.872848e-04,8.886937e-02
SGPTL,4832,1.261592e-03,1.872848e-04,8.888654e-02
SGPTL,4833,1.235394e-03,1.872848e-04,8.890475e-02
SGPTL,4834,1.197555e-03,1.872848e-04,8.892254e-02
SGPTL,4835,1.170273e-03,1.872848e-04,8.894046e-02
SGPTL,4836,1.135026e-03,1.872848e-04,8.895879e-02
SGPTL,4837,1.097225e-03,1.872848e-04,8.897746e-02
SGPTL,4838,1.110759e-03,1.872848e-04,8.899471e-02
SGPTL,4839,1.175723e-03,1.872848e-04,8.901329e-02
SGPTL,4840,1.222790e-03,1.872848e-04,8.903137e-02
SGPTL,4841,1.203476e-03,1.872848e-04,8.904950e-02
SGPTL,4842,1.212763e-03,1.872848e-04,8.906792e-02
SGPTL,4843,1.186869e-03,1.872848e-04,8.908637e-02
SGPTL,4844,1.204348e-03,1.872848e-04,8.910396e-02
SGPTL,4845,1.270782e-03,1.872848e-04,8.912242e-02
SGPTL,4846,7.527114e-04,1.872848e-04,8.913821e-02
SGPTL,4847,6.735031e-04,1.872848e-04,8.915612e-02
SGPTL,4848,6.585623e-04,1.872848e-04,8.917446e-02
SGPTL,4849,6.567936e-04,1.872848e-04,8.919300e-02
SGPTL,4850,6.881553e-04,1.872848e-04,8.921025e-02
SGPTL,4851,6.973711e-04,1.872848e-04,8.922867e-02
SGPTL,4852,7.195791e-04,1.872848e-04,8.924696e-02
SGPTL,4853,7.343737e-04,1.872848e-04,8.926471e-02
SGPTL,4854,7.442754e-04,1.872848e-04,8.928312e-02
SGPTL,4855,7.236743e-04,1.872848e-04,8.930183e-02
SGPTL,4856,7.325605e-04,1.872848e-04,8.931921e-02
SGPTL,4857,7.365763e-04,1.872848e-04,8.933738e-02
SGPTL,4858,7.475982e-04,1.872848e-04,8.935529e-02
SGPTL,4859,7.236646e-04,1.872848e-04,8.937333e-02
SGPTL,4860,6.759732e-04,1.872848e-04,8.939179e-02
SGPTL,4861,6.600500e-04,1.872848e-04,8.941029e-02
SGPTL,4862,6.645647e-04,1.872848e-04,8.942771e-02
SGPTL,4863,6.596703e-04,1.872848e-04,8.944638e-02
SGPTL,4864,6.277325e-04,1.872848e-04,8.946529e-02
SGPTL,4865,6.055966e-04,1.872848e-04,8.948246e-02
SGPTL,4866,5.946367e-04,1.872848e-04,8.950096e-02
SGPTL,4867,5.956558e-04,1.872848e-04,8.951975e-02
SGPTL,4868,5.894788e-04,1.872848e-04,8.953737e-02
SGPTL,4869,5.753663e-04,1.872848e-04,8.969733e-02
SGPTL,4870,5.654363e-04,1.872848e-04,8.974883e-02
SGPTL,4871,5.823552e-04,1.872848e-04,8.976967e-02
SGPTL,4872,6.303183e-04,1.872848e-04,8.978946e-02
SGPTL,4873,6.597066e-04,1.872848e-04,8.980871e-02
SGPTL,4874,6.821113e-04,1.872848e-04,8.982771e-02
SGPTL,4875,6.717605e-04,1.872848e-04,8.984575e-02
SGPTL,4876,6.525121e-04,1.872848e-04,8.986458e-02
SGPTL,4877,6.182857e-04,1.872848e-04,8.988346e-02
SGPTL,4878,5.964138e-04,1.872848e-04,8.990263e-02
SGPTL,4879,5.726089e-04,1.872848e-04,8.992054e-02
SGPTL,4880,5.384443e-04,1.872848e-04,8.993929e-02
SGPTL,4881,5.322792e-04,1.872848e-04,8.995779e-02
SGPTL,4882,5.240791e-04,1.872848e-04,8.997504e-02
SGPTL,4883,5.224843e-04,1.872848e-04,8.999379e-02
SGPTL,4884,5.591870e-04,1.872848e-04,9.001279e-02
SGPTL,4885,6.079895e-04,1.872848e-04,9.003154e-02
SGPTL,4886,6.510267e-04,1.872848e-04,9.004958e-02
SGPTL,4887,6.383436e-04,1.872848e-04,9.006808e-02
SGPTL,4888,5.763581e-04,1.872848e-04,9.008700e-02
SGPTL,4889,5.494703e-04,1.872848e-04,9.010412e-02
SGPTL,4890,5.462221e-04,1.872848e-04,9.012283e-02
SGPTL,4891,5.427609e-04,1.872848e-04,9.014146e-02
SGPTL,4892,5.314379e-04,1.872848e-04,9.015858e-02
SGPTL,4893,5.163865e-04,1.872848e-04,9.017708e-02
SGPTL,4894,5.034162e-04,1.872848e-04,9.019588e-02
SGPTL,4895,4.746761e-04,1.872848e-04,9.021300e-02
SGPTL,4896,4.651918e-04,1.872848e-04,9.025442e-02
SGPTL,4897,4.633728e-04,1.872848e-04,9.027900e-02
SGPTL,4898,4.673368e-04,1.872848e-04,9.029825e-02
SGPTL,4899,4.809915e-04,1.872848e-04,9.031575e-02
SGPTL,4900,4.910095e-04,1.872848e-04,9.033450e-02
SGPTL,4901,4.942695e-04,1.872848e-04,9.035321e-02
SGPTL,4902,4.968660e-04,1.872848e-04,9.037062e-02
SGPTL,4903,5.002669e-04,1.872848e-04,9.038938e-02
SGPTL,4904,4.768349e-04,1.872848e-04,9.040858e-02
SGPTL,4905,4.580064e-04,1.872848e-04,9.042567e-02
SGPTL,4906,4.219051e-04,1.872848e-04,9.044442e-02
SGPTL,4907,4.237358e-04,1.872848e-04,9.046296e-02
SGPTL,4908,4.310015e-04,1.872848e-04,9.048029e-02
SGPTL,4909,4.443246e-04,1.872848e-04,9.049896e-02
SGPTL,4910,4.308872e-04,1.872848e-04,9.051804e-02
SGPTL,4911,4.519278e-04,1.872848e-04,9.053675e-02
SGPTL,4912,4.660453e-04,1.872848e-04,9.055475e-02
SGPTL,4913,4.509352e-04,1.872848e-04,9.057325e-02
SGPTL,4914,4.915932e-04,1.872848e-04,9.059200e-02
SGPTL,4915,5.268047e-04,1.872848e-04,9.061092e-02
SGPTL,4916,4.982361e-04,1.872848e-04,9.062896e-02
SGPTL,4917,4.476249e-04,1.872848e-04,9.064767e-02
SGPTL,4918,3.954524e-04,1.872848e-04,9.066575e-02
SGPTL,4919,4.046681e-04,1.872848e-04,9.068387e-02
SGPTL,4920,4.055086e-04,1.872848e-04,9.070225e-02
SGPTL,4921,3.941025e-04,1.872848e-04,9.072079e-02
SGPTL,4922,4.067182e-04,1.872848e-04,9.073950e-02
SGPTL,4923,4.728047e-04,1.872848e-04,9.075667e-02
SGPTL,4924,4.884569e-04,1.872848e-04,9.077537e-02
SGPTL,4925,4.478674e-04,1.872848e-04,9.079383e-02
SGPTL,4926,3.411366e-04,1.872848e-04,9.081008e-02
SGPTL,4927,3.072847e-04,1.872848e-04,9.082842e-02
SGPTL,4928,2.673698e-04,1.872848e-04,9.084658e-02
SGPTL,4929,2.472496e-04,1.872848e-04,9.086488e-02
SGPTL,4930,2.389140e-04,1.872848e-04,9.088217e-02
SGPTL,4931,2.371215e-04,1.872848e-04,9.090067e-02
SGPTL,4932,2.338205e-04,1.872848e-04,9.091933e-02
SGPTL,4933,2.305788e-04,1.872848e-04,9.093679e-02
SGPTL,4934,2.250654e-04,1.872848e-04,9.095504e-02
SGPTL,4935,2.170144e-04,1.872848e-04,9.097350e-02
SGPTL,4936,2.115152e-04,1.872848e-04,9.099058e-02
SGPTL,4937,2.075458e-04,1.872848e-04,9.100896e-02
SGPTL,4938,2.010830e-04,1.872848e-04,9.102717e-02
SGPTL,4939,1.998616e-04,1.872848e-04,9.104496e-02
SGPTL,4940,1.967051e-04,1.872848e-04,9.106371e-02
SGPTL,4941,1.954791e-04,1.872848e-04,9.108237e-02
SGPTL,4942,1.920383e-04,1.872848e-04,9.109946e-02
SGPTL,4943,1.844959e-04,1.844959e-04,9.111946e-02
SGPTL,4944,1.765068e-04,1.765068e-04,9.113837e-02
SGPTL,4945,1.698230e-04,1.698230e-04,9.115567e-02
SGPTL,4946,1.671091e-04,1.671091e-04,9.117442e-02
SGPTL,4947,1.618910e-04,1.618910e-04,9.119317e-02
SGPTL,4948,1.549598e-04,1.549598e-04,9.121021e-02
SGPTL,4949,1.456801e-04,1.456801e-04,9.122875e-02
SGPTL,4950,1.378548e-04,1.378548e-04,9.124725e-02
SGPTL,4951,1.294362e-04,1.294362e-04,9.127000e-02
SGPTL,4952,1.244673e-04,1.244673e-04,9.128913e-02
SGPTL,4953,1.180674e-04,1.180674e-04,9.130800e-02
SGPTL,4954,1.117522e-04,1.117522e-04,9.132592e-02
SGPTL,4955,1.073670e-04,1.073670e-04,9.134454e-02
SGPTL,4956,1.048988e-04,1.048988e-04,9.136296e-02
SGPTL,4957,1.033706e-04,1.033706e-04,9.138021e-02
SGPTL,4958,9.951364e-05,9.951364e-05,9.139867e-02
SGPTL,4959,9.416432e-05,9.416432e-05,9.141725e-02
SGPTL,4960,9.962399e-05,9.416432e-05,9.143425e-02
SGPTL,4961,1.070014e-04,9.416432e-05,9.145292e-02
SGPTL,4962,1.279935e-04,9.416432e-05,9.147154e-02
SGPTL,4963,1.695042e-04,9.416432e-05,9.148854e-02
SGPTL,4964,2.547693e-04,9.416432e-05,9.150688e-02
SGPTL,4965,3.453173e-04,9.416432e-05,9.152529e-02
SGPTL,4966,4.043095e-04,9.416432e-05,9.154217e-02
SGPTL,4967,4.372944e-04,9.416432e-05,9.156042e-02
SGPTL,4968,5.830884e-04,9.416432e-05,9.157817e-02
SGPTL,4969,8.750978e-04,9.416432e-05,9.159596e-02
SGPTL,4970,9.575211e-04,9.416432e-05,9.161408e-02
SGPTL,4971,1.101906e-03,9.416432e-05,9.163237e-02
SGPTL,4972,1.067833e-03,9.416432e-05,9.164950e-02
SGPTL,4973,1.017209e-03,9.416432e-05,9.166787e-02
SGPTL,4974,1.069927e-03,9.416432e-05,9.168613e-02
SGPTL,4975,1.201451e-03,9.416432e-05,9.170338e-02
SGPTL,4976,1.322153e-03,9.416432e-05,9.172167e-02
SGPTL,4977,1.291395e-03,9.416432e-05,9.173967e-02
SGPTL,4978,1.306800e-03,9.416432e-05,9.175733e-02
SGPTL,4979,1.150752e-03,9.416432e-05,9.177571e-02
SGPTL,4980,1.119714e-03,9.416432e-05,9.179417e-02
SGPTL,4981,1.175378e-03,9.416432e-05,9.181137e-02
SGPTL,4982,1.262980e-03,9.416432e-05,9.182988e-02
SGPTL,4983,1.249338e-03,9.416432e-05,9.184808e-02
SGPTL,4984,1.287321e-03,9.416432e-05,9.186529e-02
SGPTL,4985,1.279959e-03,9.416432e-05,9.188379e-02
SGPTL,4986,1.353544e-03,9.416432e-05,9.190150e-02
SGPTL,4987,1.403286e-03,9.416432e-05,9.191929e-02
SGPTL,4988,1.484971e-03,9.416432e-05,9.193767e-02
SGPTL,4989,1.521164e-03,9.416432e-05,9.195604e-02
SGPTL,4990,1.567150e-03,9.416432e-05,9.197300e-02
SGPTL,4991,1.749229e-03,9.416432e-05,9.199121e-02
SGPTL,4992,1.663348e-03,9.416432e-05,9.200950e-02
SGPTL,4993,1.756104e-03,9.416432e-05,9.202729e-02
SGPTL,4994,1.848608e-03,9.416432e-05,9.204562e-02
SGPTL,4995,2.018645e-03,9.416432e-05,9.206396e-02
SGPTL,4996,2.125379e-03,9.416432e-05,9.208108e-02
SGPTL,4997,2.175406e-03,9.416432e-05,9.209938e-02
SGPTL,4998,1.898664e-03,9.416432e-05,9.211717e-02
SGPTL,4999,1.815790e-03,9.416432e-05,9.213508e-02
SGPTL,5000,1.844463e-03,9.416432e-05,9.215350e-02
SGPTL,5001,1.961702e-03,9.416432e-05,9.217162e-02
SGPTL,5002,2.119066e-03,9.416432e-05,9.218862e-02
SGPTL,5003,2.043457e-03,9.416432e-05,9.220667e-02
SGPTL,5004,2.044675e-03,9.416432e-05,9.222475e-02
SGPTL,5005,2.146074e-03,9.416432e-05,9.224250e-02
SGPTL,5006,2.328978e-03,9.416432e-05,9.226079e-02
SGPTL,5007,2.134457e-03,9.416432e-05,9.227908e-02
SGPTL,5008,2.267040e-03,9.416432e-05,9.229625e-02
SGPTL,5009,2.657906e-03,9.416432e-05,9.231442e-02
SGPTL,5010,2.800373e-03,9.416432e-05,9.233250e-02
SGPTL,5011,3.188505e-03,9.416432e-05,9.234992e-02
SGPTL,5012,3.321418e-03,9.416432e-05,9.236800e-02
SGPTL,5013,2.927319e-03,9.416432e-05,9.238625e-02
SGPTL,5014,2.409361e-03,9.416432e-05,9.240346e-02
SGPTL,5015,2.243522e-03,9.416432e-05,9.242183e-02
SGPTL,5016,2.212019e-03,9.416432e-05,9.243950e-02
SGPTL,5017,2.184865e-03,9.416432e-05,9.245733e-02
SGPTL,5018,2.282467e-03,9.416432e-05,9.247554e-02
SGPTL,5019,2.333112e-03,9.416432e-05,9.249367e-02
SGPTL,5020,2.415968e-03,9.416432e-05,9.251083e-02
SGPTL,5021,2.552263e-03,9.416432e-05,9.252925e-02
SGPTL,5022,2.719092e-03,9.416432e-05,9.254692e-02
SGPTL,5023,2.731697e-03,9.416432e-05,9.256471e-02
SGPTL,5024,2.683544e-03,9.416432e-05,9.258312e-02
SGPTL,5025,2.511357e-03,9.416432e-05,9.260137e-02
SGPTL,5026,2.435628e-03,9.416432e-05,9.261842e-02
SGPTL,5027,2.364151e-03,9.416432e-05,9.263675e-02
SGPTL,5028,2.385566e-03,9.416432e-05,9.265475e-02
SGPTL,5029,2.330215e-03,9.416432e-05,9.267217e-02
SGPTL,5030,2.478419e-03,9.416432e-05,9.269012e-02
SGPTL,5031,2.584634e-03,9.416432e-05,9.270833e-02
SGPTL,5032,2.804833e-03,9.416432e-05,9.272558e-02
SGPTL,5033,2.737384e-03,9.416432e-05,9.274392e-02
SGPTL,5034,2.564680e-03,9.416432e-05,9.276175e-02
SGPTL,5035,2.647386e-03,9.416432e-05,9.277937e-02
SGPTL,5036,2.516654e-03,9.416432e-05,9.279746e-02
SGPTL,5037,2.477050e-03,9.416432e-05,9.281558e-02
SGPTL,5038,2.351817e-03,9.416432e-05,9.283304e-02
SGPTL,5039,2.356979e-03,9.416432e-05,9.285117e-02
SGPTL,5040,1.627512e-03,9.416432e-05,9.286729e-02
SGPTL,5041,1.496988e-03,9.416432e-05,9.288521e-02
SGPTL,5042,1.604686e-03,9.416432e-05,9.290350e-02
SGPTL,5043,1.608763e-03,9.416432e-05,9.292000e-02
SGPTL,5044,1.761990e-03,9.416432e-05,9.293817e-02
SGPTL,5045,1.866156e-03,9.416432e-05,9.295612e-02
SGPTL,5046,1.902269e-03,9.416432e-05,9.297371e-02
SGPTL,5047,1.912365e-03,9.416432e-05,9.299192e-02
SGPTL,5048,1.898820e-03,9.416432e-05,9.300979e-02
SGPTL,5049,1.871435e-03,9.416432e-05,9.302729e-02
SGPTL,5050,1.795841e-03,9.416432e-05,9.304546e-02
SGPTL,5051,1.742343e-03,9.416432e-05,9.306333e-02
SGPTL,5052,1.711718e-03,9.416432e-05,9.308062e-02
SGPTL,5053,1.657130e-03,9.416432e-05,9.309883e-02
SGPTL,5054,1.652633e-03,9.416432e-05,9.311704e-02
SGPTL,5055,1.634612e-03,9.416432e-05,9.313425e-02
SGPTL,5056,1.614598e-03,9.416432e-05,9.315238e-02
SGPTL,5057,1.594612e-03,9.416432e-05,9.317033e-02
SGPTL,5058,1.558583e-03,9.416432e-05,9.318783e-02
SGPTL,5059,1.601078e-03,9.416432e-05,9.320600e-02
SGPTL,5060,1.636769e-03,9.416432e-05,9.322408e-02
SGPTL,5061,1.655680e-03,9.416432e-05,9.324217e-02
SGPTL,5062,1.710239e-03,9.416432e-05,9.326038e-02
SGPTL,5063,1.771202e-03,9.416432e-05,9.327846e-02
SGPTL,5064,1.843309e-03,9.416432e-05,9.329558e-02
SGPTL,5065,1.993271e-03,9.416432e-05,9.331396e-02
SGPTL,5066,2.053604e-03,9.416432e-05,9.333212e-02
SGPTL,5067,1.939521e-03,9.416432e-05,9.334979e-02
SGPTL,5068,1.928764e-03,9.416432e-05,9.336796e-02
SGPTL,5069,1.957069e-03,9.416432e-05,9.338633e-02
SGPTL,5070,1.914459e-03,9.416432e-05,9.340337e-02
SGPTL,5071,1.867630e-03,9.416432e-05,9.342154e-02
SGPTL,5072,1.969637e-03,9.416432e-05,9.343950e-02
SGPTL,5073,2.140465e-03,9.416432e-05,9.345696e-02
SGPTL,5074,2.304261e-03,9.416432e-05,9.347512e-02
SGPTL,5075,2.279772e-03,9.416432e-05,9.349304e-02
SGPTL,5076,2.161468e-03,9.416432e-05,9.351042e-02
SGPTL,5077,2.191841e-03,9.416432e-05,9.352858e-02
SGPTL,5078,2.132274e-03,9.416432e-05,9.355167e-02
SGPTL,5079,1.991684e-03,9.416432e-05,9.357021e-02
SGPTL,5080,2.002611e-03,9.416432e-05,9.358767e-02
SGPTL,5081,2.020944e-03,9.416432e-05,9.360617e-02
SGPTL,5082,2.031766e-03,9.416432e-05,9.362421e-02
SGPTL,5083,1.954032e-03,9.416432e-05,9.364179e-02
SGPTL,5084,1.959878e-03,9.416432e-05,9.365987e-02
SGPTL,5085,1.984603e-03,9.416432e-05,9.367812e-02
SGPTL,5086,2.154842e-03,9.416432e-05,9.369587e-02
SGPTL,5087,2.109904e-03,9.416432e-05,9.371421e-02
SGPTL,5088,2.159484e-03,9.416432e-05,9.373200e-02
SGPTL,5089,2.013080e-03,9.416432e-05,9.374979e-02
SGPTL,5090,1.977437e-03,9.416432e-05,9.376800e-02
SGPTL,5091,1.852544e-03,9.416432e-05,9.378612e-02
SGPTL,5092,1.726638e-03,9.416432e-05,9.380321e-02
SGPTL,5093,1.675264e-03,9.416432e-05,9.382142e-02
SGPTL,5094,1.622250e-03,9.416432e-05,9.383946e-02
SGPTL,5095,1.677733e-03,9.416432e-05,9.385700e-02
SGPTL,5096,1.739965e-03,9.416432e-05,9.387525e-02
SGPTL,5097,1.700453e-03,9.416432e-05,9.389338e-02
SGPTL,5098,1.649216e-03,9.416432e-05,9.391054e-02
SGPTL,5099,1.779811e-03,9.416432e-05,9.392871e-02
SGPTL,5100,1.773885e-03,9.416432e-05,9.394683e-02
SGPTL,5101,1.677774e-03,9.416432e-05,9.396458e-02
SGPTL,5102,1.712314e-03,9.416432e-05,9.398262e-02
SGPTL,5103,1.805865e-03,9.416432e-05,9.400092e-02
SGPTL,5104,1.741825e-03,9.416432e-05,9.401804e-02
SGPTL,5105,1.614514e-03,9.416432e-05,9.403612e-02
SGPTL,5106,1.640802e-03,9.416432e-05,9.405396e-02
SGPTL,5107,1.677124e-03,9.416432e-05,9.407137e-02
SGPTL,5108,1.863078e-03,9.416432e-05,9.408958e-02
SGPTL,5109,1.894155e-03,9.416432e-05,9.410754e-02
SGPTL,5110,1.916394e-03,9.416432e-05,9.412500e-02
SGPTL,5111,1.880083e-03,9.416432e-05,9.414321e-02
SGPTL,5112,1.871091e-03,9.416432e-05,9.416129e-02
SGPTL,5113,1.939129e-03,9.416432e-05,9.417867e-02
SGPTL,5114,2.000143e-03,9.416432e-05,9.419700e-02
SGPTL,5115,1.996791e-03,9.416432e-05,9.421479e-02
SGPTL,5116,2.079602e-03,9.416432e-05,9.423225e-02
SGPTL,5117,2.189589e-03,9.416432e-05,9.425046e-02
SGPTL,5118,2.157570e-03,9.416432e-05,9.426871e-02
SGPTL,5119,2.274835e-03,9.416432e-05,9.428579e-02
SGPTL,5120,1.465163e-03,9.416432e-05,9.430117e-02
SGPTL,5121,1.357854e-03,9.416432e-05,9.431800e-02
SGPTL,5122,1.333449e-03,9.416432e-05,9.433633e-02
SGPTL,5123,1.268181e-03,9.416432e-05,9.435337e-02
SGPTL,5124,1.329034e-03,9.416432e-05,9.437092e-02
SGPTL,5125,1.364540e-03,9.416432e-05,9.438892e-02
SGPTL,5126,1.411090e-03,9.416432e-05,9.440708e-02
SGPTL,5127,1.449718e-03,9.416432e-05,9.442529e-02
SGPTL,5128,1.503006e-03,9.416432e-05,9.444262e-02
SGPTL,5129,1.572279e-03,9.416432e-05,9.446096e-02
SGPTL,5130,1.568433e-03,9.416432e-05,9.447887e-02
SGPTL,5131,1.518141e-03,9.416432e-05,9.449683e-02
SGPTL,5132,1.459573e-03,9.416432e-05,9.451492e-02
SGPTL,5133,1.415142e-03,9.416432e-05,9.453296e-02
SGPTL,5134,1.386946e-03,9.416432e-05,9.455000e-02
SGPTL,5135,1.363612e-03,9.416432e-05,9.456817e-02
SGPTL,5136,1.363726e-03,9.416432e-05,9.458608e-02
SGPTL,5137,1.338836e-03,9.416432e-05,9.460342e-02
SGPTL,5138,1.247528e-03,9.416432e-05,9.462150e-02
SGPTL,5139,1.232256e-03,9.416432e-05,9.463954e-02
SGPTL,5140,1.286977e-03,9.416432e-05,9.465654e-02
SGPTL,5141,1.337257e-03,9.416432e-05,9.468000e-02
SGPTL,5142,1.309995e-03,9.416432e-05,9.469829e-02
SGPTL,5143,1.400856e-03,9.416432e-05,9.471667e-02
SGPTL,5144,1.562744e-03,9.416432e-05,9.473462e-02
SGPTL,5145,1.624237e-03,9.416432e-05,9.475258e-02
SGPTL,5146,1.505950e-03,9.416432e-05,9.476958e-02
SGPTL,5147,1.566555e-03,9.416432e-05,9.478758e-02
SGPTL,5148,1.680872e-03,9.416432e-05,9.480542e-02
SGPTL,5149,1.700032e-03,9.416432e-05,9.482292e-02
SGPTL,5150,1.705794e-03,9.416432e-05,9.484125e-02
SGPTL,5151,1.694502e-03,9.416432e-05,9.485954e-02
SGPTL,5152,1.687510e-03,9.416432e-05,9.487667e-02
SGPTL,5153,1.695975e-03,9.416432e-05,9.489471e-02
SGPTL,5154,1.734347e-03,9.416432e-05,9.491246e-02
SGPTL,5155,1.767870e-03,9.416432e-05,9.492979e-02
SGPTL,5156,1.768293e-03,9.416432e-05,9.494779e-02
SGPTL,5157,1.780169e-03,9.416432e-05,9.496562e-02
SGPTL,5158,1.705992e-03,9.416432e-05,9.498300e-02
SGPTL,5159,1.616684e-03,9.416432e-05,9.500129e-02
SGPTL,5160,1.615066e-03,9.416432e-05,9.501937e-02
SGPTL,5161,1.544337e-03,9.416432e-05,9.503637e-02
SGPTL,5162,1.471003e-03,9.416432e-05,9.505442e-02
SGPTL,5163,1.376746e-03,9.416432e-05,9.507242e-02
SGPTL,5164,1.383602e-03,9.416432e-05,9.508967e-02
SGPTL,5165,1.316885e-03,9.416432e-05,9.510788e-02
SGPTL,5166,1.323773e-03,9.416432e-05,9.512583e-02
SGPTL,5167,1.412669e-03,9.416432e-05,9.514329e-02
SGPTL,5168,1.512337e-03,9.416432e-05,9.516142e-02
SGPTL,5169,1.692933e-03,9.416432e-05,9.517937e-02
SGPTL,5170,1.816360e-03,9.416432e-05,9.519671e-02
SGPTL,5171,1.682890e-03,9.416432e-05,9.521492e-02
SGPTL,5172,1.498169e-03,9.416432e-05,9.523292e-02
SGPTL,5173,1.318146e-03,9.416432e-05,9.525008e-02
SGPTL,5174,1.323228e-03,9.416432e-05,9.526808e-02
SGPTL,5175,1.275327e-03,9.416432e-05,9.528600e-02
SGPTL,5176,1.289970e-03,9.416432e-05,9.530342e-02
SGPTL,5177,1.303864e-03,9.416432e-05,9.532150e-02
SGPTL,5178,1.548870e-03,9.416432e-05,9.533942e-02
SGPTL,5179,1.607985e-03,9.416432e-05,9.535675e-02
SGPTL,5180,1.698245e-03,9.416432e-05,9.537487e-02
SGPTL,5181,1.615789e-03,9.416432e-05,9.539267e-02
SGPTL,5182,1.624104e-03,9.416432e-05,9.541000e-02
SGPTL,5183,1.650709e-03,9.416432e-05,9.542796e-02
SGPTL,5184,1.493009e-03,9.416432e-05,9.544533e-02
SGPTL,5185,1.444306e-03,9.416432e-05,9.546312e-02
SGPTL,5186,1.483474e-03,9.416432e-05,9.548113e-02
SGPTL,5187,1.611200e-03,9.416432e-05,9.549921e-02
SGPTL,5188,1.622914e-03,9.416432e-05,9.551625e-02
SGPTL,5189,1.573574e-03,9.416432e-05,9.553421e-02
SGPTL,5190,1.641856e-03,9.416432e-05,9.555217e-02
SGPTL,5191,1.718229e-03,9.416432e-05,9.556962e-02
SGPTL,5192,1.659107e-03,9.416432e-05,9.558763e-02
SGPTL,5193,1.721690e-03,9.416432e-05,9.560546e-02
SGPTL,5194,1.755132e-03,9.416432e-05,9.562267e-02
SGPTL,5195,1.624289e-03,9.416432e-05,9.564100e-02
SGPTL,5196,1.338457e-03,9.416432e-05,9.565908e-02
SGPTL,5197,1.273625e-03,9.416432e-05,9.567646e-02
SGPTL,5198,1.264669e-03,9.416432e-05,9.569454e-02
SGPTL,5199,1.356928e-03,9.416432e-05,9.571225e-02
SGPTL,5200,9.481790e-04,9.416432e-05,9.572754e-02
SGPTL,5201,8.832848e-04,9.416432e-05,9.574579e-02
SGPTL,5202,9.872604e-04,9.416432e-05,9.576421e-02
SGPTL,5203,1.110594e-03,9.416432e-05,9.578133e-02
SGPTL,5204,1.176466e-03,9.416432e-05,9.579946e-02
SGPTL,5205,1.209369e-03,9.416432e-05,9.581742e-02
SGPTL,5206,1.222522e-03,9.416432e-05,9.583896e-02
SGPTL,5207,1.220156e-03,9.416432e-05,9.585725e-02
SGPTL,5208,1.215442e-03,9.416432e-05,9.587558e-02
SGPTL,5209,1.211190e-03,9.416432e-05,9.589275e-02
SGPTL,5210,1.205368e-03,9.416432e-05,9.591112e-02
SGPTL,5211,1.179496e-03,9.416432e-05,9.592987e-02
SGPTL,5212,1.158383e-03,9.416432e-05,9.594725e-02
SGPTL,5213,1.116174e-03,9.416432e-05,9.596567e-02
SGPTL,5214,1.072003e-03,9.416432e-05,9.598392e-02
SGPTL,5215,1.019465e-03,9.416432e-05,9.600117e-02
SGPTL,5216,1.009842e-03,9.416432e-05,9.601925e-02
SGPTL,5217,9.838826e-04,9.416432e-05,9.603729e-02
SGPTL,5218,9.918827e-04,9.416432e-05,9.605471e-02
SGPTL,5219,1.014296e-03,9.416432e-05,9.607283e-02
SGPTL,5220,9.853585e-04,9.416432e-05,9.609100e-02
SGPTL,5221,9.669422e-04,9.416432e-05,9.610833e-02
SGPTL,5222,9.423381e-04,9.416432e-05,9.612662e-02
SGPTL,5223,9.123683e-04,9.416432e-05,9.614446e-02
SGPTL,5224,9.326817e-04,9.416432e-05,9.616188e-02
SGPTL,5225,1.026037e-03,9.416432e-05,9.618000e-02
SGPTL,5226,1.145987e-03,9.416432e-05,9.619804e-02
SGPTL,5227,1.171871e-03,9.416432e-05,9.621546e-02
SGPTL,5228,1.213357e-03,9.416432e-05,9.623375e-02
SGPTL,5229,1.283648e-03,9.416432e-05,9.625304e-02
SGPTL,5230,1.278828e-03,9.416432e-05,9.627146e-02
SGPTL,5231,1.263259e-03,9.416432e-05,9.628962e-02
SGPTL,5232,1.269436e-03,9.416432e-05,9.630763e-02
SGPTL,5233,1.183240e-03,9.416432e-05,9.632508e-02
SGPTL,5234,1.111029e-03,9.416432e-05,9.634317e-02
SGPTL,5235,1.144340e-03,9.416432e-05,9.636121e-02
SGPTL,5236,1.201363e-03,9.416432e-05,9.637879e-02
SGPTL,5237,1.138924e-03,9.416432e-05,9.639679e-02
SGPTL,5238,1.135512e-03,9.416432e-05,9.641496e-02
SGPTL,5239,1.102443e-03,9.416432e-05,9.643212e-02
SGPTL,5240,1.120970e-03,9.416432e-05,9.645029e-02
SGPTL,5241,1.202309e-03,9.416432e-05,9.646833e-02
SGPTL,5242,1.175614e-03,9.416432e-05,9.648583e-02
SGPTL,5243,1.108012e-03,9.416432e-05,9.650408e-02
SGPTL,5244,1.160894e-03,9.416432e-05,9.652208e-02
SGPTL,5245,1.270771e-03,9.416432e-05,9.653954e-02
SGPTL,5246,1.374185e-03,9.416432e-05,9.655762e-02
SGPTL,5247,1.382035e-03,9.416432e-05,9.657567e-02
SGPTL,5248,1.300083e-03,9.416432e-05,9.659308e-02
SGPTL,5249,1.229702e-03,9.416432e-05,9.661121e-02
SGPTL,5250,1.252614e-03,9.416432e-05,9.662929e-02
SGPTL,5251,1.239876e-03,9.416432e-05,9.664671e-02
SGPTL,5252,1.160376e-03,9.416432e-05,9.666508e-02
SGPTL,5253,1.129895e-03,9.416432e-05,9.668296e-02
SGPTL,5254,1.142109e-03,9.416432e-05,9.670038e-02
SGPTL,5255,1.168952e-03,9.416432e-05,9.671858e-02
SGPTL,5256,1.205849e-03,9.416432e-05,9.673658e-02
SGPTL,5257,1.275204e-03,9.416432e-05,9.675408e-02
SGPTL,5258,1.268622e-03,9.416432e-05,9.677225e-02
SGPTL,5259,1.264005e-03,9.416432e-05,9.679050e-02
SGPTL,5260,1.226108e-03,9.416432e-05,9.680829e-02
SGPTL,5261,1.276710e-03,9.416432e-05,9.682621e-02
SGPTL,5262,1.314380e-03,9.416432e-05,9.684446e-02
SGPTL,5263,1.270395e-03,9.416432e-05,9.686188e-02
SGPTL,5264,1.260379e-03,9.416432e-05,9.687988e-02
SGPTL,5265,1.125285e-03,9.416432e-05,9.689800e-02
SGPTL,5266,1.073947e-03,9.416432e-05,9.691583e-02
SGPTL,5267,1.030193e-03,9.416432e-05,9.693421e-02
SGPTL,5268,1.017593e-03,9.416432e-05,9.695254e-02
SGPTL,5269,1.002618e-03,9.416432e-05,9.696954e-02
SGPTL,5270,1.030226e-03,9.416432e-05,9.698792e-02
SGPTL,5271,1.094161e-03,9.416432e-05,9.700596e-02
SGPTL,5272,1.113991e-03,9.416432e-05,9.702392e-02
SGPTL,5273,1.121353e-03,9.416432e-05,9.704204e-02
SGPTL,5274,1.180699e-03,9.416432e-05,9.706037e-02
SGPTL,5275,1.136536e-03,9.416432e-05,9.707746e-02
SGPTL,5276,1.141933e-03,9.416432e-05,9.709583e-02
SGPTL,5277,1.136739e-03,9.416432e-05,9.711375e-02
SGPTL,5278,1.072283e-03,9.416432e-05,9.713154e-02
SGPTL,5279,1.068483e-03,9.416432e-05,9.714967e-02
SGPTL,5280,8.279610e-04,9.416432e-05,9.716517e-02
SGPTL,5281,7.334764e-04,9.416432e-05,9.718283e-02
SGPTL,5282,7.322972e-04,9.416432e-05,9.720087e-02
SGPTL,5283,7.262645e-04,9.416432e-05,9.721917e-02
SGPTL,5284,7.247533e-04,9.416432e-05,9.723625e-02
SGPTL,5285,7.411346e-04,9.416432e-05,9.725454e-02
SGPTL,5286,7.615145e-04,9.416432e-05,9.727246e-02
SGPTL,5287,8.185649e-04,9.416432e-05,9.728988e-02
SGPTL,5288,8.514985e-04,9.416432e-05,9.730792e-02
SGPTL,5289,8.532466e-04,9.416432e-05,9.732583e-02
SGPTL,5290,8.658536e-04,9.416432e-05,9.734312e-02
SGPTL,5291,8.719869e-04,9.416432e-05,9.736117e-02
SGPTL,5292,8.570491e-04,9.416432e-05,9.737929e-02
SGPTL,5293,8.178748e-04,9.416432e-05,9.739642e-02
SGPTL,5294,7.543184e-04,9.416432e-05,9.741446e-02
SGPTL,5295,7.147723e-04,9.416432e-05,9.743258e-02
SGPTL,5296,7.038205e-04,9.416432e-05,9.744988e-02
SGPTL,5297,6.893997e-04,9.416432e-05,9.746796e-02
SGPTL,5298,6.848867e-04,9.416432e-05,9.748575e-02
SGPTL,5299,6.862946e-04,9.416432e-05,9.750338e-02
SGPTL,5300,6.824162e-04,9.416432e-05,9.752146e-02
SGPTL,5301,6.823976e-04,9.416432e-05,9.753933e-02
SGPTL,5302,7.105911e-04,9.416432e-05,9.755654e-02
SGPTL,5303,7.183884e-04,9.416432e-05,9.757479e-02
SGPTL,5304,7.049191e-04,9.416432e-05,9.759312e-02
SGPTL,5305,7.517991e-04,9.416432e-05,9.761025e-02
SGPTL,5306,7.826616e-04,9.416432e-05,9.762846e-02
SGPTL,5307,8.435185e-04,9.416432e-05,9.764667e-02
SGPTL,5308,8.861138e-04,9.416432e-05,9.766442e-02
SGPTL,5309,8.712625e-04,9.416432e-05,9.768267e-02
SGPTL,5310,8.505012e-04,9.416432e-05,9.770054e-02
SGPTL,5311,8.318704e-04,9.416432e-05,9.771758e-02
SGPTL,5312,7.533126e-04,9.416432e-05,9.773571e-02
SGPTL,5313,7.091807e-04,9.416432e-05,9.775367e-02
SGPTL,5314,7.167797e-04,9.416432e-05,9.777087e-02
SGPTL,5315,7.340553e-04,9.416432e-05,9.778892e-02
SGPTL,5316,7.860936e-04,9.416432e-05,9.780658e-02
SGPTL,5317,7.965084e-04,9.416432e-05,9.782442e-02
SGPTL,5318,8.837687e-04,9.416432e-05,9.784263e-02
SGPTL,5319,9.121582e-04,9.416432e-05,9.786062e-02
SGPTL,5320,8.543180e-04,9.416432e-05,9.787762e-02
SGPTL,5321,8.115808e-04,9.416432e-05,9.789592e-02
SGPTL,5322,7.633959e-04,9.416432e-05,9.791379e-02
SGPTL,5323,7.088167e-04,9.416432e-05,9.793125e-02
SGPTL,5324,7.019701e-04,9.416432e-05,9.794942e-02
SGPTL,5325,7.192899e-04,9.416432e-05,9.796762e-02
SGPTL,5326,7.159520e-04,9.416432e-05,9.798483e-02
SGPTL,5327,7.141969e-04,9.416432e-05,9.800304e-02
SGPTL,5328,7.493591e-04,9.416432e-05,9.802096e-02
SGPTL,5329,8.227613e-04,9.416432e-05,9.803837e-02
SGPTL,5330,7.914290e-04,9.416432e-05,9.805642e-02
SGPTL,5331,7.628123e-04,9.416432e-05,9.807438e-02
SGPTL,5332,7.514248e-04,9.416432e-05,9.809204e-02
SGPTL,5333,6.463378e-04,9.416432e-05,9.811500e-02
SGPTL,5334,6.096076e-04,9.416432e-05,9.813342e-02
SGPTL,5335,5.981026e-04,9.416432e-05,9.815029e-02
SGPTL,5336,5.878444e-04,9.416432e-05,9.816854e-02
SGPTL,5337,6.453113e-04,9.416432e-05,9.818613e-02
SGPTL,5338,6.880542e-04,9.416432e-05,9.820383e-02
SGPTL,5339,7.353941e-04,9.416432e-05,9.822196e-02
SGPTL,5340,7.612224e-04,9.416432e-05,9.824000e-02
SGPTL,5341,6.910759e-04,9.416432e-05,9.825700e-02
SGPTL,5342,6.620185e-04,9.416432e-05,9.827500e-02
SGPTL,5343,6.235411e-04,9.416432e-05,9.829304e-02
SGPTL,5344,6.017265e-04,9.416432e-05,9.831058e-02
SGPTL,5345,5.506696e-04,9.416432e-05,9.832883e-02
SGPTL,5346,5.475683e-04,9.416432e-05,9.834671e-02
SGPTL,5347,5.578299e-04,9.416432e-05,9.836396e-02
SGPTL,5348,5.681403e-04,9.416432e-05,9.838204e-02
SGPTL,5349,5.968354e-04,9.416432e-05,9.839975e-02
SGPTL,5350,6.576808e-04,9.416432e-05,9.841696e-02
SGPTL,5351,7.643588e-04,9.416432e-05,9.843521e-02
SGPTL,5352,8.273258e-04,9.416432e-05,9.845321e-02
SGPTL,5353,7.682589e-04,9.416432e-05,9.847033e-02
SGPTL,5354,7.739343e-04,9.416432e-05,9.848842e-02
SGPTL,5355,6.751831e-04,9.416432e-05,9.850654e-02
SGPTL,5356,6.533973e-04,9.416432e-05,9.852429e-02
SGPTL,5357,5.995555e-04,9.416432e-05,9.854246e-02
SGPTL,5358,5.588354e-04,9.416432e-05,9.856062e-02
SGPTL,5359,5.584778e-04,9.416432e-05,9.857767e-02
SGPTL,5360,4.862897e-04,9.416432e-05,9.859329e-02
SGPTL,5361,4.702124e-04,9.416432e-05,9.861004e-02
SGPTL,5362,4.785602e-04,9.416432e-05,9.862817e-02
SGPTL,5363,4.901046e-04,9.416432e-05,9.864592e-02
SGPTL,5364,4.994713e-04,9.416432e-05,9.866304e-02
SGPTL,5365,5.180598e-04,9.416432e-05,9.868125e-02
SGPTL,5366,5.415595e-04,9.416432e-05,9.869950e-02
SGPTL,5367,5.268720e-04,9.416432e-05,9.871754e-02
SGPTL,5368,5.129608e-04,9.416432e-05,9.873563e-02
SGPTL,5369,5.045895e-04,9.416432e-05,9.875383e-02
SGPTL,5370,4.967563e-04,9.416432e-05,9.877192e-02
SGPTL,5371,4.746129e-04,9.416432e-05,9.878892e-02
SGPTL,5372,4.522105e-04,9.416432e-05,9.880708e-02
SGPTL,5373,4.302829e-04,9.416432e-05,9.882504e-02
SGPTL,5374,4.096964e-04,9.416432e-05,9.884242e-02
SGPTL,5375,4.002094e-04,9.416432e-05,9.886046e-02
SGPTL,5376,3.954670e-04,9.416432e-05,9.887846e-02
SGPTL,5377,3.875420e-04,9.416432e-05,9.889596e-02
SGPTL,5378,3.831289e-04,9.416432e-05,9.891408e-02
SGPTL,5379,3.804581e-04,9.416432e-05,9.893229e-02
SGPTL,5380,3.645340e-04,9.416432e-05,9.894933e-02
SGPTL,5381,3.543952e-04,9.416432e-05,9.896754e-02
SGPTL,5382,3.615835e-04,9.416432e-05,9.898542e-02
SGPTL,5383,3.722016e-04,9.416432e-05,9.900287e-02
SGPTL,5384,4.035747e-04,9.416432e-05,9.902100e-02
SGPTL,5385,4.107026e-04,9.416432e-05,9.903900e-02
SGPTL,5386,4.075992e-04,9.416432e-05,9.905646e-02
SGPTL,5387,3.881796e-04,9.416432e-05,9.907462e-02
SGPTL,5388,3.690480e-04,9.416432e-05,9.909254e-02
SGPTL,5389,3.570776e-04,9.416432e-05,9.910992e-02
SGPTL,5390,3.714227e-04,9.416432e-05,9.912821e-02
SGPTL,5391,3.668389e-04,9.416432e-05,9.914617e-02
SGPTL,5392,3.598559e-04,9.416432e-05,9.916387e-02
SGPTL,5393,3.539332e-04,9.416432e-05,9.918246e-02
SGPTL,5394,3.491828e-04,9.416432e-05,9.920104e-02
SGPTL,5395,3.547174e-04,9.416432e-05,9.921792e-02
SGPTL,5396,3.482232e-04,9.416432e-05,9.923629e-02
SGPTL,5397,3.625741e-04,9.416432e-05,9.925458e-02
SGPTL,5398,3.715192e-04,9.416432e-05,9.927175e-02
SGPTL,5399,3.826194e-04,9.416432e-05,9.929033e-02
SGPTL,5400,3.837109e-04,9.416432e-05,9.930879e-02
SGPTL,5401,3.935872e-04,9.416432e-05,9.932608e-02
SGPTL,5402,4.200903e-04,9.416432e-05,9.934471e-02
SGPTL,5403,4.109512e-04,9.416432e-05,9.936325e-02
SGPTL,5404,3.822884e-04,9.416432e-05,9.938121e-02
SGPTL,5405,3.580125e-04,9.416432e-05,9.939996e-02
SGPTL,5406,3.484235e-04,9.416432e-05,9.941838e-02
SGPTL,5407,3.456130e-04,9.416432e-05,9.943658e-02
SGPTL,5408,3.337653e-04,9.416432e-05,9.945529e-02
SGPTL,5409,3.269687e-04,9.416432e-05,9.947342e-02
SGPTL,5410,3.233050e-04,9.416432e-05,9.949125e-02
SGPTL,5411,3.429834e-04,9.416432e-05,9.950958e-02
SGPTL,5412,3.751876e-04,9.416432e-05,9.952812e-02
SGPTL,5413,3.986955e-04,9.416432e-05,9.954667e-02
SGPTL,5414,4.328679e-04,9.416432e-05,9.956508e-02
SGPTL,5415,4.390144e-04,9.416432e-05,9.958725e-02
SGPTL,5416,4.206345e-04,9.416432e-05,9.960800e-02
SGPTL,5417,3.801724e-04,9.416432e-05,9.962571e-02
SGPTL,5418,3.561856e-04,9.416432e-05,9.964446e-02
SGPTL,5419,3.316732e-04,9.416432e-05,9.966287e-02
SGPTL,5420,3.503647e-04,9.416432e-05,9.967996e-02
SGPTL,5421,3.544396e-04,9.416432e-05,9.969858e-02
SGPTL,5422,3.388488e-04,9.416432e-05,9.971575e-02
SGPTL,5423,3.119863e-04,9.416432e-05,9.973425e-02
SGPTL,5424,3.250739e-04,9.416432e-05,9.975292e-02
SGPTL,5425,3.549368e-04,9.416432e-05,9.977042e-02
SGPTL,5426,3.683672e-04,9.416432e-05,9.978871e-02
SGPTL,5427,3.675211e-04,9.416432e-05,9.980725e-02
SGPTL,5428,3.569156e-04,9.416432e-05,9.982446e-02
SGPTL,5429,3.397324e-04,9.416432e-05,9.984300e-02
SGPTL,5430,3.056050e-04,9.416432e-05,9.986142e-02
SGPTL,5431,3.108337e-04,9.416432e-05,9.988008e-02
SGPTL,5432,3.260575e-04,9.416432e-05,9.989892e-02
SGPTL,5433,3.333636e-04,9.416432e-05,9.991737e-02
SGPTL,5434,3.410503e-04,9.416432e-05,9.993571e-02
SGPTL,5435,3.876636e-04,9.416432e-05,9.995412e-02
SGPTL,5436,4.031703e-04,9.416432e-05,9.997267e-02
SGPTL,5437,4.201799e-04,9.416432e-05,9.998962e-02
SGPTL,5438,4.197706e-04,9.416432e-05,1.000081e-01
SGPTL,5439,3.985933e-04,9.416432e-05,1.000265e-01
SGPTL,5440,2.753157e-04,9.416432e-05,1.000413e-01
SGPTL,5441,2.353421e-04,9.416432e-05,1.000598e-01
SGPTL,5442,2.236732e-04,9.416432e-05,1.000781e-01
SGPTL,5443,2.216166e-04,9.416432e-05,1.000950e-01
SGPTL,5444,2.369744e-04,9.416432e-05,1.001132e-01
SGPTL,5445,2.408587e-04,9.416432e-05,1.001316e-01
SGPTL,5446,2.436308e-04,9.416432e-05,1.001486e-01
SGPTL,5447,2.479030e-04,9.416432e-05,1.001670e-01
SGPTL,5448,2.562269e-04,9.416432e-05,1.001856e-01
SGPTL,5449,2.502959e-04,9.416432e-05,1.002025e-01
SGPTL,5450,2.443485e-04,9.416432e-05,1.002207e-01
SGPTL,5451,2.379963e-04,9.416432e-05,1.002391e-01
SGPTL,5452,2.261522e-04,9.416432e-05,1.002564e-01
SGPTL,5453,2.137673e-04,9.416432e-05,1.002748e-01
SGPTL,5454,1.986222e-04,9.416432e-05,1.002933e-01
SGPTL,5455,1.827035e-04,9.416432e-05,1.003103e-01
SGPTL,5456,1.700341e-04,9.416432e-05,1.003286e-01
SGPTL,5457,1.575643e-04,9.416432e-05,1.003469e-01
SGPTL,5458,1.525327e-04,9.416432e-05,1.003637e-01
SGPTL,5459,1.503214e-04,9.416432e-05,1.003822e-01
SGPTL,5460,1.443216e-04,9.416432e-05,1.004005e-01
SGPTL,5461,1.401066e-04,9.416432e-05,1.004244e-01
SGPTL,5462,1.360440e-04,9.416432e-05,1.004430e-01
SGPTL,5463,1.315601e-04,9.416432e-05,1.004616e-01
SGPTL,5464,1.268043e-04,9.416432e-05,1.004784e-01
SGPTL,5465,1.245645e-04,9.416432e-05,1.004968e-01
SGPTL,5466,1.220295e-04,9.416432e-05,1.005150e-01
SGPTL,5467,1.175885e-04,9.416432e-05,1.005321e-01
SGPTL,5468,1.151839e-04,9.416432e-05,1.005504e-01
SGPTL,5469,1.122233e-04,9.416432e-05,1.005688e-01
SGPTL,5470,1.093612e-04,9.416432e-05,1.005857e-01
SGPTL,5471,1.090977e-04,9.416432e-05,1.006039e-01
SGPTL,5472,1.088613e-04,9.416432e-05,1.006223e-01
SGPTL,5473,1.029447e-04,9.416432e-05,1.006391e-01
SGPTL,5474,9.901090e-05,9.416432e-05,1.006574e-01
SGPTL,5475,9.672421e-05,9.416432e-05,1.006756e-01
SGPTL,5476,9.600190e-05,9.416432e-05,1.006926e-01
SGPTL,5477,9.648804e-05,9.416432e-05,1.007109e-01
SGPTL,5478,9.165792e-05,9.165792e-05,1.007304e-01
SGPTL,5479,8.579632e-05,8.579632e-05,1.007492e-01
SGPTL,5480,8.029805e-05,8.029805e-05,1.007672e-01
SGPTL,5481,7.960504e-05,7.960504e-05,1.007861e-01
SGPTL,5482,8.113936e-05,7.960504e-05,1.008047e-01
SGPTL,5483,8.200579e-05,7.960504e-05,1.008218e-01
SGPTL,5484,7.932579e-05,7.932579e-05,1.008403e-01
SGPTL,5485,7.558043e-05,7.558043e-05,1.008586e-01
SGPTL,5486,7.474956e-05,7.474956e-05,1.008758e-01
SGPTL,5487,7.448238e-05,7.448238e-05,1.008945e-01
SGPTL,5488,7.418602e-05,7.418602e-05,1.009130e-01
SGPTL,5489,7.060618e-05,7.060618e-05,1.009302e-01
SGPTL,5490,6.734031e-05,6.734031e-05,1.009484e-01
SGPTL,5491,6.595177e-05,6.595177e-05,1.009670e-01
SGPTL,5492,6.192181e-05,6.192181e-05,1.009852e-01
SGPTL,5493,5.874521e-05,5.874521e-05,1.010037e-01
SGPTL,5494,5.621481e-05,5.621481e-05,1.010209e-01
SGPTL,5495,5.346189e-05,5.346189e-05,1.010395e-01
SGPTL,5496,4.915996e-05,4.915996e-05,1.010579e-01
SGPTL,5497,4.938081e-05,4.915996e-05,1.010751e-01
SGPTL,5498,6.054503e-05,4.915996e-05,1.010932e-01
SGPTL,5499,8.147280e-05,4.915996e-05,1.011113e-01
SGPTL,5500,1.287608e-04,4.915996e-05,1.011296e-01
SGPTL,5501,1.849717e-04,4.915996e-05,1.011480e-01
SGPTL,5502,2.412122e-04,4.915996e-05,1.011666e-01
SGPTL,5503,2.613960e-04,4.915996e-05,1.011839e-01
SGPTL,5504,3.031089e-04,4.915996e-05,1.012022e-01
SGPTL,5505,3.934822e-04,4.915996e-05,1.012205e-01
SGPTL,5506,4.772869e-04,4.915996e-05,1.012375e-01
SGPTL,5507,5.811004e-04,4.915996e-05,1.012560e-01
SGPTL,5508,6.749072e-04,4.915996e-05,1.012742e-01
SGPTL,5509,6.197849e-04,4.915996e-05,1.012919e-01
SGPTL,5510,6.961603e-04,4.915996e-05,1.013103e-01
SGPTL,5511,7.054912e-04,4.915996e-05,1.013292e-01
SGPTL,5512,7.038120e-04,4.915996e-05,1.013472e-01
SGPTL,5513,7.586628e-04,4.915996e-05,1.013656e-01
SGPTL,5514,7.141567e-04,4.915996e-05,1.013841e-01
SGPTL,5515,7.033901e-04,4.915996e-05,1.014027e-01
SGPTL,5516,7.345958e-04,4.915996e-05,1.014209e-01
SGPTL,5517,7.166923e-04,4.915996e-05,1.014394e-01
SGPTL,5518,7.104539e-04,4.915996e-05,1.014575e-01
SGPTL,5519,7.873299e-04,4.915996e-05,1.014759e-01
SGPTL,5520,7.329603e-04,4.915996e-05,1.014943e-01
SGPTL,5521,7.941879e-04,4.915996e-05,1.015122e-01
SGPTL,5522,9.223219e-04,4.915996e-05,1.015312e-01
SGPTL,5523,1.041630e-03,4.915996e-05,1.015500e-01
SGPTL,5524,1.085921e-03,4.915996e-05,1.015686e-01
SGPTL,5525,1.044818e-03,4.915996e-05,1.015865e-01
SGPTL,5526,1.073328e-03,4.915996e-05,1.016043e-01
SGPTL,5527,1.176381e-03,4.915996e-05,1.016229e-01
SGPTL,5528,1.084331e-03,4.915996e-05,1.016415e-01
SGPTL,5529,1.149214e-03,4.915996e-05,1.016585e-01
SGPTL,5530,1.275058e-03,4.915996e-05,1.016769e-01
SGPTL,5531,1.367752e-03,4.915996e-05,1.016955e-01
SGPTL,5532,1.404273e-03,4.915996e-05,1.017136e-01
SGPTL,5533,1.346978e-03,4.915996e-05,1.017320e-01
SGPTL,5534,1.360046e-03,4.915996e-05,1.017503e-01
SGPTL,5535,1.343037e-03,4.915996e-05,1.017675e-01
SGPTL,5536,1.283979e-03,4.915996e-05,1.017859e-01
SGPTL,5537,1.224820e-03,4.915996e-05,1.018033e-01
SGPTL,5538,1.162491e-03,4.915996e-05,1.018219e-01
SGPTL,5539,1.109594e-03,4.915996e-05,1.018405e-01
SGPTL,5540,1.201048e-03,4.915996e-05,1.018578e-01
SGPTL,5541,1.336090e-03,4.915996e-05,1.018765e-01
SGPTL,5542,1.416996e-03,4.915996e-05,1.018952e-01
SGPTL,5543,1.541292e-03,4.915996e-05,1.019133e-01
SGPTL,5544,1.738242e-03,4.915996e-05,1.019318e-01
SGPTL,5545,1.495883e-03,4.915996e-05,1.019502e-01
SGPTL,5546,1.350020e-03,4.915996e-05,1.019673e-01
SGPTL,5547,1.271269e-03,4.915996e-05,1.019857e-01
SGPTL,5548,1.255237e-03,4.915996e-05,1.020040e-01
SGPTL,5549,1.209741e-03,4.915996e-05,1.020225e-01
SGPTL,5550,1.264155e-03,4.915996e-05,1.020408e-01
SGPTL,5551,1.405830e-03,4.915996e-05,1.020595e-01
SGPTL,5552,1.478495e-03,4.915996e-05,1.020764e-01
SGPTL,5553,1.555419e-03,4.915996e-05,1.020948e-01
SGPTL,5554,1.605236e-03,4.915996e-05,1.021132e-01
SGPTL,5555,1.509559e-03,4.915996e-05,1.021313e-01
SGPTL,5556,1.494163e-03,4.915996e-05,1.021497e-01
SGPTL,5557,1.365901e-03,4.915996e-05,1.021684e-01
SGPTL,5558,1.309983e-03,4.915996e-05,1.021864e-01
SGPTL,5559,1.325301e-03,4.915996e-05,1.022049e-01
SGPTL,5560,1.260748e-03,4.915996e-05,1.022218e-01
SGPTL,5561,1.250343e-03,4.915996e-05,1.022401e-01
SGPTL,5562,1.285990e-03,4.915996e-05,1.022587e-01
SGPTL,5563,1.445223e-03,4.915996e-05,1.022762e-01
SGPTL,5564,1.592940e-03,4.915996e-05,1.022947e-01
SGPTL,5565,1.599803e-03,4.915996e-05,1.023129e-01
SGPTL,5566,1.520036e-03,4.915996e-05,1.023308e-01
SGPTL,5567,1.491642e-03,4.915996e-05,1.023493e-01
SGPTL,5568,1.585848e-03,4.915996e-05,1.023676e-01
SGPTL,5569,1.631334e-03,4.915996e-05,1.023846e-01
SGPTL,5570,1.610242e-03,4.915996e-05,1.024030e-01
SGPTL,5571,1.687578e-03,4.915996e-05,1.024211e-01
SGPTL,5572,1.720210e-03,4.915996e-05,1.024394e-01
SGPTL,5573,1.587554e-03,4.915996e-05,1.024576e-01
SGPTL,5574,1.611272e-03,4.915996e-05,1.024751e-01
SGPTL,5575,1.495215e-03,4.915996e-05,1.024933e-01
SGPTL,5576,1.463014e-03,4.915996e-05,1.025117e-01
SGPTL,5577,9.809265e-04,4.915996e-05,1.025271e-01
SGPTL,5578,9.360001e-04,4.915996e-05,1.025456e-01
SGPTL,5579,1.009657e-03,4.915996e-05,1.025639e-01
SGPTL,5580,9.961755e-04,4.915996e-05,1.025813e-01
SGPTL,5581,9.711453e-04,4.915996e-05,1.025993e-01
SGPTL,5582,9.954213e-04,4.915996e-05,1.026177e-01
SGPTL,5583,9.995798e-04,4.915996e-05,1.026349e-01
SGPTL,5584,1.010283e-03,4.915996e-05,1.026533e-01
SGPTL,5585,1.019196e-03,4.915996e-05,1.026716e-01
SGPTL,5586,1.062867e-03,4.915996e-05,1.026888e-01
SGPTL,5587,1.128720e-03,4.915996e-05,1.027073e-01
SGPTL,5588,1.124294e-03,4.915996e-05,1.027340e-01
SGPTL,5589,1.095550e-03,4.915996e-05,1.027529e-01
SGPTL,5590,1.083779e-03,4.915996e-05,1.027700e-01
SGPTL,5591,1.050673e-03,4.915996e-05,1.027884e-01
SGPTL,5592,9.785368e-04,4.915996e-05,1.028069e-01
SGPTL,5593,9.048810e-04,4.915996e-05,1.028238e-01
SGPTL,5594,9.054280e-04,4.915996e-05,1.028423e-01
SGPTL,5595,9.086182e-04,4.915996e-05,1.028607e-01
SGPTL,5596,8.871704e-04,4.915996e-05,1.028787e-01
SGPTL,5597,8.334701e-04,4.915996e-05,1.028970e-01
SGPTL,5598,8.230060e-04,4.915996e-05,1.029154e-01
SGPTL,5599,8.554889e-04,4.915996e-05,1.029322e-01
SGPTL,5600,9.572632e-04,4.915996e-05,1.029507e-01
SGPTL,5601,1.052831e-03,4.915996e-05,1.029690e-01
SGPTL,5602,1.116052e-03,4.915996e-05,1.029862e-01
SGPTL,5603,1.153287e-03,4.915996e-05,1.030043e-01
SGPTL,5604,1.278833e-03,4.915996e-05,1.030227e-01
SGPTL,5605,1.304780e-03,4.915996e-05,1.030396e-01
SGPTL,5606,1.374424e-03,4.915996e-05,1.030580e-01
SGPTL,5607,1.406052e-03,4.915996e-05,1.030762e-01
SGPTL,5608,1.279738e-03,4.915996e-05,1.030932e-01
SGPTL,5609,1.221511e-03,4.915996e-05,1.031115e-01
SGPTL,5610,1.165846e-03,4.915996e-05,1.031297e-01
SGPTL,5611,1.211069e-03,4.915996e-05,1.031467e-01
SGPTL,5612,1.206212e-03,4.915996e-05,1.031651e-01
SGPTL,5613,1.170122e-03,4.915996e-05,1.031835e-01
SGPTL,5614,1.217345e-03,4.915996e-05,1.032004e-01
SGPTL,5615,1.215106e-03,4.915996e-05,1.032186e-01
SGPTL,5616,1.234250e-03,4.915996e-05,1.032369e-01
SGPTL,5617,1.240538e-03,4.915996e-05,1.032539e-01
SGPTL,5618,1.244268e-03,4.915996e-05,1.032723e-01
SGPTL,5619,1.185160e-03,4.915996e-05,1.032906e-01
SGPTL,5620,1.201439e-03,4.915996e-05,1.033075e-01
SGPTL,5621,1.158356e-03,4.915996e-05,1.033259e-01
SGPTL,5622,1.180717e-03,4.915996e-05,1.033442e-01
SGPTL,5623,1.216282e-03,4.915996e-05,1.033610e-01
SGPTL,5624,1.318095e-03,4.915996e-05,1.033795e-01
SGPTL,5625,1.240902e-03,4.915996e-05,1.033976e-01
SGPTL,5626,1.295894e-03,4.915996e-05,1.034148e-01
SGPTL,5627,1.290466e-03,4.915996e-05,1.034329e-01
SGPTL,5628,1.211588e-03,4.915996e-05,1.034509e-01
SGPTL,5629,1.274458e-03,4.915996e-05,1.034681e-01
SGPTL,5630,1.420831e-03,4.915996e-05,1.034862e-01
SGPTL,5631,1.391864e-03,4.915996e-05,1.035039e-01
SGPTL,5632,1.451054e-03,4.915996e-05,1.035216e-01
SGPTL,5633,1.550245e-03,4.915996e-05,1.035397e-01
SGPTL,5634,1.505053e-03,4.915996e-05,1.035577e-01
SGPTL,5635,1.580018e-03,4.915996e-05,1.035749e-01
SGPTL,5636,1.582484e-03,4.915996e-05,1.035931e-01
SGPTL,5637,1.504353e-03,4.915996e-05,1.036115e-01
SGPTL,5638,1.347934e-03,4.915996e-05,1.036287e-01
SGPTL,5639,1.215751e-03,4.915996e-05,1.036469e-01
SGPTL,5640,1.224240e-03,4.915996e-05,1.036648e-01
SGPTL,5641,1.247215e-03,4.915996e-05,1.036819e-01
SGPTL,5642,1.228023e-03,4.915996e-05,1.037000e-01
SGPTL,5643,1.268526e-03,4.915996e-05,1.037178e-01
SGPTL,5644,1.318346e-03,4.915996e-05,1.037349e-01
SGPTL,5645,1.408984e-03,4.915996e-05,1.037530e-01
SGPTL,5646,1.448722e-03,4.915996e-05,1.037710e-01
SGPTL,5647,1.497676e-03,4.915996e-05,1.037884e-01
SGPTL,5648,1.333431e-03,4.915996e-05,1.038065e-01
SGPTL,5649,1.281040e-03,4.915996e-05,1.038244e-01
SGPTL,5650,1.383010e-03,4.915996e-05,1.038416e-01
SGPTL,5651,1.398491e-03,4.915996e-05,1.038597e-01
SGPTL,5652,1.356320e-03,4.915996e-05,1.038777e-01
SGPTL,5653,1.366013e-03,4.915996e-05,1.038951e-01
SGPTL,5654,1.337553e-03,4.915996e-05,1.039133e-01
SGPTL,5655,1.310543e-03,4.915996e-05,1.039312e-01
SGPTL,5656,1.417020e-03,4.915996e-05,1.039484e-01
SGPTL,5657,9.601966e-04,4.915996e-05,1.039640e-01
SGPTL,5658,8.950884e-04,4.915996e-05,1.039809e-01
SGPTL,5659,8.289218e-04,4.915996e-05,1.039990e-01
SGPTL,5660,8.430461e-04,4.915996e-05,1.040168e-01
SGPTL,5661,8.629401e-04,4.915996e-05,1.040341e-01
SGPTL,5662,8.823317e-04,4.915996e-05,1.040521e-01
SGPTL,5663,8.863573e-04,4.915996e-05,1.040703e-01
SGPTL,5664,9.024758e-04,4.915996e-05,1.040873e-01
SGPTL,5665,9.368272e-04,4.915996e-05,1.041054e-01
SGPTL,5666,9.235610e-04,4.915996e-05,1.041234e-01
SGPTL,5667,9.189178e-04,4.915996e-05,1.041408e-01
SGPTL,5668,9.105523e-04,4.915996e-05,1.041588e-01
SGPTL,5669,9.054426e-04,4.915996e-05,1.041770e-01
SGPTL,5670,8.918112e-04,4.915996e-05,1.041942e-01
SGPTL,5671,8.659363e-04,4.915996e-05,1.042123e-01
SGPTL,5672,8.584814e-04,4.915996e-05,1.042300e-01
SGPTL,5673,8.575051e-04,4.915996e-05,1.042473e-01
SGPTL,5674,8.394764e-04,4.915996e-05,1.042651e-01
SGPTL,5675,8.159885e-04,4.915996e-05,1.042825e-01
SGPTL,5676,7.787781e-04,4.915996e-05,1.043003e-01
SGPTL,5677,7.654524e-04,4.915996e-05,1.043183e-01
SGPTL,5678,7.754084e-04,4.915996e-05,1.043364e-01
SGPTL,5679,8.186216e-04,4.915996e-05,1.043534e-01
SGPTL,5680,8.726631e-04,4.915996e-05,1.043712e-01
SGPTL,5681,9.150790e-04,4.915996e-05,1.043891e-01
SGPTL,5682,8.933385e-04,4.915996e-05,1.044065e-01
SGPTL,5683,8.684904e-04,4.915996e-05,1.044245e-01
SGPTL,5684,8.794841e-04,4.915996e-05,1.044420e-01
SGPTL,5685,9.185372e-04,4.915996e-05,1.044598e-01
SGPTL,5686,8.852423e-04,4.915996e-05,1.044777e-01
SGPTL,5687,9.019900e-04,4.915996e-05,1.044957e-01
SGPTL,5688,9.664670e-04,4.915996e-05,1.045129e-01
SGPTL,5689,9.184306e-04,4.915996e-05,1.045309e-01
SGPTL,5690,8.732319e-04,4.915996e-05,1.045486e-01
SGPTL,5691,9.313906e-04,4.915996e-05,1.045660e-01
SGPTL,5692,9.102004e-04,4.915996e-05,1.045840e-01
SGPTL,5693,9.204832e-04,4.915996e-05,1.046018e-01
SGPTL,5694,9.386158e-04,4.915996e-05,1.046192e-01
SGPTL,5695,8.730223e-04,4.915996e-05,1.046375e-01
SGPTL,5696,8.560304e-04,4.915996e-05,1.046556e-01
SGPTL,5697,8.785472e-04,4.915996e-05,1.046726e-01
SGPTL,5698,9.827087e-04,4.915996e-05,1.046905e-01
SGPTL,5699,1.003196e-03,4.915996e-05,1.047085e-01
SGPTL,5700,9.774293e-04,4.915996e-05,1.047257e-01
SGPTL,5701,1.031311e-03,4.915996e-05,1.047437e-01
SGPTL,5702,1.017121e-03,4.915996e-05,1.047616e-01
SGPTL,5703,9.778664e-04,4.915996e-05,1.047787e-01
SGPTL,5704,9.147550e-04,4.915996e-05,1.047966e-01
SGPTL,5705,8.639293e-04,4.915996e-05,1.048145e-01
SGPTL,5706,8.380303e-04,4.915996e-05,1.048317e-01
SGPTL,5707,8.375416e-04,4.915996e-05,1.048500e-01
SGPTL,5708,8.728713e-04,4.915996e-05,1.048680e-01
SGPTL,5709,8.660396e-04,4.915996e-05,1.048852e-01
SGPTL,5710,8.997770e-04,4.915996e-05,1.049031e-01
SGPTL,5711,1.008323e-03,4.915996e-05,1.049210e-01
SGPTL,5712,1.010204e-03,4.915996e-05,1.049381e-01
SGPTL,5713,1.000421e-03,4.915996e-05,1.049560e-01
SGPTL,5714,1.014623e-03,4.915996e-05,1.049742e-01
SGPTL,5715,1.008335e-03,4.915996e-05,1.049913e-01
SGPTL,5716,9.455025e-04,4.915996e-05,1.050161e-01
SGPTL,5717,8.868141e-04,4.915996e-05,1.050344e-01
SGPTL,5718,8.481130e-04,4.915996e-05,1.050525e-01
SGPTL,5719,8.054075e-04,4.915996e-05,1.050697e-01
SGPTL,5720,7.696121e-04,4.915996e-05,1.050881e-01
SGPTL,5721,7.661221e-04,4.915996e-05,1.051056e-01
SGPTL,5722,7.237950e-04,4.915996e-05,1.051235e-01
SGPTL,5723,6.965022e-04,4.915996e-05,1.051415e-01
SGPTL,5724,7.520975e-04,4.915996e-05,1.051595e-01
SGPTL,5725,8.042656e-04,4.915996e-05,1.051766e-01
SGPTL,5726,8.752101e-04,4.915996e-05,1.051948e-01
SGPTL,5727,8.953787e-04,4.915996e-05,1.052129e-01
SGPTL,5728,8.384092e-04,4.915996e-05,1.052305e-01
SGPTL,5729,8.237182e-04,4.915996e-05,1.052488e-01
SGPTL,5730,8.307260e-04,4.915996e-05,1.052669e-01
SGPTL,5731,8.540712e-04,4.915996e-05,1.052840e-01
SGPTL,5732,9.474230e-04,4.915996e-05,1.053020e-01
SGPTL,5733,9.468446e-04,4.915996e-05,1.053199e-01
SGPTL,5734,8.868903e-04,4.915996e-05,1.053371e-01
SGPTL,5735,8.918962e-04,4.915996e-05,1.053554e-01
SGPTL,5736,9.260991e-04,4.915996e-05,1.053733e-01
SGPTL,5737,6.337536e-04,4.915996e-05,1.053884e-01
SGPTL,5738,5.856067e-04,4.915996e-05,1.054066e-01
SGPTL,5739,6.029275e-04,4.915996e-05,1.054247e-01
SGPTL,5740,6.276883e-04,4.915996e-05,1.054418e-01
SGPTL,5741,6.683995e-04,4.915996e-05,1.054600e-01
SGPTL,5742,7.078779e-04,4.915996e-05,1.054780e-01
SGPTL,5743,7.024099e-04,4.915996e-05,1.054954e-01
SGPTL,5744,7.071959e-04,4.915996e-05,1.055135e-01
SGPTL,5745,6.937194e-04,4.915996e-05,1.055310e-01
SGPTL,5746,7.281927e-04,4.915996e-05,1.055488e-01
SGPTL,5747,7.355633e-04,4.915996e-05,1.055668e-01
SGPTL,5748,7.735882e-04,4.915996e-05,1.055849e-01
SGPTL,5749,7.952384e-04,4.915996e-05,1.056018e-01
SGPTL,5750,8.039207e-04,4.915996e-05,1.056198e-01
SGPTL,5751,7.809963e-04,4.915996e-05,1.056376e-01
SGPTL,5752,7.590608e-04,4.915996e-05,1.056550e-01
SGPTL,5753,7.076757e-04,4.915996e-05,1.056729e-01
SGPTL,5754,6.817606e-04,4.915996e-05,1.056909e-01
SGPTL,5755,6.367441e-04,4.915996e-05,1.057079e-01
SGPTL,5756,5.992050e-04,4.915996e-05,1.057258e-01
SGPTL,5757,6.202781e-04,4.915996e-05,1.057436e-01
SGPTL,5758,6.330307e-04,4.915996e-05,1.057610e-01
SGPTL,5759,6.356880e-04,4.915996e-05,1.057789e-01
SGPTL,5760,6.096022e-04,4.915996e-05,1.057968e-01
SGPTL,5761,6.543301e-04,4.915996e-05,1.058143e-01
SGPTL,5762,7.094782e-04,4.915996e-05,1.058323e-01
SGPTL,5763,7.436657e-04,4.915996e-05,1.058501e-01
SGPTL,5764,8.483498e-04,4.915996e-05,1.058673e-01
SGPTL,5765,9.126787e-04,4.915996e-05,1.058852e-01
SGPTL,5766,9.255554e-04,4.915996e-05,1.059034e-01
SGPTL,5767,9.014185e-04,4.915996e-05,1.059205e-01
SGPTL,5768,8.473876e-04,4.915996e-05,1.059385e-01
SGPTL,5769,8.530081e-04,4.915996e-05,1.059564e-01
SGPTL,5770,8.113083e-04,4.915996e-05,1.059737e-01
SGPTL,5771,8.156484e-04,4.915996e-05,1.059917e-01
SGPTL,5772,8.326184e-04,4.915996e-05,1.060095e-01
SGPTL,5773,8.222259e-04,4.915996e-05,1.060272e-01
SGPTL,5774,8.402665e-04,4.915996e-05,1.060452e-01
SGPTL,5775,8.777780e-04,4.915996e-05,1.060635e-01
SGPTL,5776,9.139594e-04,4.915996e-05,1.060805e-01
SGPTL,5777,9.901770e-04,4.915996e-05,1.060985e-01
SGPTL,5778,1.033139e-03,4.915996e-05,1.061165e-01
SGPTL,5779,1.021905e-03,4.915996e-05,1.061341e-01
SGPTL,5780,9.885322e-04,4.915996e-05,1.061522e-01
SGPTL,5781,8.574252e-04,4.915996e-05,1.061704e-01
SGPTL,5782,8.153197e-04,4.915996e-05,1.061876e-01
SGPTL,5783,7.801380e-04,4.915996e-05,1.062056e-01
SGPTL,5784,7.280281e-04,4.915996e-05,1.062235e-01
SGPTL,5785,7.625312e-04,4.915996e-05,1.062407e-01
SGPTL,5786,7.904291e-04,4.915996e-05,1.062587e-01
SGPTL,5787,7.862311e-04,4.915996e-05,1.062768e-01
SGPTL,5788,8.554267e-04,4.915996e-05,1.062940e-01
SGPTL,5789,8.244927e-04,4.915996e-05,1.063120e-01
SGPTL,5790,8.438868e-04,4.915996e-05,1.063301e-01
SGPTL,5791,8.736846e-04,4.915996e-05,1.063476e-01
SGPTL,5792,9.800425e-04,4.915996e-05,1.063656e-01
SGPTL,5793,8.335905e-04,4.915996e-05,1.063837e-01
SGPTL,5794,8.086331e-04,4.915996e-05,1.064012e-01
SGPTL,5795,8.002258e-04,4.915996e-05,1.064192e-01
SGPTL,5796,7.617283e-04,4.915996e-05,1.064370e-01
SGPTL,5797,7.616420e-04,4.915996e-05,1.064543e-01
SGPTL,5798,7.577043e-04,4.915996e-05,1.064725e-01
SGPTL,5799,7.887819e-04,4.915996e-05,1.064907e-01
SGPTL,5800,8.229281e-04,4.915996e-05,1.065079e-01
SGPTL,5801,8.722913e-04,4.915996e-05,1.065258e-01
SGPTL,5802,8.831846e-04,4.915996e-05,1.065439e-01
SGPTL,5803,8.535332e-04,4.915996e-05,1.065613e-01
SGPTL,5804,8.432505e-04,4.915996e-05,1.065794e-01
SGPTL,5805,8.616901e-04,4.915996e-05,1.065974e-01
SGPTL,5806,8.270159e-04,4.915996e-05,1.066146e-01
SGPTL,5807,7.331999e-04,4.915996e-05,1.066325e-01
SGPTL,5808,6.734991e-04,4.915996e-05,1.066503e-01
SGPTL,5809,6.787096e-04,4.915996e-05,1.066677e-01
SGPTL,5810,7.125847e-04,4.915996e-05,1.066857e-01
SGPTL,5811,7.400834e-04,4.915996e-05,1.067036e-01
SGPTL,5812,7.560478e-04,4.915996e-05,1.067209e-01
SGPTL,5813,7.345994e-04,4.915996e-05,1.067390e-01
SGPTL,5814,7.893117e-04,4.915996e-05,1.067572e-01
SGPTL,5815,8.597337e-04,4.915996e-05,1.067753e-01
SGPTL,5816,8.467265e-04,4.915996e-05,1.067933e-01
SGPTL,5817,5.383827e-04,4.915996e-05,1.068087e-01
SGPTL,5818,4.433812e-04,4.915996e-05,1.068270e-01
SGPTL,5819,4.074151e-04,4.915996e-05,1.068440e-01
SGPTL,5820,3.828739e-04,4.915996e-05,1.068621e-01
SGPTL,5821,3.621716e-04,4.915996e-05,1.068802e-01
SGPTL,5822,3.397250e-04,4.915996e-05,1.068977e-01
SGPTL,5823,3.448832e-04,4.915996e-05,1.069158e-01
SGPTL,5824,3.558887e-04,4.915996e-05,1.069341e-01
SGPTL,5825,3.825527e-04,4.915996e-05,1.069511e-01
SGPTL,5826,3.833261e-04,4.915996e-05,1.069693e-01
SGPTL,5827,3.957557e-04,4.915996e-05,1.069874e-01
SGPTL,5828,4.090113e-04,4.915996e-05,1.070049e-01
SGPTL,5829,4.181468e-04,4.915996e-05,1.070229e-01
SGPTL,5830,4.326905e-04,4.915996e-05,1.070409e-01
SGPTL,5831,4.542923e-04,4.915996e-05,1.070580e-01
SGPTL,5832,4.397158e-04,4.915996e-05,1.070763e-01
SGPTL,5833,4.306649e-04,4.915996e-05,1.070943e-01
SGPTL,5834,4.203458e-04,4.915996e-05,1.071117e-01
SGPTL,5835,4.184487e-04,4.915996e-05,1.071299e-01
SGPTL,5836,4.090248e-04,4.915996e-05,1.071478e-01
SGPTL,5837,3.939683e-04,4.915996e-05,1.071652e-01
SGPTL,5838,3.743693e-04,4.915996e-05,1.071835e-01
SGPTL,5839,3.736769e-04,4.915996e-05,1.072019e-01
SGPTL,5840,3.839144e-04,4.915996e-05,1.072190e-01
SGPTL,5841,3.798479e-04,4.915996e-05,1.072370e-01
SGPTL,5842,3.626507e-04,4.915996e-05,1.072548e-01
SGPTL,5843,3.729743e-04,4.915996e-05,1.072785e-01
SGPTL,5844,4.234016e-04,4.915996e-05,1.072972e-01
SGPTL,5845,4.500502e-04,4.915996e-05,1.073155e-01
SGPTL,5846,4.546809e-04,4.915996e-05,1.073327e-01
SGPTL,5847,4.729524e-04,4.915996e-05,1.073508e-01
SGPTL,5848,4.885494e-04,4.915996e-05,1.073687e-01
SGPTL,5849,5.203970e-04,4.915996e-05,1.073862e-01
SGPTL,5850,5.519420e-04,4.915996e-05,1.074043e-01
SGPTL,5851,5.351947e-04,4.915996e-05,1.074226e-01
SGPTL,5852,5.490496e-04,4.915996e-05,1.074404e-01
SGPTL,5853,6.221096e-04,4.915996e-05,1.074583e-01
SGPTL,5854,5.925903e-04,4.915996e-05,1.074757e-01
SGPTL,5855,5.891506e-04,4.915996e-05,1.074935e-01
SGPTL,5856,5.631967e-04,4.915996e-05,1.075113e-01
SGPTL,5857,5.330155e-04,4.915996e-05,1.075289e-01
SGPTL,5858,5.511242e-04,4.915996e-05,1.075466e-01
SGPTL,5859,5.413350e-04,4.915996e-05,1.075647e-01
SGPTL,5860,5.788261e-04,4.915996e-05,1.075827e-01
SGPTL,5861,6.011273e-04,4.915996e-05,1.075998e-01
SGPTL,5862,5.703109e-04,4.915996e-05,1.076179e-01
SGPTL,5863,5.753089e-04,4.915996e-05,1.076358e-01
SGPTL,5864,5.746820e-04,4.915996e-05,1.076533e-01
SGPTL,5865,5.696744e-04,4.915996e-05,1.076713e-01
SGPTL,5866,5.734997e-04,4.915996e-05,1.076893e-01
SGPTL,5867,6.026296e-04,4.915996e-05,1.077065e-01
SGPTL,5868,5.347893e-04,4.915996e-05,1.077246e-01
SGPTL,5869,5.278462e-04,4.915996e-05,1.077424e-01
SGPTL,5870,4.941189e-04,4.915996e-05,1.077598e-01
SGPTL,5871,4.999744e-04,4.915996e-05,1.077780e-01
SGPTL,5872,4.734136e-04,4.915996e-05,1.077959e-01
SGPTL,5873,4.589243e-04,4.915996e-05,1.078133e-01
SGPTL,5874,4.335789e-04,4.915996e-05,1.078314e-01
SGPTL,5875,4.262238e-04,4.915996e-05,1.078495e-01
SGPTL,5876,4.036488e-04,4.915996e-05,1.078668e-01
SGPTL,5877,4.252218e-04,4.915996e-05,1.078850e-01
SGPTL,5878,4.582123e-04,4.915996e-05,1.079028e-01
SGPTL,5879,5.005274e-04,4.915996e-05,1.079199e-01
SGPTL,5880,4.942706e-04,4.915996e-05,1.079378e-01
SGPTL,5881,4.769560e-04,4.915996e-05,1.079555e-01
SGPTL,5882,5.045743e-04,4.915996e-05,1.079729e-01
SGPTL,5883,6.049448e-04,4.915996e-05,1.079909e-01
SGPTL,5884,6.414450e-04,4.915996e-05,1.080088e-01
SGPTL,5885,6.044500e-04,4.915996e-05,1.080262e-01
SGPTL,5886,5.811648e-04,4.915996e-05,1.080442e-01
SGPTL,5887,5.378535e-04,4.915996e-05,1.080618e-01
SGPTL,5888,5.286351e-04,4.915996e-05,1.080794e-01
SGPTL,5889,5.407624e-04,4.915996e-05,1.081049e-01
SGPTL,5890,5.969573e-04,4.915996e-05,1.081344e-01
SGPTL,5891,5.979088e-04,4.915996e-05,1.081530e-01
SGPTL,5892,5.978248e-04,4.915996e-05,1.081699e-01
SGPTL,5893,5.657379e-04,4.915996e-05,1.081884e-01
SGPTL,5894,5.298526e-04,4.915996e-05,1.082061e-01
SGPTL,5895,5.179649e-04,4.915996e-05,1.082239e-01
SGPTL,5896,5.025939e-04,4.915996e-05,1.082420e-01
SGPTL,5897,3.800193e-04,4.915996e-05,1.082575e-01
SGPTL,5898,3.688177e-04,4.915996e-05,1.082752e-01
SGPTL,5899,3.725754e-04,4.915996e-05,1.082935e-01
SGPTL,5900,3.645911e-04,4.915996e-05,1.083117e-01
SGPTL,5901,3.440751e-04,4.915996e-05,1.083288e-01
SGPTL,5902,3.388365e-04,4.915996e-05,1.083470e-01
SGPTL,5903,3.453165e-04,4.915996e-05,1.083650e-01
SGPTL,5904,3.446403e-04,4.915996e-05,1.083828e-01
SGPTL,5905,3.310273e-04,4.915996e-05,1.084008e-01
SGPTL,5906,3.314256e-04,4.915996e-05,1.084191e-01
SGPTL,5907,3.375642e-04,4.915996e-05,1.084363e-01
SGPTL,5908,3.439118e-04,4.915996e-05,1.084545e-01
SGPTL,5909,3.408764e-04,4.915996e-05,1.084724e-01
SGPTL,5910,3.396786e-04,4.915996e-05,1.084897e-01
SGPTL,5911,3.557262e-04,4.915996e-05,1.085077e-01
SGPTL,5912,3.601031e-04,4.915996e-05,1.085257e-01
SGPTL,5913,3.548287e-04,4.915996e-05,1.085429e-01
SGPTL,5914,3.374753e-04,4.915996e-05,1.085610e-01
SGPTL,5915,3.216304e-04,4.915996e-05,1.085792e-01
SGPTL,5916,3.073216e-04,4.915996e-05,1.085964e-01
SGPTL,5917,3.054383e-04,4.915996e-05,1.086147e-01
SGPTL,5918,2.911744e-04,4.915996e-05,1.086325e-01
SGPTL,5919,2.745321e-04,4.915996e-05,1.086502e-01
SGPTL,5920,2.678176e-04,4.915996e-05,1.086683e-01
SGPTL,5921,2.772993e-04,4.915996e-05,1.086865e-01
SGPTL,5922,2.916298e-04,4.915996e-05,1.087034e-01
SGPTL,5923,2.946411e-04,4.915996e-05,1.087214e-01
SGPTL,5924,3.047078e-04,4.915996e-05,1.087390e-01
SGPTL,5925,3.106671e-04,4.915996e-05,1.087564e-01
SGPTL,5926,3.131328e-04,4.915996e-05,1.087744e-01
SGPTL,5927,3.114000e-04,4.915996e-05,1.087925e-01
SGPTL,5928,3.120767e-04,4.915996e-05,1.088096e-01
SGPTL,5929,3.052195e-04,4.915996e-05,1.088277e-01
SGPTL,5930,2.985777e-04,4.915996e-05,1.088459e-01
SGPTL,5931,2.901839e-04,4.915996e-05,1.088635e-01
SGPTL,5932,2.790382e-04,4.915996e-05,1.088816e-01
SGPTL,5933,2.887353e-04,4.915996e-05,1.088997e-01
SGPTL,5934,2.964387e-04,4.915996e-05,1.089169e-01
SGPTL,5935,3.031556e-04,4.915996e-05,1.089439e-01
SGPTL,5936,3.052278e-04,4.915996e-05,1.089625e-01
SGPTL,5937,3.418335e-04,4.915996e-05,1.089804e-01
SGPTL,5938,3.592856e-04,4.915996e-05,1.089975e-01
SGPTL,5939,3.772732e-04,4.915996e-05,1.090156e-01
SGPTL,5940,3.901000e-04,4.915996e-05,1.090336e-01
SGPTL,5941,3.828540e-04,4.915996e-05,1.090511e-01
SGPTL,5942,3.327895e-04,4.915996e-05,1.090695e-01
SGPTL,5943,3.525301e-04,4.915996e-05,1.090877e-01
SGPTL,5944,3.683133e-04,4.915996e-05,1.091048e-01
SGPTL,5945,3.977135e-04,4.915996e-05,1.091230e-01
SGPTL,5946,3.862369e-04,4.915996e-05,1.091409e-01
SGPTL,5947,3.385338e-04,4.915996e-05,1.091582e-01
SGPTL,5948,3.422921e-04,4.915996e-05,1.091764e-01
SGPTL,5949,3.056978e-04,4.915996e-05,1.091943e-01
SGPTL,5950,2.703580e-04,4.915996e-05,1.092114e-01
SGPTL,5951,2.601054e-04,4.915996e-05,1.092293e-01
SGPTL,5952,2.658233e-04,4.915996e-05,1.092472e-01
SGPTL,5953,2.517584e-04,4.915996e-05,1.092646e-01
SGPTL,5954,2.525019e-04,4.915996e-05,1.092828e-01
SGPTL,5955,2.650967e-04,4.915996e-05,1.093010e-01
SGPTL,5956,2.746905e-04,4.915996e-05,1.093181e-01
SGPTL,5957,2.774172e-04,4.915996e-05,1.093361e-01
SGPTL,5958,2.819125e-04,4.915996e-05,1.093540e-01
SGPTL,5959,2.972916e-04,4.915996e-05,1.093715e-01
SGPTL,5960,3.026149e-04,4.915996e-05,1.093896e-01
SGPTL,5961,3.066734e-04,4.915996e-05,1.094075e-01
SGPTL,5962,3.085801e-04,4.915996e-05,1.094246e-01
SGPTL,5963,3.003277e-04,4.915996e-05,1.094427e-01
SGPTL,5964,2.940036e-04,4.915996e-05,1.094607e-01
SGPTL,5965,2.849636e-04,4.915996e-05,1.094781e-01
SGPTL,5966,2.830063e-04,4.915996e-05,1.094962e-01
SGPTL,5967,2.906074e-04,4.915996e-05,1.095142e-01
SGPTL,5968,3.011453e-04,4.915996e-05,1.095315e-01
SGPTL,5969,2.899816e-04,4.915996e-05,1.095499e-01
SGPTL,5970,2.867679e-04,4.915996e-05,1.095679e-01
SGPTL,5971,2.720554e-04,4.915996e-05,1.095928e-01
SGPTL,5972,2.810304e-04,4.915996e-05,1.096112e-01
SGPTL,5973,2.923650e-04,4.915996e-05,1.096295e-01
SGPTL,5974,2.865373e-04,4.915996e-05,1.096468e-01
SGPTL,5975,2.795165e-04,4.915996e-05,1.096651e-01
SGPTL,5976,2.924632e-04,4.915996e-05,1.096830e-01
SGPTL,5977,2.281791e-04,4.915996e-05,1.096984e-01
SGPTL,5978,1.948671e-04,4.915996e-05,1.097166e-01
SGPTL,5979,1.841861e-04,4.915996e-05,1.097349e-01
SGPTL,5980,1.851280e-04,4.915996e-05,1.097521e-01
SGPTL,5981,1.883923e-04,4.915996e-05,1.097703e-01
SGPTL,5982,1.980758e-04,4.915996e-05,1.097883e-01
SGPTL,5983,2.119042e-04,4.915996e-05,1.098059e-01
SGPTL,5984,2.151100e-04,4.915996e-05,1.098239e-01
SGPTL,5985,2.106610e-04,4.915996e-05,1.098421e-01
SGPTL,5986,2.069287e-04,4.915996e-05,1.098592e-01
SGPTL,5987,2.023316e-04,4.915996e-05,1.098773e-01
SGPTL,5988,2.008464e-04,4.915996e-05,1.098952e-01
SGPTL,5989,1.930629e-04,4.915996e-05,1.099128e-01
SGPTL,5990,1.831281e-04,4.915996e-05,1.099309e-01
SGPTL,5991,1.808869e-04,4.915996e-05,1.099489e-01
SGPTL,5992,1.725835e-04,4.915996e-05,1.099662e-01
SGPTL,5993,1.633990e-04,4.915996e-05,1.099840e-01
SGPTL,5994,1.571295e-04,4.915996e-05,1.100020e-01
SGPTL,5995,1.541775e-04,4.915996e-05,1.100190e-01
SGPTL,5996,1.457022e-04,4.915996e-05,1.100370e-01
SGPTL,5997,1.410993e-04,4.915996e-05,1.100550e-01
SGPTL,5998,1.456459e-04,4.915996e-05,1.100722e-01
SGPTL,5999,1.509936e-04,4.915996e-05,1.100904e-01
SGPTL,6000,1.510953e-04,4.915996e-05,1.101084e-01
SGPTL,6001,1.498316e-04,4.915996e-05,1.101259e-01
SGPTL,6002,1.468900e-04,4.915996e-05,1.101441e-01
SGPTL,6003,1.542046e-04,4.915996e-05,1.101618e-01
SGPTL,6004,1.526283e-04,4.915996e-05,1.101797e-01
SGPTL,6005,1.443293e-04,4.915996e-05,1.101978e-01
SGPTL,6006,1.496303e-04,4.915996e-05,1.102158e-01
SGPTL,6007,1.503975e-04,4.915996e-05,1.102330e-01
SGPTL,6008,1.455413e-04,4.915996e-05,1.102510e-01
SGPTL,6009,1.473709e-04,4.915996e-05,1.102688e-01
SGPTL,6010,1.425577e-04,4.915996e-05,1.102863e-01
SGPTL,6011,1.364170e-04,4.915996e-05,1.103043e-01
SGPTL,6012,1.342730e-04,4.915996e-05,1.103222e-01
SGPTL,6013,1.411064e-04,4.915996e-05,1.103394e-01
SGPTL,6014,1.441860e-04,4.915996e-05,1.103573e-01
SGPTL,6015,1.479891e-04,4.915996e-05,1.103755e-01
SGPTL,6016,1.512838e-04,4.915996e-05,1.103925e-01
SGPTL,6017,1.523244e-04,4.915996e-05,1.104104e-01
SGPTL,6018,1.479175e-04,4.915996e-05,1.104282e-01
SGPTL,6019,1.347797e-04,4.915996e-05,1.104456e-01
SGPTL,6020,1.223550e-04,4.915996e-05,1.104636e-01
SGPTL,6021,1.185035e-04,4.915996e-05,1.104812e-01
SGPTL,6022,1.157042e-04,4.915996e-05,1.104990e-01
SGPTL,6023,1.163691e-04,4.915996e-05,1.105157e-01
SGPTL,6024,1.228326e-04,4.915996e-05,1.105337e-01
SGPTL,6025,1.228701e-04,4.915996e-05,1.105518e-01
SGPTL,6026,1.259849e-04,4.915996e-05,1.105695e-01
SGPTL,6027,1.218700e-04,4.915996e-05,1.105877e-01
SGPTL,6028,1.203447e-04,4.915996e-05,1.106056e-01
SGPTL,6029,1.170849e-04,4.915996e-05,1.106226e-01
SGPTL,6030,1.251428e-04,4.915996e-05,1.106406e-01
SGPTL,6031,1.328677e-04,4.915996e-05,1.106587e-01
SGPTL,6032,1.280804e-04,4.915996e-05,1.106763e-01
SGPTL,6033,1.312094e-04,4.915996e-05,1.106942e-01
SGPTL,6034,1.243172e-04,4.915996e-05,1.107124e-01
SGPTL,6035,1.240455e-04,4.915996e-05,1.107295e-01
SGPTL,6036,1.177837e-04,4.915996e-05,1.107475e-01
SGPTL,6037,1.170512e-04,4.915996e-05,1.107655e-01
SGPTL,6038,1.204197e-04,4.915996e-05,1.107827e-01
SGPTL,6039,1.136731e-04,4.915996e-05,1.108006e-01
SGPTL,6040,1.141546e-04,4.915996e-05,1.108182e-01
SGPTL,6041,1.101365e-04,4.915996e-05,1.108359e-01
SGPTL,6042,1.095511e-04,4.915996e-05,1.108539e-01
SGPTL,6043,1.191834e-04,4.915996e-05,1.108719e-01
SGPTL,6044,1.182435e-04,4.915996e-05,1.108889e-01
SGPTL,6045,1.232519e-04,4.915996e-05,1.109067e-01
SGPTL,6046,1.263539e-04,4.915996e-05,1.109247e-01
SGPTL,6047,1.288746e-04,4.915996e-05,1.109419e-01
SGPTL,6048,1.341821e-04,4.915996e-05,1.109599e-01
SGPTL,6049,1.520087e-04,4.915996e-05,1.109780e-01
SGPTL,6050,1.453643e-04,4.915996e-05,1.109950e-01
SGPTL,6051,1.382204e-04,4.915996e-05,1.110130e-01
SGPTL,6052,1.361300e-04,4.915996e-05,1.110310e-01
SGPTL,6053,1.282662e-04,4.915996e-05,1.110485e-01
SGPTL,6054,1.135979e-04,4.915996e-05,1.110665e-01
SGPTL,6055,1.080502e-04,4.915996e-05,1.110845e-01
SGPTL,6056,1.114110e-04,4.915996e-05,1.111015e-01
SGPTL,6057,7.380342e-05,4.915996e-05,1.111169e-01
SGPTL,6058,6.519084e-05,4.915996e-05,1.111337e-01
SGPTL,6059,6.635454e-05,4.915996e-05,1.111518e-01
SGPTL,6060,6.338201e-05,4.915996e-05,1.111699e-01
SGPTL,6061,6.322007e-05,4.915996e-05,1.111875e-01
SGPTL,6062,6.280686e-05,4.915996e-05,1.112057e-01
SGPTL,6063,6.165455e-05,4.915996e-05,1.112236e-01
SGPTL,6064,6.245657e-05,4.915996e-05,1.112409e-01
SGPTL,6065,6.377390e-05,4.915996e-05,1.112592e-01
SGPTL,6066,6.268403e-05,4.915996e-05,1.112777e-01
SGPTL,6067,6.294355e-05,4.915996e-05,1.112945e-01
SGPTL,6068,6.093664e-05,4.915996e-05,1.113127e-01
SGPTL,6069,5.921250e-05,4.915996e-05,1.113310e-01
SGPTL,6070,5.888991e-05,4.915996e-05,1.113481e-01
SGPTL,6071,5.679784e-05,4.915996e-05,1.113662e-01
SGPTL,6072,5.423824e-05,4.915996e-05,1.113839e-01
SGPTL,6073,5.064180e-05,4.915996e-05,1.114012e-01
SGPTL,6074,4.786930e-05,4.786930e-05,1.114204e-01
SGPTL,6075,4.449115e-05,4.449115e-05,1.114390e-01
SGPTL,6076,4.209882e-05,4.209882e-05,1.114561e-01
SGPTL,6077,3.945276e-05,3.945276e-05,1.114744e-01
SGPTL,6078,3.777258e-05,3.777258e-05,1.114922e-01
SGPTL,6079,3.682718e-05,3.682718e-05,1.115101e-01
SGPTL,6080,3.569190e-05,3.569190e-05,1.115284e-01
SGPTL,6081,3.441697e-05,3.441697e-05,1.115465e-01
SGPTL,6082,3.386576e-05,3.386576e-05,1.115638e-01
SGPTL,6083,3.220398e-05,3.220398e-05,1.115821e-01
SGPTL,6084,3.079642e-05,3.079642e-05,1.115998e-01
SGPTL,6085,2.900000e-05,2.900000e-05,1.116176e-01
SGPTL,6086,2.730441e-05,2.730441e-05,1.116359e-01
SGPTL,6087,2.731946e-05,2.730441e-05,1.116541e-01
SGPTL,6088,2.684308e-05,2.684308e-05,1.116714e-01
SGPTL,6089,2.563435e-05,2.563435e-05,1.116895e-01
SGPTL,6090,2.520511e-05,2.520511e-05,1.117078e-01
SGPTL,6091,2.686198e-05,2.520511e-05,1.117252e-01
SGPTL,6092,3.125478e-05,2.520511e-05,1.117436e-01
SGPTL,6093,3.823712e-05,2.520511e-05,1.117619e-01
SGPTL,6094,5.228476e-05,2.520511e-05,1.117789e-01
SGPTL,6095,7.058888e-05,2.520511e-05,1.117970e-01
SGPTL,6096,8.750551e-05,2.520511e-05,1.118148e-01
SGPTL,6097,1.028651e-04,2.520511e-05,1.118321e-01
SGPTL,6098,1.122347e-04,2.520511e-05,1.118650e-01
SGPTL,6099,1.257237e-04,2.520511e-05,1.118840e-01
SGPTL,6100,1.427155e-04,2.520511e-05,1.119024e-01
SGPTL,6101,1.585400e-04,2.520511e-05,1.119195e-01
SGPTL,6102,1.828030e-04,2.520511e-05,1.119377e-01
SGPTL,6103,2.140413e-04,2.520511e-05,1.119552e-01
SGPTL,6104,2.675281e-04,2.520511e-05,1.119730e-01
SGPTL,6105,2.700647e-04,2.520511e-05,1.119912e-01
SGPTL,6106,2.661787e-04,2.520511e-05,1.120095e-01
SGPTL,6107,2.889367e-04,2.520511e-05,1.120265e-01
SGPTL,6108,3.502529e-04,2.520511e-05,1.120446e-01
SGPTL,6109,3.735693e-04,2.520511e-05,1.120622e-01
SGPTL,6110,4.121016e-04,2.520511e-05,1.120797e-01
SGPTL,6111,3.665756e-04,2.520511e-05,1.120979e-01
SGPTL,6112,3.513558e-04,2.520511e-05,1.121158e-01
SGPTL,6113,3.645476e-04,2.520511e-05,1.121333e-01
SGPTL,6114,4.148927e-04,2.520511e-05,1.121514e-01
SGPTL,6115,4.574448e-04,2.520511e-05,1.121691e-01
SGPTL,6116,4.732132e-04,2.520511e-05,1.121864e-01
SGPTL,6117,4.683714e-04,2.520511e-05,1.122046e-01
SGPTL,6118,4.655703e-04,2.520511e-05,1.122230e-01
SGPTL,6119,4.111259e-04,2.520511e-05,1.122401e-01
SGPTL,6120,4.063519e-04,2.520511e-05,1.122584e-01
SGPTL,6121,4.014068e-04,2.520511e-05,1.122763e-01
SGPTL,6122,4.282103e-04,2.520511e-05,1.122939e-01
SGPTL,6123,4.936880e-04,2.520511e-05,1.123119e-01
SGPTL,6124,5.730167e-04,2.520511e-05,1.123297e-01
SGPTL,6125,6.117298e-04,2.520511e-05,1.123472e-01
SGPTL,6126,6.108089e-04,2.520511e-05,1.123653e-01
SGPTL,6127,6.216461e-04,2.520511e-05,1.123831e-01
SGPTL,6128,6.142535e-04,2.520511e-05,1.124005e-01
SGPTL,6129,5.649494e-04,2.520511e-05,1.124188e-01
SGPTL,6130,5.557207e-04,2.520511e-05,1.124370e-01
SGPTL,6131,5.650552e-04,2.520511e-05,1.124541e-01
SGPTL,6132,6.064282e-04,2.520511e-05,1.124728e-01
SGPTL,6133,6.216526e-04,2.520511e-05,1.124903e-01
SGPTL,6134,7.006829e-04,2.520511e-05,1.125081e-01
SGPTL,6135,7.398591e-04,2.520511e-05,1.125261e-01
SGPTL,6136,7.022558e-04,2.520511e-05,1.125441e-01
SGPTL,6137,6.451359e-04,2.520511e-05,1.125611e-01
SGPTL,6138,6.505497e-04,2.520511e-05,1.125792e-01
SGPTL,6139,6.357195e-04,2.520511e-05,1.125972e-01
SGPTL,6140,6.397367e-04,2.520511e-05,1.126146e-01
SGPTL,6141,6.510377e-04,2.520511e-05,1.126327e-01
SGPTL,6142,6.687055e-04,2.520511e-05,1.126507e-01
SGPTL,6143,6.635783e-04,2.520511e-05,1.126680e-01
SGPTL,6144,6.703004e-04,2.520511e-05,1.126861e-01
SGPTL,6145,6.891238e-04,2.520511e-05,1.127078e-01
SGPTL,6146,7.121647e-04,2.520511e-05,1.127254e-01
SGPTL,6147,7.467731e-04,2.520511e-05,1.127435e-01
SGPTL,6148,7.506750e-04,2.520511e-05,1.127615e-01
SGPTL,6149,7.112377e-04,2.520511e-05,1.127789e-01
SGPTL,6150,7.146671e-04,2.520511e-05,1.127971e-01
SGPTL,6151,6.836532e-04,2.520511e-05,1.128149e-01
SGPTL,6152,7.019561e-04,2.520511e-05,1.128324e-01
SGPTL,6153,7.033679e-04,2.520511e-05,1.128505e-01
SGPTL,6154,7.220504e-04,2.520511e-05,1.128684e-01
SGPTL,6155,7.290422e-04,2.520511e-05,1.128856e-01
SGPTL,6156,7.401148e-04,2.520511e-05,1.129037e-01
SGPTL,6157,7.670798e-04,2.520511e-05,1.129216e-01
SGPTL,6158,7.737346e-04,2.520511e-05,1.129391e-01
SGPTL,6159,7.825171e-04,2.520511e-05,1.129572e-01
SGPTL,6160,7.703248e-04,2.520511e-05,1.129752e-01
SGPTL,6161,6.908539e-04,2.520511e-05,1.129926e-01
SGPTL,6162,6.799904e-04,2.520511e-05,1.130107e-01
SGPTL,6163,6.373309e-04,2.520511e-05,1.130290e-01
SGPTL,6164,6.383542e-04,2.520511e-05,1.130462e-01
SGPTL,6165,6.534691e-04,2.520511e-05,1.130642e-01
SGPTL,6166,7.034720e-04,2.520511e-05,1.130825e-01
SGPTL,6167,7.248158e-04,2.520511e-05,1.130995e-01
SGPTL,6168,7.270124e-04,2.520511e-05,1.131175e-01
SGPTL,6169,7.694615e-04,2.520511e-05,1.131353e-01
SGPTL,6170,7.892623e-04,2.520511e-05,1.131528e-01
SGPTL,6171,4.902444e-04,2.520511e-05,1.131683e-01
SGPTL,6172,4.388152e-04,2.520511e-05,1.131851e-01
SGPTL,6173,4.348814e-04,2.520511e-05,1.132032e-01
SGPTL,6174,4.363747e-04,2.520511e-05,1.132210e-01
SGPTL,6175,4.339987e-04,2.520511e-05,1.132385e-01
SGPTL,6176,4.559418e-04,2.520511e-05,1.132562e-01
SGPTL,6177,4.789780e-04,2.520511e-05,1.132742e-01
SGPTL,6178,4.827979e-04,2.520511e-05,1.132916e-01
SGPTL,6179,4.775732e-04,2.520511e-05,1.133097e-01
SGPTL,6180,4.918442e-04,2.520511e-05,1.133275e-01
SGPTL,6181,4.959071e-04,2.520511e-05,1.133450e-01
SGPTL,6182,5.102094e-04,2.520511e-05,1.133631e-01
SGPTL,6183,5.031908e-04,2.520511e-05,1.133810e-01
SGPTL,6184,5.090305e-04,2.520511e-05,1.133982e-01
SGPTL,6185,4.978349e-04,2.520511e-05,1.134165e-01
SGPTL,6186,4.887016e-04,2.520511e-05,1.134347e-01
SGPTL,6187,4.820349e-04,2.520511e-05,1.134517e-01
SGPTL,6188,4.638786e-04,2.520511e-05,1.134699e-01
SGPTL,6189,4.733579e-04,2.520511e-05,1.134876e-01
SGPTL,6190,4.579932e-04,2.520511e-05,1.135049e-01
SGPTL,6191,4.739523e-04,2.520511e-05,1.135228e-01
SGPTL,6192,5.075024e-04,2.520511e-05,1.135404e-01
SGPTL,6193,5.560829e-04,2.520511e-05,1.135581e-01
SGPTL,6194,5.725464e-04,2.520511e-05,1.135762e-01
SGPTL,6195,5.839976e-04,2.520511e-05,1.135944e-01
SGPTL,6196,5.750483e-04,2.520511e-05,1.136115e-01
SGPTL,6197,5.581066e-04,2.520511e-05,1.136297e-01
SGPTL,6198,5.472403e-04,2.520511e-05,1.136475e-01
SGPTL,6199,5.092208e-04,2.520511e-05,1.136649e-01
SGPTL,6200,4.650046e-04,2.520511e-05,1.136829e-01
SGPTL,6201,4.897298e-04,2.520511e-05,1.137007e-01
SGPTL,6202,5.230685e-04,2.520511e-05,1.137180e-01
SGPTL,6203,5.097812e-04,2.520511e-05,1.137361e-01
SGPTL,6204,4.883255e-04,2.520511e-05,1.137539e-01
SGPTL,6205,4.835253e-04,2.520511e-05,1.137714e-01
SGPTL,6206,5.311241e-04,2.520511e-05,1.137897e-01
SGPTL,6207,5.706973e-04,2.520511e-05,1.138078e-01
SGPTL,6208,5.449323e-04,2.520511e-05,1.138248e-01
SGPTL,6209,5.549573e-04,2.520511e-05,1.138430e-01
SGPTL,6210,5.533145e-04,2.520511e-05,1.138607e-01
SGPTL,6211,6.045714e-04,2.520511e-05,1.138780e-01
SGPTL,6212,6.446837e-04,2.520511e-05,1.138962e-01
SGPTL,6213,6.243902e-04,2.520511e-05,1.139143e-01
SGPTL,6214,5.934295e-04,2.520511e-05,1.139312e-01
SGPTL,6215,5.644576e-04,2.520511e-05,1.139495e-01
SGPTL,6216,5.309570e-04,2.520511e-05,1.139673e-01
SGPTL,6217,5.183801e-04,2.520511e-05,1.139847e-01
SGPTL,6218,5.404553e-04,2.520511e-05,1.140028e-01
SGPTL,6219,5.500204e-04,2.520511e-05,1.140210e-01
SGPTL,6220,5.847581e-04,2.520511e-05,1.140380e-01
SGPTL,6221,5.947690e-04,2.520511e-05,1.140564e-01
SGPTL,6222,6.369266e-04,2.520511e-05,1.140740e-01
SGPTL,6223,6.162859e-04,2.520511e-05,1.140913e-01
SGPTL,6224,6.277863e-04,2.520511e-05,1.141095e-01
SGPTL,6225,6.103493e-04,2.520511e-05,1.141269e-01
SGPTL,6226,6.188337e-04,2.520511e-05,1.141485e-01
SGPTL,6227,5.794645e-04,2.520511e-05,1.141667e-01
SGPTL,6228,5.323417e-04,2.520511e-05,1.141843e-01
SGPTL,6229,5.070384e-04,2.520511e-05,1.142021e-01
SGPTL,6230,4.864195e-04,2.520511e-05,1.142202e-01
SGPTL,6231,5.061628e-04,2.520511e-05,1.142383e-01
SGPTL,6232,5.001934e-04,2.520511e-05,1.142554e-01
SGPTL,6233,4.795164e-04,2.520511e-05,1.142736e-01
SGPTL,6234,4.828662e-04,2.520511e-05,1.142916e-01
SGPTL,6235,5.365396e-04,2.520511e-05,1.143090e-01
SGPTL,6236,5.815992e-04,2.520511e-05,1.143271e-01
SGPTL,6237,6.573064e-04,2.520511e-05,1.143450e-01
SGPTL,6238,5.821733e-04,2.520511e-05,1.143624e-01
SGPTL,6239,5.840333e-04,2.520511e-05,1.143807e-01
SGPTL,6240,5.886683e-04,2.520511e-05,1.143986e-01
SGPTL,6241,5.918440e-04,2.520511e-05,1.144160e-01
SGPTL,6242,5.438731e-04,2.520511e-05,1.144341e-01
SGPTL,6243,5.434609e-04,2.520511e-05,1.144522e-01
SGPTL,6244,4.992058e-04,2.520511e-05,1.144693e-01
SGPTL,6245,4.879317e-04,2.520511e-05,1.144875e-01
SGPTL,6246,4.992645e-04,2.520511e-05,1.145053e-01
SGPTL,6247,5.323944e-04,2.520511e-05,1.145227e-01
SGPTL,6248,5.430479e-04,2.520511e-05,1.145408e-01
SGPTL,6249,5.126306e-04,2.520511e-05,1.145583e-01
SGPTL,6250,4.968452e-04,2.520511e-05,1.145761e-01
SGPTL,6251,4.027448e-04,2.520511e-05,1.145915e-01
SGPTL,6252,4.303776e-04,2.520511e-05,1.146095e-01
SGPTL,6253,4.553625e-04,2.520511e-05,1.146271e-01
SGPTL,6254,4.563954e-04,2.520511e-05,1.146454e-01
SGPTL,6255,4.780467e-04,2.520511e-05,1.146634e-01
SGPTL,6256,4.901746e-04,2.520511e-05,1.146805e-01
SGPTL,6257,4.967643e-04,2.520511e-05,1.146986e-01
SGPTL,6258,5.080523e-04,2.520511e-05,1.147167e-01
SGPTL,6259,5.131817e-04,2.520511e-05,1.147345e-01
SGPTL,6260,4.870281e-04,2.520511e-05,1.147527e-01
SGPTL,6261,4.500290e-04,2.520511e-05,1.147707e-01
SGPTL,6262,4.400329e-04,2.520511e-05,1.147878e-01
SGPTL,6263,4.149624e-04,2.520511e-05,1.148060e-01
SGPTL,6264,4.047169e-04,2.520511e-05,1.148233e-01
SGPTL,6265,3.880937e-04,2.520511e-05,1.148414e-01
SGPTL,6266,3.661075e-04,2.520511e-05,1.148593e-01
SGPTL,6267,3.671381e-04,2.520511e-05,1.148772e-01
SGPTL,6268,3.591375e-04,2.520511e-05,1.148953e-01
SGPTL,6269,3.454966e-04,2.520511e-05,1.149128e-01
SGPTL,6270,3.464065e-04,2.520511e-05,1.149308e-01
SGPTL,6271,3.395994e-04,2.520511e-05,1.149483e-01
SGPTL,6272,3.383678e-04,2.520511e-05,1.149660e-01
SGPTL,6273,3.294733e-04,2.520511e-05,1.149841e-01
SGPTL,6274,3.264102e-04,2.520511e-05,1.150024e-01
SGPTL,6275,3.099629e-04,2.520511e-05,1.150195e-01
SGPTL,6276,3.153191e-04,2.520511e-05,1.150375e-01
SGPTL,6277,3.270802e-04,2.520511e-05,1.150554e-01
SGPTL,6278,3.420065e-04,2.520511e-05,1.150727e-01
SGPTL,6279,3.786668e-04,2.520511e-05,1.150908e-01
SGPTL,6280,3.984328e-04,2.520511e-05,1.151084e-01
SGPTL,6281,3.990180e-04,2.520511e-05,1.151260e-01
SGPTL,6282,4.334753e-04,2.520511e-05,1.151440e-01
SGPTL,6283,4.767719e-04,2.520511e-05,1.151620e-01
SGPTL,6284,4.762246e-04,2.520511e-05,1.151790e-01
SGPTL,6285,4.496388e-04,2.520511e-05,1.151970e-01
SGPTL,6286,4.631948e-04,2.520511e-05,1.152155e-01
SGPTL,6287,4.463975e-04,2.520511e-05,1.152337e-01
SGPTL,6288,4.536403e-04,2.520511e-05,1.152520e-01
SGPTL,6289,4.772456e-04,2.520511e-05,1.152690e-01
SGPTL,6290,4.531423e-04,2.520511e-05,1.152874e-01
SGPTL,6291,4.663601e-04,2.520511e-05,1.153060e-01
SGPTL,6292,4.647897e-04,2.520511e-05,1.153230e-01
SGPTL,6293,4.849291e-04,2.520511e-05,1.153415e-01
SGPTL,6294,4.655152e-04,2.520511e-05,1.153597e-01
SGPTL,6295,4.917552e-04,2.520511e-05,1.153767e-01
SGPTL,6296,5.018620e-04,2.520511e-05,1.153948e-01
SGPTL,6297,4.932507e-04,2.520511e-05,1.154129e-01
SGPTL,6298,4.978572e-04,2.520511e-05,1.154306e-01
SGPTL,6299,4.871651e-04,2.520511e-05,1.154487e-01
SGPTL,6300,4.687184e-04,2.520511e-05,1.154669e-01
SGPTL,6301,4.679211e-04,2.520511e-05,1.154850e-01
SGPTL,6302,4.765827e-04,2.520511e-05,1.155032e-01
SGPTL,6303,4.267706e-04,2.520511e-05,1.155215e-01
SGPTL,6304,4.087529e-04,2.520511e-05,1.155384e-01
SGPTL,6305,4.139011e-04,2.520511e-05,1.155567e-01
SGPTL,6306,4.575494e-04,2.520511e-05,1.155750e-01
SGPTL,6307,5.119187e-04,2.520511e-05,1.155920e-01
SGPTL,6308,5.126039e-04,2.520511e-05,1.156101e-01
SGPTL,6309,4.885609e-04,2.520511e-05,1.156279e-01
SGPTL,6310,4.813590e-04,2.520511e-05,1.156453e-01
SGPTL,6311,4.548163e-04,2.520511e-05,1.156634e-01
SGPTL,6312,4.248082e-04,2.520511e-05,1.156813e-01
SGPTL,6313,4.163760e-04,2.520511e-05,1.156986e-01
SGPTL,6314,3.940113e-04,2.520511e-05,1.157170e-01
SGPTL,6315,3.661516e-04,2.520511e-05,1.157352e-01
SGPTL,6316,3.535955e-04,2.520511e-05,1.157522e-01
SGPTL,6317,3.575937e-04,2.520511e-05,1.157704e-01
SGPTL,6318,3.932699e-04,2.520511e-05,1.157881e-01
SGPTL,6319,4.249982e-04,2.520511e-05,1.158055e-01
SGPTL,6320,4.688404e-04,2.520511e-05,1.158237e-01
SGPTL,6321,4.412444e-04,2.520511e-05,1.158417e-01
SGPTL,6322,4.388114e-04,2.520511e-05,1.158591e-01
SGPTL,6323,4.300234e-04,2.520511e-05,1.158773e-01
SGPTL,6324,4.198758e-04,2.520511e-05,1.158955e-01
SGPTL,6325,4.068263e-04,2.520511e-05,1.159126e-01
SGPTL,6326,3.892364e-04,2.520511e-05,1.159307e-01
SGPTL,6327,3.671887e-04,2.520511e-05,1.159486e-01
SGPTL,6328,3.605952e-04,2.520511e-05,1.159661e-01
SGPTL,6329,3.460260e-04,2.520511e-05,1.159842e-01
SGPTL,6330,3.419086e-04,2.520511e-05,1.160024e-01
SGPTL,6331,2.963605e-04,2.520511e-05,1.160173e-01
SGPTL,6332,2.889670e-04,2.520511e-05,1.160357e-01
SGPTL,6333,2.854796e-04,2.520511e-05,1.160541e-01
SGPTL,6334,3.071728e-04,2.520511e-05,1.160713e-01
SGPTL,6335,3.044083e-04,2.520511e-05,1.160896e-01
SGPTL,6336,3.013815e-04,2.520511e-05,1.161075e-01
SGPTL,6337,3.099414e-04,2.520511e-05,1.161255e-01
SGPTL,6338,3.106832e-04,2.520511e-05,1.161438e-01
SGPTL,6339,3.261172e-04,2.520511e-05,1.161623e-01
SGPTL,6340,3.301564e-04,2.520511e-05,1.161791e-01
SGPTL,6341,3.262223e-04,2.520511e-05,1.161973e-01
SGPTL,6342,3.106151e-04,2.520511e-05,1.162158e-01
SGPTL,6343,3.001452e-04,2.520511e-05,1.162327e-01
SGPTL,6344,2.896846e-04,2.520511e-05,1.162507e-01
SGPTL,6345,2.850403e-04,2.520511e-05,1.162690e-01
SGPTL,6346,2.787999e-04,2.520511e-05,1.162860e-01
SGPTL,6347,2.788378e-04,2.520511e-05,1.163043e-01
SGPTL,6348,2.753374e-04,2.520511e-05,1.163226e-01
SGPTL,6349,2.797291e-04,2.520511e-05,1.163397e-01
SGPTL,6350,2.776565e-04,2.520511e-05,1.163580e-01
SGPTL,6351,2.643315e-04,2.520511e-05,1.163764e-01
SGPTL,6352,2.651448e-04,2.520511e-05,1.163933e-01
SGPTL,6353,2.627400e-04,2.520511e-05,1.164146e-01
SGPTL,6354,2.595252e-04,2.520511e-05,1.164331e-01
SGPTL,6355,2.523450e-04,2.520511e-05,1.164500e-01
SGPTL,6356,2.589552e-04,2.520511e-05,1.164682e-01
SGPTL,6357,2.733008e-04,2.520511e-05,1.164866e-01
SGPTL,6358,2.812636e-04,2.520511e-05,1.165034e-01
SGPTL,6359,2.786236e-04,2.520511e-05,1.165215e-01
SGPTL,6360,2.756584e-04,2.520511e-05,1.165394e-01
SGPTL,6361,2.998682e-04,2.520511e-05,1.165569e-01
SGPTL,6362,2.750036e-04,2.520511e-05,1.165748e-01
SGPTL,6363,2.575783e-04,2.520511e-05,1.165927e-01
SGPTL,6364,2.606796e-04,2.520511e-05,1.166100e-01
SGPTL,6365,2.680358e-04,2.520511e-05,1.166281e-01
SGPTL,6366,2.795807e-04,2.520511e-05,1.166457e-01
SGPTL,6367,2.973681e-04,2.520511e-05,1.166635e-01
SGPTL,6368,3.011956e-04,2.520511e-05,1.166814e-01
SGPTL,6369,3.070078e-04,2.520511e-05,1.166995e-01
SGPTL,6370,3.149128e-04,2.520511e-05,1.167167e-01
SGPTL,6371,3.050090e-04,2.520511e-05,1.167349e-01
SGPTL,6372,2.864104e-04,2.520511e-05,1.167526e-01
SGPTL,6373,2.704788e-04,2.520511e-05,1.167701e-01
SGPTL,6374,2.578675e-04,2.520511e-05,1.167882e-01
SGPTL,6375,2.557939e-04,2.520511e-05,1.168060e-01
SGPTL,6376,2.880471e-04,2.520511e-05,1.168232e-01
SGPTL,6377,3.276372e-04,2.520511e-05,1.168413e-01
SGPTL,6378,3.440148e-04,2.520511e-05,1.168593e-01
SGPTL,6379,3.123759e-04,2.520511e-05,1.168765e-01
SGPTL,6380,2.985810e-04,2.520511e-05,1.168944e-01
SGPTL,6381,2.952764e-04,2.520511e-05,1.169123e-01
SGPTL,6382,2.724226e-04,2.520511e-05,1.169296e-01
SGPTL,6383,2.703042e-04,2.520511e-05,1.169478e-01
SGPTL,6384,2.710481e-04,2.520511e-05,1.169660e-01
SGPTL,6385,2.761137e-04,2.520511e-05,1.169832e-01
SGPTL,6386,2.891243e-04,2.520511e-05,1.170012e-01
SGPTL,6387,3.130503e-04,2.520511e-05,1.170191e-01
SGPTL,6388,3.060457e-04,2.520511e-05,1.170364e-01
SGPTL,6389,3.172090e-04,2.520511e-05,1.170545e-01
SGPTL,6390,3.168708e-04,2.520511e-05,1.170725e-01
SGPTL,6391,3.102718e-04,2.520511e-05,1.170898e-01
SGPTL,6392,3.198893e-04,2.520511e-05,1.171079e-01
SGPTL,6393,3.134997e-04,2.520511e-05,1.171260e-01
SGPTL,6394,2.995934e-04,2.520511e-05,1.171437e-01
SGPTL,6395,2.729660e-04,2.520511e-05,1.171618e-01
SGPTL,6396,2.839715e-04,2.520511e-05,1.171799e-01
SGPTL,6397,3.196739e-04,2.520511e-05,1.171971e-01
SGPTL,6398,3.267785e-04,2.520511e-05,1.172155e-01
SGPTL,6399,3.411548e-04,2.520511e-05,1.172330e-01
SGPTL,6400,3.764169e-04,2.520511e-05,1.172508e-01
SGPTL,6401,3.880848e-04,2.520511e-05,1.172690e-01
SGPTL,6402,3.562956e-04,2.520511e-05,1.172872e-01
SGPTL,6403,3.167146e-04,2.520511e-05,1.173042e-01
SGPTL,6404,3.104715e-04,2.520511e-05,1.173222e-01
SGPTL,6405,3.016484e-04,2.520511e-05,1.173401e-01
SGPTL,6406,2.956409e-04,2.520511e-05,1.173573e-01
SGPTL,6407,2.793806e-04,2.520511e-05,1.173754e-01
SGPTL,6408,2.876542e-04,2.520511e-05,1.173932e-01
SGPTL,6409,3.236971e-04,2.520511e-05,1.174106e-01
SGPTL,6410,3.368994e-04,2.520511e-05,1.174290e-01
SGPTL,6411,2.228712e-04,2.520511e-05,1.174442e-01
SGPTL,6412,2.067968e-04,2.520511e-05,1.174623e-01
SGPTL,6413,2.136810e-04,2.520511e-05,1.174804e-01
SGPTL,6414,2.270698e-04,2.520511e-05,1.174985e-01
SGPTL,6415,2.421952e-04,2.520511e-05,1.175155e-01
SGPTL,6416,2.478139e-04,2.520511e-05,1.175337e-01
SGPTL,6417,2.487896e-04,2.520511e-05,1.175517e-01
SGPTL,6418,2.523943e-04,2.520511e-05,1.175691e-01
SGPTL,6419,2.632931e-04,2.520511e-05,1.175870e-01
SGPTL,6420,2.639793e-04,2.520511e-05,1.176050e-01
SGPTL,6421,2.579654e-04,2.520511e-05,1.176224e-01
SGPTL,6422,2.518547e-04,2.520511e-05,1.176405e-01
SGPTL,6423,2.463455e-04,2.520511e-05,1.176585e-01
SGPTL,6424,2.477160e-04,2.520511e-05,1.176757e-01
SGPTL,6425,2.408355e-04,2.520511e-05,1.176937e-01
SGPTL,6426,2.401609e-04,2.520511e-05,1.177117e-01
SGPTL,6427,2.335381e-04,2.520511e-05,1.177288e-01
SGPTL,6428,2.176959e-04,2.520511e-05,1.177470e-01
SGPTL,6429,2.158226e-04,2.520511e-05,1.177652e-01
SGPTL,6430,2.195299e-04,2.520511e-05,1.177824e-01
SGPTL,6431,2.083642e-04,2.520511e-05,1.178005e-01
SGPTL,6432,1.992920e-04,2.520511e-05,1.178183e-01
SGPTL,6433,1.952703e-04,2.520511e-05,1.178356e-01
SGPTL,6434,1.978216e-04,2.520511e-05,1.178536e-01
SGPTL,6435,1.949329e-04,2.520511e-05,1.178714e-01
SGPTL,6436,2.018355e-04,2.520511e-05,1.178888e-01
SGPTL,6437,2.141338e-04,2.520511e-05,1.179072e-01
SGPTL,6438,2.139048e-04,2.520511e-05,1.179250e-01
SGPTL,6439,2.142301e-04,2.520511e-05,1.179423e-01
SGPTL,6440,2.101388e-04,2.520511e-05,1.179607e-01
SGPTL,6441,2.184199e-04,2.520511e-05,1.179788e-01
SGPTL,6442,2.223948e-04,2.520511e-05,1.179960e-01
SGPTL,6443,2.271161e-04,2.520511e-05,1.180140e-01
SGPTL,6444,2.338075e-04,2.520511e-05,1.180318e-01
SGPTL,6445,2.240782e-04,2.520511e-05,1.180492e-01
SGPTL,6446,2.160722e-04,2.520511e-05,1.180673e-01
SGPTL,6447,2.199601e-04,2.520511e-05,1.180852e-01
SGPTL,6448,2.223429e-04,2.520511e-05,1.181025e-01
SGPTL,6449,2.228578e-04,2.520511e-05,1.181210e-01
SGPTL,6450,2.250317e-04,2.520511e-05,1.181390e-01
SGPTL,6451,2.273513e-04,2.520511e-05,1.181560e-01
SGPTL,6452,2.281191e-04,2.520511e-05,1.181741e-01
SGPTL,6453,2.368668e-04,2.520511e-05,1.181920e-01
SGPTL,6454,2.353969e-04,2.520511e-05,1.182096e-01
SGPTL,6455,2.218827e-04,2.520511e-05,1.182278e-01
SGPTL,6456,2.277666e-04,2.520511e-05,1.182458e-01
SGPTL,6457,2.068325e-04,2.520511e-05,1.182632e-01
SGPTL,6458,1.883402e-04,2.520511e-05,1.182815e-01
SGPTL,6459,1.786155e-04,2.520511e-05,1.182994e-01
SGPTL,6460,1.917181e-04,2.520511e-05,1.183164e-01
SGPTL,6461,2.118828e-04,2.520511e-05,1.183345e-01
SGPTL,6462,2.164857e-04,2.520511e-05,1.183525e-01
SGPTL,6463,2.301543e-04,2.520511e-05,1.183698e-01
SGPTL,6464,2.333207e-04,2.520511e-05,1.183878e-01
SGPTL,6465,2.451192e-04,2.520511e-05,1.184057e-01
SGPTL,6466,2.434290e-04,2.520511e-05,1.184232e-01
SGPTL,6467,2.417017e-04,2.520511e-05,1.184413e-01
SGPTL,6468,2.200478e-04,2.520511e-05,1.184595e-01
SGPTL,6469,2.005154e-04,2.520511e-05,1.184769e-01
SGPTL,6470,1.672848e-04,2.520511e-05,1.184951e-01
SGPTL,6471,1.716013e-04,2.520511e-05,1.185132e-01
SGPTL,6472,1.736618e-04,2.520511e-05,1.185315e-01
SGPTL,6473,1.810732e-04,2.520511e-05,1.185493e-01
SGPTL,6474,1.876434e-04,2.520511e-05,1.185668e-01
SGPTL,6475,1.911013e-04,2.520511e-05,1.185847e-01
SGPTL,6476,1.902026e-04,2.520511e-05,1.186028e-01
SGPTL,6477,1.882018e-04,2.520511e-05,1.186202e-01
SGPTL,6478,1.900596e-04,2.520511e-05,1.186384e-01
SGPTL,6479,1.990974e-04,2.520511e-05,1.186561e-01
SGPTL,6480,2.036213e-04,2.520511e-05,1.186737e-01
SGPTL,6481,2.105869e-04,2.520511e-05,1.186974e-01
SGPTL,6482,2.347535e-04,2.520511e-05,1.187158e-01
SGPTL,6483,2.251831e-04,2.520511e-05,1.187340e-01
SGPTL,6484,2.154444e-04,2.520511e-05,1.187512e-01
SGPTL,6485,2.121178e-04,2.520511e-05,1.187694e-01
SGPTL,6486,2.136289e-04,2.520511e-05,1.187874e-01
SGPTL,6487,2.011042e-04,2.520511e-05,1.188049e-01
SGPTL,6488,2.037199e-04,2.520511e-05,1.188232e-01
SGPTL,6489,2.095368e-04,2.520511e-05,1.188415e-01
SGPTL,6490,2.090060e-04,2.520511e-05,1.188594e-01
SGPTL,6491,1.366046e-04,2.520511e-05,1.188748e-01
SGPTL,6492,1.297003e-04,2.520511e-05,1.188930e-01
SGPTL,6493,1.322635e-04,2.520511e-05,1.189111e-01
SGPTL,6494,1.392289e-04,2.520511e-05,1.189296e-01
SGPTL,6495,1.379025e-04,2.520511e-05,1.189480e-01
SGPTL,6496,1.460468e-04,2.520511e-05,1.189654e-01
SGPTL,6497,1.446134e-04,2.520511e-05,1.189838e-01
SGPTL,6498,1.469694e-04,2.520511e-05,1.190019e-01
SGPTL,6499,1.535169e-04,2.520511e-05,1.190196e-01
SGPTL,6500,1.531097e-04,2.520511e-05,1.190380e-01
SGPTL,6501,1.538174e-04,2.520511e-05,1.190557e-01
SGPTL,6502,1.466977e-04,2.520511e-05,1.190742e-01
SGPTL,6503,1.388523e-04,2.520511e-05,1.190928e-01
SGPTL,6504,1.321031e-04,2.520511e-05,1.191097e-01
SGPTL,6505,1.225333e-04,2.520511e-05,1.191281e-01
SGPTL,6506,1.193865e-04,2.520511e-05,1.191468e-01
SGPTL,6507,1.131234e-04,2.520511e-05,1.191643e-01
SGPTL,6508,1.089531e-04,2.520511e-05,1.191829e-01
SGPTL,6509,1.044848e-04,2.520511e-05,1.192015e-01
SGPTL,6510,1.001242e-04,2.520511e-05,1.192190e-01
SGPTL,6511,9.978986e-05,2.520511e-05,1.192376e-01
SGPTL,6512,9.973955e-05,2.520511e-05,1.192559e-01
SGPTL,6513,9.535158e-05,2.520511e-05,1.192748e-01
SGPTL,6514,9.194474e-05,2.520511e-05,1.192942e-01
SGPTL,6515,9.412278e-05,2.520511e-05,1.193126e-01
SGPTL,6516,9.480164e-05,2.520511e-05,1.193306e-01
SGPTL,6517,9.770938e-05,2.520511e-05,1.193495e-01
SGPTL,6518,9.880319e-05,2.520511e-05,1.193680e-01
SGPTL,6519,9.988743e-05,2.520511e-05,1.193858e-01
SGPTL,6520,1.040437e-04,2.520511e-05,1.194040e-01
SGPTL,6521,1.064569e-04,2.520511e-05,1.194225e-01
SGPTL,6522,1.041692e-04,2.520511e-05,1.194405e-01
SGPTL,6523,1.016695e-04,2.520511e-05,1.194589e-01
SGPTL,6524,1.035948e-04,2.520511e-05,1.194770e-01
SGPTL,6525,1.009421e-04,2.520511e-05,1.194939e-01
SGPTL,6526,1.023079e-04,2.520511e-05,1.195122e-01
SGPTL,6527,1.017235e-04,2.520511e-05,1.195306e-01
SGPTL,6528,9.662471e-05,2.520511e-05,1.195477e-01
SGPTL,6529,9.431336e-05,2.520511e-05,1.195662e-01
SGPTL,6530,9.422608e-05,2.520511e-05,1.195886e-01
SGPTL,6531,8.835358e-05,2.520511e-05,1.196085e-01
SGPTL,6532,8.487508e-05,2.520511e-05,1.196270e-01
SGPTL,6533,8.888408e-05,2.520511e-05,1.196445e-01
SGPTL,6534,8.725328e-05,2.520511e-05,1.196628e-01
SGPTL,6535,8.691161e-05,2.520511e-05,1.196811e-01
SGPTL,6536,9.069169e-05,2.520511e-05,1.196982e-01
SGPTL,6537,8.985342e-05,2.520511e-05,1.197168e-01
SGPTL,6538,8.960847e-05,2.520511e-05,1.197356e-01
SGPTL,6539,8.829044e-05,2.520511e-05,1.197528e-01
SGPTL,6540,8.359025e-05,2.520511e-05,1.197717e-01
SGPTL,6541,8.090168e-05,2.520511e-05,1.197905e-01
SGPTL,6542,7.892472e-05,2.520511e-05,1.198088e-01
SGPTL,6543,7.913520e-05,2.520511e-05,1.198275e-01
SGPTL,6544,8.015278e-05,2.520511e-05,1.198460e-01
SGPTL,6545,8.162901e-05,2.520511e-05,1.198638e-01
SGPTL,6546,8.607067e-05,2.520511e-05,1.198822e-01
SGPTL,6547,8.194236e-05,2.520511e-05,1.199008e-01
SGPTL,6548,7.875754e-05,2.520511e-05,1.199186e-01
SGPTL,6549,8.746878e-05,2.520511e-05,1.199374e-01
SGPTL,6550,8.777952e-05,2.520511e-05,1.199559e-01
SGPTL,6551,8.732402e-05,2.520511e-05,1.199731e-01
SGPTL,6552,8.330961e-05,2.520511e-05,1.199919e-01
SGPTL,6553,7.647606e-05,2.520511e-05,1.200106e-01
SGPTL,6554,7.611292e-05,2.520511e-05,1.200277e-01
SGPTL,6555,7.941040e-05,2.520511e-05,1.200462e-01
SGPTL,6556,7.987717e-05,2.520511e-05,1.200648e-01
SGPTL,6557,8.196024e-05,2.520511e-05,1.200826e-01
SGPTL,6558,7.712980e-05,2.520511e-05,1.201010e-01
SGPTL,6559,7.533015e-05,2.520511e-05,1.201191e-01
SGPTL,6560,7.743213e-05,2.520511e-05,1.201374e-01
SGPTL,6561,7.233653e-05,2.520511e-05,1.201560e-01
SGPTL,6562,6.893528e-05,2.520511e-05,1.201749e-01
SGPTL,6563,6.820467e-05,2.520511e-05,1.201937e-01
SGPTL,6564,7.002380e-05,2.520511e-05,1.202117e-01
SGPTL,6565,6.975618e-05,2.520511e-05,1.202304e-01
SGPTL,6566,7.049266e-05,2.520511e-05,1.202491e-01
SGPTL,6567,6.642152e-05,2.520511e-05,1.202666e-01
SGPTL,6568,6.368940e-05,2.520511e-05,1.202855e-01
SGPTL,6569,6.250619e-05,2.520511e-05,1.203040e-01
SGPTL,6570,6.577806e-05,2.520511e-05,1.203212e-01
SGPTL,6571,4.949307e-05,2.520511e-05,1.203373e-01
SGPTL,6572,4.505686e-05,2.520511e-05,1.203567e-01
SGPTL,6573,4.404200e-05,2.520511e-05,1.203741e-01
SGPTL,6574,4.470504e-05,2.520511e-05,1.203928e-01
SGPTL,6575,4.721286e-05,2.520511e-05,1.204179e-01
SGPTL,6576,4.909516e-05,2.520511e-05,1.204364e-01
SGPTL,6577,4.952839e-05,2.520511e-05,1.204545e-01
SGPTL,6578,4.863721e-05,2.520511e-05,1.204730e-01
SGPTL,6579,4.792365e-05,2.520511e-05,1.204914e-01
SGPTL,6580,4.787611e-05,2.520511e-05,1.205085e-01
SGPTL,6581,4.770714e-05,2.520511e-05,1.205271e-01
SGPTL,6582,4.795340e-05,2.520511e-05,1.205457e-01
SGPTL,6583,4.599984e-05,2.520511e-05,1.205627e-01
SGPTL,6584,4.304062e-05,2.520511e-05,1.205813e-01
SGPTL,6585,4.072876e-05,2.520511e-05,1.205995e-01
SGPTL,6586,3.971343e-05,2.520511e-05,1.206166e-01
SGPTL,6587,3.869088e-05,2.520511e-05,1.206350e-01
SGPTL,6588,3.799618e-05,2.520511e-05,1.206535e-01
SGPTL,6589,3.698967e-05,2.520511e-05,1.206706e-01
SGPTL,6590,3.572177e-05,2.520511e-05,1.206890e-01
SGPTL,6591,3.469930e-05,2.520511e-05,1.207073e-01
SGPTL,6592,3.427438e-05,2.520511e-05,1.207244e-01
SGPTL,6593,3.443058e-05,2.520511e-05,1.207426e-01
SGPTL,6594,3.492463e-05,2.520511e-05,1.207612e-01
SGPTL,6595,3.381531e-05,2.520511e-05,1.207780e-01
SGPTL,6596,3.175985e-05,2.520511e-05,1.207963e-01
SGPTL,6597,3.115852e-05,2.520511e-05,1.208148e-01
SGPTL,6598,3.223097e-05,2.520511e-05,1.208317e-01
SGPTL,6599,3.356160e-05,2.520511e-05,1.208503e-01
SGPTL,6600,3.372381e-05,2.520511e-05,1.208689e-01
SGPTL,6601,3.410709e-05,2.520511e-05,1.208857e-01
SGPTL,6602,3.285135e-05,2.520511e-05,1.209044e-01
SGPTL,6603,3.070465e-05,2.520511e-05,1.209227e-01
SGPTL,6604,2.917197e-05,2.520511e-05,1.209396e-01
SGPTL,6605,2.695327e-05,2.520511e-05,1.209580e-01
SGPTL,6606,2.467103e-05,2.467103e-05,1.209774e-01
SGPTL,6607,2.359242e-05,2.359242e-05,1.209962e-01
SGPTL,6608,2.202612e-05,2.202612e-05,1.210188e-01
SGPTL,6609,2.128719e-05,2.128719e-05,1.210381e-01
SGPTL,6610,2.124237e-05,2.124237e-05,1.210570e-01
SGPTL,6611,1.930025e-05,1.930025e-05,1.210756e-01
SGPTL,6612,1.708049e-05,1.708049e-05,1.210936e-01
SGPTL,6613,1.623720e-05,1.623720e-05,1.211126e-01
SGPTL,6614,1.583465e-05,1.583465e-05,1.211314e-01
SGPTL,6615,1.570952e-05,1.570952e-05,1.211485e-01
SGPTL,6616,1.513128e-05,1.513128e-05,1.211673e-01
SGPTL,6617,1.461553e-05,1.461553e-05,1.211864e-01
SGPTL,6618,1.441345e-05,1.441345e-05,1.212052e-01
SGPTL,6619,1.393225e-05,1.393225e-05,1.212231e-01
SGPTL,6620,1.304573e-05,1.304573e-05,1.212416e-01
SGPTL,6621,1.429432e-05,1.304573e-05,1.212606e-01
SGPTL,6622,1.571589e-05,1.304573e-05,1.212792e-01
SGPTL,6623,1.958664e-05,1.304573e-05,1.212968e-01
SGPTL,6624,2.609943e-05,1.304573e-05,1.213156e-01
SGPTL,6625,3.405614e-05,1.304573e-05,1.213342e-01
SGPTL,6626,4.323085e-05,1.304573e-05,1.213512e-01
SGPTL,6627,5.096847e-05,1.304573e-05,1.213698e-01
SGPTL,6628,5.668853e-05,1.304573e-05,1.213885e-01
SGPTL,6629,6.856474e-05,1.304573e-05,1.214069e-01
SGPTL,6630,8.027288e-05,1.304573e-05,1.214265e-01
SGPTL,6631,8.981624e-05,1.304573e-05,1.214451e-01
SGPTL,6632,9.659363e-05,1.304573e-05,1.214623e-01
SGPTL,6633,1.187439e-04,1.304573e-05,1.214810e-01
SGPTL,6634,1.487278e-04,1.304573e-05,1.214995e-01
SGPTL,6635,1.564909e-04,1.304573e-05,1.215163e-01
SGPTL,6636,1.766397e-04,1.304573e-05,1.215352e-01
SGPTL,6637,1.836371e-04,1.304573e-05,1.215537e-01
SGPTL,6638,2.041609e-04,1.304573e-05,1.215707e-01
SGPTL,6639,2.163460e-04,1.304573e-05,1.215893e-01
SGPTL,6640,2.251506e-04,1.304573e-05,1.216077e-01
SGPTL,6641,2.335420e-04,1.304573e-05,1.216248e-01
SGPTL,6642,2.554459e-04,1.304573e-05,1.216431e-01
SGPTL,6643,2.677815e-04,1.304573e-05,1.216616e-01
SGPTL,6644,2.753276e-04,1.304573e-05,1.216788e-01
SGPTL,6645,2.729844e-04,1.304573e-05,1.216970e-01
SGPTL,6646,2.556012e-04,1.304573e-05,1.217152e-01
SGPTL,6647,2.430227e-04,1.304573e-05,1.217323e-01
SGPTL,6648,2.448145e-04,1.304573e-05,1.217508e-01
SGPTL,6649,2.331158e-04,1.304573e-05,1.217688e-01
SGPTL,6650,2.501437e-04,1.304573e-05,1.217860e-01
SGPTL,6651,2.616455e-04,1.304573e-05,1.218040e-01
SGPTL,6652,2.609730e-04,1.304573e-05,1.218220e-01
SGPTL,6653,2.550857e-04,1.304573e-05,1.218395e-01
SGPTL,6654,2.691175e-04,1.304573e-05,1.218576e-01
SGPTL,6655,2.722128e-04,1.304573e-05,1.218761e-01
SGPTL,6656,2.835163e-04,1.304573e-05,1.218930e-01
SGPTL,6657,3.243385e-04,1.304573e-05,1.219113e-01
SGPTL,6658,2.969910e-04,1.304573e-05,1.219291e-01
SGPTL,6659,3.003044e-04,1.304573e-05,1.219469e-01
SGPTL,6660,3.014869e-04,1.304573e-05,1.219651e-01
SGPTL,6661,2.864650e-04,1.304573e-05,1.219835e-01
SGPTL,6662,2.940762e-04,1.304573e-05,1.220006e-01
SGPTL,6663,3.044414e-04,1.304573e-05,1.220186e-01
SGPTL,6664,3.402571e-04,1.304573e-05,1.220366e-01
SGPTL,6665,3.605124e-04,1.304573e-05,1.220539e-01
SGPTL,6666,3.638326e-04,1.304573e-05,1.220722e-01
SGPTL,6667,3.782487e-04,1.304573e-05,1.220903e-01
SGPTL,6668,3.803058e-04,1.304573e-05,1.221074e-01
SGPTL,6669,3.594797e-04,1.304573e-05,1.221258e-01
SGPTL,6670,3.204367e-04,1.304573e-05,1.221437e-01
SGPTL,6671,3.241243e-04,1.304573e-05,1.221608e-01
SGPTL,6672,3.123748e-04,1.304573e-05,1.221793e-01
SGPTL,6673,3.193088e-04,1.304573e-05,1.221976e-01
SGPTL,6674,3.341026e-04,1.304573e-05,1.222146e-01
SGPTL,6675,3.468996e-04,1.304573e-05,1.222328e-01
SGPTL,6676,3.614466e-04,1.304573e-05,1.222510e-01
SGPTL,6677,3.841659e-04,1.304573e-05,1.222685e-01
SGPTL,6678,4.164234e-04,1.304573e-05,1.222870e-01
SGPTL,6679,4.468550e-04,1.304573e-05,1.223051e-01
SGPTL,6680,4.618005e-04,1.304573e-05,1.223223e-01
SGPTL,6681,4.384991e-04,1.304573e-05,1.223405e-01
SGPTL,6682,4.021357e-04,1.304573e-05,1.223586e-01
SGPTL,6683,4.001977e-04,1.304573e-05,1.223768e-01
SGPTL,6684,4.068185e-04,1.304573e-05,1.223950e-01
SGPTL,6685,4.534278e-04,1.304573e-05,1.224132e-01
SGPTL,6686,4.821229e-04,1.304573e-05,1.224305e-01
SGPTL,6687,4.724666e-04,1.304573e-05,1.224487e-01
SGPTL,6688,4.204052e-04,1.304573e-05,1.224665e-01
SGPTL,6689,3.768343e-04,1.304573e-05,1.224843e-01
SGPTL,6690,3.347919e-04,1.304573e-05,1.225025e-01
SGPTL,6691,3.417249e-04,1.304573e-05,1.225207e-01
SGPTL,6692,3.715208e-04,1.304573e-05,1.225383e-01
SGPTL,6693,4.158786e-04,1.304573e-05,1.225565e-01
SGPTL,6694,4.036172e-04,1.304573e-05,1.225751e-01
SGPTL,6695,4.159208e-04,1.304573e-05,1.225923e-01
SGPTL,6696,4.364477e-04,1.304573e-05,1.226108e-01
SGPTL,6697,4.335988e-04,1.304573e-05,1.226291e-01
SGPTL,6698,4.285713e-04,1.304573e-05,1.226464e-01
SGPTL,6699,4.149165e-04,1.304573e-05,1.226646e-01
SGPTL,6700,4.001887e-04,1.304573e-05,1.226823e-01
SGPTL,6701,2.670127e-04,1.304573e-05,1.226982e-01
SGPTL,6702,2.437581e-04,1.304573e-05,1.227167e-01
SGPTL,6703,2.283323e-04,1.304573e-05,1.227350e-01
SGPTL,6704,2.313364e-04,1.304573e-05,1.227523e-01
SGPTL,6705,2.432120e-04,1.304573e-05,1.227705e-01
SGPTL,6706,2.618897e-04,1.304573e-05,1.227885e-01
SGPTL,6707,2.834067e-04,1.304573e-05,1.228060e-01
SGPTL,6708,3.055314e-04,1.304573e-05,1.228243e-01
SGPTL,6709,3.187514e-04,1.304573e-05,1.228425e-01
SGPTL,6710,3.299865e-04,1.304573e-05,1.228600e-01
SGPTL,6711,3.371775e-04,1.304573e-05,1.228780e-01
SGPTL,6712,3.344108e-04,1.304573e-05,1.228962e-01
SGPTL,6713,3.137459e-04,1.304573e-05,1.229145e-01
SGPTL,6714,2.880085e-04,1.304573e-05,1.229323e-01
SGPTL,6715,2.761838e-04,1.304573e-05,1.229506e-01
SGPTL,6716,2.717636e-04,1.304573e-05,1.229688e-01
SGPTL,6717,2.760342e-04,1.304573e-05,1.229861e-01
SGPTL,6718,2.723992e-04,1.304573e-05,1.230043e-01
SGPTL,6719,2.700816e-04,1.304573e-05,1.230222e-01
SGPTL,6720,2.615503e-04,1.304573e-05,1.230398e-01
SGPTL,6721,2.592870e-04,1.304573e-05,1.230579e-01
SGPTL,6722,2.542551e-04,1.304573e-05,1.230759e-01
SGPTL,6723,2.502788e-04,1.304573e-05,1.230935e-01
SGPTL,6724,2.479655e-04,1.304573e-05,1.231118e-01
SGPTL,6725,2.558455e-04,1.304573e-05,1.231297e-01
SGPTL,6726,2.594609e-04,1.304573e-05,1.231473e-01
SGPTL,6727,2.761736e-04,1.304573e-05,1.231653e-01
SGPTL,6728,2.753102e-04,1.304573e-05,1.231833e-01
SGPTL,6729,2.718129e-04,1.304573e-05,1.232005e-01
SGPTL,6730,2.729702e-04,1.304573e-05,1.232186e-01
SGPTL,6731,2.712369e-04,1.304573e-05,1.232367e-01
SGPTL,6732,2.822461e-04,1.304573e-05,1.232540e-01
SGPTL,6733,2.942360e-04,1.304573e-05,1.232723e-01
SGPTL,6734,2.936507e-04,1.304573e-05,1.232905e-01
SGPTL,6735,3.213388e-04,1.304573e-05,1.233077e-01
SGPTL,6736,3.396283e-04,1.304573e-05,1.233304e-01
SGPTL,6737,3.555533e-04,1.304573e-05,1.233491e-01
SGPTL,6738,3.489477e-04,1.304573e-05,1.233661e-01
SGPTL,6739,3.850127e-04,1.304573e-05,1.233844e-01
SGPTL,6740,3.612701e-04,1.304573e-05,1.234030e-01
SGPTL,6741,3.818161e-04,1.304573e-05,1.234204e-01
SGPTL,6742,3.784039e-04,1.304573e-05,1.234385e-01
SGPTL,6743,3.467491e-04,1.304573e-05,1.234567e-01
SGPTL,6744,3.052058e-04,1.304573e-05,1.234745e-01
SGPTL,6745,2.891052e-04,1.304573e-05,1.234930e-01
SGPTL,6746,3.119789e-04,1.304573e-05,1.235114e-01
SGPTL,6747,3.391036e-04,1.304573e-05,1.235284e-01
SGPTL,6748,3.478180e-04,1.304573e-05,1.235466e-01
SGPTL,6749,3.363315e-04,1.304573e-05,1.235649e-01
SGPTL,6750,3.203743e-04,1.304573e-05,1.235826e-01
SGPTL,6751,3.190552e-04,1.304573e-05,1.236010e-01
SGPTL,6752,3.028480e-04,1.304573e-05,1.236194e-01
SGPTL,6753,3.019585e-04,1.304573e-05,1.236365e-01
SGPTL,6754,2.962363e-04,1.304573e-05,1.236547e-01
SGPTL,6755,2.984327e-04,1.304573e-05,1.236728e-01
SGPTL,6756,2.992236e-04,1.304573e-05,1.236906e-01
SGPTL,6757,3.155457e-04,1.304573e-05,1.237088e-01
SGPTL,6758,3.128015e-04,1.304573e-05,1.237271e-01
SGPTL,6759,3.368114e-04,1.304573e-05,1.237444e-01
SGPTL,6760,3.316155e-04,1.304573e-05,1.237627e-01
SGPTL,6761,3.348616e-04,1.304573e-05,1.237804e-01
SGPTL,6762,3.329128e-04,1.304573e-05,1.237983e-01
SGPTL,6763,3.305441e-04,1.304573e-05,1.238166e-01
SGPTL,6764,3.313735e-04,1.304573e-05,1.238349e-01
SGPTL,6765,3.316691e-04,1.304573e-05,1.238521e-01
SGPTL,6766,3.429945e-04,1.304573e-05,1.238705e-01
SGPTL,6767,3.572718e-04,1.304573e-05,1.238883e-01
SGPTL,6768,3.492282e-04,1.304573e-05,1.239059e-01
SGPTL,6769,3.290606e-04,1.304573e-05,1.239241e-01
SGPTL,6770,3.251705e-04,1.304573e-05,1.239424e-01
SGPTL,6771,3.207351e-04,1.304573e-05,1.239594e-01
SGPTL,6772,3.205054e-04,1.304573e-05,1.239778e-01
SGPTL,6773,3.306230e-04,1.304573e-05,1.239955e-01
SGPTL,6774,3.449515e-04,1.304573e-05,1.240133e-01
SGPTL,6775,3.590493e-04,1.304573e-05,1.240315e-01
SGPTL,6776,3.590216e-04,1.304573e-05,1.240499e-01
SGPTL,6777,3.502108e-04,1.304573e-05,1.240671e-01
SGPTL,6778,3.515278e-04,1.304573e-05,1.240852e-01
SGPTL,6779,3.474392e-04,1.304573e-05,1.241031e-01
SGPTL,6780,3.401954e-04,1.304573e-05,1.241204e-01
SGPTL,6781,2.444715e-04,1.304573e-05,1.241359e-01
SGPTL,6782,2.185944e-04,1.304573e-05,1.241541e-01
SGPTL,6783,2.190644e-04,1.304573e-05,1.241718e-01
SGPTL,6784,2.178931e-04,1.304573e-05,1.241901e-01
SGPTL,6785,2.334757e-04,1.304573e-05,1.242082e-01
SGPTL,6786,2.324882e-04,1.304573e-05,1.242253e-01
SGPTL,6787,2.370016e-04,1.304573e-05,1.242433e-01
SGPTL,6788,2.542037e-04,1.304573e-05,1.242612e-01
SGPTL,6789,2.777711e-04,1.304573e-05,1.242787e-01
SGPTL,6790,2.826789e-04,1.304573e-05,1.242968e-01
SGPTL,6791,2.802618e-04,1.304573e-05,1.243146e-01
SGPTL,6792,2.739728e-04,1.304573e-05,1.243320e-01
SGPTL,6793,2.772680e-04,1.304573e-05,1.243502e-01
SGPTL,6794,2.821202e-04,1.304573e-05,1.243682e-01
SGPTL,6795,2.817410e-04,1.304573e-05,1.243856e-01
SGPTL,6796,2.775527e-04,1.304573e-05,1.244036e-01
SGPTL,6797,2.768348e-04,1.304573e-05,1.244215e-01
SGPTL,6798,2.707198e-04,1.304573e-05,1.244388e-01
SGPTL,6799,2.537728e-04,1.304573e-05,1.244567e-01
SGPTL,6800,2.473948e-04,1.304573e-05,1.244745e-01
SGPTL,6801,2.461230e-04,1.304573e-05,1.244918e-01
SGPTL,6802,2.517030e-04,1.304573e-05,1.245100e-01
SGPTL,6803,2.559584e-04,1.304573e-05,1.245283e-01
SGPTL,6804,2.594105e-04,1.304573e-05,1.245456e-01
SGPTL,6805,2.645547e-04,1.304573e-05,1.245639e-01
SGPTL,6806,2.729264e-04,1.304573e-05,1.245817e-01
SGPTL,6807,2.770363e-04,1.304573e-05,1.245995e-01
SGPTL,6808,2.752306e-04,1.304573e-05,1.246181e-01
SGPTL,6809,2.667896e-04,1.304573e-05,1.246364e-01
SGPTL,6810,2.597075e-04,1.304573e-05,1.246535e-01
SGPTL,6811,2.568207e-04,1.304573e-05,1.246717e-01
SGPTL,6812,2.521238e-04,1.304573e-05,1.246895e-01
SGPTL,6813,2.596740e-04,1.304573e-05,1.247074e-01
SGPTL,6814,2.566582e-04,1.304573e-05,1.247257e-01
SGPTL,6815,2.524706e-04,1.304573e-05,1.247437e-01
SGPTL,6816,2.788430e-04,1.304573e-05,1.247608e-01
SGPTL,6817,3.046223e-04,1.304573e-05,1.247795e-01
SGPTL,6818,2.913779e-04,1.304573e-05,1.247977e-01
SGPTL,6819,2.753697e-04,1.304573e-05,1.248151e-01
SGPTL,6820,2.801540e-04,1.304573e-05,1.248336e-01
SGPTL,6821,2.777314e-04,1.304573e-05,1.248517e-01
SGPTL,6822,2.616721e-04,1.304573e-05,1.248691e-01
SGPTL,6823,2.405532e-04,1.304573e-05,1.248874e-01
SGPTL,6824,2.418094e-04,1.304573e-05,1.249052e-01
SGPTL,6825,2.474939e-04,1.304573e-05,1.249229e-01
SGPTL,6826,2.481506e-04,1.304573e-05,1.249412e-01
SGPTL,6827,2.476090e-04,1.304573e-05,1.249593e-01
SGPTL,6828,2.631931e-04,1.304573e-05,1.249767e-01
SGPTL,6829,2.564028e-04,1.304573e-05,1.249948e-01
SGPTL,6830,2.523362e-04,1.304573e-05,1.250127e-01
SGPTL,6831,2.482654e-04,1.304573e-05,1.250299e-01
SGPTL,6832,2.551355e-04,1.304573e-05,1.250480e-01
SGPTL,6833,2.747749e-04,1.304573e-05,1.250655e-01
SGPTL,6834,2.650857e-04,1.304573e-05,1.250834e-01
SGPTL,6835,2.617793e-04,1.304573e-05,1.251016e-01
SGPTL,6836,2.743321e-04,1.304573e-05,1.251200e-01
SGPTL,6837,2.901899e-04,1.304573e-05,1.251372e-01
SGPTL,6838,3.088403e-04,1.304573e-05,1.251555e-01
SGPTL,6839,3.267991e-04,1.304573e-05,1.251732e-01
SGPTL,6840,3.009109e-04,1.304573e-05,1.251908e-01
SGPTL,6841,2.836743e-04,1.304573e-05,1.252087e-01
SGPTL,6842,2.881352e-04,1.304573e-05,1.252266e-01
SGPTL,6843,2.734901e-04,1.304573e-05,1.252440e-01
SGPTL,6844,2.728061e-04,1.304573e-05,1.252621e-01
SGPTL,6845,2.651138e-04,1.304573e-05,1.252799e-01
SGPTL,6846,2.653337e-04,1.304573e-05,1.252973e-01
SGPTL,6847,2.703053e-04,1.304573e-05,1.253153e-01
SGPTL,6848,2.939003e-04,1.304573e-05,1.253334e-01
SGPTL,6849,2.851690e-04,1.304573e-05,1.253505e-01
SGPTL,6850,2.739052e-04,1.304573e-05,1.253689e-01
SGPTL,6851,2.984338e-04,1.304573e-05,1.253865e-01
SGPTL,6852,3.038481e-04,1.304573e-05,1.254045e-01
SGPTL,6853,3.132033e-04,1.304573e-05,1.254224e-01
SGPTL,6854,2.909424e-04,1.304573e-05,1.254405e-01
SGPTL,6855,2.979467e-04,1.304573e-05,1.254576e-01
SGPTL,6856,2.852129e-04,1.304573e-05,1.254758e-01
SGPTL,6857,2.663432e-04,1.304573e-05,1.254935e-01
SGPTL,6858,2.553993e-04,1.304573e-05,1.255110e-01
SGPTL,6859,2.299087e-04,1.304573e-05,1.255289e-01
SGPTL,6860,2.199662e-04,1.304573e-05,1.255468e-01
SGPTL,6861,1.607578e-04,1.304573e-05,1.255620e-01
SGPTL,6862,1.632078e-04,1.304573e-05,1.255801e-01
SGPTL,6863,1.665299e-04,1.304573e-05,1.256020e-01
SGPTL,6864,1.707393e-04,1.304573e-05,1.256201e-01
SGPTL,6865,1.697510e-04,1.304573e-05,1.256377e-01
SGPTL,6866,1.690433e-04,1.304573e-05,1.256562e-01
SGPTL,6867,1.657586e-04,1.304573e-05,1.256743e-01
SGPTL,6868,1.780368e-04,1.304573e-05,1.256917e-01
SGPTL,6869,1.822555e-04,1.304573e-05,1.257101e-01
SGPTL,6870,1.873791e-04,1.304573e-05,1.257281e-01
SGPTL,6871,1.877564e-04,1.304573e-05,1.257455e-01
SGPTL,6872,1.885605e-04,1.304573e-05,1.257638e-01
SGPTL,6873,1.823908e-04,1.304573e-05,1.257820e-01
SGPTL,6874,1.790628e-04,1.304573e-05,1.257999e-01
SGPTL,6875,1.775065e-04,1.304573e-05,1.258182e-01
SGPTL,6876,1.756320e-04,1.304573e-05,1.258365e-01
SGPTL,6877,1.700933e-04,1.304573e-05,1.258537e-01
SGPTL,6878,1.694437e-04,1.304573e-05,1.258719e-01
SGPTL,6879,1.687023e-04,1.304573e-05,1.258899e-01
SGPTL,6880,1.701521e-04,1.304573e-05,1.259074e-01
SGPTL,6881,1.844572e-04,1.304573e-05,1.259258e-01
SGPTL,6882,1.925507e-04,1.304573e-05,1.259440e-01
SGPTL,6883,1.903840e-04,1.304573e-05,1.259621e-01
SGPTL,6884,1.905841e-04,1.304573e-05,1.259803e-01
SGPTL,6885,1.818516e-04,1.304573e-05,1.259980e-01
SGPTL,6886,1.755587e-04,1.304573e-05,1.260162e-01
SGPTL,6887,1.745170e-04,1.304573e-05,1.260344e-01
SGPTL,6888,1.887352e-04,1.304573e-05,1.260526e-01
SGPTL,6889,1.928536e-04,1.304573e-05,1.260709e-01
SGPTL,6890,1.829575e-04,1.304573e-05,1.260881e-01
SGPTL,6891,1.671187e-04,1.304573e-05,1.261066e-01
SGPTL,6892,1.583303e-04,1.304573e-05,1.261242e-01
SGPTL,6893,1.593540e-04,1.304573e-05,1.261419e-01
SGPTL,6894,1.656517e-04,1.304573e-05,1.261602e-01
SGPTL,6895,1.733930e-04,1.304573e-05,1.261783e-01
SGPTL,6896,1.713408e-04,1.304573e-05,1.261955e-01
SGPTL,6897,1.734967e-04,1.304573e-05,1.262139e-01
SGPTL,6898,1.755972e-04,1.304573e-05,1.262316e-01
SGPTL,6899,1.787998e-04,1.304573e-05,1.262494e-01
SGPTL,6900,1.781824e-04,1.304573e-05,1.262676e-01
SGPTL,6901,1.782935e-04,1.304573e-05,1.262858e-01
SGPTL,6902,1.695367e-04,1.304573e-05,1.263028e-01
SGPTL,6903,1.632729e-04,1.304573e-05,1.263211e-01
SGPTL,6904,1.594258e-04,1.304573e-05,1.263390e-01
SGPTL,6905,1.555811e-04,1.304573e-05,1.263566e-01
SGPTL,6906,1.596671e-04,1.304573e-05,1.263747e-01
SGPTL,6907,1.681640e-04,1.304573e-05,1.263928e-01
SGPTL,6908,1.683372e-04,1.304573e-05,1.264102e-01
SGPTL,6909,1.545707e-04,1.304573e-05,1.264284e-01
SGPTL,6910,1.599896e-04,1.304573e-05,1.264465e-01
SGPTL,6911,1.555157e-04,1.304573e-05,1.264637e-01
SGPTL,6912,1.608374e-04,1.304573e-05,1.264820e-01
SGPTL,6913,1.632934e-04,1.304573e-05,1.264997e-01
SGPTL,6914,1.531236e-04,1.304573e-05,1.265174e-01
SGPTL,6915,1.612050e-04,1.304573e-05,1.265356e-01
SGPTL,6916,1.669603e-04,1.304573e-05,1.265537e-01
SGPTL,6917,1.642473e-04,1.304573e-05,1.265708e-01
SGPTL,6918,1.633501e-04,1.304573e-05,1.265889e-01
SGPTL,6919,1.561958e-04,1.304573e-05,1.266070e-01
SGPTL,6920,1.617436e-04,1.304573e-05,1.266250e-01
SGPTL,6921,1.567559e-04,1.304573e-05,1.266431e-01
SGPTL,6922,1.470598e-04,1.304573e-05,1.266612e-01
SGPTL,6923,1.551851e-04,1.304573e-05,1.266783e-01
SGPTL,6924,1.609899e-04,1.304573e-05,1.266966e-01
SGPTL,6925,1.552575e-04,1.304573e-05,1.267151e-01
SGPTL,6926,1.485010e-04,1.304573e-05,1.267327e-01
SGPTL,6927,1.493094e-04,1.304573e-05,1.267511e-01
SGPTL,6928,1.478772e-04,1.304573e-05,1.267695e-01
SGPTL,6929,1.518982e-04,1.304573e-05,1.267870e-01
SGPTL,6930,1.678435e-04,1.304573e-05,1.268054e-01
SGPTL,6931,1.705519e-04,1.304573e-05,1.268240e-01
SGPTL,6932,1.756130e-04,1.304573e-05,1.268415e-01
SGPTL,6933,1.652242e-04,1.304573e-05,1.268597e-01
SGPTL,6934,1.470560e-04,1.304573e-05,1.268782e-01
SGPTL,6935,1.491515e-04,1.304573e-05,1.268956e-01
SGPTL,6936,1.548465e-04,1.304573e-05,1.269138e-01
SGPTL,6937,1.614232e-04,1.304573e-05,1.269325e-01
SGPTL,6938,1.554495e-04,1.304573e-05,1.269499e-01
SGPTL,6939,1.585863e-04,1.304573e-05,1.269684e-01
SGPTL,6940,1.576341e-04,1.304573e-05,1.269865e-01
SGPTL,6941,1.299735e-04,1.304573e-05,1.270018e-01
SGPTL,6942,1.134939e-04,1.304573e-05,1.270200e-01
SGPTL,6943,1.108706e-04,1.304573e-05,1.270383e-01
SGPTL,6944,1.211880e-04,1.304573e-05,1.270555e-01
SGPTL,6945,1.266090e-04,1.304573e-05,1.270736e-01
SGPTL,6946,1.359101e-04,1.304573e-05,1.270917e-01
SGPTL,6947,1.443614e-04,1.304573e-05,1.271096e-01
SGPTL,6948,1.499479e-04,1.304573e-05,1.271279e-01
SGPTL,6949,1.485968e-04,1.304573e-05,1.271461e-01
SGPTL,6950,1.499876e-04,1.304573e-05,1.271634e-01
SGPTL,6951,1.493912e-04,1.304573e-05,1.271815e-01
SGPTL,6952,1.500491e-04,1.304573e-05,1.272041e-01
SGPTL,6953,1.439149e-04,1.304573e-05,1.272226e-01
SGPTL,6954,1.289694e-04,1.304573e-05,1.272408e-01
SGPTL,6955,1.217391e-04,1.304573e-05,1.272589e-01
SGPTL,6956,1.187539e-04,1.304573e-05,1.272770e-01
SGPTL,6957,1.166216e-04,1.304573e-05,1.272940e-01
SGPTL,6958,1.168340e-04,1.304573e-05,1.273121e-01
SGPTL,6959,1.131529e-04,1.304573e-05,1.273299e-01
SGPTL,6960,1.144103e-04,1.304573e-05,1.273472e-01
SGPTL,6961,1.172712e-04,1.304573e-05,1.273654e-01
SGPTL,6962,1.253237e-04,1.304573e-05,1.273836e-01
SGPTL,6963,1.372892e-04,1.304573e-05,1.274006e-01
SGPTL,6964,1.490470e-04,1.304573e-05,1.274190e-01
SGPTL,6965,1.492099e-04,1.304573e-05,1.274368e-01
SGPTL,6966,1.449670e-04,1.304573e-05,1.274545e-01
SGPTL,6967,1.478253e-04,1.304573e-05,1.274725e-01
SGPTL,6968,1.505716e-04,1.304573e-05,1.274908e-01
SGPTL,6969,1.390384e-04,1.304573e-05,1.275077e-01
SGPTL,6970,1.248236e-04,1.304573e-05,1.275260e-01
SGPTL,6971,1.191249e-04,1.304573e-05,1.275438e-01
SGPTL,6972,1.211779e-04,1.304573e-05,1.275612e-01
SGPTL,6973,1.182327e-04,1.304573e-05,1.275792e-01
SGPTL,6974,1.242175e-04,1.304573e-05,1.275970e-01
SGPTL,6975,1.248179e-04,1.304573e-05,1.276143e-01
SGPTL,6976,1.282042e-04,1.304573e-05,1.276325e-01
SGPTL,6977,1.308743e-04,1.304573e-05,1.276507e-01
SGPTL,6978,1.363160e-04,1.304573e-05,1.276678e-01
SGPTL,6979,1.398818e-04,1.304573e-05,1.276860e-01
SGPTL,6980,1.473711e-04,1.304573e-05,1.277039e-01
SGPTL,6981,1.508585e-04,1.304573e-05,1.277214e-01
SGPTL,6982,1.592559e-04,1.304573e-05,1.277395e-01
SGPTL,6983,1.666472e-04,1.304573e-05,1.277576e-01
SGPTL,6984,1.567199e-04,1.304573e-05,1.277749e-01
SGPTL,6985,1.415069e-04,1.304573e-05,1.277930e-01
SGPTL,6986,1.322718e-04,1.304573e-05,1.278109e-01
SGPTL,6987,1.249650e-04,1.304573e-05,1.278281e-01
SGPTL,6988,1.241904e-04,1.304573e-05,1.278462e-01
SGPTL,6989,1.200767e-04,1.304573e-05,1.278643e-01
SGPTL,6990,1.194675e-04,1.304573e-05,1.278824e-01
SGPTL,6991,1.228523e-04,1.304573e-05,1.279043e-01
SGPTL,6992,1.304605e-04,1.304573e-05,1.279228e-01
SGPTL,6993,1.287414e-04,1.304573e-05,1.279401e-01
SGPTL,6994,1.321507e-04,1.304573e-05,1.279587e-01
SGPTL,6995,1.452283e-04,1.304573e-05,1.279770e-01
SGPTL,6996,1.436085e-04,1.304573e-05,1.279942e-01
SGPTL,6997,1.416735e-04,1.304573e-05,1.280126e-01
SGPTL,6998,1.403180e-04,1.304573e-05,1.280312e-01
SGPTL,6999,1.425531e-04,1.304573e-05,1.281482e-01
SGPTL,7000,1.318478e-04,1.304573e-05,1.281720e-01
SGPTL,7001,1.324289e-04,1.304573e-05,1.281923e-01
SGPTL,7002,1.329807e-04,1.304573e-05,1.282108e-01
SGPTL,7003,1.239835e-04,1.304573e-05,1.282300e-01
SGPTL,7004,1.228259e-04,1.304573e-05,1.282488e-01
SGPTL,7005,1.298838e-04,1.304573e-05,1.282665e-01
SGPTL,7006,1.392535e-04,1.304573e-05,1.282854e-01
SGPTL,7007,1.420542e-04,1.304573e-05,1.283042e-01
SGPTL,7008,1.444635e-04,1.304573e-05,1.283230e-01
SGPTL,7009,1.371806e-04,1.304573e-05,1.283416e-01
SGPTL,7010,1.372084e-04,1.304573e-05,1.283590e-01
SGPTL,7011,1.315022e-04,1.304573e-05,1.283776e-01
SGPTL,7012,1.288467e-04,1.304573e-05,1.283959e-01
SGPTL,7013,1.316215e-04,1.304573e-05,1.284132e-01
SGPTL,7014,1.310491e-04,1.304573e-05,1.284317e-01
SGPTL,7015,1.324626e-04,1.304573e-05,1.284493e-01
SGPTL,7016,1.365444e-04,1.304573e-05,1.284671e-01
SGPTL,7017,1.453493e-04,1.304573e-05,1.284853e-01
SGPTL,7018,1.441817e-04,1.304573e-05,1.285037e-01
SGPTL,7019,1.419638e-04,1.304573e-05,1.285208e-01
SGPTL,7020,1.322829e-04,1.304573e-05,1.285391e-01
SGPTL,7021,9.229888e-05,1.304573e-05,1.285551e-01
SGPTL,7022,8.899398e-05,1.304573e-05,1.285731e-01
SGPTL,7023,8.592004e-05,1.304573e-05,1.285917e-01
SGPTL,7024,8.708038e-05,1.304573e-05,1.286102e-01
SGPTL,7025,8.557655e-05,1.304573e-05,1.286275e-01
SGPTL,7026,8.827877e-05,1.304573e-05,1.286461e-01
SGPTL,7027,9.061413e-05,1.304573e-05,1.286645e-01
SGPTL,7028,9.538458e-05,1.304573e-05,1.286830e-01
SGPTL,7029,9.491799e-05,1.304573e-05,1.287018e-01
SGPTL,7030,9.916938e-05,1.304573e-05,1.287206e-01
SGPTL,7031,9.923865e-05,1.304573e-05,1.287380e-01
SGPTL,7032,9.624539e-05,1.304573e-05,1.287569e-01
SGPTL,7033,9.079540e-05,1.304573e-05,1.287753e-01
SGPTL,7034,8.354692e-05,1.304573e-05,1.287936e-01
SGPTL,7035,7.830786e-05,1.304573e-05,1.288120e-01
SGPTL,7036,7.588578e-05,1.304573e-05,1.288307e-01
SGPTL,7037,7.337253e-05,1.304573e-05,1.288480e-01
SGPTL,7038,7.399371e-05,1.304573e-05,1.288668e-01
SGPTL,7039,7.434168e-05,1.304573e-05,1.288850e-01
SGPTL,7040,7.204112e-05,1.304573e-05,1.289030e-01
SGPTL,7041,6.978020e-05,1.304573e-05,1.289215e-01
SGPTL,7042,6.727766e-05,1.304573e-05,1.289400e-01
SGPTL,7043,6.477697e-05,1.304573e-05,1.289573e-01
SGPTL,7044,6.683909e-05,1.304573e-05,1.289757e-01
SGPTL,7045,7.153956e-05,1.304573e-05,1.289942e-01
SGPTL,7046,7.648154e-05,1.304573e-05,1.290121e-01
SGPTL,7047,8.024782e-05,1.304573e-05,1.290304e-01
SGPTL,7048,7.906959e-05,1.304573e-05,1.290489e-01
SGPTL,7049,7.583035e-05,1.304573e-05,1.290660e-01
SGPTL,7050,7.167773e-05,1.304573e-05,1.290844e-01
SGPTL,7051,7.144007e-05,1.304573e-05,1.291028e-01
SGPTL,7052,7.078983e-05,1.304573e-05,1.291203e-01
SGPTL,7053,6.704624e-05,1.304573e-05,1.291386e-01
SGPTL,7054,6.232963e-05,1.304573e-05,1.291564e-01
SGPTL,7055,6.308027e-05,1.304573e-05,1.291744e-01
SGPTL,7056,6.261205e-05,1.304573e-05,1.291928e-01
SGPTL,7057,6.436947e-05,1.304573e-05,1.292113e-01
SGPTL,7058,6.453512e-05,1.304573e-05,1.292286e-01
SGPTL,7059,6.754204e-05,1.304573e-05,1.292471e-01
SGPTL,7060,7.166941e-05,1.304573e-05,1.292649e-01
SGPTL,7061,7.555274e-05,1.304573e-05,1.292828e-01
SGPTL,7062,8.166291e-05,1.304573e-05,1.293012e-01
SGPTL,7063,7.295451e-05,1.304573e-05,1.293195e-01
SGPTL,7064,7.161264e-05,1.304573e-05,1.293369e-01
SGPTL,7065,6.204430e-05,1.304573e-05,1.293555e-01
SGPTL,7066,5.696873e-05,1.304573e-05,1.293741e-01
SGPTL,7067,5.636072e-05,1.304573e-05,1.293910e-01
SGPTL,7068,5.806026e-05,1.304573e-05,1.294098e-01
SGPTL,7069,5.750312e-05,1.304573e-05,1.294291e-01
SGPTL,7070,5.908026e-05,1.304573e-05,1.294476e-01
SGPTL,7071,6.189961e-05,1.304573e-05,1.294664e-01
SGPTL,7072,6.370008e-05,1.304573e-05,1.294837e-01
SGPTL,7073,6.841278e-05,1.304573e-05,1.295020e-01
SGPTL,7074,7.342594e-05,1.304573e-05,1.295205e-01
SGPTL,7075,7.099486e-05,1.304573e-05,1.295377e-01
SGPTL,7076,7.075948e-05,1.304573e-05,1.295561e-01
SGPTL,7077,7.018021e-05,1.304573e-05,1.295747e-01
SGPTL,7078,6.754306e-05,1.304573e-05,1.295918e-01
SGPTL,7079,6.763811e-05,1.304573e-05,1.296103e-01
SGPTL,7080,6.157675e-05,1.304573e-05,1.296286e-01
SGPTL,7081,6.163296e-05,1.304573e-05,1.296464e-01
SGPTL,7082,6.300973e-05,1.304573e-05,1.296645e-01
SGPTL,7083,6.557987e-05,1.304573e-05,1.296830e-01
SGPTL,7084,6.573596e-05,1.304573e-05,1.297005e-01
SGPTL,7085,6.695228e-05,1.304573e-05,1.297190e-01
SGPTL,7086,6.660848e-05,1.304573e-05,1.297375e-01
SGPTL,7087,6.165486e-05,1.304573e-05,1.297551e-01
SGPTL,7088,5.893613e-05,1.304573e-05,1.297738e-01
SGPTL,7089,6.482032e-05,1.304573e-05,1.297923e-01
SGPTL,7090,7.198068e-05,1.304573e-05,1.298095e-01
SGPTL,7091,6.800032e-05,1.304573e-05,1.298278e-01
SGPTL,7092,5.969696e-05,1.304573e-05,1.298461e-01
SGPTL,7093,5.451150e-05,1.304573e-05,1.298638e-01
SGPTL,7094,5.630828e-05,1.304573e-05,1.298821e-01
SGPTL,7095,5.935915e-05,1.304573e-05,1.299002e-01
SGPTL,7096,6.161406e-05,1.304573e-05,1.299177e-01
SGPTL,7097,6.202710e-05,1.304573e-05,1.299360e-01
SGPTL,7098,6.585465e-05,1.304573e-05,1.299542e-01
SGPTL,7099,6.957500e-05,1.304573e-05,1.299718e-01
SGPTL,7100,7.202194e-05,1.304573e-05,1.299901e-01
SGPTL,7101,4.567059e-05,1.304573e-05,1.300058e-01
SGPTL,7102,4.377809e-05,1.304573e-05,1.300234e-01
SGPTL,7103,4.311813e-05,1.304573e-05,1.300417e-01
SGPTL,7104,4.438245e-05,1.304573e-05,1.300602e-01
SGPTL,7105,4.426181e-05,1.304573e-05,1.300774e-01
SGPTL,7106,4.492699e-05,1.304573e-05,1.300956e-01
SGPTL,7107,4.506420e-05,1.304573e-05,1.301135e-01
SGPTL,7108,4.469321e-05,1.304573e-05,1.301312e-01
SGPTL,7109,4.418730e-05,1.304573e-05,1.301493e-01
SGPTL,7110,4.302052e-05,1.304573e-05,1.301674e-01
SGPTL,7111,4.200690e-05,1.304573e-05,1.301848e-01
SGPTL,7112,4.149150e-05,1.304573e-05,1.302032e-01
SGPTL,7113,4.035948e-05,1.304573e-05,1.302212e-01
SGPTL,7114,3.914467e-05,1.304573e-05,1.302387e-01
SGPTL,7115,3.916733e-05,1.304573e-05,1.302567e-01
SGPTL,7116,3.884798e-05,1.304573e-05,1.302746e-01
SGPTL,7117,3.637878e-05,1.304573e-05,1.302920e-01
SGPTL,7118,3.505602e-05,1.304573e-05,1.303144e-01
SGPTL,7119,3.407498e-05,1.304573e-05,1.303333e-01
SGPTL,7120,3.205024e-05,1.304573e-05,1.303508e-01
SGPTL,7121,3.143957e-05,1.304573e-05,1.303692e-01
SGPTL,7122,3.053335e-05,1.304573e-05,1.303870e-01
SGPTL,7123,3.019318e-05,1.304573e-05,1.304048e-01
SGPTL,7124,3.140702e-05,1.304573e-05,1.304233e-01
SGPTL,7125,3.182847e-05,1.304573e-05,1.304415e-01
SGPTL,7126,3.131225e-05,1.304573e-05,1.304586e-01
SGPTL,7127,3.106384e-05,1.304573e-05,1.304770e-01
SGPTL,7128,3.191684e-05,1.304573e-05,1.304947e-01
SGPTL,7129,3.362646e-05,1.304573e-05,1.305126e-01
SGPTL,7130,3.474656e-05,1.304573e-05,1.305308e-01
SGPTL,7131,3.348381e-05,1.304573e-05,1.305492e-01
SGPTL,7132,3.224422e-05,1.304573e-05,1.305665e-01
SGPTL,7133,3.166678e-05,1.304573e-05,1.305848e-01
SGPTL,7134,3.322236e-05,1.304573e-05,1.306017e-01
SGPTL,7135,3.315690e-05,1.304573e-05,1.306198e-01
SGPTL,7136,3.284933e-05,1.304573e-05,1.306378e-01
SGPTL,7137,3.040350e-05,1.304573e-05,1.306553e-01
SGPTL,7138,2.880156e-05,1.304573e-05,1.306737e-01
SGPTL,7139,2.636725e-05,1.304573e-05,1.306917e-01
SGPTL,7140,2.567191e-05,1.304573e-05,1.307093e-01
SGPTL,7141,2.425432e-05,1.304573e-05,1.307275e-01
SGPTL,7142,2.183274e-05,1.304573e-05,1.307454e-01
SGPTL,7143,2.106356e-05,1.304573e-05,1.307630e-01
SGPTL,7144,2.105529e-05,1.304573e-05,1.307812e-01
SGPTL,7145,2.043241e-05,1.304573e-05,1.307984e-01
SGPTL,7146,1.924913e-05,1.304573e-05,1.308168e-01
SGPTL,7147,1.898250e-05,1.304573e-05,1.308347e-01
SGPTL,7148,1.796158e-05,1.304573e-05,1.308528e-01
SGPTL,7149,1.751596e-05,1.304573e-05,1.308712e-01
SGPTL,7150,1.623277e-05,1.304573e-05,1.308893e-01
SGPTL,7151,1.507062e-05,1.304573e-05,1.309075e-01
SGPTL,7152,1.503487e-05,1.304573e-05,1.309257e-01
SGPTL,7153,1.467195e-05,1.304573e-05,1.309434e-01
SGPTL,7154,1.436620e-05,1.304573e-05,1.309615e-01
SGPTL,7155,1.456473e-05,1.304573e-05,1.309789e-01
SGPTL,7156,1.476215e-05,1.304573e-05,1.309972e-01
SGPTL,7157,1.452319e-05,1.304573e-05,1.310154e-01
SGPTL,7158,1.452066e-05,1.304573e-05,1.310325e-01
SGPTL,7159,1.523270e-05,1.304573e-05,1.310505e-01
SGPTL,7160,1.577707e-05,1.304573e-05,1.310679e-01
SGPTL,7161,1.644274e-05,1.304573e-05,1.310861e-01
SGPTL,7162,1.658376e-05,1.304573e-05,1.311042e-01
SGPTL,7163,1.681712e-05,1.304573e-05,1.311223e-01
SGPTL,7164,1.670887e-05,1.304573e-05,1.311405e-01
SGPTL,7165,1.502081e-05,1.304573e-05,1.311587e-01
SGPTL,7166,1.479259e-05,1.304573e-05,1.311761e-01
SGPTL,7167,1.462346e-05,1.304573e-05,1.311943e-01
SGPTL,7168,1.437281e-05,1.304573e-05,1.312127e-01
SGPTL,7169,1.375727e-05,1.304573e-05,1.312307e-01
SGPTL,7170,1.408140e-05,1.304573e-05,1.312490e-01
SGPTL,7171,1.455587e-05,1.304573e-05,1.312672e-01
SGPTL,7172,1.495188e-05,1.304573e-05,1.312844e-01
SGPTL,7173,1.505065e-05,1.304573e-05,1.313026e-01
SGPTL,7174,1.364241e-05,1.304573e-05,1.313206e-01
SGPTL,7175,1.196614e-05,1.196614e-05,1.313390e-01
SGPTL,7176,1.031347e-05,1.031347e-05,1.313580e-01
SGPTL,7177,1.018748e-05,1.018748e-05,1.313767e-01
SGPTL,7178,9.790267e-06,9.790267e-06,1.313947e-01
SGPTL,7179,9.552552e-06,9.552552e-06,1.314133e-01
SGPTL,7180,9.445439e-06,9.445439e-06,1.314318e-01
SGPTL,7181,9.395266e-06,9.395266e-06,1.314492e-01
SGPTL,7182,9.180468e-06,9.180468e-06,1.314677e-01
SGPTL,7183,9.354578e-06,9.180468e-06,1.314862e-01
SGPTL,7184,9.548284e-06,9.180468e-06,1.315042e-01
SGPTL,7185,1.034330e-05,9.180468e-06,1.315226e-01
SGPTL,7186,1.041821e-05,9.180468e-06,1.315410e-01
SGPTL,7187,9.872371e-06,9.180468e-06,1.315590e-01
SGPTL,7188,9.790894e-06,9.180468e-06,1.315774e-01
SGPTL,7189,9.854737e-06,9.180468e-06,1.315955e-01
SGPTL,7190,9.999871e-06,9.180468e-06,1.316134e-01
SGPTL,7191,9.739741e-06,9.180468e-06,1.316318e-01
SGPTL,7192,9.577371e-06,9.180468e-06,1.316504e-01
SGPTL,7193,9.141673e-06,9.141673e-06,1.316686e-01
SGPTL,7194,9.108807e-06,9.108807e-06,1.316871e-01
SGPTL,7195,8.964086e-06,8.964086e-06,1.317050e-01
SGPTL,7196,8.567705e-06,8.567705e-06,1.317230e-01
SGPTL,7197,8.423139e-06,8.423139e-06,1.317414e-01
SGPTL,7198,8.434941e-06,8.423139e-06,1.317597e-01
SGPTL,7199,8.629872e-06,8.423139e-06,1.317769e-01
SGPTL,7200,9.274188e-06,8.423139e-06,1.317952e-01
SGPTL,7201,9.411396e-06,8.423139e-06,1.318135e-01
SGPTL,7202,9.276407e-06,8.423139e-06,1.318307e-01
SGPTL,7203,8.957138e-06,8.423139e-06,1.318489e-01
SGPTL,7204,8.511389e-06,8.423139e-06,1.318672e-01
SGPTL,7205,9.163222e-06,8.423139e-06,1.318848e-01
SGPTL,7206,9.701592e-06,8.423139e-06,1.319030e-01
SGPTL,7207,9.272212e-06,8.423139e-06,1.319210e-01
SGPTL,7208,8.624282e-06,8.423139e-06,1.319383e-01
SGPTL,7209,8.788541e-06,8.423139e-06,1.319563e-01
SGPTL,7210,9.469771e-06,8.423139e-06,1.319742e-01
SGPTL,7211,9.957212e-06,8.423139e-06,1.319917e-01
SGPTL,7212,1.006506e-05,8.423139e-06,1.320099e-01
SGPTL,7213,9.389912e-06,8.423139e-06,1.320278e-01
SGPTL,7214,8.841733e-06,8.423139e-06,1.320453e-01
SGPTL,7215,9.249854e-06,8.423139e-06,1.320636e-01
SGPTL,7216,9.169231e-06,8.423139e-06,1.320818e-01
SGPTL,7217,8.793569e-06,8.423139e-06,1.320993e-01
SGPTL,7218,7.940747e-06,7.940747e-06,1.321175e-01
SGPTL,7219,7.983522e-06,7.940747e-06,1.321360e-01
SGPTL,7220,8.149166e-06,7.940747e-06,1.321533e-01
SGPTL,7221,8.324361e-06,7.940747e-06,1.321717e-01
SGPTL,7222,8.637886e-06,7.940747e-06,1.321900e-01
SGPTL,7223,9.092377e-06,7.940747e-06,1.322073e-01
SGPTL,7224,9.112821e-06,7.940747e-06,1.322257e-01
SGPTL,7225,8.599995e-06,7.940747e-06,1.322433e-01
SGPTL,7226,8.437111e-06,7.940747e-06,1.322613e-01
SGPTL,7227,8.949277e-06,7.940747e-06,1.322795e-01
SGPTL,7228,8.383988e-06,7.940747e-06,1.322977e-01
SGPTL,7229,8.331576e-06,7.940747e-06,1.323157e-01
SGPTL,7230,8.325381e-06,7.940747e-06,1.323338e-01
SGPTL,7231,8.714373e-06,7.940747e-06,1.323520e-01
SGPTL,7232,9.366154e-06,7.940747e-06,1.323695e-01
SGPTL,7233,9.676955e-06,7.940747e-06,1.323879e-01
SGPTL,7234,9.740195e-06,7.940747e-06,1.324062e-01
SGPTL,7235,9.994686e-06,7.940747e-06,1.324237e-01
SGPTL,7236,1.017841e-05,7.940747e-06,1.324419e-01
SGPTL,7237,9.997112e-06,7.940747e-06,1.324603e-01
SGPTL,7238,1.000671e-05,7.940747e-06,1.324776e-01
SGPTL,7239,1.017380e-05,7.940747e-06,1.324960e-01
SGPTL,7240,9.901291e-06,7.940747e-06,1.325137e-01
SGPTL,7241,9.978259e-06,7.940747e-06,1.325318e-01
SGPTL,7242,9.359598e-06,7.940747e-06,1.325500e-01
SGPTL,7243,8.748076e-06,7.940747e-06,1.325684e-01
SGPTL,7244,9.096274e-06,7.940747e-06,1.325857e-01
SGPTL,7245,1.004831e-05,7.940747e-06,1.326040e-01
SGPTL,7246,1.019000e-05,7.940747e-06,1.326275e-01
SGPTL,7247,1.001004e-05,7.940747e-06,1.326447e-01
SGPTL,7248,9.713859e-06,7.940747e-06,1.326632e-01
SGPTL,7249,1.008761e-05,7.940747e-06,1.326817e-01
SGPTL,7250,1.043045e-05,7.940747e-06,1.327000e-01
SGPTL,7251,1.019996e-05,7.940747e-06,1.327182e-01
SGPTL,7252,9.021534e-06,7.940747e-06,1.327367e-01
SGPTL,7253,9.211180e-06,7.940747e-06,1.327540e-01
SGPTL,7254,9.637645e-06,7.940747e-06,1.327722e-01
SGPTL,7255,9.584613e-06,7.940747e-06,1.327901e-01
SGPTL,7256,9.723692e-06,7.940747e-06,1.328079e-01
SGPTL,7257,1.014627e-05,7.940747e-06,1.328260e-01
SGPTL,7258,1.055703e-05,7.940747e-06,1.328440e-01
SGPTL,7259,1.001760e-05,7.940747e-06,1.328614e-01
SGPTL,7260,9.840938e-06,7.940747e-06,1.328797e-01
SGPTL,7261,9.416133e-06,7.940747e-06,1.328978e-01
SGPTL,7262,9.340012e-06,7.940747e-06,1.329150e-01
SGPTL,7263,9.819742e-06,7.940747e-06,1.329335e-01
SGPTL,7264,9.765245e-06,7.940747e-06,1.329513e-01
SGPTL,7265,9.883274e-06,7.940747e-06,1.329690e-01
SGPTL,7266,9.974107e-06,7.940747e-06,1.329872e-01
SGPTL,7267,9.291532e-06,7.940747e-06,1.330041e-01
SGPTL,7268,9.341520e-06,7.940747e-06,1.330225e-01
SGPTL,7269,9.802514e-06,7.940747e-06,1.330406e-01
SGPTL,7270,1.092513e-05,7.940747e-06,1.330577e-01
SGPTL,7271,1.068941e-05,7.940747e-06,1.330761e-01
SGPTL,7272,1.010242e-05,7.940747e-06,1.330940e-01
SGPTL,7273,9.202114e-06,7.940747e-06,1.331119e-01
SGPTL,7274,8.749529e-06,7.940747e-06,1.331300e-01
SGPTL,7275,9.153957e-06,7.940747e-06,1.331485e-01
SGPTL,7276,8.695043e-06,7.940747e-06,1.331668e-01
SGPTL,7277,8.290842e-06,7.940747e-06,1.331850e-01
SGPTL,7278,8.960810e-06,7.940747e-06,1.332031e-01
SGPTL,7279,8.625431e-06,7.940747e-06,1.332212e-01
SGPTL,7280,8.780309e-06,7.940747e-06,1.332395e-01
SGPTL,7281,9.164212e-06,7.940747e-06,1.332578e-01
SGPTL,7282,9.576681e-06,7.940747e-06,1.332753e-01
SGPTL,7283,9.562655e-06,7.940747e-06,1.332935e-01
SGPTL,7284,8.837980e-06,7.940747e-06,1.333115e-01
SGPTL,7285,8.644411e-06,7.940747e-06,1.333293e-01
SGPTL,7286,8.038396e-06,7.940747e-06,1.333475e-01
SGPTL,7287,8.284373e-06,7.940747e-06,1.333651e-01
SGPTL,7288,8.394136e-06,7.940747e-06,1.333830e-01
SGPTL,7289,8.933857e-06,7.940747e-06,1.334013e-01
SGPTL,7290,9.149659e-06,7.940747e-06,1.334194e-01
SGPTL,7291,9.165061e-06,7.940747e-06,1.334371e-01
SGPTL,7292,9.496159e-06,7.940747e-06,1.334555e-01
SGPTL,7293,1.018180e-05,7.940747e-06,1.334736e-01
SGPTL,7294,1.006169e-05,7.940747e-06,1.334907e-01
SGPTL,7295,9.642772e-06,7.940747e-06,1.335088e-01
SGPTL,7296,9.359920e-06,7.940747e-06,1.335269e-01
SGPTL,7297,9.865550e-06,7.940747e-06,1.335445e-01
SGPTL,7298,9.592742e-06,7.940747e-06,1.335625e-01
SGPTL,7299,6.564231e-06,6.564231e-06,1.335790e-01
SGPTL,7300,7.730937e-06,6.564231e-06,1.335970e-01
SGPTL,7301,1.036715e-05,6.564231e-06,1.336154e-01
SGPTL,7302,1.639496e-05,6.564231e-06,1.336332e-01
SGPTL,7303,2.413387e-05,6.564231e-06,1.336507e-01
SGPTL,7304,2.806622e-05,6.564231e-06,1.336690e-01
SGPTL,7305,2.964977e-05,6.564231e-06,1.336873e-01
SGPTL,7306,2.951451e-05,6.564231e-06,1.337052e-01
SGPTL,7307,3.019206e-05,6.564231e-06,1.337233e-01
SGPTL,7308,3.330574e-05,6.564231e-06,1.337400e-01
SGPTL,7309,3.879615e-05,6.564231e-06,1.337581e-01
SGPTL,7310,4.321159e-05,6.564231e-06,1.337759e-01
SGPTL,7311,4.820934e-05,6.564231e-06,1.337940e-01
SGPTL,7312,5.519814e-05,6.564231e-06,1.338123e-01
SGPTL,7313,6.330836e-05,6.564231e-06,1.338307e-01
SGPTL,7314,6.823354e-05,6.564231e-06,1.338493e-01
SGPTL,7315,7.068236e-05,6.564231e-06,1.338671e-01
SGPTL,7316,7.994883e-05,6.564231e-06,1.338851e-01
SGPTL,7317,8.445079e-05,6.564231e-06,1.339035e-01
SGPTL,7318,7.798996e-05,6.564231e-06,1.339206e-01
SGPTL,7319,7.862727e-05,6.564231e-06,1.339390e-01
SGPTL,7320,8.081293e-05,6.564231e-06,1.339573e-01
SGPTL,7321,9.404792e-05,6.564231e-06,1.339746e-01
SGPTL,7322,9.473963e-05,6.564231e-06,1.339931e-01
SGPTL,7323,9.348458e-05,6.564231e-06,1.340115e-01
SGPTL,7324,8.917451e-05,6.564231e-06,1.340287e-01
SGPTL,7325,8.960179e-05,6.564231e-06,1.340474e-01
SGPTL,7326,8.833285e-05,6.564231e-06,1.340659e-01
SGPTL,7327,9.205373e-05,6.564231e-06,1.340831e-01
SGPTL,7328,9.696619e-05,6.564231e-06,1.341015e-01
SGPTL,7329,9.914287e-05,6.564231e-06,1.341193e-01
SGPTL,7330,1.075101e-04,6.564231e-06,1.341373e-01
SGPTL,7331,1.114350e-04,6.564231e-06,1.341556e-01
SGPTL,7332,1.174341e-04,6.564231e-06,1.341738e-01
SGPTL,7333,1.161453e-04,6.564231e-06,1.341913e-01
SGPTL,7334,1.248591e-04,6.564231e-06,1.342095e-01
SGPTL,7335,1.291370e-04,6.564231e-06,1.342273e-01
SGPTL,7336,1.383525e-04,6.564231e-06,1.342447e-01
SGPTL,7337,1.274165e-04,6.564231e-06,1.342632e-01
SGPTL,7338,1.176747e-04,6.564231e-06,1.342813e-01
SGPTL,7339,1.185177e-04,6.564231e-06,1.342984e-01
SGPTL,7340,1.217014e-04,6.564231e-06,1.343164e-01
SGPTL,7341,1.238579e-04,6.564231e-06,1.343346e-01
SGPTL,7342,1.290309e-04,6.564231e-06,1.343519e-01
SGPTL,7343,1.388446e-04,6.564231e-06,1.343701e-01
SGPTL,7344,1.536991e-04,6.564231e-06,1.343880e-01
SGPTL,7345,1.566863e-04,6.564231e-06,1.344053e-01
SGPTL,7346,1.722148e-04,6.564231e-06,1.344237e-01
SGPTL,7347,1.766028e-04,6.564231e-06,1.344415e-01
SGPTL,7348,1.613759e-04,6.564231e-06,1.344589e-01
SGPTL,7349,1.523803e-04,6.564231e-06,1.344773e-01
SGPTL,7350,1.539010e-04,6.564231e-06,1.344955e-01
SGPTL,7351,1.544428e-04,6.564231e-06,1.345132e-01
SGPTL,7352,1.624485e-04,6.564231e-06,1.345312e-01
SGPTL,7353,1.765221e-04,6.564231e-06,1.345487e-01
SGPTL,7354,1.712690e-04,6.564231e-06,1.345670e-01
SGPTL,7355,1.855606e-04,6.564231e-06,1.345852e-01
SGPTL,7356,1.923691e-04,6.564231e-06,1.346030e-01
SGPTL,7357,1.918893e-04,6.564231e-06,1.346214e-01
SGPTL,7358,2.017289e-04,6.564231e-06,1.346384e-01
SGPTL,7359,2.044559e-04,6.564231e-06,1.346567e-01
SGPTL,7360,2.158848e-04,6.564231e-06,1.346749e-01
SGPTL,7361,2.109775e-04,6.564231e-06,1.346932e-01
SGPTL,7362,2.063710e-04,6.564231e-06,1.347117e-01
SGPTL,7363,1.951461e-04,6.564231e-06,1.347293e-01
SGPTL,7364,1.956911e-04,6.564231e-06,1.347476e-01
SGPTL,7365,1.869346e-04,6.564231e-06,1.347657e-01
SGPTL,7366,1.777572e-04,6.564231e-06,1.347832e-01
SGPTL,7367,1.790971e-04,6.564231e-06,1.348015e-01
SGPTL,7368,1.987871e-04,6.564231e-06,1.348195e-01
SGPTL,7369,2.172536e-04,6.564231e-06,1.348371e-01
SGPTL,7370,2.164822e-04,6.564231e-06,1.348557e-01
SGPTL,7371,2.069904e-04,6.564231e-06,1.348738e-01
SGPTL,7372,2.078717e-04,6.564231e-06,1.348910e-01
SGPTL,7373,2.019781e-04,6.564231e-06,1.349128e-01
SGPTL,7374,2.109625e-04,6.564231e-06,1.349315e-01
SGPTL,7375,2.018522e-04,6.564231e-06,1.349485e-01
SGPTL,7376,1.935510e-04,6.564231e-06,1.349668e-01
SGPTL,7377,1.850716e-04,6.564231e-06,1.349847e-01
SGPTL,7378,1.991697e-04,6.564231e-06,1.350021e-01
SGPTL,7379,2.017552e-04,6.564231e-06,1.350202e-01
SGPTL,7380,1.449106e-04,6.564231e-06,1.350357e-01
SGPTL,7381,1.254533e-04,6.564231e-06,1.350539e-01
SGPTL,7382,1.308467e-04,6.564231e-06,1.350721e-01
SGPTL,7383,1.358471e-04,6.564231e-06,1.350904e-01
SGPTL,7384,1.436779e-04,6.564231e-06,1.351074e-01
SGPTL,7385,1.516731e-04,6.564231e-06,1.351255e-01
SGPTL,7386,1.531584e-04,6.564231e-06,1.351435e-01
SGPTL,7387,1.571879e-04,6.564231e-06,1.351609e-01
SGPTL,7388,1.664139e-04,6.564231e-06,1.351790e-01
SGPTL,7389,1.676480e-04,6.564231e-06,1.351975e-01
SGPTL,7390,1.684147e-04,6.564231e-06,1.352145e-01
SGPTL,7391,1.700932e-04,6.564231e-06,1.352325e-01
SGPTL,7392,1.707025e-04,6.564231e-06,1.352505e-01
SGPTL,7393,1.696314e-04,6.564231e-06,1.352682e-01
SGPTL,7394,1.623278e-04,6.564231e-06,1.352862e-01
SGPTL,7395,1.503581e-04,6.564231e-06,1.353046e-01
SGPTL,7396,1.374889e-04,6.564231e-06,1.353227e-01
SGPTL,7397,1.278075e-04,6.564231e-06,1.353407e-01
SGPTL,7398,1.229031e-04,6.564231e-06,1.353588e-01
SGPTL,7399,1.225849e-04,6.564231e-06,1.353767e-01
SGPTL,7400,1.270312e-04,6.564231e-06,1.353950e-01
SGPTL,7401,1.339130e-04,6.564231e-06,1.354135e-01
SGPTL,7402,1.386594e-04,6.564231e-06,1.354305e-01
SGPTL,7403,1.416729e-04,6.564231e-06,1.354491e-01
SGPTL,7404,1.432556e-04,6.564231e-06,1.354675e-01
SGPTL,7405,1.491159e-04,6.564231e-06,1.354848e-01
SGPTL,7406,1.530572e-04,6.564231e-06,1.355032e-01
SGPTL,7407,1.602934e-04,6.564231e-06,1.355216e-01
SGPTL,7408,1.660200e-04,6.564231e-06,1.355389e-01
SGPTL,7409,1.642680e-04,6.564231e-06,1.355574e-01
SGPTL,7410,1.695738e-04,6.564231e-06,1.355757e-01
SGPTL,7411,1.641653e-04,6.564231e-06,1.355930e-01
SGPTL,7412,1.477701e-04,6.564231e-06,1.356113e-01
SGPTL,7413,1.422401e-04,6.564231e-06,1.356298e-01
SGPTL,7414,1.416743e-04,6.564231e-06,1.356473e-01
SGPTL,7415,1.430889e-04,6.564231e-06,1.356657e-01
SGPTL,7416,1.371533e-04,6.564231e-06,1.356838e-01
SGPTL,7417,1.449670e-04,6.564231e-06,1.357015e-01
SGPTL,7418,1.734417e-04,6.564231e-06,1.357196e-01
SGPTL,7419,1.707630e-04,6.564231e-06,1.357380e-01
SGPTL,7420,1.812809e-04,6.564231e-06,1.357550e-01
SGPTL,7421,1.764069e-04,6.564231e-06,1.357732e-01
SGPTL,7422,1.794331e-04,6.564231e-06,1.357910e-01
SGPTL,7423,1.659865e-04,6.564231e-06,1.358085e-01
SGPTL,7424,1.570403e-04,6.564231e-06,1.358266e-01
SGPTL,7425,1.532919e-04,6.564231e-06,1.358447e-01
SGPTL,7426,1.577111e-04,6.564231e-06,1.358620e-01
SGPTL,7427,1.655997e-04,6.564231e-06,1.358801e-01
SGPTL,7428,1.533491e-04,6.564231e-06,1.358982e-01
SGPTL,7429,1.678589e-04,6.564231e-06,1.359154e-01
SGPTL,7430,1.769328e-04,6.564231e-06,1.359334e-01
SGPTL,7431,1.744833e-04,6.564231e-06,1.359513e-01
SGPTL,7432,1.717397e-04,6.564231e-06,1.359685e-01
SGPTL,7433,1.594629e-04,6.564231e-06,1.359868e-01
SGPTL,7434,1.627114e-04,6.564231e-06,1.360048e-01
SGPTL,7435,1.730805e-04,6.564231e-06,1.360222e-01
SGPTL,7436,1.758232e-04,6.564231e-06,1.360401e-01
SGPTL,7437,1.853773e-04,6.564231e-06,1.360571e-01
SGPTL,7438,1.779004e-04,6.564231e-06,1.360753e-01
SGPTL,7439,1.718616e-04,6.564231e-06,1.360935e-01
SGPTL,7440,1.734576e-04,6.564231e-06,1.361110e-01
SGPTL,7441,1.789346e-04,6.564231e-06,1.361298e-01
SGPTL,7442,1.972418e-04,6.564231e-06,1.361483e-01
SGPTL,7443,1.949857e-04,6.564231e-06,1.361657e-01
SGPTL,7444,1.786254e-04,6.564231e-06,1.361840e-01
SGPTL,7445,1.730598e-04,6.564231e-06,1.362022e-01
SGPTL,7446,1.826800e-04,6.564231e-06,1.362201e-01
SGPTL,7447,1.895880e-04,6.564231e-06,1.362385e-01
SGPTL,7448,1.843560e-04,6.564231e-06,1.362570e-01
SGPTL,7449,1.997174e-04,6.564231e-06,1.362754e-01
SGPTL,7450,1.833619e-04,6.564231e-06,1.362937e-01
SGPTL,7451,1.811939e-04,6.564231e-06,1.363122e-01
SGPTL,7452,1.623765e-04,6.564231e-06,1.363295e-01
SGPTL,7453,1.527294e-04,6.564231e-06,1.363477e-01
SGPTL,7454,1.501477e-04,6.564231e-06,1.363662e-01
SGPTL,7455,1.486502e-04,6.564231e-06,1.363839e-01
SGPTL,7456,1.545008e-04,6.564231e-06,1.364020e-01
SGPTL,7457,1.499231e-04,6.564231e-06,1.364200e-01
SGPTL,7458,1.594548e-04,6.564231e-06,1.364373e-01
SGPTL,7459,1.581896e-04,6.564231e-06,1.364556e-01
SGPTL,7460,1.087221e-04,6.564231e-06,1.364710e-01
SGPTL,7461,9.744115e-05,6.564231e-06,1.364985e-01
SGPTL,7462,9.981239e-05,6.564231e-06,1.365245e-01
SGPTL,7463,1.078530e-04,6.564231e-06,1.365432e-01
SGPTL,7464,1.095193e-04,6.564231e-06,1.365615e-01
SGPTL,7465,1.155543e-04,6.564231e-06,1.365790e-01
SGPTL,7466,1.200162e-04,6.564231e-06,1.365976e-01
SGPTL,7467,1.277680e-04,6.564231e-06,1.366159e-01
SGPTL,7468,1.333218e-04,6.564231e-06,1.366341e-01
SGPTL,7469,1.329061e-04,6.564231e-06,1.366523e-01
SGPTL,7470,1.322203e-04,6.564231e-06,1.366704e-01
SGPTL,7471,1.301846e-04,6.564231e-06,1.366876e-01
SGPTL,7472,1.215826e-04,6.564231e-06,1.367057e-01
SGPTL,7473,1.137775e-04,6.564231e-06,1.367236e-01
SGPTL,7474,1.034366e-04,6.564231e-06,1.367410e-01
SGPTL,7475,9.536810e-05,6.564231e-06,1.367593e-01
SGPTL,7476,9.161885e-05,6.564231e-06,1.367772e-01
SGPTL,7477,8.812264e-05,6.564231e-06,1.367950e-01
SGPTL,7478,8.538300e-05,6.564231e-06,1.368135e-01
SGPTL,7479,8.514748e-05,6.564231e-06,1.368305e-01
SGPTL,7480,8.772429e-05,6.564231e-06,1.368490e-01
SGPTL,7481,8.851245e-05,6.564231e-06,1.368668e-01
SGPTL,7482,9.148954e-05,6.564231e-06,1.368848e-01
SGPTL,7483,9.559557e-05,6.564231e-06,1.369032e-01
SGPTL,7484,1.049540e-04,6.564231e-06,1.369215e-01
SGPTL,7485,1.128011e-04,6.564231e-06,1.369388e-01
SGPTL,7486,1.171550e-04,6.564231e-06,1.369566e-01
SGPTL,7487,1.228753e-04,6.564231e-06,1.369744e-01
SGPTL,7488,1.238498e-04,6.564231e-06,1.369930e-01
SGPTL,7489,1.269792e-04,6.564231e-06,1.370115e-01
SGPTL,7490,1.222684e-04,6.564231e-06,1.370298e-01
SGPTL,7491,1.174038e-04,6.564231e-06,1.370485e-01
SGPTL,7492,1.071707e-04,6.564231e-06,1.370659e-01
SGPTL,7493,1.034168e-04,6.564231e-06,1.370841e-01
SGPTL,7494,1.049955e-04,6.564231e-06,1.371020e-01
SGPTL,7495,1.071299e-04,6.564231e-06,1.371198e-01
SGPTL,7496,1.136157e-04,6.564231e-06,1.371382e-01
SGPTL,7497,1.221039e-04,6.564231e-06,1.371566e-01
SGPTL,7498,1.167756e-04,6.564231e-06,1.371741e-01
SGPTL,7499,1.255109e-04,6.564231e-06,1.371923e-01
SGPTL,7500,1.319740e-04,6.564231e-06,1.372105e-01
SGPTL,7501,1.270415e-04,6.564231e-06,1.372319e-01
SGPTL,7502,1.241171e-04,6.564231e-06,1.372501e-01
SGPTL,7503,1.217165e-04,6.564231e-06,1.372686e-01
SGPTL,7504,1.149874e-04,6.564231e-06,1.372860e-01
SGPTL,7505,1.133212e-04,6.564231e-06,1.373044e-01
SGPTL,7506,1.209253e-04,6.564231e-06,1.373228e-01
SGPTL,7507,1.227834e-04,6.564231e-06,1.373400e-01
SGPTL,7508,1.169181e-04,6.564231e-06,1.373582e-01
SGPTL,7509,1.201935e-04,6.564231e-06,1.373760e-01
SGPTL,7510,1.292150e-04,6.564231e-06,1.373939e-01
SGPTL,7511,1.261314e-04,6.564231e-06,1.374122e-01
SGPTL,7512,1.254815e-04,6.564231e-06,1.374290e-01
SGPTL,7513,1.187555e-04,6.564231e-06,1.374475e-01
SGPTL,7514,1.195790e-04,6.564231e-06,1.374658e-01
SGPTL,7515,1.124953e-04,6.564231e-06,1.374837e-01
SGPTL,7516,1.074068e-04,6.564231e-06,1.375025e-01
SGPTL,7517,1.165792e-04,6.564231e-06,1.375210e-01
SGPTL,7518,1.183672e-04,6.564231e-06,1.375383e-01
SGPTL,7519,1.233259e-04,6.564231e-06,1.375568e-01
SGPTL,7520,1.214032e-04,6.564231e-06,1.375752e-01
SGPTL,7521,1.246474e-04,6.564231e-06,1.375927e-01
SGPTL,7522,1.163436e-04,6.564231e-06,1.376113e-01
SGPTL,7523,1.187552e-04,6.564231e-06,1.376295e-01
SGPTL,7524,1.148351e-04,6.564231e-06,1.376477e-01
SGPTL,7525,1.090867e-04,6.564231e-06,1.376658e-01
SGPTL,7526,1.117901e-04,6.564231e-06,1.376840e-01
SGPTL,7527,1.068977e-04,6.564231e-06,1.377015e-01
SGPTL,7528,1.014832e-04,6.564231e-06,1.377198e-01
SGPTL,7529,1.008076e-04,6.564231e-06,1.377382e-01
SGPTL,7530,9.492302e-05,6.564231e-06,1.377557e-01
SGPTL,7531,9.499598e-05,6.564231e-06,1.377736e-01
SGPTL,7532,9.648857e-05,6.564231e-06,1.377914e-01
SGPTL,7533,1.025114e-04,6.564231e-06,1.378097e-01
SGPTL,7534,1.069347e-04,6.564231e-06,1.378276e-01
SGPTL,7535,1.037341e-04,6.564231e-06,1.378448e-01
SGPTL,7536,1.070785e-04,6.564231e-06,1.378632e-01
SGPTL,7537,1.095677e-04,6.564231e-06,1.378810e-01
SGPTL,7538,1.133499e-04,6.564231e-06,1.378986e-01
SGPTL,7539,1.116674e-04,6.564231e-06,1.379167e-01
SGPTL,7540,8.085388e-05,6.564231e-06,1.379323e-01
SGPTL,7541,6.467431e-05,6.564231e-06,1.379502e-01
SGPTL,7542,5.948764e-05,6.564231e-06,1.379682e-01
SGPTL,7543,5.989012e-05,6.564231e-06,1.379856e-01
SGPTL,7544,6.272747e-05,6.564231e-06,1.380038e-01
SGPTL,7545,6.403179e-05,6.564231e-06,1.380220e-01
SGPTL,7546,6.307497e-05,6.564231e-06,1.380399e-01
SGPTL,7547,6.441942e-05,6.564231e-06,1.380582e-01
SGPTL,7548,6.626581e-05,6.564231e-06,1.380844e-01
SGPTL,7549,6.636290e-05,6.564231e-06,1.381031e-01
SGPTL,7550,6.568099e-05,6.564231e-06,1.381201e-01
SGPTL,7551,7.027704e-05,6.564231e-06,1.381387e-01
SGPTL,7552,7.513349e-05,6.564231e-06,1.381569e-01
SGPTL,7553,7.573093e-05,6.564231e-06,1.381744e-01
SGPTL,7554,7.446938e-05,6.564231e-06,1.381928e-01
SGPTL,7555,7.127612e-05,6.564231e-06,1.382112e-01
SGPTL,7556,6.276954e-05,6.564231e-06,1.382285e-01
SGPTL,7557,6.002407e-05,6.564231e-06,1.382469e-01
SGPTL,7558,5.819850e-05,6.564231e-06,1.382652e-01
SGPTL,7559,5.868165e-05,6.564231e-06,1.382830e-01
SGPTL,7560,5.879085e-05,6.564231e-06,1.383015e-01
SGPTL,7561,6.024221e-05,6.564231e-06,1.383197e-01
SGPTL,7562,6.074461e-05,6.564231e-06,1.383373e-01
SGPTL,7563,6.294618e-05,6.564231e-06,1.383558e-01
SGPTL,7564,6.594883e-05,6.564231e-06,1.383742e-01
SGPTL,7565,6.835369e-05,6.564231e-06,1.383914e-01
SGPTL,7566,6.931336e-05,6.564231e-06,1.384095e-01
SGPTL,7567,7.250875e-05,6.564231e-06,1.384279e-01
SGPTL,7568,7.671610e-05,6.564231e-06,1.384452e-01
SGPTL,7569,7.642530e-05,6.564231e-06,1.384639e-01
SGPTL,7570,8.249174e-05,6.564231e-06,1.384820e-01
SGPTL,7571,8.366883e-05,6.564231e-06,1.385002e-01
SGPTL,7572,7.966644e-05,6.564231e-06,1.385184e-01
SGPTL,7573,8.565750e-05,6.564231e-06,1.385367e-01
SGPTL,7574,8.002576e-05,6.564231e-06,1.385537e-01
SGPTL,7575,8.270757e-05,6.564231e-06,1.385720e-01
SGPTL,7576,8.390852e-05,6.564231e-06,1.385901e-01
SGPTL,7577,7.825366e-05,6.564231e-06,1.386081e-01
SGPTL,7578,7.722164e-05,6.564231e-06,1.386267e-01
SGPTL,7579,7.283912e-05,6.564231e-06,1.386451e-01
SGPTL,7580,6.677108e-05,6.564231e-06,1.386622e-01
SGPTL,7581,6.908144e-05,6.564231e-06,1.386803e-01
SGPTL,7582,7.477173e-05,6.564231e-06,1.386981e-01
SGPTL,7583,7.924282e-05,6.564231e-06,1.387158e-01
SGPTL,7584,8.172137e-05,6.564231e-06,1.387340e-01
SGPTL,7585,7.921208e-05,6.564231e-06,1.387523e-01
SGPTL,7586,8.192016e-05,6.564231e-06,1.387700e-01
SGPTL,7587,8.055214e-05,6.564231e-06,1.387884e-01
SGPTL,7588,7.844529e-05,6.564231e-06,1.388067e-01
SGPTL,7589,8.495288e-05,6.564231e-06,1.388236e-01
SGPTL,7590,8.077792e-05,6.564231e-06,1.388419e-01
SGPTL,7591,8.237007e-05,6.564231e-06,1.388600e-01
SGPTL,7592,8.606345e-05,6.564231e-06,1.388776e-01
SGPTL,7593,9.007335e-05,6.564231e-06,1.388960e-01
SGPTL,7594,8.828502e-05,6.564231e-06,1.389145e-01
SGPTL,7595,7.995674e-05,6.564231e-06,1.389328e-01
SGPTL,7596,8.697997e-05,6.564231e-06,1.389506e-01
SGPTL,7597,9.023831e-05,6.564231e-06,1.389686e-01
SGPTL,7598,9.582098e-05,6.564231e-06,1.389872e-01
SGPTL,7599,8.797133e-05,6.564231e-06,1.390060e-01
SGPTL,7600,9.398782e-05,6.564231e-06,1.390246e-01
SGPTL,7601,9.602757e-05,6.564231e-06,1.390428e-01
SGPTL,7602,9.757953e-05,6.564231e-06,1.390612e-01
SGPTL,7603,8.576592e-05,6.564231e-06,1.390791e-01
SGPTL,7604,8.569582e-05,6.564231e-06,1.390975e-01
SGPTL,7605,8.602842e-05,6.564231e-06,1.391161e-01
SGPTL,7606,8.934533e-05,6.564231e-06,1.391331e-01
SGPTL,7607,8.629836e-05,6.564231e-06,1.391517e-01
SGPTL,7608,8.517583e-05,6.564231e-06,1.391693e-01
SGPTL,7609,8.401033e-05,6.564231e-06,1.391878e-01
SGPTL,7610,7.804593e-05,6.564231e-06,1.392061e-01
SGPTL,7611,7.958822e-05,6.564231e-06,1.392235e-01
SGPTL,7612,7.714889e-05,6.564231e-06,1.392419e-01
SGPTL,7613,7.979889e-05,6.564231e-06,1.392603e-01
SGPTL,7614,8.239124e-05,6.564231e-06,1.392773e-01
SGPTL,7615,8.473029e-05,6.564231e-06,1.392961e-01
SGPTL,7616,8.694118e-05,6.564231e-06,1.393145e-01
SGPTL,7617,7.967647e-05,6.564231e-06,1.393327e-01
SGPTL,7618,7.578533e-05,6.564231e-06,1.393513e-01
SGPTL,7619,7.365017e-05,6.564231e-06,1.393697e-01
SGPTL,7620,5.388170e-05,6.564231e-06,1.393853e-01
SGPTL,7621,4.835710e-05,6.564231e-06,1.394040e-01
SGPTL,7622,4.823627e-05,6.564231e-06,1.394224e-01
SGPTL,7623,4.698809e-05,6.564231e-06,1.394394e-01
SGPTL,7624,4.618205e-05,6.564231e-06,1.394581e-01
SGPTL,7625,4.468217e-05,6.564231e-06,1.394765e-01
SGPTL,7626,4.314362e-05,6.564231e-06,1.394935e-01
SGPTL,7627,4.201210e-05,6.564231e-06,1.395120e-01
SGPTL,7628,4.199288e-05,6.564231e-06,1.395364e-01
SGPTL,7629,4.172287e-05,6.564231e-06,1.395554e-01
SGPTL,7630,4.170565e-05,6.564231e-06,1.395726e-01
SGPTL,7631,4.118724e-05,6.564231e-06,1.395913e-01
SGPTL,7632,4.108045e-05,6.564231e-06,1.396098e-01
SGPTL,7633,4.093807e-05,6.564231e-06,1.396269e-01
SGPTL,7634,4.112484e-05,6.564231e-06,1.396454e-01
SGPTL,7635,4.212550e-05,6.564231e-06,1.396635e-01
SGPTL,7636,4.127097e-05,6.564231e-06,1.396808e-01
SGPTL,7637,4.193929e-05,6.564231e-06,1.396992e-01
SGPTL,7638,4.431725e-05,6.564231e-06,1.397176e-01
SGPTL,7639,4.532394e-05,6.564231e-06,1.397346e-01
SGPTL,7640,4.401011e-05,6.564231e-06,1.397530e-01
SGPTL,7641,4.273539e-05,6.564231e-06,1.397714e-01
SGPTL,7642,4.198985e-05,6.564231e-06,1.397884e-01
SGPTL,7643,4.258336e-05,6.564231e-06,1.398068e-01
SGPTL,7644,4.428480e-05,6.564231e-06,1.398253e-01
SGPTL,7645,4.373479e-05,6.564231e-06,1.398422e-01
SGPTL,7646,4.257465e-05,6.564231e-06,1.398605e-01
SGPTL,7647,4.179998e-05,6.564231e-06,1.398790e-01
SGPTL,7648,4.163970e-05,6.564231e-06,1.398961e-01
SGPTL,7649,4.140159e-05,6.564231e-06,1.399145e-01
SGPTL,7650,4.048396e-05,6.564231e-06,1.399328e-01
SGPTL,7651,4.189793e-05,6.564231e-06,1.399498e-01
SGPTL,7652,4.036703e-05,6.564231e-06,1.399683e-01
SGPTL,7653,4.080326e-05,6.564231e-06,1.399866e-01
SGPTL,7654,4.202069e-05,6.564231e-06,1.400037e-01
SGPTL,7655,3.895979e-05,6.564231e-06,1.400222e-01
SGPTL,7656,3.985340e-05,6.564231e-06,1.400408e-01
SGPTL,7657,4.158349e-05,6.564231e-06,1.400576e-01
SGPTL,7658,4.354757e-05,6.564231e-06,1.400760e-01
SGPTL,7659,4.672268e-05,6.564231e-06,1.400943e-01
SGPTL,7660,4.134756e-05,6.564231e-06,1.401115e-01
SGPTL,7661,3.954442e-05,6.564231e-06,1.401299e-01
SGPTL,7662,3.982721e-05,6.564231e-06,1.401482e-01
SGPTL,7663,4.131219e-05,6.564231e-06,1.401651e-01
SGPTL,7664,4.157720e-05,6.564231e-06,1.401832e-01
SGPTL,7665,4.004158e-05,6.564231e-06,1.402014e-01
SGPTL,7666,3.952954e-05,6.564231e-06,1.402184e-01
SGPTL,7667,4.203073e-05,6.564231e-06,1.402367e-01
SGPTL,7668,4.192752e-05,6.564231e-06,1.402547e-01
SGPTL,7669,4.165905e-05,6.564231e-06,1.402728e-01
SGPTL,7670,4.173549e-05,6.564231e-06,1.402909e-01
SGPTL,7671,4.162163e-05,6.564231e-06,1.403080e-01
SGPTL,7672,4.150959e-05,6.564231e-06,1.403259e-01
SGPTL,7673,4.099525e-05,6.564231e-06,1.403437e-01
SGPTL,7674,4.342774e-05,6.564231e-06,1.403610e-01
SGPTL,7675,4.548096e-05,6.564231e-06,1.403790e-01
SGPTL,7676,4.708820e-05,6.564231e-06,1.403966e-01
SGPTL,7677,4.662209e-05,6.564231e-06,1.404144e-01
SGPTL,7678,4.541683e-05,6.564231e-06,1.404323e-01
SGPTL,7679,4.477316e-05,6.564231e-06,1.404504e-01
SGPTL,7680,4.678642e-05,6.564231e-06,1.404676e-01
SGPTL,7681,4.818292e-05,6.564231e-06,1.404857e-01
SGPTL,7682,5.119943e-05,6.564231e-06,1.405034e-01
SGPTL,7683,5.662689e-05,6.564231e-06,1.405207e-01
SGPTL,7684,5.586408e-05,6.564231e-06,1.405388e-01
SGPTL,7685,5.120246e-05,6.564231e-06,1.405570e-01
SGPTL,7686,4.990103e-05,6.564231e-06,1.405742e-01
SGPTL,7687,5.105482e-05,6.564231e-06,1.405923e-01
SGPTL,7688,4.995392e-05,6.564231e-06,1.406104e-01
SGPTL,7689,4.320240e-05,6.564231e-06,1.406277e-01
SGPTL,7690,4.142818e-05,6.564231e-06,1.406457e-01
SGPTL,7691,4.197913e-05,6.564231e-06,1.406633e-01
SGPTL,7692,4.547525e-05,6.564231e-06,1.406809e-01
SGPTL,7693,5.229988e-05,6.564231e-06,1.406990e-01
SGPTL,7694,6.029188e-05,6.564231e-06,1.407170e-01
SGPTL,7695,6.172139e-05,6.564231e-06,1.407342e-01
SGPTL,7696,5.625917e-05,6.564231e-06,1.407523e-01
SGPTL,7697,4.933682e-05,6.564231e-06,1.407703e-01
SGPTL,7698,4.885421e-05,6.564231e-06,1.407877e-01
SGPTL,7699,4.968413e-05,6.564231e-06,1.408057e-01
SGPTL,7700,3.607754e-05,6.564231e-06,1.408214e-01
SGPTL,7701,3.188216e-05,6.564231e-06,1.408393e-01
SGPTL,7702,3.102772e-05,6.564231e-06,1.408574e-01
SGPTL,7703,3.047945e-05,6.564231e-06,1.408755e-01
SGPTL,7704,3.123381e-05,6.564231e-06,1.408926e-01
SGPTL,7705,3.130168e-05,6.564231e-06,1.409108e-01
SGPTL,7706,3.180545e-05,6.564231e-06,1.409287e-01
SGPTL,7707,3.142288e-05,6.564231e-06,1.409461e-01
SGPTL,7708,3.100651e-05,6.564231e-06,1.409643e-01
SGPTL,7709,3.061468e-05,6.564231e-06,1.409823e-01
SGPTL,7710,3.090859e-05,6.564231e-06,1.409997e-01
SGPTL,7711,3.008031e-05,6.564231e-06,1.410180e-01
SGPTL,7712,2.869427e-05,6.564231e-06,1.410361e-01
SGPTL,7713,2.753898e-05,6.564231e-06,1.410532e-01
SGPTL,7714,2.721308e-05,6.564231e-06,1.410713e-01
SGPTL,7715,2.616669e-05,6.564231e-06,1.410894e-01
SGPTL,7716,2.504898e-05,6.564231e-06,1.411067e-01
SGPTL,7717,2.498967e-05,6.564231e-06,1.411251e-01
SGPTL,7718,2.497567e-05,6.564231e-06,1.411432e-01
SGPTL,7719,2.475076e-05,6.564231e-06,1.411601e-01
SGPTL,7720,2.486600e-05,6.564231e-06,1.411782e-01
SGPTL,7721,2.442995e-05,6.564231e-06,1.411963e-01
SGPTL,7722,2.376349e-05,6.564231e-06,1.412137e-01
SGPTL,7723,2.308867e-05,6.564231e-06,1.412320e-01
SGPTL,7724,2.301014e-05,6.564231e-06,1.412500e-01
SGPTL,7725,2.255601e-05,6.564231e-06,1.412675e-01
SGPTL,7726,2.294144e-05,6.564231e-06,1.412857e-01
SGPTL,7727,2.353700e-05,6.564231e-06,1.413038e-01
SGPTL,7728,2.361888e-05,6.564231e-06,1.413212e-01
SGPTL,7729,2.529757e-05,6.564231e-06,1.413394e-01
SGPTL,7730,2.506188e-05,6.564231e-06,1.413576e-01
SGPTL,7731,2.429484e-05,6.564231e-06,1.413746e-01
SGPTL,7732,2.409190e-05,6.564231e-06,1.413930e-01
SGPTL,7733,2.353110e-05,6.564231e-06,1.414107e-01
SGPTL,7734,2.147932e-05,6.564231e-06,1.414285e-01
SGPTL,7735,2.094272e-05,6.564231e-06,1.414470e-01
SGPTL,7736,2.027082e-05,6.564231e-06,1.414649e-01
SGPTL,7737,2.048235e-05,6.564231e-06,1.414822e-01
SGPTL,7738,2.126138e-05,6.564231e-06,1.415002e-01
SGPTL,7739,2.303435e-05,6.564231e-06,1.415181e-01
SGPTL,7740,2.618970e-05,6.564231e-06,1.415355e-01
SGPTL,7741,2.566306e-05,6.564231e-06,1.415537e-01
SGPTL,7742,2.508053e-05,6.564231e-06,1.415718e-01
SGPTL,7743,2.399836e-05,6.564231e-06,1.415893e-01
SGPTL,7744,2.309141e-05,6.564231e-06,1.416074e-01
SGPTL,7745,2.280772e-05,6.564231e-06,1.416257e-01
SGPTL,7746,2.193916e-05,6.564231e-06,1.416429e-01
SGPTL,7747,2.088512e-05,6.564231e-06,1.416613e-01
SGPTL,7748,1.925743e-05,6.564231e-06,1.416789e-01
SGPTL,7749,1.884235e-05,6.564231e-06,1.416968e-01
SGPTL,7750,1.993132e-05,6.564231e-06,1.417150e-01
SGPTL,7751,1.986831e-05,6.564231e-06,1.417334e-01
SGPTL,7752,1.881441e-05,6.564231e-06,1.417504e-01
SGPTL,7753,1.892815e-05,6.564231e-06,1.417686e-01
SGPTL,7754,1.973230e-05,6.564231e-06,1.417865e-01
SGPTL,7755,2.114565e-05,6.564231e-06,1.418039e-01
SGPTL,7756,2.160711e-05,6.564231e-06,1.418276e-01
SGPTL,7757,2.192286e-05,6.564231e-06,1.418461e-01
SGPTL,7758,1.983728e-05,6.564231e-06,1.418647e-01
SGPTL,7759,1.913215e-05,6.564231e-06,1.418821e-01
SGPTL,7760,1.927570e-05,6.564231e-06,1.419003e-01
SGPTL,7761,1.908886e-05,6.564231e-06,1.419183e-01
SGPTL,7762,1.830590e-05,6.564231e-06,1.419357e-01
SGPTL,7763,1.878906e-05,6.564231e-06,1.419540e-01
SGPTL,7764,1.946108e-05,6.564231e-06,1.419720e-01
SGPTL,7765,1.909287e-05,6.564231e-06,1.419896e-01
SGPTL,7766,1.980102e-05,6.564231e-06,1.420077e-01
SGPTL,7767,1.934472e-05,6.564231e-06,1.420255e-01
SGPTL,7768,1.981527e-05,6.564231e-06,1.420430e-01
SGPTL,7769,1.972749e-05,6.564231e-06,1.420611e-01
SGPTL,7770,1.933873e-05,6.564231e-06,1.420790e-01
SGPTL,7771,1.778970e-05,6.564231e-06,1.420965e-01
SGPTL,7772,1.704888e-05,6.564231e-06,1.421147e-01
SGPTL,7773,1.754616e-05,6.564231e-06,1.421327e-01
SGPTL,7774,1.940312e-05,6.564231e-06,1.421501e-01
SGPTL,7775,2.000656e-05,6.564231e-06,1.421683e-01
SGPTL,7776,2.016731e-05,6.564231e-06,1.421861e-01
SGPTL,7777,1.880332e-05,6.564231e-06,1.422037e-01
SGPTL,7778,1.862112e-05,6.564231e-06,1.422219e-01
SGPTL,7779,1.870267e-05,6.564231e-06,1.422399e-01
SGPTL,7780,1.291727e-05,6.564231e-06,1.422549e-01
SGPTL,7781,1.276530e-05,6.564231e-06,1.422730e-01
SGPTL,7782,1.154582e-05,6.564231e-06,1.422912e-01
SGPTL,7783,1.152339e-05,6.564231e-06,1.423085e-01
SGPTL,7784,1.122378e-05,6.564231e-06,1.423267e-01
SGPTL,7785,1.091706e-05,6.564231e-06,1.423445e-01
SGPTL,7786,1.101636e-05,6.564231e-06,1.423620e-01
SGPTL,7787,1.080467e-05,6.564231e-06,1.423860e-01
SGPTL,7788,1.033922e-05,6.564231e-06,1.424038e-01
SGPTL,7789,1.000154e-05,6.564231e-06,1.424205e-01
SGPTL,7790,1.009339e-05,6.564231e-06,1.424388e-01
SGPTL,7791,9.976715e-06,6.564231e-06,1.424566e-01
SGPTL,7792,9.552490e-06,6.564231e-06,1.424744e-01
SGPTL,7793,8.962816e-06,6.564231e-06,1.424923e-01
SGPTL,7794,8.439608e-06,6.564231e-06,1.425105e-01
SGPTL,7795,8.230400e-06,6.564231e-06,1.425276e-01
SGPTL,7796,8.176067e-06,6.564231e-06,1.425458e-01
SGPTL,7797,8.014861e-06,6.564231e-06,1.425639e-01
SGPTL,7798,8.204700e-06,6.564231e-06,1.425812e-01
SGPTL,7799,8.207475e-06,6.564231e-06,1.425992e-01
SGPTL,7800,7.986232e-06,6.564231e-06,1.426171e-01
SGPTL,7801,7.737174e-06,6.564231e-06,1.426346e-01
SGPTL,7802,7.295784e-06,6.564231e-06,1.426525e-01
SGPTL,7803,6.974733e-06,6.564231e-06,1.426704e-01
SGPTL,7804,6.770056e-06,6.564231e-06,1.426884e-01
SGPTL,7805,6.642997e-06,6.564231e-06,1.427064e-01
SGPTL,7806,6.441771e-06,6.441771e-06,1.427252e-01
SGPTL,7807,6.087659e-06,6.087659e-06,1.427436e-01
SGPTL,7808,5.587232e-06,5.587232e-06,1.427607e-01
SGPTL,7809,5.298268e-06,5.298268e-06,1.427790e-01
SGPTL,7810,5.216376e-06,5.216376e-06,1.427968e-01
SGPTL,7811,5.159674e-06,5.159674e-06,1.428148e-01
SGPTL,7812,5.138858e-06,5.138858e-06,1.428331e-01
SGPTL,7813,5.108036e-06,5.108036e-06,1.428514e-01
SGPTL,7814,5.140944e-06,5.108036e-06,1.428685e-01
SGPTL,7815,5.199185e-06,5.108036e-06,1.428866e-01
SGPTL,7816,5.158655e-06,5.108036e-06,1.429046e-01
SGPTL,7817,4.760388e-06,4.760388e-06,1.429223e-01
SGPTL,7818,4.645045e-06,4.645045e-06,1.429406e-01
SGPTL,7819,4.640999e-06,4.640999e-06,1.429590e-01
SGPTL,7820,4.324626e-06,4.324626e-06,1.429762e-01
SGPTL,7821,3.976992e-06,3.976992e-06,1.429945e-01
SGPTL,7822,3.683832e-06,3.683832e-06,1.430123e-01
SGPTL,7823,3.269747e-06,3.269747e-06,1.430301e-01
SGPTL,7824,2.853737e-06,2.853737e-06,1.430488e-01
SGPTL,7825,2.962338e-06,2.853737e-06,1.430671e-01
SGPTL,7826,3.461229e-06,2.853737e-06,1.430840e-01
SGPTL,7827,4.702282e-06,2.853737e-06,1.431023e-01
SGPTL,7828,6.431063e-06,2.853737e-06,1.431203e-01
SGPTL,7829,9.393347e-06,2.853737e-06,1.431378e-01
SGPTL,7830,1.266815e-05,2.853737e-06,1.431560e-01
SGPTL,7831,1.383591e-05,2.853737e-06,1.431741e-01
SGPTL,7832,1.564457e-05,2.853737e-06,1.431913e-01
SGPTL,7833,1.811835e-05,2.853737e-06,1.432094e-01
SGPTL,7834,2.101746e-05,2.853737e-06,1.432273e-01
SGPTL,7835,2.444147e-05,2.853737e-06,1.432448e-01
SGPTL,7836,3.043731e-05,2.853737e-06,1.432631e-01
SGPTL,7837,3.632750e-05,2.853737e-06,1.432813e-01
SGPTL,7838,4.062266e-05,2.853737e-06,1.432983e-01
SGPTL,7839,4.407218e-05,2.853737e-06,1.433165e-01
SGPTL,7840,4.637213e-05,2.853737e-06,1.433344e-01
SGPTL,7841,5.503044e-05,2.853737e-06,1.433517e-01
SGPTL,7842,5.764877e-05,2.853737e-06,1.433699e-01
SGPTL,7843,5.603719e-05,2.853737e-06,1.433878e-01
SGPTL,7844,5.805942e-05,2.853737e-06,1.434053e-01
SGPTL,7845,6.097595e-05,2.853737e-06,1.434233e-01
SGPTL,7846,6.432766e-05,2.853737e-06,1.434412e-01
SGPTL,7847,6.320736e-05,2.853737e-06,1.434585e-01
SGPTL,7848,6.200362e-05,2.853737e-06,1.434765e-01
SGPTL,7849,6.009323e-05,2.853737e-06,1.434941e-01
SGPTL,7850,6.327518e-05,2.853737e-06,1.435117e-01
SGPTL,7851,6.646627e-05,2.853737e-06,1.435297e-01
SGPTL,7852,6.991864e-05,2.853737e-06,1.435479e-01
SGPTL,7853,6.673760e-05,2.853737e-06,1.435650e-01
SGPTL,7854,6.786380e-05,2.853737e-06,1.435832e-01
SGPTL,7855,6.599187e-05,2.853737e-06,1.436012e-01
SGPTL,7856,6.991082e-05,2.853737e-06,1.436185e-01
SGPTL,7857,7.284833e-05,2.853737e-06,1.436365e-01
SGPTL,7858,6.859753e-05,2.853737e-06,1.436544e-01
SGPTL,7859,6.901602e-05,2.853737e-06,1.436718e-01
SGPTL,7860,7.213183e-05,2.853737e-06,1.436900e-01
SGPTL,7861,7.749685e-05,2.853737e-06,1.437078e-01
SGPTL,7862,8.321064e-05,2.853737e-06,1.437254e-01
SGPTL,7863,8.358266e-05,2.853737e-06,1.437437e-01
SGPTL,7864,8.147442e-05,2.853737e-06,1.437617e-01
SGPTL,7865,8.065117e-05,2.853737e-06,1.437787e-01
SGPTL,7866,8.282910e-05,2.853737e-06,1.437970e-01
SGPTL,7867,8.630117e-05,2.853737e-06,1.438150e-01
SGPTL,7868,8.490121e-05,2.853737e-06,1.438323e-01
SGPTL,7869,8.268153e-05,2.853737e-06,1.438506e-01
SGPTL,7870,8.099218e-05,2.853737e-06,1.438685e-01
SGPTL,7871,7.741946e-05,2.853737e-06,1.438859e-01
SGPTL,7872,7.535085e-05,2.853737e-06,1.439040e-01
SGPTL,7873,8.157964e-05,2.853737e-06,1.439219e-01
SGPTL,7874,8.585572e-05,2.853737e-06,1.439392e-01
SGPTL,7875,8.516632e-05,2.853737e-06,1.439575e-01
SGPTL,7876,8.314044e-05,2.853737e-06,1.439757e-01
SGPTL,7877,8.483545e-05,2.853737e-06,1.439930e-01
SGPTL,7878,8.259863e-05,2.853737e-06,1.440111e-01
SGPTL,7879,8.465188e-05,2.853737e-06,1.440290e-01
SGPTL,7880,8.898919e-05,2.853737e-06,1.440464e-01
SGPTL,7881,9.019521e-05,2.853737e-06,1.440645e-01
SGPTL,7882,9.394024e-05,2.853737e-06,1.440824e-01
SGPTL,7883,9.465133e-05,2.853737e-06,1.441041e-01
SGPTL,7884,9.840841e-05,2.853737e-06,1.441230e-01
SGPTL,7885,9.718917e-05,2.853737e-06,1.441412e-01
SGPTL,7886,9.953684e-05,2.853737e-06,1.441583e-01
SGPTL,7887,1.053131e-04,2.853737e-06,1.441765e-01
SGPTL,7888,9.814153e-05,2.853737e-06,1.441944e-01
SGPTL,7889,9.972322e-05,2.853737e-06,1.442118e-01
SGPTL,7890,1.055132e-04,2.853737e-06,1.442300e-01
SGPTL,7891,1.138105e-04,2.853737e-06,1.442483e-01
SGPTL,7892,1.105111e-04,2.853737e-06,1.442654e-01
SGPTL,7893,1.092047e-04,2.853737e-06,1.442836e-01
SGPTL,7894,1.042373e-04,2.853737e-06,1.443015e-01
SGPTL,7895,1.138521e-04,2.853737e-06,1.443188e-01
SGPTL,7896,1.134244e-04,2.853737e-06,1.443373e-01
SGPTL,7897,1.134091e-04,2.853737e-06,1.443553e-01
SGPTL,7898,1.114406e-04,2.853737e-06,1.443726e-01
SGPTL,7899,1.130266e-04,2.853737e-06,1.443908e-01
SGPTL,7900,1.127433e-04,2.853737e-06,1.444091e-01
SGPTL,7901,1.100618e-04,2.853737e-06,1.444262e-01
SGPTL,7902,1.109212e-04,2.853737e-06,1.444444e-01
SGPTL,7903,1.073143e-04,2.853737e-06,1.444624e-01
SGPTL,7904,1.063828e-04,2.853737e-06,1.444798e-01
SGPTL,7905,6.773654e-05,2.853737e-06,1.444954e-01
SGPTL,7906,5.865475e-05,2.853737e-06,1.445136e-01
SGPTL,7907,5.737114e-05,2.853737e-06,1.445313e-01
SGPTL,7908,5.531990e-05,2.853737e-06,1.445497e-01
SGPTL,7909,5.549483e-05,2.853737e-06,1.445680e-01
SGPTL,7910,5.676836e-05,2.853737e-06,1.445854e-01
SGPTL,7911,5.569860e-05,2.853737e-06,1.446036e-01
SGPTL,7912,5.535842e-05,2.853737e-06,1.446220e-01
SGPTL,7913,5.787784e-05,2.853737e-06,1.446390e-01
SGPTL,7914,5.931095e-05,2.853737e-06,1.446572e-01
SGPTL,7915,6.034071e-05,2.853737e-06,1.446752e-01
SGPTL,7916,6.165461e-05,2.853737e-06,1.446928e-01
SGPTL,7917,6.116389e-05,2.853737e-06,1.447110e-01
SGPTL,7918,6.093694e-05,2.853737e-06,1.447290e-01
SGPTL,7919,6.080170e-05,2.853737e-06,1.447464e-01
SGPTL,7920,5.897668e-05,2.853737e-06,1.447647e-01
SGPTL,7921,5.701853e-05,2.853737e-06,1.447826e-01
SGPTL,7922,5.548400e-05,2.853737e-06,1.448000e-01
SGPTL,7923,5.427150e-05,2.853737e-06,1.448183e-01
SGPTL,7924,5.270643e-05,2.853737e-06,1.448363e-01
SGPTL,7925,5.130136e-05,2.853737e-06,1.448538e-01
SGPTL,7926,5.111379e-05,2.853737e-06,1.448720e-01
SGPTL,7927,5.237184e-05,2.853737e-06,1.448900e-01
SGPTL,7928,5.259652e-05,2.853737e-06,1.449073e-01
SGPTL,7929,5.452416e-05,2.853737e-06,1.449255e-01
SGPTL,7930,5.635705e-05,2.853737e-06,1.449434e-01
SGPTL,7931,5.977261e-05,2.853737e-06,1.449608e-01
SGPTL,7932,6.273560e-05,2.853737e-06,1.449790e-01
SGPTL,7933,7.160560e-05,2.853737e-06,1.449968e-01
SGPTL,7934,7.540256e-05,2.853737e-06,1.450142e-01
SGPTL,7935,7.680670e-05,2.853737e-06,1.450323e-01
SGPTL,7936,7.993527e-05,2.853737e-06,1.450501e-01
SGPTL,7937,8.867839e-05,2.853737e-06,1.450674e-01
SGPTL,7938,9.417394e-05,2.853737e-06,1.450857e-01
SGPTL,7939,8.611497e-05,2.853737e-06,1.451036e-01
SGPTL,7940,8.394402e-05,2.853737e-06,1.451209e-01
SGPTL,7941,8.450213e-05,2.853737e-06,1.451391e-01
SGPTL,7942,8.337020e-05,2.853737e-06,1.451568e-01
SGPTL,7943,9.508977e-05,2.853737e-06,1.451747e-01
SGPTL,7944,9.798395e-05,2.853737e-06,1.451931e-01
SGPTL,7945,9.935617e-05,2.853737e-06,1.452111e-01
SGPTL,7946,1.018268e-04,2.853737e-06,1.452283e-01
SGPTL,7947,1.055844e-04,2.853737e-06,1.452465e-01
SGPTL,7948,1.017396e-04,2.853737e-06,1.452644e-01
SGPTL,7949,9.849307e-05,2.853737e-06,1.452817e-01
SGPTL,7950,9.020703e-05,2.853737e-06,1.453000e-01
SGPTL,7951,8.669057e-05,2.853737e-06,1.453182e-01
SGPTL,7952,8.643612e-05,2.853737e-06,1.453353e-01
SGPTL,7953,8.457217e-05,2.853737e-06,1.453537e-01
SGPTL,7954,7.987596e-05,2.853737e-06,1.453715e-01
SGPTL,7955,7.909187e-05,2.853737e-06,1.453893e-01
SGPTL,7956,8.206601e-05,2.853737e-06,1.454075e-01
SGPTL,7957,8.716720e-05,2.853737e-06,1.454257e-01
SGPTL,7958,9.596270e-05,2.853737e-06,1.454428e-01
SGPTL,7959,9.995096e-05,2.853737e-06,1.454611e-01
SGPTL,7960,1.000216e-04,2.853737e-06,1.454788e-01
SGPTL,7961,9.757267e-05,2.853737e-06,1.454967e-01
SGPTL,7962,9.147770e-05,2.853737e-06,1.455148e-01
SGPTL,7963,8.569525e-05,2.853737e-06,1.455329e-01
SGPTL,7964,8.638892e-05,2.853737e-06,1.455502e-01
SGPTL,7965,9.316813e-05,2.853737e-06,1.455686e-01
SGPTL,7966,1.023086e-04,2.853737e-06,1.455869e-01
SGPTL,7967,1.001505e-04,2.853737e-06,1.456040e-01
SGPTL,7968,1.009523e-04,2.853737e-06,1.456228e-01
SGPTL,7969,1.032781e-04,2.853737e-06,1.456411e-01
SGPTL,7970,1.066609e-04,2.853737e-06,1.456585e-01
SGPTL,7971,1.117795e-04,2.853737e-06,1.456770e-01
SGPTL,7972,1.111856e-04,2.853737e-06,1.456953e-01
SGPTL,7973,1.014178e-04,2.853737e-06,1.457126e-01
SGPTL,7974,9.643556e-05,2.853737e-06,1.457310e-01
SGPTL,7975,9.440347e-05,2.853737e-06,1.457493e-01
SGPTL,7976,8.378927e-05,2.853737e-06,1.457665e-01
SGPTL,7977,8.712439e-05,2.853737e-06,1.457846e-01
SGPTL,7978,8.934073e-05,2.853737e-06,1.458024e-01
SGPTL,7979,8.472915e-05,2.853737e-06,1.458199e-01
SGPTL,7980,8.098855e-05,2.853737e-06,1.458382e-01
SGPTL,7981,7.839651e-05,2.853737e-06,1.458564e-01
SGPTL,7982,7.994181e-05,2.853737e-06,1.458740e-01
SGPTL,7983,8.340520e-05,2.853737e-06,1.458922e-01
SGPTL,7984,9.215617e-05,2.853737e-06,1.459104e-01
SGPTL,7985,6.263106e-05,2.853737e-06,1.459253e-01
SGPTL,7986,5.332804e-05,2.853737e-06,1.459435e-01
SGPTL,7987,5.368975e-05,2.853737e-06,1.459616e-01
SGPTL,7988,5.369893e-05,2.853737e-06,1.459786e-01
SGPTL,7989,6.007726e-05,2.853737e-06,1.459968e-01
SGPTL,7990,6.646717e-05,2.853737e-06,1.460148e-01
SGPTL,7991,6.807105e-05,2.853737e-06,1.460322e-01
SGPTL,7992,6.695441e-05,2.853737e-06,1.460502e-01
SGPTL,7993,6.729866e-05,2.853737e-06,1.460682e-01
SGPTL,7994,6.870567e-05,2.853737e-06,1.460852e-01
SGPTL,7995,6.750677e-05,2.853737e-06,1.461033e-01
SGPTL,7996,6.850812e-05,2.853737e-06,1.461213e-01
SGPTL,7997,6.664902e-05,2.853737e-06,1.461388e-01
SGPTL,7998,6.709983e-05,2.853737e-06,1.461569e-01
SGPTL,7999,6.769705e-05,2.853737e-06,1.461749e-01
SGPTL,8000,7.007583e-05,2.853737e-06,1.461924e-01
SGPTL,8001,6.792648e-05,2.853737e-06,1.462105e-01
